py_sample,py_timestamp,py_sensor_id,py_q0,py_q1,py_q2,py_q3,mat_sample,mat_timestamp,mat_sensor_id,mat_q0,mat_q1,mat_q2,mat_q3,distance
2,311884925,1,0.999397979369301,-0.034662877642553,0.001446306475657,0.000268223179586,0,311884925,1,0.999429554243295,-0.033672274179513,0.002591288382322,0.000171117352753,1.151352650663462e-06
3,391885625,1,0.999377107216382,-0.035278815038651,0.000831729262014,0.000333178209804,1,391885625,1,0.999410679406069,-0.034266605687675,0.002009302837812,0.000237330678453,1.2107805689165474e-06
4,471886025,1,0.999355556175852,-0.035892421487959,0.000218776387264,0.000398192261652,2,471886025,1,0.999392573463713,-0.034817662884454,0.001456588947081,0.000304639921356,1.3487041536919264e-06
5,551887550,1,0.999333247844047,-0.036506029230975,-0.000393710740591,0.000463222526796,3,551887550,1,0.999374284873554,-0.035356189652036,0.000916462120377,0.000372402932068,1.5243081092908284e-06
6,631886825,1,0.999309950954261,-0.0371257413337,-0.001010928219889,0.000528467926441,4,631886825,1,0.999355183333254,-0.035900972258281,0.00037890592289,0.000440642905829,1.7207287175136088e-06
7,711887525,1,0.9992857775164,-0.037748106442228,-0.001631721201483,0.000593969183773,5,711887525,1,0.999335271206997,-0.036451773220355,-0.00015652813601,0.000509362025451,1.9331411988954272e-06
8,791887925,1,0.99926087548482,-0.038369261772844,-0.00225111243024,0.000659521906574,6,791887925,1,0.999315198911307,-0.036991004958397,-0.000681267665294,0.000578490614935,2.1867607681302914e-06
9,871888325,1,0.9992353087236,-0.038987878269923,-0.002869260485718,0.000714487456802,7,871888325,1,0.999295248722487,-0.037512243472056,-0.001196354595098,0.000637342953018,2.4928281265879093e-06
10,1071890350,1,0.999208694512799,-0.039613072790557,-0.00349236236454,0.00076985663175,8,1071890350,1,0.999274888904257,-0.038030365396873,-0.001703460641878,0.000697090386951,2.857404344913661e-06
11,1151889725,1,0.999181258659057,-0.040239058103585,-0.004116955520134,0.000825363365496,9,1151889725,1,0.999254284324357,-0.038541540317339,-0.002202580101644,0.000757344228543,3.2781796132086427e-06
12,1231890125,1,0.999154089396866,-0.040841547523337,-0.004719183208729,0.000896073245749,10,1231890125,1,0.999234392724849,-0.039022647971998,-0.002677248597654,0.000832875141761,3.7441675789784412e-06
13,1311890825,1,0.999127267950453,-0.041420874668347,-0.00529613522491,0.000982105520313,11,1311890825,1,0.999215246348026,-0.039474723772728,-0.003128021345259,0.000923651007928,4.249689115387589e-06
14,1391891225,1,0.999099880766427,-0.041997848931339,-0.005870933007221,0.001068214995993,12,1391891225,1,0.99919597097703,-0.039920187540544,-0.003572206344778,0.001014668334484,4.8064608476616755e-06
15,1471891600,1,0.999072400817257,-0.042563482321601,-0.006430856509594,0.001154115442088,13,1471891600,1,0.999176768859506,-0.040356228121113,-0.00399204327365,0.001105899550032,5.4164992832062e-06
16,1581892150,1,0.999044447379132,-0.043125426409157,-0.00698942243871,0.001240053195267,14,1581892150,1,0.999157462040732,-0.040786174346094,-0.004406860915259,0.001197333456416,6.078160763478557e-06
17,1661892575,1,0.999016487471312,-0.043674714445564,-0.007536010622909,0.001336271855659,15,1661892575,1,0.999138417701186,-0.041201550072964,-0.004813253656353,0.001298897376346,6.773105672874813e-06
18,1741892975,1,0.998988081920883,-0.044221014600604,-0.008078462853165,0.001432649872699,16,1741892975,1,0.999119265300098,-0.041611757290995,-0.005214741877296,0.001400652884167,7.51367721063545e-06
19,1821893375,1,0.998959056467428,-0.04476841464267,-0.008618904049855,0.001518896002916,17,1821893375,1,0.99909989526706,-0.042020302141973,-0.005609453116054,0.001492488185925,8.314725090108332e-06
20,1901893775,1,0.998929253445748,-0.045318844335959,-0.009165479095619,0.001594663388464,18,1901893775,1,0.999080300881777,-0.042427529915056,-0.005998200518481,0.001574384268339,9.207289617951808e-06
21,1981894175,1,0.998899027711688,-0.045866002450755,-0.009708318048277,0.001670573705359,19,1981894175,1,0.999060587445737,-0.042830461277137,-0.006383607608657,0.001656427863105,1.01472556880422e-05
22,2061894575,1,0.998867804552838,-0.046419371388758,-0.010259728859108,0.001757541294944,20,2061894575,1,0.999040318404271,-0.043236656925595,-0.006780363702142,0.001749390938972,1.1132740353803072e-05
23,2141894975,1,0.998836134399652,-0.046970149767154,-0.010806420144477,0.001844703790109,21,2141894975,1,0.99901991274041,-0.043638991788016,-0.00717338890495,0.001842507934274,1.2164654384139162e-05
24,2241895475,1,0.998803949782117,-0.047519613397477,-0.011350958615193,0.001926650127256,22,2241895475,1,0.998999252171351,-0.044040291380126,-0.007564414287614,0.001930422938336,1.3240878451004079e-05
25,2321895875,1,0.998771472117784,-0.048063774432958,-0.011891440448106,0.002003425816275,23,2321895875,1,0.998978343365836,-0.044440504885994,-0.00795350842964,0.002013135660662,1.4339140392727323e-05
26,2401896275,1,0.998738517664388,-0.048605441929626,-0.012432106398051,0.00208016318479,24,2401896275,1,0.998957269315829,-0.044837506497176,-0.008341424179521,0.002095885215406,1.5489558950809723e-05
27,2481896675,1,0.998705268190013,-0.049142729589597,-0.012966343835273,0.002157161455263,25,2481896675,1,0.998935947617026,-0.045232485114211,-0.008732072660133,0.002178475596787,1.6636365765654304e-05
28,2561897075,1,0.998671666650677,-0.049676316699457,-0.013497176404697,0.002234282308593,26,2561897075,1,0.998914491062094,-0.045624144694792,-0.009119427135454,0.002261197856859,1.7822237380671346e-05
29,2641897775,1,0.998636840528645,-0.050219349573445,-0.014040369731509,0.002312073785258,27,2641897775,1,0.99889216407306,-0.046025128304634,-0.009520256441592,0.002344533059378,1.9044579961380315e-05
30,2721898175,1,0.998601246100107,-0.050765417658476,-0.014584594337864,0.00239024376864,28,2721898175,1,0.998869425586592,-0.046427347131154,-0.009923515355047,0.002428149433696,2.030893513083054e-05
31,2801898575,1,0.998565392859346,-0.051306041021907,-0.015125005492818,0.002465876550156,29,2801898575,1,0.998846548983724,-0.046826176233545,-0.010323986357112,0.002509204724299,2.1599949680095598e-05
32,2911899125,1,0.998529927529231,-0.05183269436027,-0.01565048940228,0.002533338763968,30,2911899125,1,0.998824206145419,-0.047210397861268,-0.010710590590307,0.00258201490351,2.2928597233184966e-05
33,2991899525,1,0.998494182590121,-0.052355105081104,-0.016172368562012,0.00260092305297,31,2991899525,1,0.998801701041571,-0.047592214953314,-0.011094796605135,0.002654912539495,2.4282170904554867e-05
34,3071899950,1,0.998457411607916,-0.052884059223527,-0.016700082749954,0.002679686811461,32,3071899950,1,0.998778383531207,-0.047982236775556,-0.011486679546584,0.0027389300461,2.56569845046295e-05
35,3151900325,1,0.998420366486435,-0.053408862991863,-0.017223683100783,0.00275860099569,33,3151900325,1,0.998754895861872,-0.048369866405514,-0.011876215614359,0.002823033569716,2.705147828718779e-05
36,3231900725,1,0.998382895815415,-0.053931841146102,-0.017746218433809,0.002832240300231,34,3231900725,1,0.998731150046327,-0.048756781082177,-0.01226562842706,0.002901824414789,2.8472118222766518e-05
37,3311901125,1,0.998345323064909,-0.054448777232422,-0.018262857875293,0.002900792054448,35,3311901125,1,0.998707152388492,-0.049142921836704,-0.012654823587912,0.002975305258364,2.986931136272908e-05
38,3391901525,1,0.998307482457641,-0.054961985908906,-0.018775856492563,0.002969475880702,36,3391901525,1,0.998682988038471,-0.049526819839122,-0.013041776258522,0.003048867199122,3.128400687957278e-05
39,3491902025,1,0.998269391072877,-0.055469157689524,-0.019291499642531,0.003038656568877,37,3491902025,1,0.998658775660616,-0.049904540732747,-0.013432606609315,0.003122769599641,3.272514240504343e-05
40,3571902425,1,0.998230447813576,-0.055982316632317,-0.019806404029241,0.00310799643148,38,3571902425,1,0.998634316296948,-0.050281608069253,-0.013821836112097,0.003196724978437,3.424205689084303e-05
41,3651902825,1,0.998190879710355,-0.056500919237396,-0.020311680714101,0.003170081223867,39,3651902825,1,0.998609295028455,-0.050666005903653,-0.014205005614509,0.003263363913986,3.5760733711032167e-05
42,3821905350,1,0.998151771960929,-0.057001155043561,-0.020820626747613,0.003226446465491,40,3821905350,1,0.998583940076851,-0.051051402441465,-0.014588130952386,0.003324960852078,3.722001711381484e-05
43,3901904075,1,0.998111340472408,-0.057514221410963,-0.021333954572859,0.003275475255081,41,3901904075,1,0.998558228964093,-0.051436510553939,-0.014977745394353,0.003378741338332,3.877516879480236e-05
44,3981904475,1,0.998070702349619,-0.058022858356803,-0.021844178383736,0.003324588724106,42,3981904475,1,0.998532291855223,-0.051820557039028,-0.015365850165744,0.003432584915967,4.033100309230875e-05
45,4061919900,1,0.998031802393283,-0.058510502829996,-0.022303526190344,0.003405171019663,43,4061919900,1,0.998508077316319,-0.052178053471829,-0.01570654063722,0.003517790666086,4.192982712403204e-05
46,4161906175,1,0.997994565327141,-0.058965377723718,-0.022753366211081,0.00349515857368,44,4161906175,1,0.998484388526787,-0.052524821258629,-0.016031594485667,0.003613446870321,4.3458450798006254e-05
47,4241906575,1,0.997957820560372,-0.05940402044338,-0.023204873176144,0.003589512283626,45,4241906575,1,0.998461127414552,-0.052859285443245,-0.016354853538127,0.00371372457744,4.501253587352316e-05
48,4321906975,1,0.997919872422197,-0.059858245185031,-0.023649639938601,0.003689612311639,46,4321906975,1,0.998438253747172,-0.053182595143257,-0.016675818797159,0.003818651014567,4.674192748821415e-05
49,4401907375,1,0.997881806273647,-0.060307407933173,-0.024094740249632,0.00378955785399,47,4401907375,1,0.99841518084944,-0.053505765690716,-0.016996022044935,0.003923636308137,4.8478301406751356e-05
50,4481907775,1,0.997842827752547,-0.060763659990019,-0.024544189205486,0.003879626742893,48,4481907775,1,0.998391318994688,-0.053837996250563,-0.017323237923725,0.004018674359642,5.021356626411233e-05
51,4561908175,1,0.997803420644912,-0.061218927718337,-0.0249963950858,0.003969492542521,49,4561908175,1,0.998367262148814,-0.054169658340593,-0.017650361726857,0.004113722846258,5.199756224605334e-05
52,4641908575,1,0.99776216860852,-0.061684429407902,-0.025479774868589,0.004057971770692,50,4641908575,1,0.998342276746839,-0.05450885602491,-0.017993729401939,0.004208179773234,5.3944408999195836e-05
53,4721908975,1,0.997721324197628,-0.062146109582565,-0.025938606857761,0.004148370687601,51,4721908975,1,0.998316383993836,-0.05485522265258,-0.018351947343877,0.004302095523786,5.554608114566317e-05
54,4821909475,1,0.997681411839708,-0.062594916699414,-0.026376569863728,0.004237149412596,52,4821909475,1,0.998290557088661,-0.055198158387938,-0.01870352989346,0.004393735052908,5.6991576450338144e-05
55,4901909875,1,0.997639902654447,-0.063053401890873,-0.026837642595426,0.004316721155457,53,4901909875,1,0.998265212895537,-0.055533421846199,-0.019040706447563,0.004478312032189,5.8879718837556716e-05
56,4981910275,1,0.997598478783736,-0.063507061581219,-0.027290978405726,0.004396675488783,54,4981910275,1,0.99823960487002,-0.055868899948912,-0.019378798404222,0.004562834629284,6.069137850750472e-05
57,5061910675,1,0.997556387397095,-0.063960419685675,-0.027752708579526,0.004483953990542,55,5061910675,1,0.998213586371118,-0.056205029959121,-0.019722145501586,0.004654843522471,6.254856344178883e-05
58,5141911375,1,0.997514426571319,-0.064410377194605,-0.028201855490388,0.004574651750705,56,5141911375,1,0.998187303241908,-0.056541059610619,-0.020066378500566,0.004749387184542,6.429772028737624e-05
59,5221911750,1,0.997471428763625,-0.064874291716197,-0.028641249794913,0.00466410599792,57,5221911750,1,0.998160532540728,-0.056881640870526,-0.020410481093651,0.00484174260082,6.606721986623931e-05
60,5301912175,1,0.997427958510745,-0.065331212446735,-0.029099639091229,0.004744603891617,58,5301912175,1,0.998132716965359,-0.057236279281487,-0.020755905260212,0.004927479496699,6.783798257947726e-05
61,5381912550,1,0.997384140737874,-0.065789070202596,-0.02955314785404,0.004825504985761,59,5381912550,1,0.998104708225214,-0.057589737878434,-0.021101695445627,0.005013178539996,6.960526862020977e-05
62,5481913075,1,0.997339081750272,-0.066252876283156,-0.030022402510807,0.004895686388337,60,5481913075,1,0.998075681746402,-0.057951551909849,-0.021463040897825,0.005088124714771,7.137713481786268e-05
63,5561913475,1,0.997293827853416,-0.066716691160976,-0.03048340548666,0.004966491311621,61,5561913475,1,0.998046428937038,-0.058312946352773,-0.021823565044081,0.005163136880966,7.311042058122386e-05
64,5641913875,1,0.997247984194752,-0.067178398179263,-0.030953203695225,0.005041826908325,62,5641913875,1,0.998016846491236,-0.058673994793136,-0.022186611152666,0.00524316128526,7.490485326244745e-05
65,5721914275,1,0.997202178712388,-0.067637947503731,-0.03141138611259,0.005123246161906,63,5721914275,1,0.997986936323553,-0.059034733602539,-0.022551835530952,0.005328214540679,7.658239124075372e-05
66,5801914675,1,0.997156071948767,-0.06809551445705,-0.031869758731179,0.005204571543519,64,5801914675,1,0.997956794881412,-0.059395045522309,-0.022916374678097,0.00541330666365,7.827298662610449e-05
67,5881915050,1,0.997110753544773,-0.068539831951861,-0.032320375909444,0.005275405430689,65,5881915050,1,0.997926987919823,-0.059747734026693,-0.023277024663081,0.005487730202829,7.989725402735015e-05
68,5961915475,1,0.99706430296287,-0.068992576270398,-0.032775261071537,0.00534625461715,66,5961915475,1,0.997896891729811,-0.060100839627055,-0.023637787268856,0.005562154720798,8.16481124694679e-05
69,6071916025,1,0.997017827932412,-0.069444639058333,-0.033219557994464,0.005417920047896,67,6071916025,1,0.997866529124245,-0.060454969928111,-0.02399607667605,0.00563692901149,8.332750867068306e-05
70,6151916425,1,0.996971175941503,-0.069891056792892,-0.033668768244174,0.005488949545198,68,6151916425,1,0.997835901479315,-0.060810006905295,-0.024352195401169,0.005712036264218,8.503075727006593e-05
71,6231916825,1,0.99692408318862,-0.070336327995788,-0.034121272840518,0.005559861719629,69,6231916825,1,0.997804811555352,-0.061166972047437,-0.024711714557311,0.005787117691485,8.672210166238425e-05
72,6311917225,1,0.996875918269218,-0.07078991803067,-0.034575661099117,0.005631584117637,70,6311917225,1,0.997772813062123,-0.061530445878144,-0.025080921071051,0.005862178977405,8.837275350082052e-05
73,6481920500,1,0.996827138271108,-0.071246284369982,-0.03503030483702,0.005700974717616,71,6481920500,1,0.997740314282819,-0.061896845658914,-0.025452390977541,0.005934774285885,9.001849538903262e-05
74,6561918475,1,0.996777497099401,-0.071705416501019,-0.035492927906096,0.005762515884771,72,6561918475,1,0.997706836504467,-0.062272004307435,-0.025831515812744,0.005999888548869,9.162608338153522e-05
75,6641918875,1,0.996728991310552,-0.072152241346522,-0.035934275671224,0.005839501837242,73,6641918875,1,0.997674684482356,-0.062628919445555,-0.026189166891424,0.006080290260075,9.330655989969738e-05
76,6741919375,1,0.996683250562317,-0.072567927435283,-0.036348463351238,0.005931540127651,74,6741919375,1,0.997643894622182,-0.062967599404444,-0.026525424172019,0.006175987436881,9.482049425590944e-05
77,6821919775,1,0.996638294346136,-0.072968041331793,-0.036762796708468,0.006022621123573,75,6821919775,1,0.997613217108935,-0.063301616989638,-0.026859722899436,0.006271333337059,9.626148129371348e-05
78,6901920175,1,0.996593269986731,-0.073371156899524,-0.037163711057223,0.006114420073591,76,6901920175,1,0.997583316763935,-0.063622502419506,-0.027187901032463,0.006365637249798,9.779817625499287e-05
79,6981920575,1,0.996548298095945,-0.073769496779337,-0.037563756562459,0.006206053489506,77,6981920575,1,0.997553142878269,-0.063944142418422,-0.027516220748176,0.00645998295654,9.928237873368939e-05
80,7061920975,1,0.996502858929102,-0.074171439934056,-0.037960176553049,0.006298780857932,78,7061920975,1,0.997522155952073,-0.064273031206106,-0.027848821848271,0.006555071774533,0.00010066132038366593
81,7141921375,1,0.99645646270866,-0.074576491250421,-0.038366920246712,0.006390955304452,79,7141921375,1,0.997490710886822,-0.064604575111368,-0.02818338421322,0.006650370175643,0.0001021402414990158
82,7221921775,1,0.996409505794477,-0.074984752927244,-0.03877305347817,0.006483356755946,80,7221921775,1,0.997458942924688,-0.064937134792165,-0.028518795480101,0.006745665935462,0.0001036372808376207
83,7301922175,1,0.996362938011033,-0.075385892243237,-0.039174244482399,0.00657583287093,81,7301922175,1,0.997426740115185,-0.065272066785934,-0.028855780564074,0.006841003488246,0.00010498107669387746
84,7401922675,1,0.996316115949848,-0.075786488525999,-0.039574462008605,0.006668374032542,82,7401922675,1,0.997394291182874,-0.065607058097697,-0.029192963250708,0.006936334782862,0.00010631529255067385
85,7481923075,1,0.996268967289827,-0.076189339157975,-0.039971946367485,0.006750771624629,83,7481923075,1,0.997361518200602,-0.065944377167032,-0.029530331084821,0.007021444200744,0.00010762675352105067
86,7561923475,1,0.99622195448629,-0.076586140396756,-0.04036945323066,0.006832843076132,84,7561923475,1,0.997328496379823,-0.06628171912929,-0.029868065055168,0.007106525725547,0.00010887979421170257
87,7641923875,1,0.996174556867889,-0.076978794849483,-0.040776352203142,0.006914224005066,85,7641923875,1,0.997294805095485,-0.066622324306699,-0.030212960797655,0.007191288714225,0.000110086720516267
88,7721924275,1,0.996126017126633,-0.077383097089775,-0.04118079536399,0.006996883693117,86,7721924275,1,0.997260426830706,-0.066966375171082,-0.030564832699457,0.007275759474933,0.00011128570795249093
89,7801924675,1,0.996077443630402,-0.077783694004917,-0.041584924055358,0.0070793593624,87,7801924675,1,0.997225770269516,-0.067310782109623,-0.030916796925489,0.00736025747034,0.00011244418892186747
90,7881925075,1,0.99602844574779,-0.078186998402467,-0.041986074075343,0.007162270994142,88,7881925075,1,0.997190705253767,-0.067657626039109,-0.031268402082061,0.007445134349525,0.00011358351707924097
91,7991925625,1,0.995979620457559,-0.078584192146456,-0.042386696836213,0.007244881587789,89,7991925625,1,0.997155376487357,-0.068004514026638,-0.031620257752918,0.00752997436901,0.00011465473989369368
92,8071926975,1,0.995930250949626,-0.078983305628055,-0.042788793903144,0.00732746830732,90,8071926975,1,0.997119683645512,-0.068352410528654,-0.031973432564508,0.007614727285978,0.00011574261967894905
93,8151926425,1,0.995881111918891,-0.079378092796274,-0.043185841531216,0.007410290038856,91,8151926425,1,0.997083691536227,-0.068700713431066,-0.032327116707649,0.007699452702814,0.00011672407384255568
94,8231926825,1,0.995832350424938,-0.079769130915716,-0.043574024897658,0.007491325270785,92,8231926825,1,0.997047252634993,-0.069051178102014,-0.032682641574199,0.007781757864921,0.00011752854084390307
95,8311927225,1,0.995781731789785,-0.080170711692766,-0.043979368732095,0.007564042988961,93,8311927225,1,0.997010006421129,-0.069407846899284,-0.033043434263559,0.007856801958598,0.00011851414382302305
96,8391927600,1,0.995731195413081,-0.080569391571815,-0.044380580181341,0.007636997168513,94,8391927600,1,0.996972465413586,-0.069764753297635,-0.033404621409605,0.007931813976454,0.00011941977367957435
97,8471928025,1,0.995680686911728,-0.080960716738595,-0.044787320225668,0.007708956036052,95,8471928025,1,0.996934697972315,-0.070119944648712,-0.03376839412584,0.008006053926388,0.0001202999413976169
98,8551928425,1,0.995629944321928,-0.081355627068335,-0.04518535407303,0.007782010738066,96,8551928425,1,0.996896660724759,-0.070474801614221,-0.034133010966341,0.008080082650139,0.00012112003401021365
99,8651928925,1,0.995579066164755,-0.081750732452653,-0.045578849050772,0.00785552526418,97,8651928925,1,0.996858314493648,-0.070830607067141,-0.03449682925842,0.008154428152752,0.00012189306016863188
100,8731929325,1,0.99552815193995,-0.082140999797847,-0.045974930342482,0.007928469413543,98,8731929325,1,0.996819661397596,-0.071187281100529,-0.034859953484578,0.008229052421076,0.00012264250533811083
101,8811929725,1,0.995477127938288,-0.082530248161124,-0.046368306205565,0.008001629198335,99,8811929725,1,0.996780722137186,-0.071544108311835,-0.035223316794982,0.008303643507157,0.00012334831411442426
102,8891930125,1,0.995424228020695,-0.082932914631246,-0.04677097537117,0.008075506361754,100,8891930125,1,0.996740207966856,-0.071913532453213,-0.03559768365768,0.008378937313072,0.00012404655243114515
103,8971930525,1,0.99537162845776,-0.083329236265295,-0.047171499124166,0.008149191074497,101,8971930525,1,0.996699403195174,-0.072282973675222,-0.03597218101998,0.008454204854268,0.00012465033118280733
104,9051930925,1,0.995318308548595,-0.083728880020788,-0.047575256259174,0.008217926155743,102,9051930925,1,0.996657796387532,-0.072657298673298,-0.036352290761685,0.008524365420771,0.0001252115003926857
105,9231933100,1,0.995264385084835,-0.084128933331476,-0.047984441146892,0.008283704849539,103,9231933100,1,0.996615643520978,-0.073033852699881,-0.036735476085622,0.008591870916294,0.00012578044742816985
106,9341932375,1,0.995211426555346,-0.084520762930899,-0.048379819428733,0.008357640773289,104,9341932375,1,0.99657398798282,-0.073402545346515,-0.037111189878298,0.008666740938124,0.00012627444537660626
107,9421932775,1,0.995158368840379,-0.084910556175676,-0.048774250872556,0.008431537743164,105,9421932775,1,0.996532032920507,-0.0737713669625,-0.037487019568176,0.0087416327823,0.00012673311939215282
108,9501933175,1,0.995111199080866,-0.085257900074438,-0.049111385558674,0.008536026431852,106,9501933175,1,0.996495132559328,-0.074093004896598,-0.037807456738956,0.008847238320115,0.00012722290790245783
109,9581933575,1,0.995064777846891,-0.085594452931052,-0.04944723922397,0.008639910247183,107,9581933575,1,0.996457973217955,-0.074414932373312,-0.038128378103633,0.008952777972575,0.00012756858825913042
110,9661933975,1,0.99501764632474,-0.08593543379383,-0.049784748445327,0.008744343501792,108,9661933975,1,0.996419987827275,-0.07474214771582,-0.038454668521125,0.00905856953669,0.0001278628320008357
111,9741934375,1,0.994969542223119,-0.086281396746364,-0.050128110555286,0.008848907049546,109,9741934375,1,0.996381167992426,-0.075074629827247,-0.038786310920571,0.009164611913378,0.0001281602003034843
112,9821934775,1,0.994921441160823,-0.086625529040098,-0.05046956899467,0.00895356032465,110,9821934775,1,0.996342074293234,-0.075407414041417,-0.039118380289096,0.009270664711831,0.0001284071714211521
113,9921935275,1,0.99487187459523,-0.086977717000414,-0.050822891941676,0.009047847227594,111,9921935275,1,0.996301566028899,-0.075750466899588,-0.03946300584735,0.009366293949562,0.00012862179140649133
114,10001935650,1,0.994822329005833,-0.087328571795445,-0.051172948281232,0.009142407986063,112,10001935650,1,0.996260777979693,-0.076093757528376,-0.039807961513987,0.009461951416606,0.00012877760964524754
115,10081936075,1,0.994774844951686,-0.087667877253024,-0.051497614595264,0.00923833536392,113,10081936075,1,0.996220835986621,-0.076428936217549,-0.04014100038659,0.009558438300065,0.0001287399189224825
116,10161936475,1,0.994726714322929,-0.088005146075092,-0.051833968549483,0.009332619194132,114,10161936475,1,0.996180997433669,-0.076761618057579,-0.040470394013271,0.009655130949562,0.00012888335085980973
117,10241936875,1,0.994677022725439,-0.088345612673765,-0.052190421834215,0.009425128758862,115,10241936875,1,0.996140482911206,-0.07709743175773,-0.040804836781557,0.00975139051734,0.00012920064168053802
118,10321937550,1,0.994627524788865,-0.088689800522589,-0.052531618890972,0.009520253795676,116,10321937550,1,0.996098477672575,-0.077442019594597,-0.041153426287714,0.009846414792736,0.00012912296305089832
119,10401937975,1,0.994577671555974,-0.089033069345109,-0.052876475649077,0.009614890962432,117,10401937975,1,0.996056185856691,-0.077786838078467,-0.0415023784583,0.009941580391404,0.00012907026756425743
120,10481938375,1,0.99452942890071,-0.089362892120367,-0.053210539072293,0.009701911870719,118,10481938375,1,0.996014018009734,-0.078128719483959,-0.041849761713806,0.010028786786004,0.0001287923745235675
121,10581938875,1,0.994479681640788,-0.089702102599561,-0.053553041640198,0.009786078067259,119,10581938875,1,0.995971709146264,-0.07846977072929,-0.042196799171692,0.010113347696274,0.000128731386867309
122,10661939275,1,0.994429073970981,-0.090044260326234,-0.053902026165125,0.009870136717011,120,10661939275,1,0.995928433088371,-0.07881650934922,-0.042550161505586,0.010197929985817,0.00012864137471990666
123,10741939675,1,0.994378093865865,-0.090388253842961,-0.054250077211077,0.009954854569601,121,10741939675,1,0.995884177144386,-0.079168934314164,-0.042909846063134,0.010282541701654,0.00012842481943842188
124,10821940075,1,0.994326981746569,-0.09073116069823,-0.05459778102068,0.010039529706471,122,10821940075,1,0.995839627076949,-0.079521590345635,-0.043269801780845,0.010367162870826,0.00012818651026758054
125,10901940475,1,0.994273618022819,-0.091089772789491,-0.054957478862351,0.010114411207151,123,10901940475,1,0.99579334636362,-0.079886945656975,-0.043642301896616,0.010442065729861,0.00012797674862163877
126,10981940875,1,0.994220980336235,-0.091439664992546,-0.055313779022506,0.010189002677193,124,10981940875,1,0.995746757164233,-0.080252536484151,-0.044015003852564,0.010516911173542,0.00012762484175787847
127,11061941275,1,0.994167734940557,-0.091793067168896,-0.055670471061887,0.010263833330523,125,11061941275,1,0.995699819652403,-0.080618741516046,-0.044388065730881,0.010591849754074,0.00012730655109327582
128,11141941675,1,0.994114836377091,-0.092141674163272,-0.056024251464246,0.010338627820482,126,11141941675,1,0.995652530864498,-0.080985577983733,-0.04476149852979,0.010666873540486,0.00012689016760891736
129,11251942225,1,0.994062166414514,-0.092484156877273,-0.056379648006701,0.010412747986183,127,11251942225,1,0.995604975489798,-0.081351884892462,-0.045135628323818,0.010741445909068,0.00012642188016964706
130,11331942625,1,0.994009139745848,-0.092830216667906,-0.056730854358106,0.010487666037237,128,11331942625,1,0.995557156223077,-0.081717617203463,-0.045510463017592,0.01081561313714,0.00012594547650257581
131,11411943025,1,0.993956168496085,-0.093173533658186,-0.057081189331368,0.010562459881377,129,11411943025,1,0.995509033117233,-0.082083474949747,-0.045885508934519,0.010889820567197,0.00012542560762784927
132,11491943425,1,0.99390242652315,-0.093523601164106,-0.057429230592984,0.010638893278396,130,11491943425,1,0.995459437263297,-0.082459258515451,-0.046268088351561,0.010965557387277,0.00012476088313317923
133,11571943825,1,0.993847857552032,-0.093874075919909,-0.057786671462052,0.010714220025603,131,11571943825,1,0.995409539600402,-0.082835137638009,-0.046650621745804,0.011041192677303,0.00012420776180444015
134,11651944225,1,0.993792532184477,-0.094226832640994,-0.058148954741732,0.010789163417777,132,11651944225,1,0.995359219870979,-0.083211748671742,-0.047034573175726,0.011116529449598,0.0001237116156351803
135,11731944600,1,0.993738066312045,-0.094573912045322,-0.058501156564193,0.010864870155374,133,11731944600,1,0.995308468280381,-0.083589132760384,-0.047420018992607,0.011191588469454,0.00012301494650901468
136,11811944475,1,0.993683372323517,-0.094920411697501,-0.058853863266344,0.010940465692354,134,11811944475,1,0.995257384348299,-0.083966721904231,-0.047805758017,0.011266677117059,0.0001223139387177552
137,11981946600,1,0.993629784483602,-0.095258225655531,-0.059199618047737,0.011005773713544,135,11981946600,1,0.995206326629938,-0.084342226976997,-0.048190867051783,0.011331218694491,0.00012147151260755162
138,12061960950,1,0.993576338514958,-0.095599828104268,-0.059531687267933,0.011077482596592,136,12061960950,1,0.995156252347702,-0.084708777869613,-0.048563956931723,0.011401686377314,0.00012075365987596065
139,12141946675,1,0.993525122605843,-0.095919784923191,-0.059856878466222,0.0111525652481,137,12141946675,1,0.995107150491361,-0.085066687666915,-0.048925183342655,0.011477984371473,0.0001199501940823966
140,12221947075,1,0.99347381670648,-0.096240299074413,-0.060178982687771,0.011228107382483,138,12221947075,1,0.995057731447328,-0.085425018104058,-0.049286692819892,0.011554188837652,0.00011911369802730665
141,12301947450,1,0.993426098232173,-0.0965314773159,-0.060481880051031,0.011322695081282,139,12301947450,1,0.995010769355558,-0.085761634234291,-0.049626698101037,0.011649111361509,0.0001182211126635746
142,12381947875,1,0.993377895833594,-0.096829505840613,-0.060778416500402,0.011418710767332,140,12381947875,1,0.994963513761803,-0.086098429331528,-0.049967381656813,0.011744254755965,0.00011732732026759063
143,12491948425,1,0.993330109345725,-0.097117213871658,-0.061081851581129,0.011512951161114,141,12491948425,1,0.994915994548883,-0.086434807091941,-0.050309423229602,0.011838490110286,0.00011639001733987353
144,12571948825,1,0.993282073069286,-0.09741037511839,-0.061377358711661,0.011608702600059,142,12571948825,1,0.994868211052357,-0.086770691742234,-0.050652929810062,0.011931906541477,0.00011541826604921646
145,12651949225,1,0.99323280963896,-0.097715367097526,-0.061670679373214,0.01170556258104,143,12651949225,1,0.994820381100664,-0.087105413874178,-0.050994455951508,0.012025875550157,0.00011458791874829899
146,12731949625,1,0.993186481832364,-0.09799471346454,-0.061954759368841,0.011800687691986,144,12731949625,1,0.994773027463357,-0.087436103749541,-0.051328641351329,0.012121145552833,0.00011350922175745737
147,12811950025,1,0.99313979450549,-0.098276668011235,-0.062237648023968,0.011896228925483,145,12811950025,1,0.994725322216664,-0.087767802162581,-0.051663437108294,0.012216198699345,0.00011243323834631003
148,12891950425,1,0.993091448292165,-0.098567397874351,-0.062530167333035,0.011992563468786,146,12891950425,1,0.994675193969245,-0.08811478232698,-0.052014059166484,0.012311835230333,0.00011122794378948253
149,12971950825,1,0.993041452951845,-0.098867206316417,-0.062831555642333,0.012088997065112,147,12971950825,1,0.994624046552652,-0.088467039265101,-0.052370204460939,0.012407685828327,0.00011010475413431031
150,13051951225,1,0.992992029327782,-0.099159020811709,-0.063134126517658,0.012181968314205,148,13051951225,1,0.994572621118227,-0.08881930797226,-0.052727287087444,0.012500601975383,0.00010890588317347127
151,13161951775,1,0.992942409355187,-0.099454096445957,-0.063433050504449,0.012267946353586,149,13161951775,1,0.994521023412741,-0.089170721110374,-0.053086173522348,0.012584699737585,0.00010769901331220133
152,13241952175,1,0.992892471708999,-0.099750544550013,-0.063731784407111,0.012354276257921,150,13241952175,1,0.994468698820079,-0.089525255317061,-0.053448372967689,0.012669141826535,0.00010644436148044001
153,13321952575,1,0.992841257614791,-0.100052119907712,-0.064039390847704,0.012440534542719,151,13321952575,1,0.994414855462242,-0.089888520403724,-0.05381893999863,0.012754247647833,0.00010516549826622423
154,13401952975,1,0.992790063493577,-0.100352673335584,-0.064345213229224,0.012526943653865,152,13401952975,1,0.994360637684129,-0.090252463529449,-0.054190105795084,0.012839294575477,0.00010385235575616214
155,13481953350,1,0.992737891443089,-0.100656413684734,-0.064658215411577,0.012612710138913,153,13481953350,1,0.99430591368569,-0.090617747834046,-0.054563247721151,0.012923845606886,0.00010261934188238175
156,13561953775,1,0.992686702526987,-0.10095447165112,-0.064961800276912,0.012699204090125,154,13561953775,1,0.994250728410351,-0.090984106478507,-0.054937839287219,0.013008275759936,0.00010121483892933103
157,13641954150,1,0.99263716581431,-0.101242310168072,-0.065253569278511,0.012783715124383,155,13641954150,1,0.994195247634163,-0.09135062543848,-0.05531292297887,0.013090201112975,9.959171413054246e-05
158,13721954575,1,0.992586017655763,-0.101537672995392,-0.065557068830872,0.012859597321,156,13721954575,1,0.994139713535697,-0.091715965592037,-0.055687571686597,0.013164573154218,9.818994567223349e-05
159,13821955075,1,0.992535311029945,-0.101829529890688,-0.065856440050408,0.012935706583681,157,13821955075,1,0.994083831718314,-0.092081770702214,-0.056062597188716,0.013238890324957,9.671400194921631e-05
160,13901955475,1,0.992484530626699,-0.102122730126662,-0.06615194745514,0.013012467332173,158,13901955475,1,0.994027497556683,-0.0924489628125,-0.056438104482519,0.013314042906323,9.520610705970878e-05
161,13981955875,1,0.992433889395827,-0.102412080620934,-0.066448680463922,0.013088689245535,159,13981955875,1,0.99397072710924,-0.092817257759292,-0.056814465304114,0.013389056881719,9.36654091828748e-05
162,14061956275,1,0.992381788337358,-0.102709858851303,-0.066752414476377,0.013160024037462,160,14061956275,1,0.993912730470499,-0.093191868705573,-0.057198022520122,0.01345905032418,9.215587130118053e-05
163,14141956675,1,0.992329522524439,-0.103006972669935,-0.067057789122354,0.013226308094693,161,14141956675,1,0.99385347045208,-0.093572961791287,-0.057588900590557,0.013524001653901,9.053572501338536e-05
164,14221957075,1,0.992277140062269,-0.103303756609132,-0.06736257677767,0.013292645717046,162,14221957075,1,0.993793713232936,-0.093955295970041,-0.057981024827148,0.013588916729053,8.889750200702373e-05
165,14301957450,1,0.992224172881523,-0.103600341378476,-0.067671534027107,0.013368750811466,163,14301957450,1,0.993733279725649,-0.094339400141349,-0.058374311462142,0.013663312482607,8.728377503208762e-05
166,14401957975,1,0.992171695016719,-0.103895224860553,-0.067972949767086,0.013445741288097,164,14401957975,1,0.993672310941704,-0.094724757937146,-0.058769296195914,0.013737850128709,8.557093919092651e-05
167,14481958375,1,0.992118783396492,-0.10418939971501,-0.068279037384629,0.013522635568515,165,14481958375,1,0.993609686629598,-0.095118506461329,-0.059173344034233,0.013812158419491,8.375068587118673e-05
168,14661961875,1,0.992064057458088,-0.104495583084472,-0.068590704461428,0.013597583502826,166,14661961875,1,0.993546192641726,-0.095515659217177,-0.059581520872867,0.013883958438262,8.204157845037585e-05
169,14741959675,1,0.992010150935316,-0.104794408731383,-0.068900504779562,0.013664288530795,167,14741959675,1,0.993482195733665,-0.095914198062789,-0.059991998042284,0.013948245089717,8.023359051112511e-05
170,14821960075,1,0.991956175516993,-0.105092800425019,-0.069209143651375,0.01373111749169,168,14821960075,1,0.993417583356914,-0.096314572700519,-0.060404145941769,0.014012398648005,7.840004930670386e-05
171,14901960475,1,0.991907252852763,-0.105363646718556,-0.069478464007837,0.01382919836299,169,14901960475,1,0.993356900360237,-0.096687684761358,-0.060782600669383,0.01410799695408,7.653478081781628e-05
172,14981960875,1,0.991860276102159,-0.105620670272654,-0.069738979368713,0.013926286594572,170,14981960875,1,0.993297285687857,-0.097052526359454,-0.061152084490014,0.014203236775823,7.464477586349716e-05
173,15091961425,1,0.991813051074564,-0.105875786935257,-0.070002379833494,0.014030547981177,171,15091961425,1,0.993236935414887,-0.097419823846591,-0.061523395640218,0.014305238139943,7.274969300186118e-05
174,15171961825,1,0.991766015508078,-0.106131666610868,-0.07025912264402,0.014138440894321,172,15171961825,1,0.993175874016273,-0.097789405707088,-0.061897309700249,0.014409665344417,7.078724820475113e-05
175,15251962225,1,0.991719890476902,-0.106380843615647,-0.0705116511046,0.014243665350213,173,15251962225,1,0.993114175270224,-0.098161101072577,-0.062273997948791,0.014511453856761,6.871941887853783e-05
176,15331962625,1,0.991673105857171,-0.106633097432752,-0.070768447827703,0.014340866206284,174,15331962625,1,0.993051941264755,-0.098534464215925,-0.062653721981928,0.014605219402471,6.670385261298151e-05
177,15411963025,1,0.991626571176351,-0.106883100177106,-0.071023138517943,0.014438144916355,175,15411963025,1,0.992989000296998,-0.098910308614476,-0.063036001444582,0.014698934003374,6.464199399325299e-05
178,15491963425,1,0.991578640640267,-0.107146756886875,-0.071274382740574,0.014537340870166,176,15491963425,1,0.992925130184258,-0.099290124662622,-0.063421233499807,0.014795409234602,6.263912813830874e-05
179,15571963825,1,0.991532159721233,-0.10739509509619,-0.07152687714288,0.014634740654148,177,15571963825,1,0.992860290207531,-0.099674515082647,-0.063809535520377,0.014892224438643,6.049747297609542e-05
180,15681964375,1,0.991483626703067,-0.107651266229577,-0.071794234747584,0.014731283579855,178,15681964375,1,0.992793653677736,-0.10006789770861,-0.064207042979596,0.014987751572795,5.8427451777420814e-05
181,15761964775,1,0.991435004512421,-0.107910974147289,-0.072055095195541,0.01482959009548,179,15761964775,1,0.992725145268367,-0.10047018683004,-0.064614621089301,0.015082382163368,5.6227168913625114e-05
182,15841965150,1,0.991386244812882,-0.108169651574147,-0.072317408234626,0.014927576506805,180,15841965150,1,0.992655579432812,-0.100876463459021,-0.065026863956361,0.01517717710608,5.4008069796496194e-05
183,15921965575,1,0.991339671878109,-0.10841097084698,-0.072573951204804,0.015024578767504,181,15921965575,1,0.992585072129721,-0.101286287966904,-0.065443243522121,0.015269064556344,5.160944664284184e-05
184,16001965975,1,0.991291113105802,-0.108666702656991,-0.072833936940144,0.015122646624084,182,16001965975,1,0.992513646578823,-0.101698839444486,-0.065863747295916,0.015361451838663,4.934313872362317e-05
185,16081965075,1,0.991241432795058,-0.108933151435581,-0.073091865767247,0.015217410665946,183,16081965075,1,0.992440136092345,-0.102121477953101,-0.066295215268736,0.015450710215162,4.704233595320684e-05
186,16161966775,1,0.991191693283906,-0.109192831930373,-0.073360098746419,0.015305179904991,184,16161966775,1,0.992364409888468,-0.102555218640639,-0.066737728383058,0.015536432233713,4.4671220643777154e-05
187,16241967175,1,0.991141830602946,-0.109453790660482,-0.073625948987194,0.015393471825023,185,16241967175,1,0.992287227939584,-0.102995561714584,-0.067185858498165,0.015621522106933,4.227371430731708e-05
188,16341967675,1,0.991091999210363,-0.109716458364264,-0.07388662400397,0.015482721288736,186,16341967675,1,0.992208485341952,-0.103442341420145,-0.06764059200554,0.015708403167969,3.9837466373260355e-05
189,16421968075,1,0.991042256048241,-0.109975217833834,-0.074150104815583,0.015571131784551,187,16421968075,1,0.992128100405881,-0.103896532218164,-0.068101910511578,0.015794706794735,3.7380058453329035e-05
190,16501968475,1,0.990993251561967,-0.110228278953035,-0.07441037594968,0.015658793973973,188,16501968475,1,0.992047364369069,-0.104350428547062,-0.068562759285244,0.015879639467654,3.4951836294982996e-05
191,16581968875,1,0.99094553695153,-0.110475260657799,-0.074660484235891,0.015747116310512,189,16581968875,1,0.991965111190346,-0.1048103251311,-0.069030131336516,0.015964175352993,3.2439507275050516e-05
192,16661969275,1,0.990899310047224,-0.110707130197013,-0.074912321782832,0.015831383912427,190,16661969275,1,0.991879842074267,-0.105284850040913,-0.069512875197743,0.016044918832211,2.9781092867331438e-05
193,16741969675,1,0.990847924002682,-0.110971356540548,-0.075183952469486,0.015909834008951,191,16741969675,1,0.991789614090729,-0.105784943832224,-0.070023033634555,0.016114645537186,2.7231343993294743e-05
194,16821970075,1,0.990797160856756,-0.111230086763588,-0.075453554437943,0.015987962954563,192,16821970075,1,0.991697174542609,-0.10629360516997,-0.070543816992145,0.016184974153708,2.4661605178777357e-05
195,16921970575,1,0.990743711749916,-0.111505005057957,-0.075730726791795,0.016074467164128,193,16921970575,1,0.991602051108491,-0.106813628583291,-0.071075172958379,0.016264709503739,2.2228066662632884e-05
196,17001970975,1,0.990692800788607,-0.111762845052382,-0.075997307991733,0.016163233260495,194,17001970975,1,0.991503536655897,-0.107349531816976,-0.071621215335999,0.016346752928891,1.9659246380143713e-05
197,17081971375,1,0.99064154922104,-0.112024170020249,-0.076263247161891,0.016242642043001,195,17081971375,1,0.991400617110607,-0.107906395019683,-0.072190412256551,0.016418607882316,1.7075601579041866e-05
198,17161971775,1,0.990588579466856,-0.112291989390144,-0.076542337044874,0.016310916232697,196,17161971775,1,0.991293138114855,-0.108484674335974,-0.07278317818578,0.016480252843876,1.4576000512356302e-05
199,17241972175,1,0.990535898038302,-0.112557861540657,-0.076818465616475,0.016379433542703,197,17241972175,1,0.991181572720246,-0.109081509697734,-0.073394179232939,0.016541118360208,1.2126898573217026e-05
200,17421974725,1,0.990482531688908,-0.11281991803339,-0.077107483319689,0.016445562628722,198,17421974725,1,0.991065659652716,-0.109699788200401,-0.074023235558916,0.016594436516588,9.804998040374713e-06
201,17501973475,1,0.990430164269742,-0.113086030643481,-0.077374918031821,0.016515490833834,199,17501973475,1,0.990944027858391,-0.110341658595834,-0.074681777096921,0.016651852742431,7.533618194166536e-06
202,17611974025,1,0.990377494402909,-0.113347791980304,-0.077651031417337,0.016583544652151,200,17611974025,1,0.990816400602159,-0.111011285854911,-0.075366967538152,0.016708528203405,5.442234108921085e-06
203,17691974425,1,0.990330528339556,-0.113585867011159,-0.077880342748538,0.016683754595095,201,17691974425,1,0.990689242249295,-0.111672315421489,-0.076038883132943,0.016799033061958,3.597308997571602e-06
204,17771974825,1,0.99028734746082,-0.113798642845049,-0.078095134680031,0.016792506809473,202,17771974825,1,0.99055650445978,-0.112358514128546,-0.076732047597308,0.016898776487437,2.0078579242577277e-06
205,17851975225,1,0.990245953979301,-0.113997413371613,-0.07830659709545,0.016900213712759,203,17851975225,1,0.990414542485136,-0.113088620586866,-0.077467219788003,0.016994934128605,7.839263155284826e-07
206,17931975600,1,0.990200169578725,-0.114220423104659,-0.078536759007812,0.017008721192542,204,17931975600,1,0.990259981785185,-0.113881086336157,-0.078259262353082,0.017080822745234,1.0046498466476095e-07
207,18011976025,1,0.990155385449119,-0.114439148738145,-0.078758925814623,0.017117987811688,205,18011976025,1,0.990093460869233,-0.114725439641278,-0.079109332280941,0.017167579595396,1.0552058593571445e-07
208,18091976425,1,0.990110799523566,-0.114658053917234,-0.078978526630467,0.017219978803666,206,18091976425,1,0.989912374842994,-0.11563544860804,-0.080028235016126,0.01724571709512,1.0486114446761619e-06
209,18201976975,1,0.99006624120708,-0.114873979757566,-0.079201485307461,0.01731853116853,207,18201976975,1,0.989713747317747,-0.116624517419351,-0.081027465556123,0.017319645854312,3.2614195782931787e-06
210,18281977350,1,0.990021666440194,-0.11508887826989,-0.079424714551819,0.017417370522632,208,18281977350,1,0.989492305867522,-0.117717557227908,-0.082129086681165,0.017388687994955,7.252313490635487e-06
211,18361977775,1,0.989975274290518,-0.115313256165773,-0.079655370262279,0.017516598820553,209,18361977775,1,0.989243108609433,-0.118934587594251,-0.083354869499217,0.017452841410478,1.3670233755314065e-05
212,18441978175,1,0.98992915894487,-0.115535392175276,-0.079884391241637,0.017615829857295,210,18441978175,1,0.988960966508578,-0.120295831090768,-0.084725776514922,0.017511782848839,2.3524506202465822e-05
213,18521978575,1,0.989883078445589,-0.115757680271395,-0.080111260180165,0.017715429930285,211,18521978575,1,0.988636266056271,-0.121840426589164,-0.086282613232042,0.017565720615289,3.8331177635519964e-05
214,18601978975,1,0.989837116107794,-0.115977860968062,-0.080338372031694,0.017814750067732,212,18601978975,1,0.988255742211267,-0.123623768402318,-0.0880774931752,0.017609857138541,6.044831054041744e-05
215,18681979375,1,0.989791459307984,-0.116193634611434,-0.080568036459605,0.01790803891551,213,18681979375,1,0.987799985434079,-0.125723844249422,-0.090187431173273,0.017633236286794,9.369956753879638e-05
216,18761979775,1,0.989745839500441,-0.116411140884954,-0.080794360838532,0.017996964358548,214,18761979775,1,0.987238980033929,-0.128255842867301,-0.092729466542056,0.017631820858676,0.00014458069368272763
217,18881980375,1,0.989700006319333,-0.116634751895074,-0.081012720480417,0.018087876112142,215,18881980375,1,0.98652380713419,-0.131395314780775,-0.095894195821887,0.017616822040279,0.00022482132912182706
218,18961980750,1,0.989654567493743,-0.116849880215851,-0.081237614475089,0.018176702855862,216,18961980750,1,0.985568762802797,-0.135454098165155,-0.099987995376865,0.017572758979313,0.00035737612882258407
219,19041981175,1,0.989609135180701,-0.117065803033557,-0.081459850952546,0.018266089066975,217,19041981175,1,0.984207997888852,-0.141007966034767,-0.105576148200619,0.017465604411996,0.0005923180109308479
220,19121981600,1,0.989561609104774,-0.117289625741188,-0.081694860942812,0.018355249249133,218,19121981600,1,0.98206926469035,-0.149257808326371,-0.113863007149828,0.017241856250444,0.0010570645984947502
221,19201981975,1,0.989514240750992,-0.11751375587272,-0.081925959655337,0.018445098704703,219,19201981975,1,0.978111425344843,-0.163251303502391,-0.127927575629099,0.016780551490073,0.0021704334259953217
222,19281982375,1,0.989466224505444,-0.117741595851318,-0.082157993054429,0.018535677667587,220,19281982375,1,0.967798665796088,-0.194349875488439,-0.15922016668386,0.015582262419299,0.006142806437751669
223,19361982775,1,0.989416912035292,-0.117973593780194,-0.082398318774869,0.018625853328292,221,19361982775,1,0.870245728122259,-0.36427016777884,-0.331546654185308,0.007512233347245,0.0685310895127903
224,19471983325,1,0.989366334344126,-0.118211576255366,-0.082643822146534,0.01871572511824,222,19471983325,1,0.99760011200175,-0.060824367883323,-0.025397665192758,0.021198382212967,0.0033221864257383382
225,19551983725,1,0.989319287860659,-0.118431714371707,-0.082871102819443,0.018805744211435,223,19551983725,1,0.990913358268627,-0.11013240985662,-0.074717910460236,0.019462850778352,6.916292529357548e-05
226,19631984125,1,0.989271891407382,-0.118652987641025,-0.083099610797696,0.018895715926946,224,19631984125,1,0.991442808695604,-0.10718772074252,-0.071851083068969,0.019732497804657,0.00013169740345053693
227,19711984525,1,0.989224994055094,-0.118866223472258,-0.08333437417793,0.018976673431248,225,19711984525,1,0.992271499508143,-0.10242432869593,-0.067121044053836,0.020032313899591,0.0002718017749110402
228,19791984925,1,0.989175914696317,-0.119094288840879,-0.083572768409069,0.019056561353852,226,19791984925,1,0.99289323423629,-0.098638704873734,-0.063411032469119,0.020309413330572,0.0004201573070941045
229,19871985325,1,0.989126541553768,-0.119328394643632,-0.083804755630319,0.019135881463858,227,19871985325,1,0.99331018498636,-0.095802468916371,-0.061039790970314,0.020758306053034,0.0005459239656069315
230,19951985725,1,0.989076113011143,-0.119560873503024,-0.084052325310868,0.019205384864645,228,19951985725,1,0.993526270665638,-0.09663972715964,-0.056888365392841,0.018166631902196,0.0006420712894948943
231,20031986125,1,0.989025693575459,-0.119794118046986,-0.084297110262222,0.019275474841498,229,20031986125,1,0.99365961098558,-0.094508230639754,-0.057628411122674,0.019691065710236,0.0006861207610509013
232,20211988075,1,0.988975181701464,-0.120019501301451,-0.084553349298832,0.019342709434226,230,20211988075,1,0.993647321742312,-0.094474111613376,-0.057826713707486,0.019892546618908,0.0006945055989199256
233,20291987425,1,0.988926261912049,-0.120244597934223,-0.084788185300855,0.019417744505621,231,20291987425,1,0.993516607403329,-0.095314680021002,-0.058666249608244,0.019953289031546,0.000662607205579202
234,20371987825,1,0.988880130207222,-0.120453687471315,-0.085010970116332,0.019496979658147,232,20371987825,1,0.993256288391442,-0.097013520748311,-0.060271380414302,0.019941992524038,0.0005904187557653762
235,20451988225,1,0.988833933586854,-0.120662672753718,-0.08523345199315,0.019576257364721,233,20451988225,1,0.992828404651395,-0.099768425328051,-0.062805999199892,0.019834986499368,0.00047779147706472624
236,20531988925,1,0.988793427205147,-0.120845743337937,-0.085418406273892,0.019686556393366,234,20531988925,1,0.992155141598042,-0.104048533210417,-0.06648638340726,0.019535571625979,0.0003259458389748282
237,20611989325,1,0.988753272531578,-0.121025182692163,-0.085603592936873,0.019796365543236,235,20611989325,1,0.990745863492391,-0.089292149051414,-0.094358922143134,0.039318442269276,0.0007343615559950445
238,20721989875,1,0.988712626793448,-0.121212412348022,-0.085781897040328,0.019908763199544,236,20721989875,1,0.98897854098329,-0.118075497427819,-0.08691091500346,0.020642558828702,5.8620415803734005e-06
239,20801990275,1,0.988670427095376,-0.121401121563492,-0.085975494781671,0.020019204959753,237,20801990275,1,0.982948371120166,-0.150110489259713,-0.105534047454413,0.011912411775657,0.0006526133982404092
240,20881990675,1,0.988628644055909,-0.121584911322601,-0.086170481756044,0.02012862550652,238,20881990675,1,0.897514467809937,-0.328189233353531,-0.294454850275992,0.007479861737387,0.04726475419474141
241,20961991075,1,0.988588902615028,-0.121762356058804,-0.086349765691975,0.020239274650166,239,20961991075,1,0.996526514925856,-0.070634978905049,-0.038246826665005,0.0219723702606,0.0024969553736228223
242,21041991475,1,0.988549174266618,-0.121938470948409,-0.086529953801016,0.020349605763879,240,21041991475,1,0.992527153844699,-0.101598361648084,-0.065012069295721,0.018467610491195,0.00044805281383142326
243,21121991875,1,0.9885079114281,-0.122119500227151,-0.086722249040495,0.020449651089584,241,21121991875,1,0.993267993814797,-0.096497505868838,-0.061076275977452,0.019406502439877,0.0006689745363398503
244,21201992275,1,0.988464235354082,-0.122313063265053,-0.086923273302354,0.020550292917473,242,21201992275,1,0.994042278678187,-0.091372251406797,-0.056038186536586,0.019768194728439,0.0009714743339397369
245,21281992675,1,0.988420674411875,-0.122505439844904,-0.087123635778265,0.020650900521698,243,21281992675,1,0.994610412993501,-0.087345027383305,-0.052128154480307,0.020090496927243,0.0012497826158218706
246,21381993175,1,0.988377486031767,-0.122695403461898,-0.087322146884512,0.020751523759126,244,21381993175,1,0.995004446571892,-0.084203105898729,-0.049528976088372,0.020563773651946,0.001476966293310289
247,21461993575,1,0.988334318529902,-0.122884868728351,-0.087520111895084,0.020852190952593,245,21461993575,1,0.995251978640895,-0.082956680247227,-0.046792019956966,0.020054801970855,0.0016507637794508367
248,21541993975,1,0.988290977095184,-0.123079932346915,-0.087713250378774,0.020944224829681,246,21541993975,1,0.995407928872738,-0.081687538556947,-0.045612823491966,0.02024034374422,0.0017684613294506324
249,21621994375,1,0.988248191005789,-0.123267071387131,-0.087910711727539,0.021034468117424,247,21621994375,1,0.995480819451452,-0.081076561968147,-0.045047122493836,0.020378566159495,0.001835033744319925
250,21701994775,1,0.988203080252731,-0.123465866499016,-0.088116836722497,0.021125223659958,248,21701994775,1,0.995479742920145,-0.081066317417491,-0.045044854439344,0.020476686854734,0.001853143919839595
251,21781995175,1,0.988158090462919,-0.123663348366166,-0.088322308471741,0.021216369853689,249,21781995175,1,0.995410742879409,-0.081588878256075,-0.045585627137667,0.020558660064406,0.0018248592578683498
252,21861995575,1,0.988112918182792,-0.123861260735569,-0.088528179701313,0.021307519988367,250,21861995575,1,0.995271659533876,-0.082643762941902,-0.046677731497917,0.02062817388176,0.0017510256140297331
253,21941995975,1,0.988069313365681,-0.124048145983638,-0.088731203877128,0.021397731693073,251,21941995975,1,0.995047446783381,-0.084338792963742,-0.048382056695865,0.02065728058512,0.0016270645046762011
254,22041996475,1,0.988024382818032,-0.124243899613307,-0.088935354389514,0.021488953104746,252,22041996475,1,0.994708325143649,-0.08683452735116,-0.050878665837421,0.020651249652798,0.00144657475434129
255,22121996875,1,0.987978024779458,-0.124438483188246,-0.089156533828799,0.021577741548252,253,22121996875,1,0.994182919202642,-0.090877056893998,-0.054156367744911,0.020218099037129,0.0011958651516831287
256,22201997275,1,0.987931359227743,-0.124640107525907,-0.089369577673056,0.021669140197403,254,22201997275,1,0.993341079541348,-0.094982922081348,-0.061489602351429,0.021697304237647,0.0008430537697557972
257,22281997675,1,0.987883308403967,-0.124849588210299,-0.089586345989472,0.021758582509127,255,22281997675,1,0.991639055283433,-0.105743656061029,-0.071000302842985,0.020717631033304,0.00036283342886622716
258,22361998075,1,0.987834730759683,-0.125057647354395,-0.089811878705145,0.021839322026575,256,22361998075,1,0.986475962978944,-0.131046949640897,-0.096449892430311,0.019730425863697,4.311433050119273e-05
259,22441998475,1,0.987786031515924,-0.125266536914248,-0.09003637012139,0.021920372416938,257,22441998475,1,0.627219485668297,-0.560825725972369,-0.540419889919384,-0.004069946569914,0.2616204263720634
260,22521998875,1,0.987739734168756,-0.125462627870694,-0.090251400300422,0.022000711257324,258,22521998875,1,0.97523755040433,-0.172007775420994,-0.13781642386995,0.018212050619903,0.002299770387976352
261,22601999275,1,0.987693519219087,-0.125659388485919,-0.090463471478283,0.022081451629308,259,22601999275,1,0.975823670575803,-0.170161527580427,-0.135925708988161,0.018368998653396,0.0021009655186522425
262,22701999775,1,0.987646173942942,-0.125863663110421,-0.090676077507619,0.02216353699497,260,22701999775,1,0.981564657981258,-0.15061281116738,-0.116082073138498,0.019275777812179,0.0006516544665148283
263,22782000175,1,0.987598008196542,-0.126067978006905,-0.090896728820106,0.022244635696673,261,22782000175,1,0.985552280878715,-0.135018947507796,-0.100280984818583,0.020007737314966,8.86864151398159e-05
264,22862000575,1,0.987549882718099,-0.12627237018065,-0.091115664933551,0.022326067189409,262,22862000575,1,0.988189581895107,-0.123383037220618,-0.088513955009868,0.02057318956071,9.299467249701543e-06
265,23042002475,1,0.987503160421242,-0.126468490368262,-0.091332476219028,0.022396604424143,263,23042002475,1,0.989978933984583,-0.114669672109194,-0.079698219321497,0.020994532671644,0.00014133165290275418
266,23122001875,1,0.987454694365481,-0.126671665620254,-0.091555483196673,0.022474634617466,264,23122001875,1,0.991187298760989,-0.108314677246509,-0.073224560205613,0.021303362424107,0.0003441529869914195
267,23202002275,1,0.987407120435462,-0.126871707429167,-0.091771306515057,0.022556056124146,265,23202002275,1,0.992021913278362,-0.10369370783782,-0.068397614002706,0.021491973597609,0.0005529888756623524
268,23312002825,1,0.987368044843758,-0.127041787906672,-0.091931904860366,0.02265508807388,266,23312002825,1,0.992558128678709,-0.090042859256662,-0.075428518723461,0.032112042194294,0.0008788267133413852
269,23392003225,1,0.987331563289747,-0.127191926293116,-0.092091162883086,0.022755564956989,267,23392003225,1,0.992995843059247,-0.096900173214141,-0.063539974308899,0.023071275711338,0.0008824722060921664
270,23472003625,1,0.987295022369035,-0.12733584622345,-0.092258877726261,0.022856521007723,268,23472003625,1,0.993232752945306,-0.095447651835741,-0.061974094161335,0.023187407975337,0.0009846955937312662
271,23552004025,1,0.987256250926196,-0.127496880087839,-0.092423358009043,0.022968749843032,269,23552004025,1,0.993347194188057,-0.094713928188845,-0.06121046042779,0.023321731067192,0.001043095548096784
272,23632004425,1,0.987217653756082,-0.127654991761803,-0.092589461442942,0.023080269069867,270,23632004425,1,0.99335519955973,-0.094788807758283,-0.060974984230719,0.023293362348021,0.0010586880487956085
273,23712004825,1,0.987179689691962,-0.127812898858382,-0.092750050372121,0.023185152599615,271,23712004825,1,0.99326359822509,-0.095531811457678,-0.061342431448789,0.023199214308064,0.0010327606354886276
274,23792005225,1,0.987141529396344,-0.127968634929071,-0.092915985945723,0.023286239953481,272,23792005225,1,0.993067587693949,-0.096850957775346,-0.062453828279883,0.023155508694625,0.0009656940693549831
275,23872005625,1,0.987103557830732,-0.12812480271158,-0.093078466045434,0.023388035545108,273,23872005625,1,0.992748470415165,-0.098866602776435,-0.06435174859616,0.023124052335471,0.0008566006420376304
276,23972006125,1,0.987063088065619,-0.128289390944446,-0.093255262460486,0.023489324658072,274,23972006125,1,0.992263661430749,-0.101775728252778,-0.067238115449476,0.023098986416377,0.000703532287594788
277,24052006525,1,0.987022939568244,-0.128453606622989,-0.093428258031027,0.023591276203225,275,24052006525,1,0.991525004083686,-0.106014590685393,-0.071476163425789,0.023026743160594,0.000502995588131605
278,24132007750,1,0.98698383005395,-0.128609778650688,-0.093600876047214,0.023692193875832,276,24132007750,1,0.99032106618209,-0.11245223771298,-0.078058316667238,0.022925516534854,0.0002571811101770294
279,24212007300,1,0.986943847420832,-0.128772189886124,-0.093773168658001,0.023794074681243,277,24212007300,1,0.98804817623991,-0.12355537107638,-0.089345868256522,0.022631560543946,2.4693584298685067e-05
280,24292007725,1,0.986900750028535,-0.128951507558007,-0.093954724061095,0.023894102164253,278,24292007725,1,0.981994261539948,-0.14852120624564,-0.114694523543643,0.021768965686242,0.0004208511118202196
281,24372008125,1,0.986861291170493,-0.129110595329474,-0.094127313021246,0.023985310220578,279,24372008125,1,0.913607651761545,-0.302019806647167,-0.271804506251153,0.015079967411438,0.03345609058488408
282,24452008525,1,0.986821136349556,-0.129273345624134,-0.094301405664922,0.024076790785624,280,24452008525,1,0.997678052094584,-0.058752253581616,-0.023397678097787,0.025282913745654,0.005059945178936265
283,24562009075,1,0.986781910299025,-0.129429043143058,-0.094476835861444,0.024160127965073,281,24562009075,1,0.993643505835441,-0.093212722578957,-0.058326928943128,0.02412345374392,0.0013327602418548024
284,24642009475,1,0.986739940400697,-0.129598949335179,-0.094661236587548,0.024241547742742,282,24642009475,1,0.994094757833768,-0.090169692204445,-0.055260864521685,0.024316165559025,0.0015805772720507427
285,24722009875,1,0.986695138643329,-0.129778090326034,-0.094861968132358,0.024321958206609,283,24722009875,1,0.994647810147467,-0.08625096190199,-0.051320297475067,0.024550609094301,0.0019268926288764643
286,24802010275,1,0.986651477159634,-0.129953810554818,-0.095054362198304,0.024403646614162,284,24802010275,1,0.995063956211093,-0.083142554361722,-0.048191364850697,0.024751384962526,0.00222916247626348
287,24882010675,1,0.986608555986425,-0.130127809353827,-0.095240404202998,0.024486238878287,285,24882010675,1,0.995348821105186,-0.08092108511822,-0.045953304002153,0.024915781326149,0.002463548348633826
288,24962011075,1,0.986564747986581,-0.130303095321374,-0.095433368684658,0.024567733337455,286,24962011075,1,0.995528863917282,-0.079467452733858,-0.044493252726646,0.025051058368057,0.0026298734743034347
289,25042011475,1,0.9865212711362,-0.13047711343183,-0.095623767616235,0.024649534137383,287,25042011475,1,0.995620415389538,-0.078701472630777,-0.043735994003407,0.02516405161824,0.0027280585926179324
290,25122011875,1,0.98647887934355,-0.130645989980507,-0.095809172860276,0.024731524557491,288,25122011875,1,0.99564013309619,-0.078515226647315,-0.043568144435734,0.025256708874053,0.002765472962720228
291,25222012375,1,0.98643564521111,-0.130818274575412,-0.09599787527105,0.024813400361435,289,25222012375,1,0.995592190525044,-0.078879453151631,-0.043961242046801,0.02533044085181,0.0027447810105806214
292,25302012775,1,0.986393013951954,-0.1309834335596,-0.096189621266591,0.024894154340095,290,25302012775,1,0.995474851530373,-0.079815269583143,-0.044896815953058,0.025369639911298,0.0026659193709912543
293,25382013175,1,0.986347875718972,-0.131162861584973,-0.096386444067398,0.024976493059567,291,25382013175,1,0.99527619649064,-0.081407061249393,-0.046424314250937,0.025356776691695,0.002525856805137172
294,25462013575,1,0.986303167851088,-0.131339163938407,-0.096582375508708,0.025058528367863,292,25462013575,1,0.99497107618258,-0.083815543284546,-0.048671274165286,0.025270918762953,0.0023145729482572097
295,25542013975,1,0.986256039677468,-0.131530770604396,-0.096783678552279,0.025131656328596,293,25542013975,1,0.994513790567369,-0.086893509946278,-0.052378486565075,0.0254623731355,0.0020163029689241885
296,25622014375,1,0.986211694815562,-0.131705145618963,-0.096979603243149,0.025203257355092,294,25622014375,1,0.993752284970368,-0.092332773195231,-0.057439394791857,0.025135055921885,0.0015852384729806435
297,25822015575,1,0.986165034767211,-0.131891516177958,-0.097181625846067,0.02527615003872,295,25822015575,1,0.992282540559498,-0.1015144038996,-0.066730868535725,0.024843041000763,0.0009438145158510158
298,25902015775,1,0.986120497485794,-0.132070949659523,-0.097366610438605,0.02536477609007,296,25902015775,1,0.988060910923825,-0.123489562697755,-0.088933462636839,0.024016732344769,7.517030514159195e-05
299,25982016175,1,0.986082181731724,-0.132220446113565,-0.097524847642855,0.025467402556406,297,25982016175,1,0.876694981265069,-0.353884167099471,-0.325569360189114,0.01328524772091,0.05662653471307344
300,26062016575,1,0.986043576640454,-0.132371724739989,-0.097682894404817,0.025570365585181,298,26062016575,1,0.993947396781243,-0.091167579015031,-0.05582849978872,0.025302639776684,0.0017560570117650665
301,26142016975,1,0.986007640007095,-0.132504747159155,-0.097836202595809,0.025680796123946,299,26142016975,1,0.991156399317683,-0.107930066835364,-0.073072475585913,0.024909959379034,0.0006221305000816413
302,26222017375,1,0.985971373938777,-0.132645292180581,-0.097981374791791,0.025793922336837,300,26222017375,1,0.992396659739667,-0.100823464115096,-0.065896504541791,0.025320930286188,0.0010417878297458438
303,26302017775,1,0.985936249581732,-0.132782219000946,-0.098120468872775,0.025903043567883,301,26302017775,1,0.993491600788047,-0.094012002825755,-0.058963190661738,0.025681211717542,0.0015467773201947033
304,26382018175,1,0.985898191595543,-0.132928359432481,-0.098277776671864,0.026005493259362,302,26382018175,1,0.99427271896062,-0.088741902746898,-0.053591761682407,0.025972256492105,0.002009708351668027
305,26492018725,1,0.985860043960531,-0.133082520800684,-0.098422958276004,0.026113936196532,303,26492018725,1,0.994809704807609,-0.084869706704754,-0.049636904852466,0.026209955763296,0.0023923300503635447
306,26572019125,1,0.985822321833146,-0.13322748546297,-0.098574392757106,0.026227389982366,304,26572019125,1,0.99517840190692,-0.082083484008392,-0.046748750079134,0.026397052810321,0.0026945855717966927
307,26652019525,1,0.985784558802224,-0.133373963149585,-0.098723401867102,0.026341592675162,305,26652019525,1,0.995423476069265,-0.080128162005075,-0.044775993163041,0.026583667544829,0.0029192027858632175
308,26732019925,1,0.98574658102563,-0.133507765818081,-0.098894518011866,0.026442934212112,306,26732019925,1,0.995574961149544,-0.078865046917622,-0.043533039253875,0.026752113936784,0.0030737063535338782
309,26812020325,1,0.985706883441336,-0.133661213963983,-0.099054911339056,0.026547021634335,307,26812020325,1,0.995651425077291,-0.078223564048706,-0.042862789792617,0.026871825771075,0.0031649434790482767
310,26892020725,1,0.985667497197556,-0.133814186859979,-0.099212104123604,0.026651580791327,308,26892020725,1,0.995664739324039,-0.0781057996422,-0.042709043492238,0.02696569177722,0.003198031891482045
311,26972021125,1,0.985628283575015,-0.133962174147827,-0.099374146554453,0.026754467124769,309,26972021125,1,0.995620291006578,-0.07845175949038,-0.043054589519309,0.027052909088751,0.0031766139600979404
312,27082021675,1,0.985588991208812,-0.134111287421486,-0.099535431443432,0.026855183513029,310,27082021675,1,0.99551677414713,-0.079302611289827,-0.043855128429684,0.027095681292819,0.003101452918130132
313,27162022050,1,0.985551770804189,-0.134255685057607,-0.099683793313636,0.026949201194916,311,27162022050,1,0.995350688923404,-0.080517893195987,-0.045305532192482,0.027226525443788,0.002970420630884374
314,27242022475,1,0.985515469856123,-0.134392158157963,-0.099833613448262,0.02704174783134,312,27242022475,1,0.995095680571193,-0.08285788278995,-0.046857894786707,0.02689787099902,0.0027770047216503224
315,27322022875,1,0.985478158036574,-0.134530670726176,-0.099990280526234,0.027133788292291,313,27322022875,1,0.994727258085083,-0.085343081911234,-0.04997607170074,0.027140977318203,0.002503192940629284
316,27402023275,1,0.985439382099638,-0.134677546672581,-0.100149218950858,0.027227129354222,314,27402023275,1,0.994152010015879,-0.089406074230964,-0.054164137212825,0.027103156863831,0.0021200296069352476
317,27482023675,1,0.985400771952389,-0.134822849267634,-0.100308137917451,0.027320238258966,315,27482023675,1,0.993160101877838,-0.095950020621967,-0.06082991944997,0.026950444900908,0.0015649852441504963
318,27562024075,1,0.985356529293047,-0.134992903527417,-0.100488070760259,0.027414846555817,316,27562024075,1,0.990993393787555,-0.108599024348169,-0.073708950939309,0.026558161296965,0.0007231331337383962
319,27642024475,1,0.985313129055352,-0.135157162209583,-0.100667008085114,0.027508774923553,317,27642024475,1,0.981654368891307,-0.149573274315946,-0.115568404529063,0.025029572941301,0.00022470443632494064
320,27742024975,1,0.985270142856104,-0.135312653346789,-0.100855910375905,0.027591969534849,318,27742024975,1,0.989302483450588,0.07997855877481,0.117520097332409,0.032757489186206,0.04704066456167355
321,27822025375,1,0.98522707007267,-0.135475263161288,-0.101035312538997,0.027675604556162,319,27822025375,1,0.998247340571501,-0.049958841383387,0.028283789103909,0.014366227183285,0.012191577706669898
322,27902025775,1,0.98518407685901,-0.135635183287233,-0.101217126158054,0.027758334431355,320,27902025775,1,0.999049841842111,-0.032207721814972,0.010375695732511,0.027466727304308,0.011671271078689371
323,27982026175,1,0.985141271044102,-0.135794424539086,-0.10139730500804,0.027841280265389,321,27982026175,1,0.999050318928815,-0.032085553778307,0.009311679499177,0.027969092081748,0.01160274353700741
324,28062041250,1,0.985098549560808,-0.135952935869807,-0.101576992717478,0.027924208709404,322,28062041250,1,0.999052779415078,-0.031790845425474,0.008080553289995,0.028593543828435,0.011534843511220694
325,28142026975,1,0.985057192338063,-0.136111741517987,-0.101743812216107,0.028002112772552,323,28142026975,1,0.999048029304172,-0.031834049130325,0.007316684604897,0.028915300202681,0.011482303263417148
326,28222027375,1,0.985015022869163,-0.136267838693421,-0.101922984219748,0.028074653116767,324,28222027375,1,0.999043472229522,-0.031864897956631,0.006700545260918,0.029186838934706,0.011448539770038346
327,28302027775,1,0.984972373596588,-0.136424701194007,-0.102105263401211,0.028146746550859,325,28302027775,1,0.999046711030534,-0.031570425857864,0.006484132656965,0.029443733015913,0.011492922570321529
328,28512030500,1,0.984930995426078,-0.136577633554788,-0.102279653927336,0.028219791885728,326,28512030500,1,0.99320148618085,-0.096000473681569,-0.059774694947068,0.02759896275317,0.0017609819437133245
329,28592029225,1,0.984889172531268,-0.136732243040931,-0.102455497043891,0.028292802426759,327,28592029225,1,0.998526340699186,-0.044911298096726,-0.007865024182139,0.02943235681651,0.008782857213251893
330,28672029625,1,0.984847539574427,-0.136885662191398,-0.102630508977707,0.028365787625178,328,28672029625,1,0.998849221805744,-0.037563910269581,-0.000617366690837,0.029812809355847,0.010234816290627724
331,28752030025,1,0.984817510046585,-0.136994661375482,-0.102744461605874,0.028469462052889,329,28752030025,1,0.999012113802536,-0.032367375802108,0.00460255450529,0.030099268288458,0.011337196899287805
332,28832030425,1,0.984787760866359,-0.137099925587997,-0.102860632644097,0.028572131590833,330,28832030425,1,0.998274668945318,-0.049061429644795,-0.012551101512307,0.029717525370603,0.008044898398813394
333,28912030825,1,0.984755467220754,-0.13721424149748,-0.102988856017171,0.028674330774752,331,28912030825,1,0.998901260739306,-0.035765761297609,0.000922294133058,0.030269307652452,0.010645984342958936
334,29022031375,1,0.984723257160116,-0.137329412545505,-0.10311442741982,0.028777666961733,332,29022031375,1,0.998757836054083,-0.039460205530281,-0.002941915497293,0.03028237496103,0.009906073688776162
335,29102031775,1,0.984690887708965,-0.137454602860626,-0.103226625435563,0.028885145257462,333,29102031775,1,0.998475922776693,-0.045319067555452,-0.008948119347684,0.030198425642328,0.008784572736660223
336,29182032175,1,0.984658542336713,-0.137569954356291,-0.103352487530861,0.028988376686713,334,29182032175,1,0.999048950744795,-0.030211132606053,0.006544950922301,0.030751343056992,0.011906777745369634
337,29262032575,1,0.984626289891416,-0.137686948494267,-0.103474582968102,0.029092682045154,335,29262032575,1,0.998892086911568,-0.035669147596722,0.000953980720761,0.030682251155346,0.01075949815433308
338,29342032975,1,0.984592854809994,-0.137801908466985,-0.10361090143603,0.029194612235417,336,29342032975,1,0.998864432673875,-0.036371426651152,0.000192028517321,0.030772188539429,0.010634678795005903
339,29422033375,1,0.984558252699763,-0.137927498563451,-0.103742959151882,0.029299327760725,337,29422033375,1,0.998831792524917,-0.037186679191065,-0.000662856017478,0.03085063620254,0.010490180423520346
340,29502033775,1,0.984523407287568,-0.138049427813506,-0.103883002484589,0.029399622072882,338,29502033775,1,0.998775921150627,-0.038564601896453,-0.002081803788346,0.030904642099058,0.010233056940217145
341,29582034175,1,0.984486897582797,-0.138180635280574,-0.10402781919877,0.029493615478697,339,29582034175,1,0.99859116815059,-0.042706061487546,-0.006307914959869,0.030855816513599,0.009432679982664394
342,29682034675,1,0.984450493244619,-0.138310523624742,-0.104173007356191,0.029587327412992,340,29682034675,1,0.999056262764141,-0.029052121408916,0.007691245972384,0.031359253957663,0.01233373892722589
343,29762035075,1,0.984418353761854,-0.138425067397642,-0.104294606302622,0.029692433193323,341,29762035075,1,0.998911058167727,-0.034556636390454,0.002083414699459,0.031276127234671,0.01115874044001397
344,29842035475,1,0.984384445546702,-0.138544608079516,-0.104426207548964,0.029796343982882,342,29842035475,1,0.998891340531564,-0.035099268952348,0.001600392225986,0.031330015556782,0.011077690098785564
345,29922035875,1,0.984347701175725,-0.138675415817901,-0.104570667203651,0.029894946034103,343,29922035875,1,0.998869969375634,-0.035713582494464,0.001157114524196,0.031336646133721,0.010996238861629926
346,30002036275,1,0.98431207762881,-0.138801796714111,-0.104711268766755,0.029989085618714,344,30002036275,1,0.998840560307535,-0.036756946913649,0.000988748266996,0.031072243481624,0.01089894750581799
347,30082036675,1,0.984276035346052,-0.138929561541545,-0.104853560668408,0.030083117998099,345,30082036675,1,0.998827190541789,-0.036298569105378,-0.000948024685906,0.032027465783191,0.01077249881104203
348,30162037075,1,0.984237955737372,-0.139066671129132,-0.105004834745387,0.030167733542229,346,30162037075,1,0.998783593295047,-0.037658690797465,-0.001587332464074,0.031790519777201,0.010596483630087694
349,30262037575,1,0.984199858527763,-0.13920222599803,-0.105158034584984,0.030251719180049,347,30262037575,1,0.998714483155723,-0.039319573898605,-0.003305287042977,0.031818663092489,0.010281828006792337
350,30342037975,1,0.984160728324951,-0.139341000549166,-0.105313992101084,0.03034319456802,348,30342037975,1,0.998431092649798,-0.045177248139027,-0.009358424488767,0.031729944402778,0.009139924798413523
351,30422038375,1,0.984122489499892,-0.139476761814024,-0.105464186242934,0.030437871057702,349,30422038375,1,0.998983194356817,-0.031057775106531,0.005081340744386,0.032282688461793,0.012099617057841239
352,30502038775,1,0.984084297273372,-0.139610265691982,-0.105617442116309,0.03052909258718,350,30502038775,1,0.998845677727957,-0.0356110653614,0.000381382255382,0.032233812302919,0.01113619442990732
353,30582039175,1,0.984046372632066,-0.139744245293681,-0.105769153268483,0.030613210119843,351,30582039175,1,0.998826518755393,-0.036079892692966,-0.000137073230606,0.032308017351374,0.011062879712115725
354,30662039575,1,0.984008563504339,-0.13987716330297,-0.105920770024043,0.030697175993159,352,30662039575,1,0.998810562804953,-0.036452379138601,-0.00053899498049,0.032378900055433,0.01101196593494691
355,30742039975,1,0.983972644118192,-0.139999181779811,-0.106069083585753,0.030780094790574,353,30742039975,1,0.998793466391571,-0.036850806850282,-0.00095814815875,0.032445515562227,0.010955163198073659
356,30822040375,1,0.983935102541892,-0.140130489767178,-0.106219427177573,0.030864107204904,354,30822040375,1,0.998772470861226,-0.037353147573702,-0.001456177803563,0.032498820937137,0.010880670137692228
357,30932040925,1,0.983895784498196,-0.140270577369578,-0.106373878153296,0.030949126283515,355,30932040925,1,0.998747068798873,-0.037957206173356,-0.002053548941887,0.032547288703005,0.010786935890404914
358,31012041325,1,0.983856215602609,-0.140408622254644,-0.106533092072523,0.031033306464702,356,31012041325,1,0.998715766937147,-0.03869101201369,-0.002778763536946,0.03258989005363,0.010667331070666752
359,31092041725,1,0.983816520169585,-0.14054756758129,-0.106691706391441,0.0311177710589,357,31092041725,1,0.998675440782329,-0.039648048071115,-0.003637725021727,0.032590845632459,0.010511896792003816
360,31272043150,1,0.98377603738896,-0.140684949913355,-0.106859466338672,0.031201083009517,358,31272043150,1,0.998601231424603,-0.042299580013833,-0.003457045378908,0.031533711566639,0.010295819345278678
361,31352043025,1,0.983736481172334,-0.14082729592367,-0.107008528073214,0.031295099506239,359,31352043025,1,0.998532741635557,-0.042512021027884,-0.006974806927951,0.032809206302814,0.009946930243544427
362,31432043400,1,0.983699770902166,-0.140952937885385,-0.107152863137758,0.031389392314684,360,31432043400,1,0.998313405929741,-0.046755395484397,-0.010954110887278,0.032623365686696,0.009171228973968493
363,31512043825,1,0.983667249078288,-0.141061731120065,-0.107279798005135,0.031486124628823,361,31512043825,1,0.986452871405796,-0.129417604569384,-0.096288534590554,0.029838468948415,0.00013343400778509373
364,31612044325,1,0.983640629972957,-0.141149127388322,-0.10737835560415,0.031589929592659,362,31612044325,1,0.998140804817939,-0.049452176151081,-0.013873120839174,0.032816955213757,0.008681660228533228
365,31692044725,1,0.983614521060052,-0.141234061469544,-0.107475222898145,0.031693695013614,363,31692044725,1,0.997974500963696,-0.051915369377479,-0.016484942671551,0.032862387524003,0.008232317358883745
366,31772045125,1,0.983587049025598,-0.141322322155013,-0.107577102519393,0.031807000225776,364,31772045125,1,0.998118395632708,-0.049622104124055,-0.014231761802315,0.033087339540872,0.008667540961745046
367,31852045525,1,0.983560690957096,-0.141407646951663,-0.107672080375452,0.031921273395915,365,31852045525,1,0.998233270220667,-0.047665698193813,-0.012275095431266,0.033281248059563,0.009052635903345818
368,31932045925,1,0.98353241796183,-0.14150389469819,-0.107770974858295,0.032031977483338,366,31932045925,1,0.998308831957807,-0.046298904332791,-0.010874559135596,0.033430995441786,0.009336602616104916
369,32012046325,1,0.983503646279047,-0.141598079003268,-0.1078788217513,0.032135985996291,367,32012046325,1,0.998357342518246,-0.045367067573547,-0.009914308292694,0.033558192900685,0.009540054211207738
370,32092046725,1,0.983474807750434,-0.141693252237012,-0.107985553897728,0.032240424006929,368,32092046725,1,0.998387585804179,-0.044737958770935,-0.009285778309305,0.033682604980972,0.009683222733769759
371,32192047225,1,0.983444437145739,-0.141794300798968,-0.108098001209774,0.03234559386506,369,32192047225,1,0.998406851649968,-0.044304208930419,-0.008856392284062,0.033800295341298,0.009789602479442161
372,32272047625,1,0.983413162043124,-0.141898404105756,-0.108214430684634,0.032450464159767,370,32272047625,1,0.998412575656606,-0.044123921457089,-0.008689701718845,0.033910137275267,0.009846067093640665
373,32352048025,1,0.983380462152008,-0.142012622292745,-0.108331804450267,0.032549990964515,371,32352048025,1,0.998409803991837,-0.044108307833431,-0.008699690250467,0.034009349635054,0.009869911906768891
374,32432048425,1,0.983347296961657,-0.14212394622668,-0.108458226125431,0.032644917719057,372,32432048425,1,0.998398926243155,-0.044241406412165,-0.008883117795293,0.034108243188756,0.009862443332478321
375,32512048825,1,0.983312426006536,-0.1422327165886,-0.108604401582902,0.032735472347097,373,32512048825,1,0.998379858448605,-0.044533376080157,-0.009218303512264,0.034197361585393,0.00982596113301637
376,32592049225,1,0.983279347448491,-0.142343990191432,-0.108729231230375,0.032830894195895,374,32592049225,1,0.998352234703685,-0.045027591742354,-0.009648121712468,0.034238066409529,0.00975835986712359
377,32672049625,1,0.983245956808489,-0.142454040303626,-0.108858478203517,0.032925165818064,375,32672049625,1,0.998318618692192,-0.045625194062615,-0.010178577283059,0.034273514610476,0.009671275745381624
378,32752050025,1,0.983212478783328,-0.142573900924923,-0.108973994390136,0.033023823013903,376,32752050025,1,0.998278147332418,-0.046209909227454,-0.010990258280688,0.034418005036156,0.009557874775088737
379,32852050525,1,0.98317925753772,-0.142683318875938,-0.109101801861176,0.033118195795808,377,32852050525,1,0.998230953444226,-0.046455656995791,-0.012466649737582,0.034948793444715,0.009414010087142266
380,32932050925,1,0.983146017452364,-0.14279192171093,-0.109232186402247,0.033207001000393,378,32932050925,1,0.99815928561294,-0.048357454727858,-0.012708206945514,0.034323440869745,0.00923069591169201
381,33012051325,1,0.983113271293513,-0.142901448679948,-0.10935773683946,0.033291998514524,379,33012051325,1,0.998074435165101,-0.049516508576326,-0.014303562183485,0.03451007616825,0.008990681647624399
382,33092051725,1,0.983080559709735,-0.143010004290819,-0.109484012472244,0.033376680579579,380,33092051725,1,0.99795154549375,-0.051360128175641,-0.016212143413696,0.034525591759607,0.00866090378234552
383,33172052125,1,0.983048261799626,-0.143115989879921,-0.10960969280598,0.033461076737062,381,33172052125,1,0.997753562586207,-0.054138733793047,-0.019112317599013,0.03451876541554,0.008162045798331241
384,33252052500,1,0.983015738988281,-0.143223463518478,-0.10973502384032,0.033545803640084,382,33252052500,1,0.997320341625551,-0.05961635601826,-0.02477888997599,0.034409778937901,0.007206530607826722
385,33332052925,1,0.982982538201347,-0.143327093455395,-0.109871882886134,0.033628012488416,383,33332052925,1,0.994910912654115,-0.081946822060349,-0.047953452614601,0.033726260069925,0.0038718627467470013
386,33412053275,1,0.982947623410278,-0.143442760048707,-0.110007158822538,0.033713042424098,384,33412053275,1,0.999001723773128,-0.023862724431388,0.011956929359461,0.035821196536738,0.014718401088263833
387,33512053825,1,0.982914678212087,-0.143553747878263,-0.110130056043252,0.03379981629008,385,33512053825,1,0.99853342816856,-0.040642946697224,-0.005375864672303,0.035358786641162,0.010905224674131686
388,33592054225,1,0.98288013079129,-0.143666499879407,-0.110265317393251,0.033884289696895,386,33592054225,1,0.998514862215577,-0.040993566566152,-0.005733990349944,0.035422009957936,0.010857669489446886
389,33672054625,1,0.982846073046347,-0.14377819685775,-0.110397056305465,0.033969350373488,387,33672054625,1,0.998507928762626,-0.041076832017647,-0.005841571568046,0.035503325353832,0.01086353326620726
390,33752055025,1,0.982808204186897,-0.143903530038907,-0.110547145795653,0.034046092018065,388,33752055025,1,0.998494663920069,-0.041301183865154,-0.006097324921124,0.035573037026529,0.010842701550550005
391,33932057075,1,0.982772058073451,-0.144028921735472,-0.110679477513553,0.03412923718921,389,33932057075,1,0.99847541827414,-0.041644198288327,-0.006484212438708,0.03564484310882,0.010794088721131523
392,34012056325,1,0.982735046651607,-0.144151186806971,-0.110822498002129,0.034214578199569,390,34012056325,1,0.998448752328275,-0.042116762138768,-0.007040800919808,0.035730861219194,0.010715442063472636
393,34112056825,1,0.982702686161837,-0.144249494570518,-0.110954389059309,0.034302149713036,391,34112056825,1,0.99841361742296,-0.0427489998632,-0.007756066067142,0.035813614649418,0.010600681090786157
394,34192057200,1,0.982678641023943,-0.144323920848923,-0.111037966199377,0.034407330736863,392,34192057200,1,0.998367564776721,-0.043608037235658,-0.008609127541108,0.035866803777779,0.010441814295480634
395,34272057625,1,0.98265499480526,-0.144394993805699,-0.111122390226248,0.034511756526318,393,34272057625,1,0.998303691080886,-0.044760961701491,-0.00979367031082,0.03592047749793,0.010220658011472428
396,34352058025,1,0.98262851730006,-0.144477513598015,-0.111216565518378,0.03461676772197,394,34352058025,1,0.998208761757179,-0.046398480705039,-0.0115134434147,0.035970676393413,0.009902393168238821
397,34432058425,1,0.98260227364214,-0.144557969529773,-0.111311168608056,0.034721593019831,395,34432058425,1,0.998038865089151,-0.04920155325217,-0.014341263078047,0.035943832606716,0.009367895464458265
398,34512058825,1,0.982575281742809,-0.144643095200887,-0.111405819250594,0.03482720424972,396,34512058825,1,0.997561993825524,-0.055960531394819,-0.021352782720902,0.035812652386128,0.008099859579256519
399,34592059225,1,0.982548944288852,-0.14472392514387,-0.111500232926012,0.034932157466438,397,34592059225,1,0.688578582103778,-0.517198941992747,-0.508212056435747,0.009235603005933,0.1915983979216772
400,34672059625,1,0.982522534772224,-0.144805278188051,-0.111594298828982,0.03503730215804,398,34672059625,1,0.981549720088292,-0.147976053959978,-0.116691547013391,0.032346828355361,2.211038787014452e-05
401,34772060125,1,0.982495817923282,-0.144886843407988,-0.111690682919455,0.035142022131858,399,34772060125,1,0.98678021512786,-0.127071240342092,-0.094906651698127,0.03332318072433,0.00031038183005671627
402,34852060525,1,0.982469525116367,-0.144967440687771,-0.11178420111404,0.035247208958344,400,34852060525,1,0.991183461460551,-0.105485716582789,-0.072470632206887,0.034294559213236,0.0015906017333336964
403,34932060925,1,0.982443173058953,-0.14504852613819,-0.111877148984098,0.035353080632176,401,34932060925,1,0.993634633603117,-0.090624405542514,-0.057046573648681,0.03497313911291,0.0030468850194474983
404,35012061325,1,0.982414285271382,-0.145138234435577,-0.111981042685216,0.035458582582719,402,35012061325,1,0.995064670543371,-0.080268323155822,-0.046316257541252,0.035469733880263,0.004340000884663797
405,35092061725,1,0.982385758993534,-0.145226583974315,-0.112083202003704,0.035564246968628,403,35092061725,1,0.995937112966492,-0.072959528634241,-0.038747782759138,0.035843877143638,0.005392164195419102
406,35172062125,1,0.982356325587468,-0.145319649417428,-0.112186764244415,0.035670421918626,404,35172062125,1,0.996488712087464,-0.068086249731262,-0.03302994029107,0.035826419360135,0.006215274744424959
407,35252062525,1,0.982327906946212,-0.145407345249803,-0.112288267103913,0.035776140832681,405,35252062525,1,0.996856222082495,-0.064070552508533,-0.029300060943651,0.03625111343622,0.0068570068774032045
408,35332062925,1,0.982299817393788,-0.145487954575439,-0.112398323883265,0.035873954477006,406,35332062925,1,0.997102628068929,-0.061245659007348,-0.026511638175967,0.03650275869051,0.007346402871494129
409,35432063425,1,0.982271711614477,-0.145574526155106,-0.112501324654068,0.035969345945711,407,35432063425,1,0.997268851491488,-0.059253881213728,-0.024473321969568,0.036672495384576,0.007712795811670836
410,35512063800,1,0.982243529380543,-0.145663884889199,-0.112600679887178,0.036066168606975,408,35512063800,1,0.997380229118675,-0.057908118343463,-0.022970560836993,0.036765224437399,0.007982120580498075
411,35592064225,1,0.982212948798407,-0.145758001089584,-0.112715075797077,0.036161305551186,409,35592064225,1,0.99745241285163,-0.057011352958113,-0.021932723190308,0.036842168554574,0.008175053969225021
412,35672064600,1,0.982182542919952,-0.145852233155802,-0.112827356780697,0.036256944557484,410,35672064600,1,0.997494328824521,-0.055762074528305,-0.022064530134584,0.037534138023388,0.008295104696527389
413,35752065025,1,0.982150849783991,-0.145951145904506,-0.112947155190467,0.036344344981382,411,35752065025,1,0.997504834827625,-0.055972306469563,-0.021471550951825,0.037285089562906,0.00835030378698598
414,35832065425,1,0.982120926335838,-0.146043559724394,-0.113060390096047,0.03642956090309,412,35832065425,1,0.997497131208502,-0.056009270455721,-0.021564823669427,0.037381723260603,0.008357473104642743
415,35912065800,1,0.982090948009613,-0.146134898166611,-0.113175406533308,0.036514226425256,413,35912065800,1,0.997470987512696,-0.056286741053045,-0.021900893888329,0.037467088210419,0.008320590777989523
416,36022066375,1,0.982059586553183,-0.146238800783705,-0.113284543419772,0.036603194211828,414,36022066375,1,0.997426568694454,-0.056609232012362,-0.022669887997143,0.037705584355319,0.00824091738982824
417,36102066775,1,0.982026934422736,-0.146340689933336,-0.113408307219955,0.036688668436226,415,36102066775,1,0.995580383241026,-0.020259396364932,-0.060425063338359,0.068978758216824,0.009965031296503946
418,36182067175,1,0.981994440635593,-0.146440028496989,-0.113533939224535,0.036773377037591,416,36182067175,1,0.997235649432317,-0.053109207234103,-0.030021732685163,0.04241659079713,0.007974535572900288
419,36262067575,1,0.981962286193979,-0.146541151374727,-0.113653513680225,0.036859710723267,417,36262067575,1,0.997126544989966,-0.055799555039724,-0.030291451757622,0.041321796719871,0.00771656781484209
420,36342067975,1,0.9819294302547,-0.146640400654828,-0.113781817993639,0.036944347193233,418,36342067975,1,0.996960833497495,-0.058966896443967,-0.03115895603955,0.040263147595188,0.007375069088826014
421,36422068350,1,0.981894680883732,-0.146749736796719,-0.113912594926883,0.037030678083886,419,36422068350,1,0.996699098976736,-0.062582461057148,-0.03334243355148,0.039530036578004,0.006900549398716649
422,36502068775,1,0.981860163296449,-0.146857276501856,-0.114043470389513,0.037116666491537,420,36502068775,1,0.996239243477175,-0.067720492775185,-0.0375194130931,0.038904990110024,0.006164258965957736
423,36702070250,1,0.981827459658594,-0.146957798254515,-0.11417083170934,0.037192286556946,421,36702070250,1,0.995143968942212,-0.077594420173029,-0.046970183216345,0.038228116937351,0.004752803870416544
424,36782070175,1,0.98179873650422,-0.147043605628396,-0.114276395809781,0.037287054097143,422,36782070175,1,0.9881131115376,-0.119414285855383,-0.089740103338437,0.036323835066501,0.000703104041161251
425,36862070575,1,0.981772588684041,-0.14712006950158,-0.114371405319281,0.03738249461687,423,36862070575,1,0.998907090354989,-0.021396500087892,0.011835306660864,0.039833906898041,0.01601707531232066
426,36942070975,1,0.98174753448046,-0.147194640566056,-0.114455503528017,0.037489385728701,424,36942070975,1,0.998047892384425,-0.04674229186063,-0.013878785614855,0.039024889089907,0.010237204992495141
427,37022071375,1,0.981722980557816,-0.147264654415281,-0.114537998195715,0.037605291834323,425,37022071375,1,0.99802931983861,-0.047107648507487,-0.013989654890043,0.039020965526676,0.010204648003336314
428,37102071775,1,0.981698614025803,-0.147334406938467,-0.114618886393084,0.037721540715044,426,37102071775,1,0.998046285743464,-0.04683493031346,-0.013544447823613,0.039072352749266,0.010292628998886943
429,37182072150,1,0.981671684986819,-0.147416351256307,-0.114705189782823,0.037839684384291,427,37182072150,1,0.998052743343797,-0.046765690319852,-0.01324694403491,0.039092328998985,0.010347119684307349
430,37262072550,1,0.981644688366658,-0.147495392595607,-0.114796034149854,0.037956363209093,428,37262072550,1,0.998044825649958,-0.046881749098596,-0.013258413779528,0.039151526903205,0.010351693263689232
431,37362073075,1,0.981619177110829,-0.147574170642227,-0.114873569893224,0.038075165495443,429,37362073075,1,0.998022585289709,-0.047257500050894,-0.013495381237313,0.039185745186809,0.010305638360407765
432,37442073475,1,0.981595065815794,-0.147643408042577,-0.114951846922623,0.038191932613281,430,37442073475,1,0.997985972860702,-0.047833818376627,-0.014006250085915,0.039239632405523,0.010210863609307341
433,37522073875,1,0.981568154168674,-0.147721026137164,-0.115044292902894,0.03830493218057,431,37522073875,1,0.997932347243762,-0.048647573449852,-0.01481674268174,0.039305318448004,0.010064949219201647
434,37602074250,1,0.981541568934583,-0.147800017181956,-0.115133891221628,0.038412113540089,432,37602074250,1,0.997857099872719,-0.049759283467023,-0.015974570831748,0.039370484238783,0.009855835655867673
435,37682074675,1,0.981514566025756,-0.147879767094441,-0.115225975996821,0.038518899503308,433,37682074675,1,0.997748151642288,-0.051325150805135,-0.017607230783082,0.039425121602588,0.009558281942171343
436,37762075075,1,0.981493060363528,-0.147935970603045,-0.115301648149492,0.038624486973703,434,37762075075,1,0.997571345117525,-0.053740746580323,-0.020143230857483,0.039466362994617,0.009093542303038271
437,37842075475,1,0.981469083182221,-0.148004454265571,-0.115382114993145,0.038730967128499,435,37842075475,1,0.997225963312901,-0.058087250198509,-0.024685618305368,0.039457188292039,0.00827988238365307
438,37942075975,1,0.981443857383452,-0.14807850947123,-0.115466569839326,0.038835307216615,436,37942075975,1,0.996071622380473,-0.070123793873408,-0.037212321402187,0.039232891264752,0.006207397332141706
439,38022076375,1,0.981418352484231,-0.148151713823517,-0.115557022557841,0.038931499275771,437,38022076375,1,0.986335972309316,0.092036251582827,0.129718055458184,0.042940705762312,0.05894518967160134
440,38102076775,1,0.981392572319639,-0.148226223664263,-0.115647879696346,0.039027855895685,438,38102076775,1,0.998851886288176,-0.013645693747196,0.020868350580276,0.040904966015993,0.01852847567417637
441,38182077150,1,0.981364271050832,-0.148305556453863,-0.115754241142734,0.039122692740256,439,38182077150,1,0.998747124355943,-0.007035076583624,0.027492594640145,0.041217065981818,0.0203917772164387
442,38262077575,1,0.981335855250384,-0.148389050489266,-0.115855364978631,0.039219425041165,440,38262077575,1,0.998537636392707,0.000224124324103,0.034466002656045,0.041648927194673,0.022492096525425387
443,38342077975,1,0.981306281298628,-0.148475980479781,-0.115961849738865,0.039315581002521,441,38342077975,1,0.993334936287098,0.0575292533632,0.089495975085733,0.044345910774654,0.04241053345540269
444,38422078375,1,0.981278005046771,-0.148557806758438,-0.116063594087184,0.039411888943774,442,38422078375,1,0.998820691889317,-0.024376857030255,0.010469520312662,0.040661817956116,0.015870422749654556
445,38502078775,1,0.981249515468259,-0.148640340449419,-0.116166004767885,0.039508188020402,443,38502078775,1,0.998839107780295,-0.013917470801655,0.020666417825968,0.041226689770006,0.018592855242498763
446,38612079325,1,0.98121904092238,-0.148736076869706,-0.116270465053163,0.039597375229854,444,38612079325,1,0.998843036993407,-0.015145726236456,0.019787683112888,0.041129576019956,0.018335577170731865
447,38692079725,1,0.981188355300175,-0.148826675356151,-0.116384016265499,0.039683660159885,445,38692079725,1,0.998846844990837,-0.016654040394475,0.018379183433592,0.0411075273728,0.017972287540921394
448,38772080125,1,0.981159020700106,-0.148909072236056,-0.116494092186093,0.039776761938896,446,38772080125,1,0.998846264487104,-0.017860104420197,0.017138768531295,0.041151174995232,0.017673150516573033
449,38852080525,1,0.981128199087244,-0.14900076617215,-0.116603058613314,0.039874244293185,447,38852080525,1,0.998842855945703,-0.0188486591661,0.016143961255517,0.04119526294189,0.01743844820002749
450,38932080925,1,0.981096565101412,-0.149092940371047,-0.116720255591915,0.039965072404353,448,38932080925,1,0.998838313605912,-0.01962925093552,0.015356427679021,0.041241919324238,0.017260748562081263
451,39012081300,1,0.981067043204633,-0.149179282387721,-0.116831912698269,0.040041261459493,449,39012081300,1,0.998834017656433,-0.020211757014408,0.014743219673825,0.041288346108179,0.01713092933047078
452,39092081725,1,0.981037278472845,-0.149266046409731,-0.116944920849023,0.040117217294036,450,39092081725,1,0.998829883553136,-0.020617384615028,0.014316494310953,0.041337938549349,0.017049052123646935
453,39172082125,1,0.98100578989461,-0.149356571489913,-0.117064840184775,0.040200471869678,451,39172082125,1,0.998826083322183,-0.020831762950988,0.014063115612995,0.041409198336563,0.0170160955395926
454,39272082625,1,0.980972985238281,-0.149453453299225,-0.117186196192339,0.040287255448874,452,39272082625,1,0.998823368541673,-0.020806457467668,0.014057014428451,0.041489397779069,0.017047455600398664
455,39442084700,1,0.980942576393149,-0.149543903136426,-0.117297641900374,0.040367636275939,453,39442084700,1,0.998822769352513,-0.020405888587914,0.014438001012325,0.041571856594125,0.0171760289309959
456,39522083875,1,0.980910591866521,-0.149637574081426,-0.117419345083102,0.040443844863615,454,39522083875,1,0.998824394918657,-0.019124321695201,0.015708633030562,0.041681258179044,0.017539601568283603
457,39602084275,1,0.980884613827255,-0.149717119933091,-0.11750064378218,0.040543274000385,455,39602084275,1,0.998806145227337,-0.014250463957737,0.020630454966673,0.041923655147958,0.0188772510312738
458,39682084675,1,0.980860694430449,-0.149782426378363,-0.117583719360022,0.040639781139815,456,39682084675,1,0.992157431848841,-0.098339416812791,-0.066256212509797,0.039536107950711,0.0027048652817149854
459,39762085075,1,0.98083772404374,-0.14983831961238,-0.117668073240177,0.040743853627008,457,39762085075,1,0.998174219709933,-0.043001408504767,-0.009184539321164,0.041409542505689,0.011741899965120206
460,39872085625,1,0.980815408201441,-0.149898486619031,-0.117736594794846,0.040861632249327,458,39872085625,1,0.997873251525054,-0.048171666873992,-0.014630645255707,0.041405417771089,0.01063522420367713
461,39952086025,1,0.980794000454141,-0.149952039137781,-0.117806277688406,0.040977988832858,459,39952086025,1,0.997312159635028,-0.05598414736298,-0.022896268921398,0.041352053850278,0.009055431978058026
462,40032086425,1,0.98077190583966,-0.150009453954901,-0.117876355668482,0.041094977967039,460,40032086425,1,0.991589518971658,0.065835640394337,0.102069577024379,0.044695590000435,0.047547651611826613
463,40112086825,1,0.980750032290354,-0.150065588808504,-0.117946079390054,0.041211837796229,461,40112086825,1,0.998760337722847,-0.010583961179782,0.010458788198888,0.04750138215779,0.018153431968268907
464,40192087225,1,0.980725580014418,-0.150132525736812,-0.118022832575912,0.041330042487604,462,40192087225,1,0.998691396205465,-0.007399449336116,0.026057843329594,0.043378936083204,0.020729470392285898
465,40272087625,1,0.980700997825405,-0.150197951731099,-0.11810270410827,0.041447309229343,463,40272087625,1,0.995531954128537,0.038851136365053,0.073425951131084,0.04489261868789,0.03632730545495577
466,40352088025,1,0.980675413015607,-0.150265515302073,-0.118190136574523,0.041558402690281,464,40352088025,1,0.998728639772798,-0.024898565629192,0.008227297295049,0.043052027901187,0.016013194784533225
467,40432088400,1,0.980651373063998,-0.150329442935893,-0.118270580793159,0.041665487074172,465,40432088400,1,0.998778939657528,-0.016504987946199,0.017139335918152,0.043295013959638,0.018288047162763
468,40532088925,1,0.98062784319949,-0.150389593009206,-0.118352634315382,0.041769096315945,466,40532088925,1,0.998775935060513,-0.017020781131528,0.016826146051862,0.043287473508069,0.0181961006753667
469,40612089325,1,0.980604091470055,-0.150452125918605,-0.118435868458335,0.041865482933794,467,40612089325,1,0.998773070101923,-0.017794768769065,0.01614787192917,0.043300656759386,0.018021464545513566
470,40692089725,1,0.980580543903264,-0.15051349263406,-0.1185187662524,0.04196173851837,468,40692089725,1,0.998769372540079,-0.018371515310649,0.015663848955707,0.043322877755055,0.01789958129111513
471,40772090125,1,0.98055580888642,-0.150583882593555,-0.118595962468683,0.042068963004527,469,40772090125,1,0.998765247750853,-0.01868899025876,0.015543960998413,0.043325359834227,0.017861471944258023
472,40852090525,1,0.980529158277141,-0.150655729021229,-0.118686977133744,0.042176089674801,470,40852090525,1,0.998761455996717,-0.018575919808607,0.015781245490537,0.043375586559137,0.017930317185143707
473,40932090925,1,0.980502226374516,-0.150722936627495,-0.118787901491753,0.042277829984359,471,40932090925,1,0.998757680199883,-0.017717125268472,0.01669581330843,0.043479300039679,0.018190543977996576
474,41012091625,1,0.980476390939758,-0.150792928156035,-0.118877591071334,0.042375204647913,472,41012091625,1,0.998744061675865,-0.014925791269344,0.019520166752777,0.043663292502097,0.018974592610485508
475,41092092025,1,0.980450461184101,-0.150861617579949,-0.118969808351721,0.042471757743232,473,41092092025,1,0.998382152985758,0.000812618295081,0.035756798447756,0.044202574764333,0.023634968989191707
476,41192092525,1,0.980424565292864,-0.150940006107496,-0.119047508454623,0.042573196465783,474,41192092525,1,0.998467671102867,-0.034587251523941,-0.000737056259257,0.043191301699615,0.013930631159602136
477,41272092925,1,0.980398772471957,-0.151008392945062,-0.119138560623381,0.042669843780108,475,41272092925,1,0.998661745617669,-0.027046879176164,0.007043976660899,0.043515130236516,0.01581137015434486
478,41352093325,1,0.980370963083082,-0.151078651694914,-0.119246394332024,0.042758779033194,476,41352093325,1,0.998648629432979,-0.027540962547056,0.006484656529297,0.043593113484953,0.01570231349592932
479,41432093725,1,0.98034286981398,-0.151157066258472,-0.119346453894259,0.042846503566649,477,41432093725,1,0.998630334486849,-0.028265271820849,0.005682615042694,0.043660477984728,0.015534877568927463
480,41512094125,1,0.980314650885653,-0.151234141394834,-0.119449361948276,0.042933316499625,478,41512094125,1,0.998612020215561,-0.028932931607165,0.004929440096471,0.043733501688609,0.01538155316717249
481,41592094525,1,0.980283217575042,-0.151322069685374,-0.119564618858931,0.043020303159968,479,41592094525,1,0.998593161962941,-0.029569916934856,0.004189539585318,0.043815118981749,0.015237282113654271
482,41672094925,1,0.980252286543869,-0.151408280533433,-0.119677616422513,0.043107487039406,480,41672094925,1,0.998574750323542,-0.030135585859237,0.003494983433867,0.043910130630565,0.015107456372305705
483,41772095425,1,0.980223265332456,-0.151489455561151,-0.119782576725815,0.04319061550485,481,41772095425,1,0.998556435347032,-0.030639563327472,0.002798188027599,0.044027635978933,0.014983773033240277
484,41852095825,1,0.98019292974641,-0.151573752857307,-0.119896421283473,0.043267378974434,482,41852095825,1,0.998537452773663,-0.031073043000302,0.002037032433376,0.044195835842896,0.014862785884307117
485,41932096225,1,0.980163194174192,-0.151654000640782,-0.120009568465693,0.043346053483216,483,41932096225,1,0.998516404018504,-0.031350882701378,0.001089716266142,0.044507590119661,0.014738033213725132
486,42012096625,1,0.980132288564141,-0.151737086408513,-0.120125841958677,0.043431965371068,484,42012096625,1,0.998482101086677,-0.030143054236345,-0.001394364395733,0.046075436392642,0.014612987991409754
487,42182098725,1,0.98010198189369,-0.151825125422307,-0.120232309171272,0.043513540535176,485,42182098725,1,0.998472581352649,-0.033595976322266,0.000609359492114,0.0438570785956,0.014459218762575388
488,42262097875,1,0.980072231891264,-0.15190617946068,-0.12034468315378,0.043590023559905,486,42262097875,1,0.998441105621804,-0.034180841754382,-0.000582917747051,0.044121297222219,0.014269916682615347
489,42342098275,1,0.980046060614271,-0.151972480178194,-0.120443897260049,0.043673240728712,487,42342098275,1,0.99838589439001,-0.035701186447761,-0.002107128011957,0.044120190172106,0.013929576984275771
490,42452098800,1,0.980026430929233,-0.152018444952945,-0.120506772364635,0.043780188309953,488,42452098800,1,0.997395891903245,-0.05356369205918,-0.020632402657925,0.04366542875183,0.009984969717984793
491,42532099225,1,0.980007126603747,-0.152062508802182,-0.120569352090945,0.043886860892793,489,42532099225,1,0.998377358200226,-0.035761589538268,-0.002111881699542,0.044263972963592,0.013947841867791744
492,42612099625,1,0.97999226433015,-0.152093323370929,-0.120608477842382,0.0440042942404,490,42612099625,1,0.998323889885324,-0.037109120077601,-0.003398359545195,0.044280641861924,0.013647851850871917
493,42692100025,1,0.97997826385667,-0.152118735601381,-0.12064763266745,0.044120759051083,491,42692100025,1,0.998328381451981,-0.036903588057532,-0.003145243356422,0.044369757945893,0.013709065266781506
494,42772100425,1,0.979959669958985,-0.152162159884447,-0.120702801307286,0.044232975366258,492,42772100425,1,0.9983281694819,-0.036819909330779,-0.003023806852833,0.044452411497117,0.013744815212767048
495,42852100825,1,0.979940193880334,-0.152207116091786,-0.120764968331087,0.044339966765726,493,42852100825,1,0.998323328227737,-0.036852190389438,-0.003039101021388,0.044533271211268,0.013752057856329825
496,42932101225,1,0.979920345019704,-0.15225361228184,-0.120828032741478,0.044447063653526,494,42932101225,1,0.998316550108207,-0.036921827747221,-0.003116228933254,0.044622119325385,0.013747970142935051
497,43012101625,1,0.979901092642496,-0.152299648011444,-0.120886326558099,0.044555155761381,495,43012101625,1,0.998308067032749,-0.037031997214795,-0.003239600042977,0.044711737510199,0.013733112401975278
498,43112102125,1,0.9798813504921,-0.152345645134463,-0.120948839890944,0.044662305083572,496,43112102125,1,0.998295681393595,-0.037226019820395,-0.003476334646425,0.044809274225947,0.013695713401675969
499,43192102525,1,0.979863289627094,-0.152381403657094,-0.121011127820363,0.044767716094374,497,43192102525,1,0.998280751445372,-0.037473541683624,-0.003783267747893,0.044910598442868,0.013642705617839535
500,43272102925,1,0.97984381514037,-0.152426468830553,-0.121072264496856,0.04487511894821,498,43272102925,1,0.998263005522996,-0.037782659419613,-0.004159928054856,0.045012636558586,0.013575491467011869
501,43352103325,1,0.979821538348409,-0.152484176597145,-0.121140592713895,0.044980947888787,499,43352103325,1,0.998242156876158,-0.038147213991972,-0.004622735026258,0.045122240865947,0.013494345664271545
502,43432103700,1,0.979800000952715,-0.15253555514117,-0.121214080139627,0.04507781413001,500,43432103700,1,0.99821783836166,-0.038550522501602,-0.00520226395448,0.045254180372394,0.013395288500145708
503,43512104125,1,0.979777923836602,-0.15258960957925,-0.121288279985715,0.045175039003813,501,43512104125,1,0.998190279228798,-0.038975816382336,-0.00587711925579,0.045414883680553,0.013283451191088758
504,43592104525,1,0.979757736758241,-0.152630532173633,-0.121364634154502,0.04526945424131,502,43592104525,1,0.99815876994972,-0.039473433166431,-0.006628529285461,0.045573903124812,0.013153796763941017
505,43702105075,1,0.979735831191651,-0.152683558454163,-0.121438444056085,0.045366687803008,503,43702105075,1,0.998120122496373,-0.039803703782098,-0.007739610760875,0.045956334256801,0.013003808066597955
506,43782105475,1,0.979714043110072,-0.152738565072084,-0.12150821354763,0.045465135137813,504,43782105475,1,0.998087211078983,-0.042824121130507,-0.006431015935833,0.044120922066629,0.012831663303583318
507,43862105875,1,0.979692651267884,-0.15278833649593,-0.121581915004835,0.045561729842797,505,43862105875,1,0.998031065999114,-0.042894054599403,-0.008412907921366,0.04498126677853,0.01261030587501799
508,43942106275,1,0.979671461037444,-0.152836226347329,-0.121656186683627,0.045658390097179,506,43942106275,1,0.997959773720556,-0.044173195649499,-0.009796128326029,0.045045029598701,0.012327582744049659
509,44022106675,1,0.979644396430643,-0.152905922820014,-0.121749782102004,0.045756156599045,507,44022106675,1,0.99785165262062,-0.046034230296661,-0.011796330516546,0.045097401140602,0.011921629157540914
510,44102107075,1,0.979617760590472,-0.152973606396262,-0.121842309222648,0.045853795536719,508,44102107075,1,0.997646329924934,-0.049347493861582,-0.015273479132871,0.045092638779171,0.011210447708805193
511,44182107475,1,0.979590315613845,-0.153047204097395,-0.12193621827627,0.045944809783258,509,44182107475,1,0.996882920815287,-0.059506367901947,-0.025881614723513,0.044872891429059,0.009138279051715936
512,44262107875,1,0.979564260515888,-0.153113219215285,-0.122029713999791,0.046032059726059,510,44262107875,1,0.998565981302131,-0.011097434001889,0.024463375059656,0.046307356061184,0.020994924786432723
513,44372108425,1,0.979540284517513,-0.153170194557344,-0.122119878709999,0.046113530882712,511,44372108425,1,0.998400414951768,-0.033102251078757,0.001502639459543,0.045810418818332,0.015027317223337944
514,44452108825,1,0.979514656631113,-0.153235545036513,-0.122214268334939,0.046190667862152,512,44452108825,1,0.998386503443961,-0.033431517565846,0.001090846395436,0.045886091883357,0.014956697842758548
515,44532109225,1,0.979489560766981,-0.153298396462883,-0.122307444888505,0.046267601140123,513,44532109225,1,0.998365325045859,-0.033412869979023,6.3807485891e-05,0.046370829132611,0.014851784000559975
516,44612109600,1,0.979459434146747,-0.1533755353774,-0.122419331196797,0.046353741574528,514,44612109600,1,0.998344459070793,-0.034399186931059,-0.000200241892955,0.046097688492065,0.014724793504725109
517,44692110025,1,0.979431018854842,-0.15344895821104,-0.122521381353808,0.046441443130762,515,44692110025,1,0.998317943714595,-0.035060210443679,-0.000932653679858,0.046164868224889,0.014578253359814775
518,44862112550,1,0.979402591096135,-0.153524376817255,-0.1226224921618,0.046524775045996,516,44862112550,1,0.99828373166589,-0.035977033297687,-0.001819112606341,0.046172881604336,0.014383727889367925
519,44962111375,1,0.979374116556656,-0.153602483218544,-0.122720142911842,0.046608834909957,517,44962111375,1,0.998229357350134,-0.037421980766678,-0.003164283770415,0.046127354011008,0.014073632267124658
520,45042111775,1,0.979351296865885,-0.153657064457283,-0.122800819109576,0.046695853086727,518,45042111775,1,0.998057549609731,-0.041393203578279,-0.007133927781795,0.046009101696848,0.013166199864040107
521,45122112175,1,0.979328207550112,-0.153713579863176,-0.12288088120815,0.046783397651745,519,45122112175,1,0.998503255065719,-0.028101074123297,0.006771881021585,0.04642974137026,0.016478073936021187
522,45202112575,1,0.979312189530827,-0.153742955136596,-0.122931070333335,0.046890202909625,520,45202112575,1,0.99835318657657,-0.033765363077828,0.000851585564605,0.04636906199889,0.015039799826855882
523,45282112975,1,0.979296979711324,-0.153771868540177,-0.122975039800979,0.046997633556268,521,45282112975,1,0.99833504105418,-0.034201340650103,0.000392523555611,0.046446313377304,0.014939709281043378
524,45362113375,1,0.979280701825153,-0.153800630708854,-0.12302736744265,0.047105624786495,522,45362113375,1,0.998315840095266,-0.03464425457439,-8.897163111e-05,0.04653225895996,0.014837378187772976
525,45442113775,1,0.979265331248452,-0.153828821322262,-0.123069359140495,0.04722327377694,523,45442113775,1,0.99829331447082,-0.035141226966409,-0.000659457056805,0.046638155694125,0.0147166678453996
526,45522114175,1,0.979249689834882,-0.153857151908592,-0.123113357531889,0.04734050023065,524,45522114175,1,0.9982676841228,-0.035724196875837,-0.00129258529542,0.046730523396733,0.014578875895767007
527,45632114725,1,0.979234401351337,-0.153888187938283,-0.123153949911303,0.047450157475024,525,45632114725,1,0.998235117896753,-0.036504753048048,-0.002099825256261,0.046793622818175,0.014397215074811731
528,45712115125,1,0.979216518835249,-0.153924416799104,-0.123209498478112,0.047557361554284,526,45712115125,1,0.998188029560884,-0.037603324259252,-0.003271147170911,0.046860935140057,0.014138103956458092
529,45792115525,1,0.979198056203253,-0.153968532894285,-0.123258534740268,0.047667506960568,527,45792115525,1,0.998101843563388,-0.039551093304441,-0.005330328621889,0.046904248107957,0.013678174010612998
530,45872115925,1,0.979180814159531,-0.15400344343912,-0.123310124294447,0.047775368520409,528,45872115925,1,0.997613000019733,-0.048604235866395,-0.014838280825167,0.046752068078593,0.011607963200980342
531,45952116325,1,0.979159726840889,-0.154049120028349,-0.12337932108272,0.04788153172711,529,45952116325,1,0.998334881200695,-0.03296560064344,0.001428203288083,0.047314843205694,0.015303072243403326
532,46032116700,1,0.979139243550073,-0.154095756055495,-0.123441369643026,0.047990290335977,530,46032116700,1,0.998205180577785,-0.036609467200923,-0.002446507633916,0.047330529041346,0.014403364970566268
533,46112117125,1,0.979118151349304,-0.154143608091933,-0.123506791621514,0.048098505237494,531,46112117125,1,0.99818929146264,-0.036853557524607,-0.002808498559083,0.047455937910205,0.014344577594131547
534,46212117625,1,0.979097137565544,-0.154185582160357,-0.123582687949164,0.048196687687944,532,46212117625,1,0.998179907678483,-0.036963453151301,-0.002980630555335,0.047557237930715,0.014325222394108383
535,46292118025,1,0.97907380133255,-0.154240940190754,-0.123660156963013,0.048294818492106,533,46292118025,1,0.998166418592458,-0.037159395308883,-0.003278681194514,0.047667917766653,0.01428235444924053
536,46372118425,1,0.97905354964199,-0.154288330360513,-0.123722432768594,0.048394397173705,534,46372118425,1,0.998148286094181,-0.037189787593047,-0.003883388533616,0.047977473459208,0.014219124013489681
537,46452118825,1,0.979033707477731,-0.154330657383002,-0.123788560558724,0.048491649682581,535,46452118825,1,0.998137161224961,-0.038987164426925,-0.002887242072983,0.04683878974671,0.014144462034969552
538,46532119225,1,0.979014174697746,-0.154372712102715,-0.123852239859269,0.048589445158244,536,46532119225,1,0.998111224648175,-0.038827050996147,-0.004000026331741,0.04743883568985,0.014040687053479717
539,46612119625,1,0.978992652009529,-0.15442101568972,-0.123923562696956,0.048687655860581,537,46612119625,1,0.998083532943608,-0.039373726795502,-0.00460643099193,0.047515804723845,0.01391914578507536
540,46692120025,1,0.978970324285618,-0.154472235125567,-0.123997484288832,0.048785824103573,538,46692120025,1,0.998050477206124,-0.040032764223506,-0.005319073521265,0.047584978660592,0.013773225973952918
541,46772120400,1,0.978948825866628,-0.154519580267748,-0.124071783157059,0.048878300629804,539,46772120400,1,0.998010466275949,-0.040821778188042,-0.006179663160105,0.047649799500702,0.013595298752625107
542,46872120925,1,0.978927337567505,-0.154568153775941,-0.12414618914027,0.048966083396989,540,46872120925,1,0.997959825184406,-0.041812220577753,-0.00724628709133,0.047701329663407,0.013371661378670296
543,46952121325,1,0.978904940978109,-0.154616732360765,-0.12422819985346,0.049052389991656,541,46952121325,1,0.997890298904883,-0.043139765068084,-0.008655659717047,0.047738784821751,0.013073147822252662
544,47032121725,1,0.978880692788721,-0.154673985659279,-0.124313193571339,0.049140384103525,542,47032121725,1,0.997779738060076,-0.045183470028174,-0.010757888169217,0.047731710582352,0.012621069335696178
545,47112122125,1,0.978856431854793,-0.154730602665789,-0.124399060355625,0.049228042799031,543,47112122125,1,0.997535319937029,-0.049306075089396,-0.014958118999639,0.047628259609193,0.011721555412916085
546,47192122525,1,0.978831980738065,-0.154792287720575,-0.124482283571281,0.049309859293106,544,47192122525,1,0.995550450335368,-0.072167334303872,-0.038497561025714,0.046787973792308,0.0072530612852533816
547,47272122925,1,0.9788083485781,-0.154847286163955,-0.124569038236677,0.049387138348564,545,47272122925,1,0.998233562804897,-0.034933750431139,0.000383123468797,0.048054556361131,0.015185706744662908
548,47352123325,1,0.978783710782265,-0.154905590318541,-0.124659530679756,0.049464199236089,546,47352123325,1,0.997965704530689,-0.041430480282086,-0.006613255897074,0.04800242421588,0.013590804629113551
549,47522126675,1,0.978760020304309,-0.154961561908536,-0.12474506256353,0.049541965552415,547,47522126675,1,0.997960309861841,-0.041439203981143,-0.006704183910043,0.048094347193493,0.013595860750344135
550,47602124575,1,0.978733078667522,-0.155028395078093,-0.12483923074175,0.049627854167921,548,47602124575,1,0.997962387927455,-0.041311224555442,-0.006595900356762,0.048176229681709,0.013642476800237668
551,47682124975,1,0.978705820733459,-0.155095429447519,-0.124934464345669,0.049716233220124,549,47682124975,1,0.997959600521223,-0.041279433976558,-0.006596186042528,0.04826110636723,0.013665427183534695
552,47762125375,1,0.978680298423232,-0.155161714684337,-0.125012857955371,0.049814667722062,550,47762125375,1,0.99795096772942,-0.041379814296405,-0.006706915640021,0.048338331159717,0.013658077554083548
553,47842125775,1,0.97866320028822,-0.155193893220718,-0.125059510024834,0.049933103858701,551,47842125775,1,0.997936766559319,-0.041598447540676,-0.006897669950198,0.048416952202675,0.013619957400860638
554,47922126175,1,0.978645989029096,-0.155227534787494,-0.1251048345487,0.050052182505893,552,47922126175,1,0.997916586435799,-0.041906306756142,-0.007242381180676,0.048516964921737,0.013553485726951808
555,48002126575,1,0.978632780771403,-0.15524659295607,-0.125140208566428,0.050162774794799,553,48002126575,1,0.997891697193177,-0.042303504700375,-0.007700145035444,0.048613598194521,0.013460807758388094
556,48102125775,1,0.978619154093845,-0.155268566578284,-0.125176017689947,0.050271145487829,554,48102125775,1,0.997860492820338,-0.042819210999614,-0.008287840986521,0.048705890090474,0.013340191281777658
557,48182127475,1,0.978604477025926,-0.155287046239344,-0.125225567957764,0.050376263703541,555,48182127475,1,0.997821407751598,-0.043472332394399,-0.009024830753499,0.048796997640018,0.013188463033428688
558,48262127875,1,0.978588256982254,-0.155316799097995,-0.125271690224257,0.050484837750994,556,48262127875,1,0.997772389001966,-0.044301752705313,-0.009931055366506,0.04887728093762,0.01299920886760797
559,48342128275,1,0.978572082906246,-0.155344850767861,-0.125319759474477,0.050592625764061,557,48342128275,1,0.997709245353108,-0.045351566313033,-0.011082966032579,0.048955745666942,0.012758738982008633
560,48422128675,1,0.978556529985845,-0.155372669687758,-0.125362686622102,0.050701557560393,558,48422128675,1,0.997620871125635,-0.046750529244955,-0.01268075264445,0.04905286966342,0.012431077457097595
561,48502129075,1,0.978540437381237,-0.155400352856813,-0.125410323527,0.050809383922353,559,48502129075,1,0.99748399515968,-0.048781827971447,-0.015075930027842,0.049180575371214,0.011951349818079549
562,48582129475,1,0.978523051314818,-0.155433512649071,-0.125458810945578,0.05092296090401,560,48582129475,1,0.997210479721112,-0.052128200555068,-0.019786347468108,0.04962267924198,0.011094783878538128
563,48662129875,1,0.978506556231813,-0.155462338131251,-0.125503566591681,0.05104150866588,561,48662129875,1,0.996173643115108,-0.071626228369949,-0.025044128194826,0.043365283525314,0.00874582122713563
564,48772130425,1,0.978490897609418,-0.155483764458934,-0.125552782978581,0.051155263380502,562,48772130425,1,0.998363305823458,-0.009559792602565,0.023266430441458,0.051361397616934,0.02191795947242292
565,48852130825,1,0.978474764114427,-0.155511740504782,-0.125599725713728,0.051263470981067,563,48852130825,1,0.99817883000492,-0.03466182060124,0.000944221958695,0.049362839945739,0.01550496822208125
566,48932131225,1,0.978458872574338,-0.155537729704378,-0.125647345730212,0.051371138102207,564,48932131225,1,0.998158558842007,-0.035162054058216,0.000458009397023,0.049425819085242,0.015392362892079015
567,49012131625,1,0.978437958632362,-0.155587051429817,-0.125706800843366,0.05147456416948,565,49012131625,1,0.998137854662564,-0.035674527432251,-3.1751710481e-05,0.049478785089466,0.015282650211878024
568,49092132025,1,0.978416735360569,-0.155631197593457,-0.125777174026468,0.051572519774663,566,49092132025,1,0.998114949176423,-0.036195675346129,-0.00061516715119,0.049558479457701,0.015161223962736892
569,49172132425,1,0.978397238613541,-0.155668682988736,-0.125842209183834,0.051670523489525,567,49172132425,1,0.998087818071944,-0.036803875971209,-0.001311724721708,0.049643343039497,0.015014256143835003
570,49252132825,1,0.978375943762526,-0.155714272950211,-0.125910770196513,0.051769255498754,568,49252132825,1,0.99805226863754,-0.037649133296095,-0.002179888465008,0.049693660720385,0.014820087074935984
571,49352133325,1,0.978355130184975,-0.155757669638031,-0.125978236447129,0.051867827517075,569,49352133325,1,0.997999912855321,-0.038936932340588,-0.003384877198722,0.049685328287385,0.014533448591790732
572,49432133725,1,0.978334023532364,-0.15580115427813,-0.126052398333128,0.051955092137777,570,49432133725,1,0.997898900524319,-0.04128527316895,-0.005636912386438,0.049613866715539,0.014001021015089044
573,49512134125,1,0.978313825825365,-0.155842826329052,-0.126121256970661,0.052043253365364,571,49512134125,1,0.997071925993314,-0.056061434769599,-0.018897613459285,0.048451729928888,0.010909000595949792
574,49592134525,1,0.97829163854683,-0.155893764423746,-0.126191139579137,0.052138282047563,572,49592134525,1,0.998117194695683,-0.035019811314416,-0.000239701651765,0.050354950217829,0.01543525510263799
575,49672134900,1,0.978267819525851,-0.15594651928982,-0.126269753673089,0.0522370147392,573,49672134900,1,0.997999797701022,-0.038285871866435,-0.003259944428087,0.050199288505631,0.014684472206745847
576,49752135325,1,0.978244031365652,-0.15599983565653,-0.126347105560283,0.0523361757215,574,49752135325,1,0.997990616184118,-0.038331760226839,-0.00346009226214,0.050333228864176,0.014670466710385965
577,49832135725,1,0.97821992426828,-0.156047456212221,-0.126439751018406,0.052420993281876,575,49832135725,1,0.997982965804881,-0.038380138186334,-0.003610092127966,0.050437408645952,0.01466361762666668
578,49912136125,1,0.978196764838598,-0.156098766259145,-0.126518750671559,0.0525097149124,576,49912136125,1,0.997973784660561,-0.03845160520988,-0.003810525405272,0.050549768379246,0.014646567477202388
579,50032136725,1,0.978173570649497,-0.15615502988603,-0.12659377761689,0.052593609809487,577,50032136725,1,0.997960694628928,-0.038315912117547,-0.00435863035721,0.050865953207986,0.014611001987379968
580,50112137100,1,0.978147997253889,-0.156213253619362,-0.126687184202818,0.052671360535114,578,50112137100,1,0.997959216953619,-0.041669353201649,-0.001131997675312,0.048371322933515,0.014647692368113363
581,50282139200,1,0.978120429041657,-0.156273127940628,-0.126795030466345,0.052746147006732,579,50282139200,1,0.997933243154827,-0.039942175187726,-0.003996213122217,0.050178632189845,0.014505789922466095
582,50362138375,1,0.978095903071283,-0.15633642898152,-0.126868731041727,0.052836071507442,580,50362138375,1,0.997910644596297,-0.040519649008342,-0.004345438422655,0.050136021088216,0.014412699005772023
583,50442138775,1,0.978077479481873,-0.156369619233311,-0.126924824883923,0.052944075583592,581,50442138775,1,0.997883652122417,-0.041099259435208,-0.004813700137068,0.050158708034554,0.014299212690987773
584,50522139175,1,0.978058833277495,-0.156405221210326,-0.126979144558847,0.05305301379864,582,50522139175,1,0.99785164784918,-0.041715522995909,-0.00543717666877,0.050222914448751,0.014162970903052297
585,50622139675,1,0.978044692162989,-0.156426627521667,-0.127015846915618,0.053162627533925,583,50622139675,1,0.99781083205242,-0.041985883743438,-0.006680807962153,0.050656646258034,0.013987092832364989
586,50702140075,1,0.978029177787833,-0.156451871439609,-0.127058676516849,0.053271305976924,584,50702140075,1,0.997768241589793,-0.043279179549584,-0.007065767820705,0.050353983133717,0.013802248869672185
587,50782140475,1,0.978014395266996,-0.156471433656292,-0.127099048787878,0.053388808727055,585,50782140475,1,0.997709798050078,-0.044329238498334,-0.008180626901737,0.050429701888114,0.013557064101404115
588,50862140875,1,0.978001239817187,-0.156487755403926,-0.12712575772598,0.053518212295265,586,50862140875,1,0.99762982405678,-0.045777105592871,-0.009607923107146,0.050466608460895,0.013230941520149031
589,50942141275,1,0.977987936516165,-0.156503819259057,-0.127153936971295,0.053647245026016,587,50942141275,1,0.997503554424651,-0.048053316639327,-0.011700079512627,0.050404819308732,0.01274123869372068
590,51022141675,1,0.977976209506495,-0.15651420200914,-0.127185573191019,0.053755633944937,588,51022141675,1,0.997218577518516,-0.05276580879506,-0.01603691022253,0.050136768789636,0.011750559642954128
591,51102142075,1,0.977961198797476,-0.156536632886198,-0.12722745308408,0.053864193978882,589,51102142075,1,0.995100412706482,-0.07748027570863,-0.038203871112889,0.048087833591187,0.007251112374957347
592,51182142450,1,0.977945307134658,-0.156564355359486,-0.127271328457094,0.053968396649658,590,51182142450,1,0.998093039572304,-0.033183394978912,0.001343671097745,0.052032117033359,0.01608717989802788
593,51282142975,1,0.977931446032592,-0.15658320124323,-0.127312987847341,0.054066543022545,591,51282142975,1,0.997777194335884,-0.041951360700608,-0.006488009619709,0.051367884225,0.014070135357460378
594,51362143375,1,0.977917204865973,-0.156603794253345,-0.127355230150014,0.054164909360367,592,51362143375,1,0.997769518342845,-0.042001930741175,-0.006586171416043,0.051463078279286,0.014060083454761951
595,51442143775,1,0.977903244209886,-0.156620267888409,-0.127396328202981,0.05427257328284,593,51442143775,1,0.997770927964519,-0.041791855413257,-0.006519019792187,0.0516150996404,0.014099337512068488
596,51522144175,1,0.977888497703458,-0.156641712454403,-0.127436754937808,0.054381370611155,594,51522144175,1,0.99776747990092,-0.041713154931794,-0.006534053805933,0.051743356082355,0.014114084764535573
597,51602144575,1,0.977870462033102,-0.156676489351767,-0.12748521340239,0.054491811598813,595,51602144575,1,0.997756903915521,-0.041806710292522,-0.006687883740581,0.05185201900123,0.01409475003512195
598,51682144975,1,0.97784996885923,-0.15671598243994,-0.127547121084729,0.054601017874081,596,51682144975,1,0.997739639440211,-0.042045626266484,-0.006981874197806,0.051952195663546,0.01404394229838668
599,51762145375,1,0.977829386573561,-0.156756412232126,-0.127608251624085,0.054710621406908,597,51762145375,1,0.997716400249134,-0.042401705007192,-0.007404511587248,0.052050487937648,0.013964253903175017
600,51842145775,1,0.977811331857659,-0.156786598274281,-0.127671932038204,0.05479817206772,598,51842145775,1,0.997688690140676,-0.042861078927483,-0.007942322043224,0.052126049141634,0.013858226540615082
601,51952146325,1,0.977792052301144,-0.156823643304622,-0.12773593070773,0.054886968978175,599,51952146325,1,0.997652850284448,-0.043481810885525,-0.008627922309268,0.052188901100314,0.01371740975378688
602,52032146725,1,0.977771151924703,-0.156867988647023,-0.127798314707169,0.054987265431953,600,52032146725,1,0.997607289547737,-0.044260162001164,-0.009479948976238,0.052257673773877,0.013540340658780736
603,52112147125,1,0.977751621250167,-0.156904594802341,-0.127860179456651,0.055086203190063,601,52112147125,1,0.997549255990135,-0.045244696931281,-0.010544981738257,0.052318282017518,0.0133151980685976
604,52192147525,1,0.977730902754745,-0.15694147312415,-0.127931339221656,0.055183586843988,602,52192147525,1,0.997471047620887,-0.046561721116236,-0.011927358925466,0.052356980373646,0.01301913806068078
605,52272147925,1,0.977708172098906,-0.156988869317595,-0.128003883647156,0.05528318815557,603,52272147925,1,0.997355219097226,-0.048466232596772,-0.013870171769339,0.052356561885678,0.012599119232463152
606,52352148325,1,0.977685619246117,-0.157034654674951,-0.128077115411963,0.05538230455846,604,52352148325,1,0.997148188392913,-0.051662604065767,-0.01710044977038,0.052288051632529,0.011903727682736065
607,52432148725,1,0.977660983127609,-0.157084776330722,-0.128170474380412,0.055459035442253,605,52432148725,1,0.996555560976845,-0.059778450986874,-0.02487912909859,0.051812929072107,0.010253961062906991
608,52542149275,1,0.977636709658302,-0.157136977109658,-0.128257574118866,0.05553763619809,606,52542149275,1,0.659597911918316,0.558325593504799,0.494551190334685,0.092856051870928,0.5011593940233167
609,52622149675,1,0.977614766877283,-0.157183044453103,-0.128330549781029,0.055624887530927,607,52622149675,1,0.59790106612419,-0.614280508189511,-0.511548140156304,-0.059095454043605,0.2565685321189377
610,52702150075,1,0.977592975737074,-0.157225879266478,-0.128405762851941,0.055713164914821,608,52702150075,1,0.720473673036526,-0.532663098902688,-0.441378083154675,-0.048714445900023,0.1579601204427794
611,52782150475,1,0.97756922000794,-0.157277755508852,-0.128485383155812,0.055799946509563,609,52782150475,1,0.828805351303212,-0.430570125377676,-0.35563595075305,-0.03484432974512,0.07831658661899854
612,52952153925,1,0.977545193822356,-0.157328938443806,-0.128571339941841,0.055878526363158,610,52952153925,1,0.907390473336251,-0.323252479594101,-0.268036566805634,-0.017514627884376,0.028644705454453967
613,53032151725,1,0.977520171341063,-0.157385365126463,-0.128653229318555,0.055968813202142,611,53032151725,1,0.953927623550795,-0.228795110505506,-0.194096565629018,-0.001187285360485,0.006602804958339981
614,53112152125,1,0.977495313706158,-0.157439067063255,-0.128737533999243,0.056057998399382,612,53112152125,1,0.977179329714896,-0.154290876433673,-0.145648643620054,0.010067553770102,0.001205558787964578
615,53212152600,1,0.977482747005548,-0.157453282560321,-0.128766382574265,0.056170827270091,613,53212152600,1,0.987235275215657,-0.138193999362572,-0.074805424287366,0.025943754686435,0.0021457463659989573
616,53292153025,1,0.977471296636409,-0.157462486626118,-0.12879000415855,0.056290002543068,614,53292153025,1,0.992847430823831,-0.098818462322819,-0.062715705691225,0.023571823652909,0.004555919618435933
617,53372153425,1,0.977459739088174,-0.157467785447974,-0.128821242730585,0.056404276691904,615,53372153425,1,0.995376579203686,-0.080075756348846,-0.046886316428487,0.024799438495591,0.007011368636675175
618,53452153825,1,0.977449403210084,-0.157473846321101,-0.12884447058346,0.056513310725502,616,53452153825,1,0.996716374443903,-0.067641658678427,-0.036454364425229,0.025537310762596,0.008968241203411886
619,53532154225,1,0.977438893983606,-0.157479373334866,-0.128869838114096,0.056621730162632,617,53532154225,1,0.997488434607591,-0.059075827827323,-0.029395690136795,0.025744179769318,0.010466885540895143
620,53612154625,1,0.977426220974327,-0.157492067281738,-0.128902576359879,0.056730565861418,618,53612154625,1,0.997963882194036,-0.053008892063279,-0.02470308416948,0.025453974757331,0.01158714437796804
621,53692155025,1,0.977412719372132,-0.157507072634161,-0.128938707434432,0.056839315662045,619,53692155025,1,0.998283967982531,-0.048509651560362,-0.021710587761173,0.024588276751531,0.012427022989382697
622,53792155525,1,0.977398613917415,-0.157526263399887,-0.128974928790845,0.056946409851563,620,53792155525,1,0.998532043643084,-0.044859638781408,-0.020144597052379,0.022706074869187,0.013078415900450113
623,53872155925,1,0.977385737935457,-0.157539873919127,-0.12901238461452,0.05704482467309,621,53872155925,1,0.998788713646272,-0.041017419700988,-0.020499455197458,0.017845142490512,0.013673620320090896
624,53952156325,1,0.977372701599833,-0.157554407315992,-0.12904974124452,0.057143461458622,622,53952156325,1,0.998925733410507,-0.027493687543641,-0.033317317569997,-0.016775953787297,0.016004550450415267
625,54032156725,1,0.977356325750275,-0.157579225505034,-0.129094642591331,0.057253589052332,623,54032156725,1,0.998307071084456,-0.044447784152668,-0.011277139519001,0.035780056329775,0.01378986669515292
626,54112157125,1,0.977336768088152,-0.1576139485622,-0.129151603556749,0.057363300640384,624,54112157125,1,0.998588796545408,-0.041433480663968,-0.013679998960422,0.030274407054575,0.01400852472917613
627,54192157525,1,0.977315307093603,-0.157660292317421,-0.129210112459183,0.057469727554666,625,54192157525,1,0.998546430412347,-0.041328372062613,-0.013199784562908,0.031980582560462,0.014045984479341689
628,54272157925,1,0.977299706725107,-0.157683043920938,-0.129256190815347,0.05756889812002,626,54272157925,1,0.998479443582397,-0.041571687315383,-0.012806394046707,0.033861361884295,0.014026515413976481
629,54352158325,1,0.977283377474691,-0.157709234348147,-0.129303278580651,0.057668532678372,627,54352158325,1,0.998416920308219,-0.041852865766066,-0.012645802132601,0.035384665574837,0.013987431159019015
630,54462158875,1,0.977264379917808,-0.15773427947022,-0.129373644549843,0.057764079840015,628,54462158875,1,0.998366419774744,-0.042153854270981,-0.01278256799327,0.036388877308304,0.013927254595626049
631,54542159275,1,0.977242142734507,-0.157778850505284,-0.129442456001951,0.057864318721323,629,54542159275,1,0.998311633803771,-0.042583713761014,-0.013077835088897,0.037275720834794,0.013839229173310597
632,54622159675,1,0.977222312513368,-0.157817642334664,-0.129499666003885,0.057965336183245,630,54622159675,1,0.998250788114077,-0.043127631621397,-0.01350202835776,0.038119111356108,0.013722659961434513
633,54702160075,1,0.977203591281815,-0.157848817322103,-0.129558638228725,0.058064199953634,631,54702160075,1,0.998189663721918,-0.043763733636328,-0.01411276024859,0.038768039092762,0.013577957061312373
634,54782160475,1,0.97718452265297,-0.157880146927686,-0.129621259573335,0.058160097663268,632,54782160475,1,0.998126204241143,-0.04451633738612,-0.014922871170104,0.039238807690023,0.013401821429033456
635,54862160875,1,0.977163420472455,-0.157920282810149,-0.129691333802244,0.058249394025432,633,54862160875,1,0.998057261263044,-0.045424277309946,-0.015965859988239,0.039540227437612,0.013187710072556813
636,54942161275,1,0.977142424259198,-0.157959573851744,-0.129761625810404,0.058338462513801,634,54942161275,1,0.997976921158899,-0.046541793708239,-0.01730682576533,0.039703904777138,0.01292066339419451
637,55052161825,1,0.977121410355794,-0.158002559319947,-0.129826565603263,0.058429474893351,635,55052161825,1,0.997875174793782,-0.047985139192434,-0.019124827639957,0.039708977759484,0.012569941635448334
638,55132162225,1,0.977100513383406,-0.15804156756615,-0.129896207182226,0.058518587019781,636,55132162225,1,0.997732442559501,-0.0500110165031,-0.021767357653081,0.039434165813171,0.012076169848900697
639,55212162625,1,0.977078540768865,-0.158080275058161,-0.129972722494139,0.0586109479021,637,55212162625,1,0.997484117311492,-0.053350136310595,-0.026200943524788,0.038635595315275,0.011276193168776705
640,55292163025,1,0.977057061478418,-0.158121038070168,-0.13003946839782,0.058710923971473,638,55292163025,1,0.996770540048148,-0.061352832878705,-0.037098087112373,0.036167005992815,0.00944951768318536
641,55372163425,1,0.977035452059585,-0.158161207381151,-0.130108041730048,0.058810333918718,639,55372163425,1,0.834137251299401,-0.334901892406505,-0.433143826962153,-0.066649783359007,0.07961404684115403
642,55452163825,1,0.977012254940477,-0.158209732500141,-0.130186996779871,0.058890407604264,640,55452163825,1,0.991395421443071,-0.099273227227633,-0.084817633786603,0.009268964147542,0.004100526940760241
643,55622167050,1,0.976988795632506,-0.158259142492769,-0.130266622012385,0.058970706418373,641,55622167050,1,0.991545859065243,-0.108145654961423,-0.071365453704484,-0.006949726691521,0.005269060428885197
644,55732165225,1,0.976962605609878,-0.158315612885261,-0.130358356492059,0.05905025698006,642,55732165225,1,0.994154677290889,-0.077835015041965,-0.070332634776318,0.025524665315844,0.005749873260915694
645,55812165625,1,0.97694578702504,-0.158335816161029,-0.130418031597865,0.059142502219499,643,55812165625,1,0.995445891577998,-0.073855536613546,-0.055844419198025,0.022676805252187,0.007185071111282526
646,55892166025,1,0.976933204631349,-0.158347247758225,-0.130448679916154,0.059252044051253,644,55892166025,1,0.996240837420518,-0.067943766211891,-0.04754753809464,0.025041367968792,0.008294271916474028
647,55972166425,1,0.976921238720027,-0.15835532583693,-0.130478941980596,0.059361012596081,645,55972166425,1,0.996742599966046,-0.063676743376223,-0.041566993556429,0.026863484744253,0.00915917211373829
648,56052166825,1,0.976908172733725,-0.158372217594763,-0.130501018944917,0.059482323378555,646,56052166825,1,0.997055291244659,-0.060857617463138,-0.03726205411999,0.028082662275805,0.009797223451057824
649,56132167225,1,0.976898488275993,-0.158372486754902,-0.130518849180714,0.059601418202,647,56132167225,1,0.997268764803547,-0.058666087778603,-0.034089457737511,0.029175499363729,0.010290339116944991
650,56212167625,1,0.97688327075343,-0.158394008905384,-0.13055391347567,0.059716739203928,648,56212167625,1,0.997405675740432,-0.057164077389792,-0.031830303449493,0.030016962525545,0.010648548026223503
651,56312168125,1,0.97686727920169,-0.158416224607538,-0.130596301698252,0.059826621072242,649,56312168125,1,0.997490824344431,-0.05616726286583,-0.030266495311817,0.030679523991883,0.010897902054630815
652,56392168525,1,0.976854538696063,-0.15842462416042,-0.13063156560112,0.059935321448469,650,56392168525,1,0.997542049585789,-0.055518923515137,-0.029217310339396,0.03120668544454,0.011063871014523441
653,56472168925,1,0.976841268484822,-0.158438358405421,-0.130663742107787,0.060045060322637,651,56472168925,1,0.997568145336213,-0.055165530059504,-0.028580445971099,0.03158667142666,0.011162879873631404
654,56552169325,1,0.97682868181819,-0.15844897602089,-0.130694621845281,0.060154502707509,652,56552169325,1,0.99756906460085,-0.055128786129654,-0.028337771805844,0.031839424937253,0.011191946748132398
655,56632169725,1,0.97681405428804,-0.158464496510729,-0.130734932521012,0.060263455839257,653,56632169725,1,0.997549826632567,-0.055365901773728,-0.028434415199333,0.03194439447525,0.011163328786144233
656,56712170125,1,0.976798467272938,-0.15848440137796,-0.130776617899322,0.060373214788709,654,56712170125,1,0.99751238571606,-0.055862731856357,-0.028831781406017,0.031892380180131,0.011082090550158963
657,56792170525,1,0.976784373626794,-0.158501905762738,-0.130810434113311,0.06048192817015,655,56792170525,1,0.997456888158479,-0.05663091460304,-0.029520620139224,0.03164219908637,0.010948204042726783
658,56872170925,1,0.976769574710565,-0.158519616572604,-0.130853551454286,0.060581161702439,656,56872170925,1,0.997381458712603,-0.057725424574907,-0.030516414109782,0.031092597894783,0.010760717714255352
659,56972171425,1,0.976755081307918,-0.158536869313886,-0.130894657581894,0.060680811001781,657,56972171425,1,0.997288149084122,-0.05942897406763,-0.031716998006947,0.029640795789958,0.01052183623777947
660,57052171825,1,0.976740565259029,-0.158551788869011,-0.130939245401046,0.060779210571655,658,57052171825,1,0.997217974142637,-0.066180956361411,-0.029899909188252,0.016804418837857,0.010547212371543435
661,57132172225,1,0.97672611264613,-0.158568700462814,-0.130980272169676,0.060878866703245,659,57132172225,1,0.996904190572922,-0.061514844227465,-0.038357623736875,0.030440950364251,0.009666013796368333
662,57212172625,1,0.976706202884432,-0.1586071302808,-0.131035215125163,0.060979864449385,660,57212172625,1,0.996565495927144,-0.066057813753875,-0.042348794310493,0.02646048355551,0.009008318201985666
663,57292173025,1,0.976688592678293,-0.158633566932451,-0.131088041613108,0.061079536020037,661,57292173025,1,0.995795719677625,-0.07257383294084,-0.051216191387079,0.022379123838906,0.00782429723919753
664,57372173425,1,0.976670118271006,-0.158663754485252,-0.131142484349888,0.061179587181367,662,57372173425,1,0.992640415574119,-0.092142571018834,-0.078092561716642,0.008735203455719,0.005122412960738898
665,57452173825,1,0.976653132159895,-0.158689031393586,-0.131191518505753,0.061279982292652,663,57452173825,1,0.981839068415622,0.061837146747065,0.128058299352684,0.125575805718392,0.06000155507489846
666,57532174225,1,0.976634779073022,-0.158718697461876,-0.131245456563635,0.061380074229333,664,57532174225,1,0.997699752210887,-0.023309938494759,0.015080769778024,0.061841908028511,0.020095421452081208
667,57632174725,1,0.976618796835634,-0.158735468161271,-0.131302111023971,0.061469768631332,665,57632174725,1,0.997639994475792,-0.021777146281885,0.017023860606685,0.062852092186364,0.0206009886804166
668,57712175125,1,0.976601553757282,-0.158761929130463,-0.131356305618923,0.061559532420134,666,57712175125,1,0.997613797860165,-0.021507860634659,0.017318235244958,0.06327875613457,0.02069363427607751
669,57792175525,1,0.976583039571635,-0.158793476413911,-0.13141219880701,0.06165251555385,667,57792175525,1,0.997549174086417,-0.020744819690168,0.018277573466417,0.064274629860542,0.020955456913214876
670,57872175925,1,0.976562484080418,-0.158828361035386,-0.131475906359501,0.061752347845603,668,57872175925,1,0.997374955133745,-0.01817484470847,0.021556376791652,0.066694801232181,0.021829939069201942
671,57952176325,1,0.976541797236857,-0.158864181000106,-0.131539197584581,0.061852483728462,669,57952176325,1,0.995734001348032,0.000186153743126,0.04473888213454,0.080698180472508,0.02854723567790396
672,58032176725,1,0.97652060782505,-0.158903707033796,-0.13160459681826,0.061946303200556,670,58032176725,1,0.99792538638558,-0.03250399434678,0.00348266840573,0.05546426398566,0.017362818985333095
673,58112177100,1,0.976497669665467,-0.158947250857257,-0.131679759196,0.062036389328493,671,58112177100,1,0.997728745215353,-0.0273262906236,0.010122773850761,0.060730175870964,0.018942250156954388
674,58282180600,1,0.976476525900425,-0.158980529948666,-0.131756082933123,0.062121816399696,672,58282180600,1,0.99767284437577,-0.027940706750641,0.009434167883068,0.061475271270562,0.01877791206341073
675,58362178375,1,0.976454681939315,-0.159021386515317,-0.131830909310986,0.062201801419069,673,58362178375,1,0.997559502207919,-0.028746137308722,0.008535963272505,0.063054234398069,0.01856031977763184
676,58442178775,1,0.976435141646855,-0.159058058281527,-0.131885613525368,0.062298741542936,674,58442178775,1,0.997472959802429,-0.029531125703366,0.007676774834765,0.064161313934568,0.018350472738276613
677,58522179175,1,0.976418417549795,-0.159080382040023,-0.131935391294853,0.062398384942464,675,58522179175,1,0.997318469193567,-0.030274965199355,0.006913050557598,0.066268448145144,0.01816075738012901
678,58602179550,1,0.976401835688365,-0.159102230827334,-0.131982218191843,0.062503035856817,676,58602179550,1,0.99693618778074,-0.031092771295046,0.006213610264924,0.071504322343994,0.017993595753439173
679,58682179975,1,0.976389546783552,-0.159110236875803,-0.132006387176825,0.062623471619338,677,58682179975,1,0.994710093891658,-0.032729282542386,0.005540965725972,0.097210703490579,0.01821166948182351
680,58762180375,1,0.976377116783335,-0.159118423545116,-0.132031325206688,0.062743782756106,678,58762180375,1,0.998957481180686,-0.030458062529867,0.005003674791181,0.033633620956562,0.01834467704865128
681,58862180875,1,0.976366591795184,-0.159115887490647,-0.132055908701456,0.06286214879681,679,58862180875,1,0.998363746020346,-0.031593266475449,0.004437612105504,0.04745528152307,0.01780687322303154
682,58942181275,1,0.976354238126159,-0.159123457312032,-0.13208079117665,0.062982470801831,680,58942181275,1,0.998399642604293,-0.032058728101892,0.003876696477391,0.046425885285377,0.017695002120506675
683,59022181675,1,0.976338536307551,-0.159147692423331,-0.132109088526209,0.063105176062916,681,59022181675,1,0.998336938770335,-0.032605886154548,0.003332716757538,0.047424739047967,0.017543558584090402
684,59102182075,1,0.976326478073544,-0.159153405801542,-0.132133998813756,0.063225058258297,682,59102182075,1,0.99827702775561,-0.033136912030831,0.002804947984967,0.04834307792525,0.01739598801769593
685,59182182450,1,0.976313567614734,-0.159163333050658,-0.132159674961077,0.063345650346167,683,59182182450,1,0.998265016146808,-0.033668599235498,0.002214423105639,0.048254318907657,0.017257470411911946
686,59262182875,1,0.976306658362669,-0.159150364411909,-0.132174517521146,0.06345366232399,684,59262182875,1,0.998263977293417,-0.034637162416187,0.001022631220526,0.04762617813209,0.016988825507305405
687,59342183275,1,0.976297569892632,-0.159148701896283,-0.132190836703948,0.063563577605262,685,59342183275,1,0.998472282082098,-0.030445032600905,0.006443873615461,0.045658278510307,0.018298267495902798
688,59422183675,1,0.97628415210205,-0.159166294410062,-0.132214405463694,0.063676495396913,686,59422183675,1,0.998323755769797,-0.03352910515152,0.002651677652672,0.047100386187919,0.017367037613138403
689,59522184150,1,0.97626939384475,-0.159181448181038,-0.132252066995655,0.063786581444442,687,59522184150,1,0.998304343560896,-0.033939672187643,0.002234955790725,0.047239191905208,0.017265808430740326
690,59602184550,1,0.976254347061135,-0.159196016611659,-0.132294154764069,0.063893151076447,688,59602184550,1,0.998257187747291,-0.034499806142216,0.001664297265628,0.047849562188504,0.01711776675914889
691,59682184975,1,0.976239879353888,-0.159212273158414,-0.132332788161672,0.063993618527129,689,59682184975,1,0.998092880154668,-0.035346330028535,0.000882289299625,0.050600999038207,0.01687297231562357
692,59762185375,1,0.976225420351343,-0.159227733770204,-0.132372418317239,0.064093683987545,690,59762185375,1,0.997207035714125,-0.037399509717829,-0.000621620755431,0.064645326070408,0.0163204606630738
693,59842185775,1,0.976213072653132,-0.159232240305474,-0.132410390783499,0.064192046555572,691,59842185775,1,0.999513847541267,-0.019194241335635,0.019235608467436,0.015285321052891,0.022770972077036045
694,59922186175,1,0.97619873185925,-0.159247032356482,-0.13244977289119,0.064292116648304,692,59922186175,1,0.998969376240181,-0.031476821850305,0.005107739020184,0.032300248027048,0.018394638839721256
695,60002186575,1,0.97618319770918,-0.1592666589943,-0.132491781034169,0.064392730967615,693,60002186575,1,0.999054302455996,-0.030872853232393,0.005792966767151,0.030063419856863,0.018654614933088953
696,60082185675,1,0.976166275297272,-0.159288521417126,-0.132541547356015,0.064492698357804,694,60082185675,1,0.999135025058597,-0.029771923106116,0.007132192478138,0.028141892725522,0.019066123686513836
697,60192187525,1,0.976149680245961,-0.159309519729093,-0.132589729597396,0.064592896549716,695,60192187525,1,0.998861137123909,-0.034659680990768,0.001453675915063,0.032757015790262,0.017517275218059014
698,60272187925,1,0.976128575781792,-0.159343985719232,-0.132655017682697,0.06469268923861,696,60272187925,1,0.998965153976947,-0.033597990317389,0.002690509996511,0.030537801859418,0.017909266428956294
699,60352188325,1,0.976108554532969,-0.159375707245012,-0.132715171594158,0.064793185879714,697,60352188325,1,0.998956856069729,-0.034025399640809,0.00222931262353,0.030372718939729,0.01781476343236421
700,60432188725,1,0.976091693327335,-0.159396358489508,-0.132768110426755,0.064887872298051,698,60432188725,1,0.99893498583379,-0.034574450281271,0.001632803118132,0.03050959552289,0.01767389812850606
701,60512189125,1,0.976075345149509,-0.159417045549422,-0.13281959812379,0.064977538686813,699,60512189125,1,0.998885371586413,-0.035357835856163,0.000785213358646,0.031260539250357,0.01744903325901148
702,60592189525,1,0.976059363106267,-0.159436241918573,-0.132870135728393,0.065067130618997,700,60592189525,1,0.998764323288823,-0.03682980590365,-0.000814715161607,0.03335758027381,0.016995991526668863
703,60672189925,1,0.976041638148816,-0.159459761622842,-0.132928153899732,0.065156817937732,701,60672189925,1,0.994130304756786,-0.066466067012022,-0.033863552249781,0.078361080449157,0.00948158747277994
704,60782190475,1,0.976022700752213,-0.159488033566843,-0.13298917463502,0.065246717888602,702,60782190475,1,0.998427421178578,-0.039224655491055,-0.003282421039678,0.039916622507672,0.016215353631916618
705,60862190650,1,0.97600320701771,-0.15951695112263,-0.133053764127761,0.065335886365157,703,60862190650,1,0.998618400594332,-0.040010795236996,-0.004315843407666,0.033790527586916,0.016180865083424756
706,61042192250,1,0.975983684743736,-0.15954892499008,-0.133113998918989,0.065426683702786,704,61042192250,1,0.99870684854285,-0.039388119648739,-0.003599266936186,0.03194138352777,0.01642514622085467
707,61122192175,1,0.975964887428371,-0.159576266416772,-0.133174911438992,0.065516384718839,705,61122192175,1,0.998791209185285,-0.038899316985671,-0.003034733470098,0.029895718506321,0.016644632436073392
708,61202192575,1,0.975946224224706,-0.159603468423707,-0.133231167656152,0.065613689529251,706,61202192575,1,0.998854427977613,-0.0385978969567,-0.002669437810705,0.028158624998561,0.01680819064223793
709,61282192975,1,0.975934350874387,-0.15960736003494,-0.133254208775904,0.065733927690148,707,61282192975,1,0.998897171385888,-0.038447270961158,-0.002460891404793,0.026836400026915,0.016913483918731487
710,61392193525,1,0.975922170782966,-0.159612225770979,-0.133278223370417,0.065854150468456,708,61392193525,1,0.99892501851172,-0.038429225345176,-0.002382455414453,0.025813289928408,0.016975711588701037
711,61472193925,1,0.975913618465872,-0.159603989046741,-0.133296652478992,0.065963462698007,709,61472193925,1,0.998939123684825,-0.038512258778494,-0.002306010450471,0.025141905484154,0.01700916443117717
712,61552194325,1,0.975902256791898,-0.159606841859824,-0.13332200736654,0.066073319666637,710,61552194325,1,0.998909426695086,-0.03886006529282,-0.002285795275005,0.025780374805139,0.016951562101592765
713,61632194725,1,0.975889387802094,-0.159619480099625,-0.133342682779359,0.066191036380947,711,61632194725,1,0.999111370466473,-0.038171833353784,-0.003198026600139,0.017582752028103,0.017294594109350303
714,61712195100,1,0.975877921174636,-0.159621395640324,-0.133364610137543,0.066311188954558,712,61712195100,1,0.998961627887504,-0.039089039478476,-0.003152665547779,0.02318994827383,0.016937749154612325
715,61792195525,1,0.975866040133418,-0.159625887894551,-0.133386027781552,0.066432034598211,713,61792195525,1,0.998955051898146,-0.039451587249934,-0.00356291383164,0.022796539115855,0.01686653119066861
716,61872195925,1,0.975859076542951,-0.159615780222747,-0.133394002610222,0.066542508971692,714,61872195925,1,0.998941513391106,-0.039872405854966,-0.004015444892707,0.022581414427313,0.016771331813216994
717,61952196325,1,0.97585102015072,-0.159609054795966,-0.13340596873645,0.066652708897883,715,61952196325,1,0.998926110167181,-0.040363721781591,-0.004568729683657,0.022282798282089,0.01665981617988932
718,62062196875,1,0.975839470011891,-0.159611476941814,-0.13343294712359,0.066761918915479,716,62062196875,1,0.99890538034865,-0.040932467591292,-0.005239368416537,0.02202551307015,0.016525841554882126
719,62142197275,1,0.975828517734909,-0.159613508818845,-0.133455254691811,0.066872466478894,717,62142197275,1,0.998261698224218,-0.042608287390133,-0.005661995173379,0.040324403465358,0.015614693128281898
720,62222197675,1,0.975818098925415,-0.159607647046048,-0.133487375557569,0.06697430388414,718,62222197675,1,0.998804105986079,-0.042730576141043,-0.006620390503109,0.022817233784805,0.016116842480246474
721,62302198075,1,0.975807550752818,-0.159608501419645,-0.133513336161512,0.067074132386375,719,62302198075,1,0.998621897341314,-0.044067997684177,-0.007531274869231,0.027488136157011,0.015654316639314048
722,62382198475,1,0.975797123503778,-0.159607539006425,-0.13354089427928,0.067173185194354,720,62382198475,1,0.998922126150763,-0.04456424196495,-0.009073920299157,0.009288605650666,0.016306189051157105
723,62462198850,1,0.975784175808727,-0.15962063589015,-0.133573604459084,0.067265050591781,721,62462198850,1,0.998633739520004,-0.046899206299584,-0.011032720546669,0.020233581445244,0.015228225285427444
724,62542199275,1,0.975771401032459,-0.15962791342651,-0.133613385010785,0.067354031269179,722,62542199275,1,0.998392535913264,-0.050351087211408,-0.014600736217645,0.021539051771458,0.01435808170503916
725,62652199825,1,0.975757579461689,-0.159634170724429,-0.133660153654521,0.067446578751182,723,62652199825,1,0.997243370843181,-0.061673679814543,-0.026094038825,0.031954931783094,0.011444011537310117
726,62732200225,1,0.97574103024485,-0.159653253118455,-0.133707491817463,0.067546926631018,724,62732200225,1,0.999555972936636,-0.013824413946665,0.022872069635026,0.013176151803045,0.024653271024826395
727,62812200600,1,0.975722831946209,-0.159683443912302,-0.133751956241131,0.067650330086754,725,62812200600,1,0.990592274070786,-0.030427513064703,-0.006041868742919,0.133283940600732,0.018772916623138847
728,62892201025,1,0.975703415500092,-0.159710448736244,-0.133810681185427,0.067750418054908,726,62892201025,1,0.998889440768714,-0.034374396933213,0.000212032571194,0.032221747290186,0.017735545949162934
729,62972201425,1,0.975683774440417,-0.159739693472697,-0.133867819134586,0.067851378932932,727,62972201425,1,0.995906932226621,-0.032964441665053,-0.00404704758384,0.084061580609249,0.01679857197307788
730,63052201800,1,0.975665236202744,-0.159766138916855,-0.133919802062162,0.067953030371545,728,63052201800,1,0.999318071212037,-0.03653952016733,0.001802032913938,-0.005000869161784,0.019743472059407408
731,63132202225,1,0.975645708953459,-0.159794937519264,-0.133976403110229,0.068054037011505,729,63132202225,1,0.998914498079879,-0.03631600188111,-0.000994288134581,0.029154500926975,0.017492950452363654
732,63212202625,1,0.975625670316292,-0.159820537212757,-0.134043206490486,0.06814958619582,730,63212202625,1,0.998494573839698,-0.037057670471139,-0.002322579832908,0.040372276314963,0.01685780531513259
733,63322203175,1,0.975607137414563,-0.159846921609973,-0.134100448053307,0.068240346639501,731,63322203175,1,0.997942690773558,-0.038259241058519,-0.003845709066239,0.051301334554136,0.016267834082375976
734,63402203575,1,0.975588427529057,-0.159872666153261,-0.134160014073376,0.06833038352198,732,63402203575,1,0.998278323361034,-0.041411688473085,-0.004867900571011,0.04125245094927,0.015998749826065084
735,63482203975,1,0.975568103390493,-0.159904896497253,-0.134222700558876,0.068421972917777,733,63482203975,1,0.660858531985358,-0.015176032205822,-0.039171536717946,0.749333890505294,0.29633216087665815
736,63562203675,1,0.975546440422314,-0.159939711056475,-0.134292563705076,0.068512325460771,734,63562203675,1,0.999293438570654,-0.03662622674765,0.003935241407523,0.007460363190421,0.01930220176837305
737,63722205725,1,0.975520625118434,-0.159986174027851,-0.13437890402036,0.068602071708933,735,63722205725,1,0.985666560299199,-0.034671954160979,-0.006069907113455,0.164992253546153,0.02078042977170158
738,63802205575,1,0.975496231114067,-0.16002957955343,-0.13445782790608,0.068693007395094,736,63802205575,1,0.986024263187692,-0.034964796401668,-0.006376464073903,0.16276656942896,0.020503355139495638
739,63882205975,1,0.975482962725735,-0.160039208837563,-0.134491106809099,0.068793773379082,737,63882205975,1,0.987780486098702,-0.03548014005959,-0.006191199633476,0.151632911965256,0.01949468987945846
740,63982206475,1,0.975469977621246,-0.160046295769074,-0.134525691786269,0.068893716837096,738,63982206475,1,0.990139781260399,-0.036377571279467,-0.005799115916381,0.135152714097811,0.018234971304439518
741,64062221550,1,0.975460311054756,-0.160042387543684,-0.134541311843058,0.069009065736501,739,64062221550,1,0.998499078477465,-0.045677094556338,0.002208078820405,-0.030138309515767,0.02107040145534067
742,64142207275,1,0.975451995428389,-0.160033662828469,-0.134550180509569,0.069129445978685,740,64142207275,1,0.987647997459011,-0.035960820865553,-0.007902036342063,0.152301708130703,0.01925009509542175
743,64222207675,1,0.97544217815909,-0.160030700953547,-0.134564116851878,0.069247601232402,741,64222207675,1,0.992663900027504,-0.037436267034737,-0.006843694704144,0.114760931224373,0.016854976186269743
744,64302208075,1,0.975431413374854,-0.160030293189583,-0.134585821717305,0.069357909829156,742,64302208075,1,0.994607588727323,-0.03783137162905,-0.006878935647518,0.096318284925771,0.016168106353348533
745,64382208475,1,0.975420444267367,-0.160030657761612,-0.134607957554909,0.069468289489052,743,64382208475,1,0.996491125735667,-0.03824634937862,-0.006889127012938,0.074129569122397,0.015804609294344685
746,64462208875,1,0.975409588485768,-0.160032886488555,-0.134630129414515,0.069572539022212,744,64462208875,1,0.998416975040478,-0.038817903502105,-0.006610374637881,0.040162386207375,0.016238213319072048
747,64572209400,1,0.975396346147611,-0.160041053023479,-0.134664481474955,0.069672854815254,745,64572209400,1,0.999148411826277,-0.039598312605898,-0.005917806157029,-0.009970173222221,0.018994666331849208
748,64652209825,1,0.975383610869437,-0.160043984932269,-0.134693619804332,0.069787988352612,746,64652209825,1,0.995206466626118,-0.04057665952854,-0.004428697384314,-0.088870749555408,0.02840346628856505
749,64732210225,1,0.975369367075645,-0.160053592156467,-0.134722369448087,0.069909431256163,747,64732210225,1,0.967606414389913,-0.041544648552426,-0.000435124769838,-0.249021444206288,0.06692730027753435
750,64812210625,1,0.975353060053696,-0.16007056874206,-0.134760063098325,0.070025328704832,748,64812210625,1,0.651632464655376,-0.034139471973772,0.016479844221718,-0.75758698655332,0.41423465947572036
751,64892211025,1,0.975340486946616,-0.160076107037264,-0.134792263636193,0.070125745217878,749,64892211025,1,0.977701842885255,-0.04743692614448,-0.00476146379392,-0.204514480952522,0.052514211906307895
752,64972211425,1,0.975327314834519,-0.160083705431171,-0.134826276897209,0.070226143644312,750,64972211425,1,0.998383912684947,-0.053078942205277,-0.017385014203998,0.010485707767788,0.014671497959579005
753,65052211825,1,0.975315767234949,-0.160084010280993,-0.134853167029112,0.070334111052012,751,65052211825,1,0.082466574003189,0.019872450843281,0.065673482051469,-0.994229019705668,0.998465196942472
754,65132212225,1,0.975301949099619,-0.160092520464268,-0.134885159282912,0.070444920179572,752,65132212225,1,0.692837813224248,-0.033792503282297,0.075940117665816,-0.716286904680981,0.37956597202245435
755,65242212775,1,0.975289071903416,-0.160092490461212,-0.134921833565241,0.070552955651013,753,65242212775,1,0.097378674961483,-0.013396064472591,0.055654899316265,-0.993599754076805,0.9804934935967123
756,65322213175,1,0.975275776734659,-0.160098686660212,-0.134952630311766,0.070663692347761,754,65322213175,1,0.292738973793975,-0.017705707650116,0.057992328436738,-0.954267934587108,0.7869224224188391
757,65402213575,1,0.975262592126701,-0.160103309442196,-0.134984735533077,0.070773779587001,755,65402213575,1,0.145809853795431,-0.015527732711902,0.058640171244144,-0.987451115939134,0.9331122382739628
758,65482213975,1,0.975244230739438,-0.160128788008923,-0.135033953457788,0.070875193642035,756,65482213975,1,0.664396385440128,0.034928293801455,-0.048853714304495,0.74496360441626,0.2982479336261217
759,65562214375,1,0.975228615191593,-0.160141809905991,-0.135078764058239,0.070975181098885,757,65562214375,1,0.114201665659921,0.005387145294229,-0.040173532865644,0.992630366996281,0.8136112637143884
760,65642214750,1,0.975213761663922,-0.160158676168694,-0.135114103240513,0.071073881382032,758,65642214750,1,0.412057990786835,-0.005752925298222,-0.035089568032578,0.910463529359917,0.5277827234750205
761,65722215175,1,0.97519531281772,-0.160182323013341,-0.135171682497676,0.071164186942214,759,65722215175,1,0.433580558832759,-0.047952506636134,0.055334417821439,-0.89813504458625,0.6408878239593601
762,65822215675,1,0.97517616930819,-0.160205722783153,-0.135235226197441,0.071253061662355,760,65822215675,1,0.218326899042383,-0.001929306864079,-0.040117609243142,0.975048829730171,0.7118831965852149
763,65902216075,1,0.975158302131874,-0.160228445296279,-0.1352891032825,0.071344163280793,761,65902216075,1,0.147979613437365,0.00536280309792,-0.043713224743679,0.988009326035119,0.7801531033563434
764,65982216475,1,0.975140179817513,-0.160251142781947,-0.135345038846176,0.071434735264263,762,65982216475,1,0.084611507088476,0.010207372802816,-0.045296080747994,0.995331586697394,0.8418958147152614
765,66062216875,1,0.975123429669196,-0.16027029408141,-0.13539478724972,0.071526088463201,763,66062216875,1,0.052865501680387,-0.019975461368345,0.047217383658321,-0.997284682703823,0.9770270023247023
766,66142217275,1,0.975105428339921,-0.160292562462734,-0.135450168636881,0.071616687003734,764,66142217275,1,0.56670429335622,-0.053024233460436,0.044495382287238,-0.821008425969352,0.5037289875352597
767,66222217550,1,0.975083507492611,-0.160325178653644,-0.135522333128593,0.071705562747721,765,66222217550,1,0.603441701323866,-0.034929372930618,-0.029759501237037,0.796085688915555,0.3448770419909716
768,66402219100,1,0.975062630288691,-0.160356217656503,-0.135587608866861,0.071796593200279,766,66402219100,1,0.355228884035367,-0.012858068864883,-0.040406338564254,0.933817132963347,0.5790442310406069
769,66512219125,1,0.975047703606,-0.160374525300332,-0.135617927895047,0.071901077605368,767,66512219125,1,0.350723437712287,-0.012084959072092,-0.041242045603109,0.935492446617273,0.5832337221130611
770,66592219525,1,0.975031622788653,-0.160389809309033,-0.135662155065312,0.072001550781723,768,66592219525,1,0.355994361216895,-0.012005154886598,-0.041968956306447,0.933467995029541,0.578063993470487
771,66672219925,1,0.975022709904871,-0.16038146551429,-0.135674615368211,0.072117261691897,769,66672219925,1,0.364104366099388,-0.012009993255439,-0.042824542713935,0.930295560126302,0.5701632222369843
772,66752220325,1,0.9750147651973,-0.160371406670981,-0.135679001654735,0.072238688246666,770,66752220325,1,0.37369137862147,-0.011899030473797,-0.043968140960262,0.926434006931021,0.5608471930841257
773,66832220725,1,0.975005926090291,-0.160358660160209,-0.135694419496222,0.072357229894602,771,66832220725,1,0.385139919413375,-0.011545235319698,-0.04560299781475,0.921658459846151,0.5497581923517685
774,66912221125,1,0.974995060756573,-0.160356708609925,-0.135709944786318,0.072478744402568,772,66912221125,1,0.401080247968356,-0.010723817351973,-0.048229561578223,0.914709540685466,0.5343868730687538
775,66992221525,1,0.97498410579549,-0.160353845464867,-0.135727434661153,0.072599594841159,773,66992221525,1,0.436019802009765,-0.008438822905121,-0.054116863831408,0.898268825893671,0.5009753296062815
776,67102222075,1,0.974972143031254,-0.160356980125249,-0.135748224530783,0.072714364295466,774,67102222075,1,0.961572657175612,0.033325502034765,-0.128521087689342,0.240311809750398,0.03291679267340264
777,67182222475,1,0.974958876413937,-0.160362032666285,-0.135778153270549,0.072825139033507,775,67182222475,1,0.670436470940006,-0.000910722155858,-0.034216545698127,0.741176994394155,0.28758378927791883
778,67262222875,1,0.974945224299347,-0.160363929058733,-0.135811295483525,0.072941839103688,776,67262222875,1,0.633896975459044,0.001098720159305,-0.045282828744686,0.77208994472067,0.3196937860037221
779,67342223275,1,0.97493135167912,-0.160370078669221,-0.13583830339518,0.073063347250665,777,67342223275,1,0.593037114217942,0.001007734931512,-0.043635779563538,0.803991221576608,0.35732143509808634
780,67422223675,1,0.974917637483901,-0.160385197935448,-0.135852300583017,0.073187026393468,778,67422223675,1,0.555495656713298,0.001059322500199,-0.041780446266912,0.830468450645923,0.3921519002122644
781,67502224075,1,0.974907648441043,-0.160379833329272,-0.135870794912734,0.073297429437956,779,67502224075,1,0.519130818988814,0.00139765095791,-0.040321984808349,0.853741984963208,0.42606387602459406
782,67582224450,1,0.974897469277202,-0.160377253399191,-0.135886572351571,0.073409130519168,780,67582224450,1,0.485624996121045,0.001992378348949,-0.039365592106328,0.873278159425202,0.4574291066664762
783,67662224850,1,0.974884308428443,-0.160375624624496,-0.135924899159247,0.073516433501957,781,67662224850,1,0.454411160670655,0.002820824729477,-0.038854900142983,0.889939793885335,0.4867475333536744
784,67762225375,1,0.97487097244074,-0.160382179646037,-0.135952219781361,0.073628374156655,782,67762225375,1,0.421539842480028,0.00391239867062,-0.038541959395954,0.905981993035444,0.5177346767684083
785,67842225775,1,0.974858294026705,-0.160388902411811,-0.135976814551965,0.073736100078439,783,67842225775,1,0.385035935362448,0.005313953762611,-0.038345039325493,0.922089338586072,0.552291516072445
786,67922226175,1,0.974845636011032,-0.160392569799916,-0.136008706597713,0.073836584650446,784,67922226175,1,0.344465379866672,0.007041025618891,-0.038250455038626,0.937993032341329,0.5908681590225568
787,68002226575,1,0.974833074514288,-0.160396684887276,-0.136039023423401,0.073937571073175,785,68002226575,1,0.300109135388123,0.009060538432322,-0.038242517983769,0.953094918315154,0.6332249711254372
788,68082225675,1,0.974817365726761,-0.16040695135154,-0.136085413148747,0.074036975652556,786,68082225675,1,0.255710307274984,0.011180087886532,-0.038379757116495,0.965926621763714,0.6757853048053177
789,68162227375,1,0.974801705623153,-0.160420238793234,-0.136126798368951,0.074138225400479,787,68162227375,1,0.214906265461721,0.013214775807278,-0.038731936322916,0.975776871971424,0.7150141032083545
790,68242227775,1,0.974784883992756,-0.160438324371637,-0.136170234420099,0.074240428810903,788,68242227775,1,0.194706658419389,0.014500714486039,-0.039704557547185,0.979950302085025,0.7343708533454576
791,68352228325,1,0.974766161557573,-0.160460126031949,-0.136223402228692,0.074341528914646,789,68352228325,1,0.226960121506568,0.013861331640293,-0.041998169893878,0.972899337267966,0.7029431867515052
792,68432228725,1,0.974745583201842,-0.160485745907829,-0.13628759206531,0.074438334465168,790,68432228725,1,0.361038946866431,0.009309006696957,-0.046189705000387,0.931359614967211,0.5739489018625349
793,68512229100,1,0.9747277046388,-0.160506226698183,-0.136341593083652,0.074529343188431,791,68512229100,1,0.677853208649274,-0.003994964937542,-0.050394050204042,0.73345722948449,0.27710159044628924
794,68592229525,1,0.974709374555864,-0.160527480303069,-0.136398083885667,0.074619876258151,792,68592229525,1,0.644355169275945,-0.035397663445643,0.007204367669242,-0.76387271082062,0.424241427345766
795,68672229925,1,0.974689863586415,-0.160559060289204,-0.136453005883302,0.074706326146828,793,68672229925,1,0.477469418370829,-0.03406470684195,0.017637736948472,-0.877810606283457,0.5971307280936359
796,68752230325,1,0.974669307874363,-0.160588218390993,-0.136521422795574,0.074786800436903,794,68752230325,1,0.309268881676208,-0.028303195216125,0.027439166069404,-0.950157239688632,0.7688252073154336
797,68832230725,1,0.974651959541145,-0.160603346050915,-0.136583927137497,0.074866239704926,795,68832230725,1,0.195291663440845,0.022336559633682,-0.043133433391127,0.979541602596915,0.734019993617314
798,68912230600,1,0.974628635049946,-0.160641944884603,-0.136660204466071,0.074947833855705,796,68912230600,1,0.876597618055012,-0.024154865979207,-0.010371353055858,-0.48050556032745,0.17635807505064371
799,69082232425,1,0.974609282806306,-0.160663213582711,-0.136730058875843,0.075026453127299,797,69082232425,1,0.347521629648841,-0.023121747658354,0.026169036603349,-0.937021495609727,0.7314668727209596
800,69162232375,1,0.974590040453874,-0.160687965189238,-0.136793739821018,0.075107280853708,798,69162232375,1,0.411919520618978,-0.023604222595083,0.022888554479329,-0.910626851834801,0.666280140917541
801,69242232775,1,0.974571872614533,-0.160710371111149,-0.136843639933006,0.075204121800634,799,69242232775,1,0.416462685388633,-0.023511068316194,0.022736973187204,-0.908564302290049,0.6617878989375328
802,69322233175,1,0.974565840870781,-0.160691401835565,-0.136848316576863,0.075314231284843,800,69322233175,1,0.421460830841335,-0.023646786583243,0.02251287876108,-0.906258664974138,0.6567938599695566
803,69402233575,1,0.974559454901472,-0.160674193616895,-0.136853166512439,0.075424685502987,801,69402233575,1,0.433698420132356,-0.024186379067294,0.021835283561446,-0.900468722296395,0.6443547750125946
804,69482233975,1,0.974551902603531,-0.160662537678637,-0.136858762666678,0.07553685987545,802,69482233975,1,0.457733493529924,-0.025257956451718,0.020375864489558,-0.888496994189107,0.6197598341670679
805,69592234525,1,0.974542401596367,-0.160654710239671,-0.136874432333326,0.075647612930103,803,69592234525,1,0.50829679290105,-0.027268275158929,0.017059360351685,-0.860581076785189,0.5676983403338101
806,69672234925,1,0.974533287053981,-0.160642090955461,-0.136893887007176,0.075756549137927,804,69672234925,1,0.64440777786986,-0.031747228240081,0.006964698748513,-0.763990983121689,0.42573397404011615
807,69752235325,1,0.97452403295376,-0.160633693305993,-0.136908090609173,0.075867651183919,805,69752235325,1,0.947760443118704,-0.030742444667226,-0.054647466429459,0.312759810346793,0.04023636578854106
808,69832235725,1,0.974511152181338,-0.160642831060473,-0.136924485684127,0.075984079406251,806,69832235725,1,0.329423553561717,-0.023325001003537,0.028958075887944,-0.943449784846986,0.7508783120821864
809,69912236125,1,0.974500972557171,-0.160635496886995,-0.13693834975184,0.076105058913572,807,69912236125,1,0.244125301379956,-0.022502803516648,0.033357214738287,-0.968908539174333,0.8367916307494776
810,69992236525,1,0.974490000132148,-0.160632222640656,-0.13695253407862,0.076226846329979,808,69992236525,1,0.216408346551345,-0.024331610820701,0.033740403329701,-0.97541631390957,0.8641775328190018
811,70072236925,1,0.974476912388915,-0.160630944232798,-0.136984648308425,0.076339066693697,809,70072236925,1,0.136731544448071,-0.026860856468966,0.034565370988583,-0.989640446965978,0.9427267352748016
812,70152237325,1,0.974460558677413,-0.160644562184585,-0.137022578541071,0.076451011717202,810,70152237325,1,0.446940655076862,0.023482941466711,-0.036826370440163,0.893496737956967,0.4948915925900286
813,70262237875,1,0.974445718191065,-0.160657779275839,-0.137049252228202,0.076564500396371,811,70262237875,1,0.159434245242695,-0.020111672654045,0.043739168848927,-0.986034039562202,0.9228985097208342
814,70342238275,1,0.974436009564539,-0.160650300057581,-0.137065038702591,0.076675416665344,812,70342238275,1,0.427298930272875,-0.03034540903366,0.033460957558085,-0.902981253768611,0.6525723277435036
815,70422238650,1,0.974425835431355,-0.160645357983653,-0.137080744398475,0.076786911107105,813,70422238650,1,0.575062985310338,-0.033624748921782,0.025769685416872,-0.817011543675746,0.5005104307232422
816,70502239075,1,0.974411336960895,-0.160651556181733,-0.137120250546293,0.076887325279204,814,70502239075,1,0.619198956425031,-0.034479677642406,0.023844485872806,-0.784114305879755,0.45466431672447827
817,70582239475,1,0.974395760346724,-0.160663692282262,-0.137159681865911,0.076988972398659,815,70582239475,1,0.644340561779842,-0.035214577874275,0.023156590861523,-0.763576418081416,0.42846269869045595
818,70662239875,1,0.974381348503406,-0.160671750139246,-0.137195498970182,0.077090670370672,816,70662239875,1,0.658966882836901,-0.035875871404277,0.022938599754345,-0.750965638239535,0.4131902381521987
819,70742240250,1,0.974366097273602,-0.160682157066224,-0.137234625194483,0.077192036714187,817,70742240250,1,0.656169275174757,-0.036328159141503,0.023632093481616,-0.753368217625153,0.4162107858297549
820,70822240675,1,0.974351063746412,-0.160691883824143,-0.137272864236027,0.077293491276571,818,70822240675,1,0.624874520215331,-0.036350864698297,0.025853236726281,-0.779449843653921,0.44910690513933527
821,70922241175,1,0.974332274613938,-0.160710215383446,-0.137328377911164,0.077393552298135,819,70922241175,1,0.537639890345323,-0.035295086502083,0.030703792535025,-0.841875811686169,0.5398600834477505
822,71002241575,1,0.974314118803009,-0.160729116147516,-0.137377705783152,0.077495258418249,820,71002241575,1,0.288365879468264,-0.02985867908148,0.040933852913833,-0.956178852792527,0.7939646192483143
823,71082241975,1,0.974297702046925,-0.160742473702855,-0.137425629281902,0.077588925436832,821,71082241975,1,0.826146126465195,-0.016393818888242,-0.041612055312345,0.56167807263725,0.14315398344409203
824,71162242375,1,0.974280333746931,-0.160759347241476,-0.13747763498192,0.077679877885085,822,71162242375,1,0.106451676813496,0.017565173676036,-0.058002726962699,0.992469238234726,0.8140410236844586
825,71242242750,1,0.974260263110895,-0.16079166870952,-0.13752863370911,0.077774378215472,823,71242242750,1,0.304656717864027,0.012657352228224,-0.078456876550311,0.949140976998074,0.6206113463196122
826,71322243175,1,0.97424002377503,-0.160817293986097,-0.137590382277261,0.077865658249427,824,71322243175,1,0.684582351233186,-0.025725766509155,-0.049876366115306,-0.726771998236512,0.37864339746242637
827,71402243575,1,0.974219308454676,-0.160845972772541,-0.137651356914614,0.077957783553111,825,71402243575,1,0.005205170046869,0.014353058702854,-0.028254384385417,0.999484159791268,0.9154308303826618
828,71512244125,1,0.974203154745114,-0.160857269854156,-0.137705902598895,0.078039966742427,826,71512244125,1,0.031266399151649,0.013002104338376,-0.027329628437586,0.999052775871389,0.8899021617605508
829,71682247550,1,0.974184877535238,-0.160881562943844,-0.137760048296941,0.07812244350776,827,71682247550,1,0.077528055670982,0.011256999584433,-0.028456957764338,0.996520387196886,0.844513544738702
830,71762245375,1,0.974165481508376,-0.160906142682278,-0.137822366208265,0.078203729178472,828,71762245375,1,0.124913046038579,0.00956792171685,-0.029733070405821,0.991675920009973,0.7982029225368549
831,71842245775,1,0.974147667500321,-0.160918360689716,-0.137887299993069,0.078285985956874,829,71842245775,1,0.170772010196731,0.0080290887628,-0.030985059618165,0.98479052612597,0.7535671288844221
832,71922246175,1,0.9741358637774,-0.160918161298548,-0.137913293905314,0.078387420107697,830,71922246175,1,0.219069523945556,0.006533943010078,-0.03252300117126,0.975145171583094,0.7067234817091121
833,72002246575,1,0.974124053019524,-0.160916264979437,-0.137941806621906,0.078487852434427,831,72002246575,1,0.316458798627269,0.003778333744692,-0.037555629559807,0.947855014046909,0.6127622719595085
834,72082245675,1,0.974114898073466,-0.160908718360074,-0.137952595996387,0.078597906873515,832,72082245675,1,0.27040196924409,0.00528381336946,-0.029134031137717,0.962292089011887,0.6577943657036982
835,72172247425,1,0.974105432034723,-0.160898757501816,-0.137968007439721,0.078708487712136,833,72172247425,1,0.332100538350152,0.002830504082576,-0.032256113289107,0.942688052236612,0.5983066235473606
836,72252247825,1,0.974099393369499,-0.160879288604756,-0.137966471413901,0.078825624645789,834,72252247825,1,0.369558126077688,0.001428219584483,-0.032725986947213,0.928630045506335,0.5625284921791496
837,72332248225,1,0.974095626011955,-0.160851796800016,-0.137955955881807,0.078946596426458,835,72332248225,1,0.407314605998261,2.9145109246e-05,-0.033086520935441,0.912688387689595,0.526623187501004
838,72412248625,1,0.974092302498739,-0.160823039926325,-0.13794352738139,0.079067814533736,836,72412248625,1,0.446936660243999,-0.001417064551918,-0.033428493352186,0.893939678887898,0.4891214419001134
839,72492249025,1,0.974081092322746,-0.160824040655654,-0.137955179148432,0.079183470955989,837,72492249025,1,0.493430338055555,-0.003114248968198,-0.033828639660724,0.869121640553524,0.44537108699225547
840,72572249425,1,0.974072125767277,-0.160813342313266,-0.137966995577785,0.079294835068206,838,72572249425,1,0.548983114305989,-0.005164961943199,-0.034092103756186,0.835121902381024,0.3934958174053018
841,72652249825,1,0.974064803764159,-0.160792033853576,-0.137980944878644,0.079403644548074,839,72652249825,1,0.615827214168634,-0.007716700918294,-0.034119603002197,0.787104279944665,0.33169679791478734
842,72762250375,1,0.974055038903472,-0.160784524859783,-0.137994242315986,0.079515450322597,840,72762250375,1,0.695461364499481,-0.010925466858508,-0.033719599849194,0.717688730055345,0.25910525435468856
843,72842250775,1,0.974045284403018,-0.1607802160317,-0.138002438763353,0.079629347356432,841,72842250775,1,0.797747117294649,-0.015394842560815,-0.032223829602005,0.601933684450693,0.16810444262431157
844,72922251175,1,0.974032953759357,-0.160778919284946,-0.138026673284838,0.079740714608711,842,72922251175,1,0.923422912915053,-0.021753025359493,-0.027632802000537,0.382169279305372,0.0627697094888251
845,73002251575,1,0.974020662505878,-0.160778517122752,-0.138049106288047,0.079852750087213,843,73002251575,1,0.985359144442511,-0.029524032203305,-0.010537698314731,-0.167584739460992,0.04742038569067608
846,73082251975,1,0.974007090266026,-0.160778786226768,-0.138080921032867,0.079962674152837,844,73082251975,1,0.993422975076181,-0.027237837190415,-0.020378467765147,0.109332570021573,0.016463309970535356
847,73162252375,1,0.973994742025696,-0.160778295683425,-0.138103673975349,0.080074698737744,845,73162252375,1,0.987342035550256,-0.027319632838316,-0.022408421224461,0.154619549718926,0.018465845624867416
848,73242252775,1,0.973982086133916,-0.16077932406108,-0.138128041149935,0.08018446914939,846,73242252775,1,0.986464331069028,-0.028418930845154,-0.0233961177743,0.159790830685756,0.018587833584713054
849,73322253175,1,0.973967193706331,-0.160786773345955,-0.138165460869676,0.080285892431243,847,73322253175,1,0.994335295074179,-0.031063445036344,-0.022737814157,0.099072575214242,0.01545974126833427
850,73432253725,1,0.973952429505041,-0.160794025244097,-0.138202012448069,0.080387500659816,848,73432253725,1,0.996304573419949,-0.035486599504409,-0.018876632635187,-0.075905012867816,0.027433732667687227
851,73512254125,1,0.973937535222931,-0.160798603583185,-0.138243502706032,0.080487393603893,849,73512254125,1,0.878926634256116,-0.039541729691742,-0.006688601788017,-0.475268014718351,0.1749505333017114
852,73592254525,1,0.973922789237843,-0.160805577619779,-0.138280081074287,0.080588994209121,850,73592254525,1,0.996261157701563,-0.034531760927183,-0.023287392464781,0.075689896912335,0.014845699537851531
853,73672254925,1,0.973906930211238,-0.160815202855027,-0.138321389704599,0.080690488704722,851,73672254925,1,0.99342750685148,-0.033507486924844,-0.025116448585941,0.106527935121559,0.015035619889375629
854,73752255325,1,0.973889062335997,-0.160830722079261,-0.138369923702637,0.080791938411587,852,73752255325,1,0.44468887303147,-0.00090008287853,-0.03162890461194,0.895126029364503,0.4900821532798678
855,73832255725,1,0.973871319576572,-0.160845828873232,-0.138417933652872,0.080893435355029,853,73832255725,1,0.529275019286984,-0.004274108492147,-0.033297732866022,0.847785908671136,0.4106774480483226
856,73912256125,1,0.973856285490864,-0.160858555974381,-0.138454506259103,0.080986479589631,854,73912256125,1,0.573766468111327,-0.005398134226133,-0.033395318298905,0.818320018656299,0.36946899275418377
857,74022256675,1,0.973842550833513,-0.160862946501497,-0.138492800925269,0.081077387234713,855,74022256675,1,0.693514942489739,-0.009677646101933,-0.032348984252396,0.719650547784978,0.2602413771248422
858,74102257075,1,0.973824837095493,-0.16087802586047,-0.138546211269821,0.081168927515111,856,74102257075,1,0.908462640353154,-0.019693788587879,-0.026299855951823,0.416672657310923,0.07468360130315088
859,74182257475,1,0.973804649385245,-0.160902527096032,-0.138605741258573,0.081260876810142,857,74182257475,1,0.998401640828224,-0.028895007379996,-0.013899024944222,-0.046540941606503,0.02495803356706694
860,74362260050,1,0.97378545207222,-0.160918551202561,-0.138672988440705,0.081344425059715,858,74362260050,1,0.300800931258835,-0.022238165157356,0.025472696675896,-0.953087302133603,0.7845666094473085
861,74442258775,1,0.973766218198817,-0.160943338356915,-0.138727901561658,0.081431956022215,859,74442258775,1,0.977410097520996,-0.026176965654256,-0.022059091258197,0.208560936481395,0.023974321019080924
862,74522259175,1,0.973755175845163,-0.160937548947533,-0.138752983722615,0.081532645986674,860,74522259175,1,0.992947509682413,-0.028628337654429,-0.019567362534798,0.113370100211961,0.01654645443029812
863,74622259675,1,0.973743597369682,-0.160934066454906,-0.138778908688854,0.081633616476119,861,74622259675,1,0.134946069961822,0.01076740953836,-0.030902340306813,0.99031240851423,0.7851985949747649
864,74702260075,1,0.973735645659158,-0.160915601261314,-0.138784813114632,0.08175473865281,862,74702260075,1,0.441442335154418,0.002036551034412,-0.031723315160171,0.896726350939096,0.49276523276133344
865,74782260475,1,0.973725548923753,-0.160905243591358,-0.138796042805519,0.081876226460864,863,74782260475,1,0.919201633425744,-0.017913981842575,-0.022879360358573,0.392713612231064,0.06673795797985038
866,74862260875,1,0.973712220803132,-0.160905920866227,-0.138820114535186,0.081992508738672,864,74862260875,1,0.935564746471676,-0.030133183174175,-0.001070335107912,-0.351865671548018,0.11288233052764207
867,74942261275,1,0.973700226422062,-0.160901845676373,-0.138843198403349,0.082103784204448,865,74942261275,1,0.99855999908429,-0.026265929524326,-0.013132675363321,-0.044895011001298,0.02533833390081386
868,75022261675,1,0.973687642938874,-0.160899760297473,-0.138868017011859,0.082215053217465,866,75022261675,1,0.386134788987159,-0.03005461222944,0.036288715284128,-0.921238174502451,0.6999685350249374
869,75102262050,1,0.973677513771839,-0.160900579128318,-0.138869044332166,0.082331593799305,867,75102262050,1,0.599439331843251,-0.002402574015761,-0.042471558795218,0.799288985142995,0.3442481053290354
870,75182262450,1,0.973668055991876,-0.160889512086755,-0.138882265926193,0.082442694356099,868,75182262450,1,0.991481816718873,-0.0503982008329,-0.016685968267757,0.118934464860346,0.014394622204899399
871,75292263025,1,0.973657148848962,-0.160878672552299,-0.138906276806686,0.082552137930072,869,75292263025,1,0.998425430972018,-0.055113049585172,-0.0103182934378,-0.001656313464637,0.017712883777061927
872,75372263425,1,0.973644391734126,-0.16087931716664,-0.138927944833218,0.082664804464157,870,75372263425,1,0.978520031016922,-0.060930082040676,0.000449601842665,-0.196941290387114,0.053809645128023775
873,75452263825,1,0.973632137770774,-0.160877227699301,-0.138949481358308,0.0827769263621,871,75452263825,1,0.695291711749593,-0.061473022915105,0.030975634479621,-0.715423659864967,0.3766766547660996
874,75532264225,1,0.973619636798296,-0.16087556580359,-0.138972284023069,0.082888837858553,872,75532264225,1,0.90082632542296,-0.065190520613732,0.013136270479512,-0.429056599815184,0.1498398187808947
875,75612264625,1,0.973607192095612,-0.160873724071864,-0.138994770616512,0.08300080809373,873,75612264625,1,0.429536385573853,-0.000325300017572,-0.059320612566918,0.901099024842849,0.49871075134227705
876,75692265025,1,0.973595349541287,-0.160871108323577,-0.13901842878649,0.083105104031337,874,75692265025,1,0.113788939903065,-0.026136508143541,0.055036671366085,-0.991634975635057,0.9750720476385986
877,75772265425,1,0.973583786934009,-0.160867714821059,-0.139042546857055,0.083206720347502,875,75772265425,1,0.298853455880446,-0.040509869671867,0.044312177226064,-0.952408522282833,0.7879324580722459
878,75882265975,1,0.97357254646234,-0.160860162424551,-0.139069946093748,0.083306992582044,876,75882265975,1,0.763941155795056,-0.028102130476299,-0.063097788501783,0.64157840505381,0.18950437685613564
879,75962266375,1,0.973557865102897,-0.160865836600308,-0.139105091043041,0.083408869774623,877,75962266375,1,0.03443719096385,-0.021765079481382,0.051433865269446,-0.997845137632655,0.9466440081833066
880,76042266775,1,0.97354344166792,-0.160869984577442,-0.139140317287373,0.083510402661006,878,76042266775,1,0.975107767633854,-0.057030589384279,-0.022963703697712,-0.21303760627431,0.05611139712923563
881,76122267175,1,0.973524980207823,-0.160894192262376,-0.139177805388945,0.083616447513116,879,76122267175,1,0.325576524956215,-0.037131505427758,0.02589453694403,-0.94443139012771,0.7596428189983698
882,76202267575,1,0.973507408967549,-0.160907910059753,-0.139223628843626,0.083718279587575,880,76202267575,1,0.206566752486123,-0.005902334034287,-0.026089837901048,0.978066797094443,0.7124416122914593
883,76282267975,1,0.973489679652741,-0.160919078157928,-0.139277794030418,0.08381282708766,881,76282267975,1,0.324579706271832,-0.010055053050098,-0.038102421738357,0.94503709749529,0.5978939037612708
884,76362268350,1,0.973472811368399,-0.160933406147082,-0.139323448935285,0.083905309064329,882,76362268350,1,0.656750663411937,-0.126505710837304,0.153350113170802,-0.727432893141375,0.422712838762374
885,76442268775,1,0.973455878994977,-0.160946679985972,-0.139371142418843,0.083997038712543,883,76442268775,1,0.150831914017092,-0.016857996755836,0.063945443547646,-0.98634503187719,0.9422207592971586
886,76552269325,1,0.973443186986439,-0.160947616803868,-0.139409316773221,0.08407894356891,884,76552269325,1,0.177091616524204,-0.017836446008858,0.064188555662628,-0.981936988748546,0.9162493462995233
887,76632269725,1,0.973427333806692,-0.160958790363809,-0.139457994718276,0.084160330986582,885,76632269725,1,0.281581624484803,-0.016198149758726,0.058611402434021,-0.957608538078901,0.8120599956088763
888,76712270125,1,0.973406977662762,-0.160975215482746,-0.139534809387133,0.084237003787095,886,76712270125,1,0.723745382897776,-0.027742918912296,0.03097503018625,-0.688813108679951,0.35338091926334314
889,76792270525,1,0.973388677823227,-0.160993047599446,-0.139592553688199,0.084318678031623,887,76792270525,1,0.626165177896338,-0.035241544355414,-0.002423716980107,-0.778889805516475,0.45016088765143525
890,76872270925,1,0.973369422242299,-0.161014093103282,-0.139653283353691,0.084400178402388,888,76872270925,1,0.438401113452343,-0.020354248863143,0.031174729380616,-0.898007964622257,0.6501421263035645
891,77042273450,1,0.973350702747236,-0.161031465926243,-0.139715060099736,0.084480639346739,889,77042273450,1,0.566951942996973,-0.026257089600991,0.023976181293911,-0.822983111800117,0.5168046832974647
892,77142272275,1,0.973331097272835,-0.161057423731202,-0.139771173033824,0.084564179955084,890,77142272275,1,0.234520712939535,-0.014412701137072,0.040001880351609,-0.97118080644986,0.857130642853063
893,77222272675,1,0.973312307878039,-0.161075691377304,-0.139832074309767,0.084644928818425,891,77222272675,1,0.362818819573403,-0.02065497048726,0.0332747880413,-0.931036339161012,0.7269973510174957
894,77302273075,1,0.973303908347554,-0.161060851070239,-0.139844908919402,0.084748484925869,892,77302273075,1,0.309965187148698,-0.020294190648249,0.034051401001321,-0.94992117076716,0.7803073673720349
895,77382273475,1,0.97329810430642,-0.161038316975989,-0.139843725786524,0.084859843136869,893,77382273475,1,0.105865874324023,-0.016631693519707,0.034462452366599,-0.993643871214006,0.9834224260606302
896,77462273875,1,0.973293013944909,-0.161015885789734,-0.139834537440435,0.084975853442037,894,77462273875,1,0.621743322296214,-0.032284344891785,0.030572631733242,-0.781957976136748,0.46038593174708775
897,77542274275,1,0.97328333738562,-0.16100334752092,-0.139842177299629,0.085097783183035,895,77542274275,1,0.639247976294798,-0.03577513927056,0.030829843586103,-0.767549141721645,0.4416987219316487
898,77622274675,1,0.973273983939016,-0.160990400190691,-0.139847624719271,0.085220215291305,896,77622274675,1,0.652352869945409,-0.042149630256482,0.034419479602717,-0.755959285389834,0.42753273301019645
899,77702275075,1,0.973261994541745,-0.160984198075306,-0.139868990870239,0.085333717507307,897,77702275075,1,0.704553817251436,0.423759315254759,-0.310846134865662,0.476871724649645,0.29833212786504615
900,77812275625,1,0.973250317587082,-0.160979097725672,-0.139887552984804,0.085446017648553,898,77812275625,1,0.189146283711041,-0.191402783822492,0.018759612302832,-0.96293132395283,0.8700043550266912
901,77892276025,1,0.97323738970516,-0.16097666425161,-0.139907035413617,0.085565871047307,899,77892276025,1,0.327932689432045,-0.161211581611065,0.004467697410126,-0.930833506507032,0.7351649847757573
902,77972276425,1,0.97322456238494,-0.160973180429734,-0.139925390042763,0.085688223078542,900,77972276425,1,0.47267052409555,-0.131612601838934,-0.015423146595824,-0.87121916027915,0.5912944688853952
903,78052276825,1,0.973211358353525,-0.160972695149915,-0.139943929586214,0.08580874057943,901,78052276825,1,0.603056655851139,-0.110790748564062,-0.029360958618693,-0.78942131588604,0.4588944883781645
904,78132277225,1,0.973199884996891,-0.16096887870396,-0.13995841356333,0.085922327736536,902,78132277225,1,0.715761584197224,-0.095468576180796,-0.041927559133081,-0.690516607573369,0.34151611851737396
905,78212277625,1,0.973187763144959,-0.160964926745038,-0.139978293547664,0.086034570716431,903,78212277625,1,0.816285518318796,-0.082193039962362,-0.056308263446161,-0.568991771673754,0.2334417538705208
906,78292278025,1,0.973174553696974,-0.160958566663485,-0.140015372984621,0.086135493162276,904,78292278025,1,0.916569833515272,-0.066122354907297,-0.076557788064559,-0.38686752197356,0.11997835940929602
907,78402278575,1,0.973160283432443,-0.160962316342472,-0.140047180182231,0.086237942869479,905,78402278575,1,0.993455047168845,-0.032322707857784,-0.109321701845598,-0.007146839656181,0.013312399466294367
908,78482278975,1,0.973150263745931,-0.160948581628777,-0.140067249464065,0.086343985722696,906,78482278975,1,0.380156156431417,0.0823917984714,-0.103990133268269,0.915357274759308,0.5497105718046714
909,78562279375,1,0.973138301798151,-0.160942495070281,-0.140088500590238,0.086455600491478,907,78562279375,1,0.833192925587741,-0.098553934471528,-0.069208032044656,-0.539710032379637,0.21029224071319141
910,78642279775,1,0.97312705964087,-0.160933626033993,-0.140107929798383,0.086567094290365,908,78642279775,1,0.124536262554988,0.089798549709486,-0.060303352526985,0.986301396862498,0.79943177531517
911,78722280175,1,0.973111519018244,-0.160939490091048,-0.140146564067278,0.086668290991429,909,78722280175,1,0.37835890293445,-0.108215331471637,-0.007496483498743,-0.919281124216024,0.6930203905358485
912,78802280575,1,0.973097954061094,-0.160938646669112,-0.140179002694497,0.086769643389861,910,78802280575,1,0.47625277544755,-0.119383980262684,-0.016491798574263,-0.871010206435568,0.5906113435031879
913,78882280975,1,0.973080861915027,-0.160955476495801,-0.140213703303682,0.0868739786506,911,78882280975,1,0.617608074981118,-0.123769524451626,-0.045282567686602,-0.775364984764494,0.44010582391033826
914,78962281375,1,0.973066733162716,-0.160956708994875,-0.140247509278037,0.086975322838641,912,78962281375,1,0.870976226419232,-0.010754328746814,-0.113930775313399,0.477812239129773,0.09321464611092589
915,79072281925,1,0.973053171092448,-0.160952748853092,-0.140285886991456,0.087072434068341,913,79072281925,1,0.569381717847083,0.049412816542069,-0.092311608300754,0.81537807176537,0.36996747329320945
916,79152282325,1,0.973036193327006,-0.160964915344812,-0.140332579554368,0.087164382745157,914,79152282325,1,0.727887821660896,0.026449198356372,-0.103529002735571,0.677319351987405,0.22242958256646084
917,79232282725,1,0.973019643008306,-0.160974583552872,-0.140379466046059,0.087255734955317,915,79232282725,1,0.808398847802114,0.014529583813214,-0.108817730245545,0.578306921669313,0.15001456505857325
918,79312284275,1,0.973000245848269,-0.160994916781682,-0.140438254168057,0.087339882733465,916,79312284275,1,0.901433152056334,-0.003498711179157,-0.113926196748484,0.41764440986118,0.06986543676134915
919,79392283525,1,0.972981468320712,-0.161012392499435,-0.140497767930587,0.087421101414945,917,79392283525,1,0.983199987525213,-0.031980417633103,-0.113863587738332,0.13903280478286,0.010063408075844715
920,79472283925,1,0.972962540265707,-0.161030081285578,-0.140556337045015,0.087504995727962,918,79472283925,1,0.941104703860031,-0.071567132459896,-0.092888025083482,-0.317130724970132,0.08751043769158273
921,79552284325,1,0.97294263915561,-0.161049846476652,-0.140614331084045,0.087596676629601,919,79552284325,1,0.655463082933449,-0.097382141169051,-0.043889440763314,-0.747635327203171,0.40590752497611027
922,79722287675,1,0.972921678810331,-0.161076172969612,-0.140672814150496,0.087687129964041,920,79722287675,1,0.559953269802419,-0.096585270917304,-0.02742913945569,-0.822417937175577,0.5079086731888187
923,79802285575,1,0.972902802207388,-0.161094235174888,-0.140731942798328,0.087768474560278,921,79802285575,1,0.667586737375165,-0.090347747287166,-0.043239221243666,-0.737763920497037,0.39461576551914157
924,79882285975,1,0.972890701771467,-0.161087406939174,-0.140767497008019,0.087858075999495,922,79882285975,1,0.862370807135128,-0.073688614661768,-0.079155265878671,-0.494591774046046,0.18144854542239242
925,79962286375,1,0.972882431432825,-0.161072321599365,-0.140778547824176,0.087959549205646,923,79962286375,1,0.835151653089982,0.024448919316515,-0.127645975759891,0.534444077109692,0.12645439812030834
926,80042286775,1,0.972874546382763,-0.161055079219631,-0.140789620118211,0.088060554875953,924,80042286775,1,0.202482512720549,-0.073493390303021,-0.011426229186673,-0.976457369735471,0.8755521168142254
927,80122287150,1,0.972866965975012,-0.161034656790936,-0.14078940649051,0.088181907707022,925,80122287150,1,0.354116529309604,0.045489073113533,-0.04552796246123,0.932984154490911,0.5741348663884694
928,80202287575,1,0.972860296328775,-0.161011190907819,-0.140786182509167,0.088303403354739,926,80202287575,1,0.119241451921767,0.057610039885913,-0.02281744560867,0.990929827800046,0.8025557295366694
929,80312288125,1,0.972852082894873,-0.160996588902743,-0.140785303444616,0.088421838381682,927,80312288125,1,0.025538982670264,-0.090016257944881,-0.010150509884725,-0.995561048263163,0.9527376674663129
930,80392288525,1,0.972842905256677,-0.160981848563232,-0.140795589164518,0.088533203922197,928,80392288525,1,0.641065725408651,-0.085133200096485,-0.199229621522412,0.736270759880934,0.2694037960395713
931,80472288925,1,0.97283347158718,-0.160969218496579,-0.140802866987934,0.088648180490151,929,80472288925,1,0.021467333597803,-0.020116696455754,0.058993557873415,-0.997824750264967,0.9273604989354624
932,80552289325,1,0.972823268025056,-0.160956922667696,-0.140810415579304,0.088770406661109,930,80552289325,1,0.033142412361867,0.005987395967169,-0.065305343024479,0.997296818286724,0.8709958863135945
933,80632289725,1,0.972813054096446,-0.160944786726294,-0.140817656035071,0.088892773350601,931,80632289725,1,0.200510391520858,-0.017015470546875,-0.073927065127564,0.976750144968428,0.7049660570826448
934,80712290125,1,0.972803985882742,-0.16092822239882,-0.140826843742287,0.089007372547395,932,80712290125,1,0.816925056883792,-0.089379130120908,-0.018160900907577,-0.569486614603424,0.23903938887848208
935,80792290525,1,0.972791628067633,-0.160923434783,-0.140846680607786,0.089119633420111,933,80792290525,1,0.51490670944365,-0.047677778675722,0.0527123545702,-0.854294631650069,0.5749893764836993
936,80872290925,1,0.972777761500842,-0.160923483367978,-0.140873068398586,0.089229131062089,934,80872290925,1,0.154787279269834,-0.033743397502904,0.048246736233681,-0.986191935550074,0.9387899871392762
937,80982291475,1,0.972763753502105,-0.160924294755371,-0.140904175963378,0.089331206339466,935,80982291475,1,0.419567811035435,-0.009471645231015,-0.046805566815406,0.906466976119174,0.5027645351532968
938,81062291850,1,0.972749843667611,-0.160924296801874,-0.140933987359755,0.089435583244825,936,81062291850,1,0.793823373690473,-0.036480118224135,-0.027702056256078,0.60642085092468,0.16379813622992367
939,81142292275,1,0.972737327335514,-0.160917831981456,-0.140957187409624,0.089546717841125,937,81142292275,1,0.69591487538212,-0.031502384797692,-0.033742514423331,0.716639050494974,0.24905940382603253
940,81222292675,1,0.972725139409473,-0.160911837146382,-0.140976865092814,0.089658838580474,938,81222292675,1,0.564007655998574,-0.026076660828057,-0.039527772205018,0.824410654321959,0.3676913276008493
941,81302293075,1,0.972714684210352,-0.160901864500726,-0.14099330959695,0.089764245502562,939,81302293075,1,0.240497340573629,-0.012630963612693,-0.047454610250607,0.969406802070828,0.6703235069869641
942,81382293475,1,0.97270030333457,-0.160903153845081,-0.14102621549188,0.089866019827181,940,81382293475,1,0.996559085691202,-0.041696347432349,-0.002831494226525,0.071577831607012,0.017105871502324566
943,81462293875,1,0.97268652761311,-0.160902743347402,-0.141056628056948,0.089968071361096,941,81462293875,1,0.511770471126037,-0.019609397614642,0.043190523580462,-0.857811771358653,0.5823205319141613
944,81562294375,1,0.972669503739042,-0.160910923725487,-0.141099734708746,0.090069839496789,942,81562294375,1,0.940694535015824,-0.038590561883082,0.019147197468026,-0.336508462232426,0.11181639816217759
945,81642294775,1,0.972652571421049,-0.160919608978519,-0.141141220025597,0.090172117441633,943,81642294775,1,0.997136790308479,-0.04327032020654,0.006148762595828,-0.061709752236325,0.029601636720285818
946,81722295175,1,0.972633088386907,-0.160935548165073,-0.141197998179478,0.090264888089795,944,81722295175,1,0.963878674014741,-0.046360125950365,-0.005631265911755,0.262215425453351,0.03057474667202098
947,81802295575,1,0.972617001939286,-0.160942780697108,-0.141241862150623,0.090356655849707,945,81802295575,1,0.993986930584384,-0.043582124421613,0.002810231008884,-0.10041256325784,0.03568704899712527
948,81882295975,1,0.972603480350637,-0.16093882390431,-0.141281337230128,0.090447491510781,946,81882295975,1,0.968810811656081,-0.043849733373766,0.008157839701204,-0.243754511245935,0.07387364285280507
949,81962296675,1,0.972583684677478,-0.1609564644061,-0.1413388180406,0.090539115193129,947,81962296675,1,0.94976840314103,-0.045907866854303,0.008779107065463,-0.3094436547014,0.09813916226043551
950,82042297075,1,0.972564830795627,-0.160970554644764,-0.141393876157106,0.090630581053527,948,82042297075,1,0.979835318821449,-0.060728784960045,-0.003232368212355,-0.190326862168968,0.05406347978267345
951,82122297475,1,0.9725471848591,-0.160978470608356,-0.141448885501762,0.090719997870058,949,82122297475,1,0.876527064577848,-0.015361058131464,-0.008003472534979,0.481040837541892,0.1002911652196462
952,82232298025,1,0.972531518210527,-0.160983105579235,-0.141492785853519,0.090811218231026,950,82232298025,1,0.976752929551949,-0.034476253135107,-0.005832108751419,0.211497255511651,0.024495371467667226
953,82312298425,1,0.97251348178722,-0.161002798138081,-0.141532709485111,0.090907199272719,951,82312298425,1,0.97779555949511,-0.035347534636107,-0.0060624290067,0.206469471305886,0.023761990600515204
954,82492301000,1,0.972494442075152,-0.161016476273509,-0.14159331292696,0.090992242723046,952,82492301000,1,0.97212208139418,-0.035597454313677,-0.007676545573392,0.231630202608151,0.026721403030455337
955,82572299725,1,0.972476423079722,-0.161030931922601,-0.141647965071633,0.091074142923633,953,82572299725,1,0.959642299487962,-0.035651791620126,-0.010353483310073,0.278762286134764,0.03417486179721696
956,82652300125,1,0.972458330130628,-0.161045331848728,-0.141703238187618,0.09115585300148,954,82652300125,1,0.928809233171181,-0.035206431283807,-0.015056148268179,0.368574589427361,0.05537065663297891
957,82732300525,1,0.972448616765453,-0.161033323881352,-0.14171108394788,0.091268423000494,955,82732300525,1,0.826475242219391,-0.032808123160374,-0.024440026219321,0.561484626834513,0.13630285375257523
958,82842301075,1,0.972440313837301,-0.161015217285971,-0.141716505893897,0.091380346812585,956,82842301075,1,0.908013373144578,-0.026933729240271,-0.021117584729081,0.417540819603338,0.07152671496038887
959,82922301475,1,0.972436871350381,-0.160979830420852,-0.141698329849747,0.091507424582645,957,82922301475,1,0.963899825312112,-0.038582625701441,0.01469880505347,-0.263044583459275,0.0826105735453384
960,83002301875,1,0.972432665810564,-0.160947338442399,-0.141678542290414,0.091639813221825,958,83002301875,1,0.991582463949058,-0.038265513850637,0.00476149627309,-0.123601358373214,0.04159549584899713
961,83082302275,1,0.97242779641705,-0.160917523569049,-0.14166346201687,0.091767068675421,959,83082302275,1,0.948108907294811,-0.037856304948687,0.01157662651085,-0.315471681458891,0.10253069811970428
962,83162302675,1,0.972422678056873,-0.160889920533409,-0.141657449177665,0.09187891903984,960,83162302675,1,0.745941596154002,-0.031980923014828,0.024736940001881,-0.664783001805613,0.3340677826545533
963,83242303075,1,0.972417349748727,-0.160862968358902,-0.141652044069372,0.091990769805424,961,83242303075,1,0.652060603383226,-0.022686820729446,-0.029095513444743,0.75726859751219,0.28849232667004665
964,83322303600,1,0.972409078922415,-0.160847446005752,-0.141652696352864,0.092104266777665,962,83322303600,1,0.15283637581632,-0.003036042120939,-0.037287471112903,0.987543148005988,0.7546533725637724
965,83402303875,1,0.972400492041614,-0.160829978688732,-0.141658553637787,0.092216350033271,963,83402303875,1,0.119162350552108,-0.001427392531205,-0.037641206114507,0.99215998526634,0.787071332874232
966,83502304375,1,0.972391091874194,-0.160810826985013,-0.141676755450867,0.092320849936642,964,83502304375,1,0.094596134288524,-9.9693639091e-05,-0.038095119474296,0.994786571738423,0.810762795141476
967,83582304775,1,0.972380158583829,-0.160801886302822,-0.141695256841326,0.092423128829385,965,83582304775,1,0.06729633449833,0.001400641251135,-0.038721219009297,0.996980395376764,0.8371569447486101
968,83662305175,1,0.972369314544714,-0.16079145106888,-0.141715219079426,0.092524710625204,966,83662305175,1,0.042254083009707,0.002863843630562,-0.039585566805264,0.998318272781468,0.8613949212669781
969,83742305575,1,0.972358230101498,-0.160781322341878,-0.141729090691163,0.092637484808989,967,83742305575,1,0.081951530062647,0.001923323031235,-0.040879378471539,0.995795724014062,0.8225811812994275
970,83822305975,1,0.972346417166297,-0.160772259742791,-0.141747195644269,0.092749436914983,968,83822305975,1,0.005188629291804,0.005509715542861,-0.042780624540197,0.999055823928102,0.8971147656440268
971,83902306375,1,0.972334297245187,-0.160764886074332,-0.14176847197076,0.092856696911381,969,83902306375,1,0.117131102308794,0.00237099565869,-0.046670431927358,0.992016408148185,0.787758822034887
972,83982306775,1,0.972320477351094,-0.160763175035426,-0.141798328715806,0.092958726592367,970,83982306775,1,0.556883877921123,-0.011907200180887,-0.054379384367129,0.828722780941393,0.37186824244949324
973,84082307275,1,0.972303473659385,-0.160773819939579,-0.141835454756661,0.093061472725829,971,84082307275,1,0.386961032326192,-0.028761482672046,-0.032058323238281,-0.921089681022811,0.7003033060354203
974,84162307675,1,0.972289671358847,-0.160772084091566,-0.14186503398968,0.093163534050969,972,84162307675,1,0.222990754289427,-0.000386282841627,-0.026544363654674,0.974459014553802,0.6885765266626128
975,84242308075,1,0.972275124465666,-0.160773175358007,-0.141896313615565,0.093265774070081,973,84242308075,1,0.293650389321246,-0.004297790264824,-0.02323888704295,0.955620705080905,0.6213758446047055
976,84322309175,1,0.972262938984211,-0.160764856917482,-0.141922403984646,0.093367389945878,974,84322309175,1,0.17864528375787,0.001760456502899,-0.025475341975517,0.983582111638475,0.731142814579067
977,84402308875,1,0.972248491246315,-0.160765469433892,-0.141953373374491,0.093469646915812,975,84402308875,1,0.261921535152341,-0.003713020175141,-0.022298620494917,0.964824385278815,0.6514030981631165
978,84482309275,1,0.972235111636776,-0.160764149867746,-0.141978455311805,0.093572934362456,976,84482309275,1,0.127099356393602,0.001711081322744,-0.022475610502062,0.991633840052667,0.7807234828937986
979,84562309675,1,0.972221236160703,-0.160762523138116,-0.14200796774129,0.093675056500705,977,84562309675,1,0.111076470752358,-0.01006990272871,0.019668136190852,-0.993566192622823,0.9862556346072066
980,84642310075,1,0.972207482511946,-0.160760894743062,-0.142036377162228,0.093777466546199,978,84642310075,1,0.87650256975557,-0.03249328179986,-0.001587453331817,-0.480296691474838,0.18744952498426837
981,84752310625,1,0.972190298037412,-0.160768089926517,-0.142084424103282,0.093870453767659,979,84752310625,1,0.49999424770646,-0.019587011710588,0.008349252080903,-0.865766938166612,0.5932177108615304
982,84832311025,1,0.972174302701466,-0.160774207663981,-0.142125967944701,0.093962697666248,980,84832311025,1,0.89170018923285,-0.023264294398676,-0.013733689219794,-0.45181957782797,0.16987396433230662
983,84912311400,1,0.972158548264712,-0.160780719861474,-0.142164888903873,0.094055629919864,981,84912311400,1,0.621435574136523,-0.024356761276243,0.00403246667053,-0.783076186964138,0.4661759960122833
984,84992311825,1,0.972142209909249,-0.160787360997542,-0.142208313790069,0.094147457454749,982,84992311825,1,0.373153706186716,-0.025387052317682,0.012408299230176,-0.927339119871448,0.7222307979309002
985,85172314400,1,0.972124681648287,-0.160798824064722,-0.142257453822746,0.094234592064108,983,85172314400,1,0.588627428847179,-0.028247089152674,0.006973872611471,-0.807880694820689,0.5003610424773728
986,85252313125,1,0.972106337879634,-0.160813016250836,-0.142312435811161,0.094316553542048,984,85252313125,1,0.821350059070897,-0.033558849431729,-0.004762624684004,-0.569416544802811,0.24919132747633266
987,85352313625,1,0.972091629889958,-0.160813752548553,-0.142342770971291,0.094421055074341,985,85352313625,1,0.775749091268777,-0.010359372614787,-0.036869189186631,0.629878316568697,0.1795130341274922
988,85432314025,1,0.972079755029849,-0.160804971572571,-0.142359173397578,0.094533468825656,986,85432314025,1,0.988011749034079,-0.031670134599686,-0.021233937246614,-0.149595809613987,0.045600030988526497
989,85512314425,1,0.972069574979765,-0.160789211336127,-0.14236920229566,0.094649781585926,987,85512314425,1,0.889214076142573,-0.041303127348593,-0.008622751231288,-0.455541465316099,0.1708702396470777
990,85592314825,1,0.972062732549336,-0.160764305544083,-0.14236269831757,0.094772064340641,988,85592314825,1,0.238342647533872,0.008762819219315,-0.028601893497941,0.970720313506525,0.6736557325578164
991,85672315225,1,0.972055708427893,-0.160739547677889,-0.142357312251054,0.094894115590541,989,85672315225,1,0.688008536547612,-0.01366577201173,-0.033748539540807,0.724788614971151,0.25543821860073024
992,85752315600,1,0.972045735077781,-0.160718200766701,-0.142369815801336,0.095013601174275,990,85752315600,1,0.690555924470858,-0.012784362525487,-0.035243321275891,0.722306710171282,0.25304683219837
993,85832316025,1,0.97203546324162,-0.160702468720544,-0.142376080382362,0.095135831749808,991,85832316025,1,0.787500991276849,-0.015637901753422,-0.037819730031152,0.614953098038462,0.1681193603316239
994,85912316400,1,0.972026395802533,-0.160685299753089,-0.14237458116144,0.095259639646082,992,85912316400,1,0.56739151063872,-0.019985042680383,-0.004144154482966,-0.82319517595027,0.5230964258918501
995,86012316925,1,0.972016196359036,-0.160668217514846,-0.142382081695196,0.09538123876558,993,86012316925,1,0.170685335814589,-0.036848439575282,-0.007384796423123,-0.984608639724696,0.9210324450710891
996,86092317325,1,0.972006677833586,-0.160653307044002,-0.142382511056651,0.095502637282667,994,86092317325,1,0.830607833511805,0.017750484597049,-0.022615806238454,0.556115161197373,0.13916475340876133
997,86172317725,1,0.97199772308965,-0.160634803262724,-0.142389469716199,0.095614461266176,995,86172317725,1,0.486688427217258,0.027823953528061,-0.018330870379477,0.872939964495836,0.4453336448559593
998,86252318125,1,0.971988787447657,-0.160616877842914,-0.142395257644321,0.095726726823996,996,86252318125,1,0.98379359298577,0.003868576346583,-0.045421495502161,-0.173413056785082,0.054517475869431786
999,86332318525,1,0.971978615365425,-0.160599340774236,-0.142409776612721,0.095837771991568,997,86332318525,1,0.053123223004514,0.019050215274947,-0.06708050599516,-0.996150198610141,0.9626592889949976
1000,86412318925,1,0.971966500203629,-0.16059036040252,-0.142426857593747,0.095950241602968,998,86412318925,1,0.822685917563236,-0.014560535300725,-0.004306298067201,0.568293346478603,0.14289734993009873
