sample,timestamp,sensor_id,q0,q1,q2,q3
0,72146875,0,0.999452477093553,-0.032934413361294,0.003171675397959,0.000104514492765
1,72146875,1,0.999452477093553,-0.032934413361294,0.003171675397959,0.000104514492765
2,91883500,0,0.999452477093553,-0.032934413361294,0.003171675397959,0.000104514492765
3,91883500,1,0.999452477093553,-0.032934413361294,0.003171675397959,0.000104514492765
4,111883625,0,0.999452477093553,-0.032934413361294,0.003171675397959,0.000104514492765
5,111883625,1,0.999452477093553,-0.032934413361294,0.003171675397959,0.000104514492765
6,131883725,0,0.999452477093553,-0.032934413361294,0.003171675397959,0.000104514492765
7,131883725,1,0.999452477093553,-0.032934413361294,0.003171675397959,0.000104514492765
8,151883825,0,0.999452166559154,-0.032943749246987,0.003172573482182,0.000104514427752
9,151883825,1,0.999432725300712,-0.033582395493242,0.002534730309693,0.000159540542716
10,171884225,0,0.999432725300712,-0.033582395493242,0.002534730309693,0.000159540542716
11,171884225,1,0.999432725300712,-0.033582395493242,0.002534730309693,0.000159540542716
12,191884325,0,0.999432725300712,-0.033582395493242,0.002534730309693,0.000159540542716
13,191884325,1,0.999432725300712,-0.033582395493242,0.002534730309693,0.000159540542716
14,211884425,0,0.999432725300712,-0.033582395493242,0.002534730309693,0.000159540542716
15,211884425,1,0.999432725300712,-0.033582395493242,0.002534730309693,0.000159540542716
16,231884525,0,0.999432392226119,-0.033592257570957,0.002535378524395,0.000159549996266
17,231884525,1,0.999412484238687,-0.034219824865816,0.001908335552238,0.000219520907187
18,251884625,0,0.999412484238687,-0.034219824865816,0.001908335552238,0.000219520907187
19,251884625,1,0.999412484238687,-0.034219824865816,0.001908335552238,0.000219520907187
20,291884825,0,0.999412484238687,-0.034219824865816,0.001908335552238,0.000219520907187
21,291884825,1,0.999412484238687,-0.034219824865816,0.001908335552238,0.000219520907187
22,311884925,0,0.999412484238687,-0.034219824865816,0.001908335552238,0.000219520907187
23,311884925,1,0.999412484238687,-0.034219824865816,0.001908335552238,0.000219520907187
24,331885325,0,0.999411970324292,-0.034234784270901,0.001909169784455,0.000219520330023
25,331885325,1,0.999391632963853,-0.034851274920973,0.001292939455010,0.000284439433915
26,351885425,0,0.999391632963853,-0.034851274920973,0.001292939455010,0.000284439433915
27,351885425,1,0.999391632963853,-0.034851274920973,0.001292939455010,0.000284439433915
28,371885525,0,0.999391632963853,-0.034851274920973,0.001292939455010,0.000284439433915
29,371885525,1,0.999391632963853,-0.034851274920973,0.001292939455010,0.000284439433915
30,391885625,0,0.999391632963853,-0.034851274920973,0.001292939455010,0.000284439433915
31,391885625,1,0.999391632963853,-0.034851274920973,0.001292939455010,0.000284439433915
32,411885725,0,0.999390925713685,-0.034871515226437,0.001293883018067,0.000284418162578
33,411885725,1,0.999369826855048,-0.035487574275614,0.000677641314125,0.000349350816066
34,431885825,0,0.999369826855048,-0.035487574275614,0.000677641314125,0.000349350816066
35,431885825,1,0.999369826855048,-0.035487574275614,0.000677641314125,0.000349350816066
36,451885925,0,0.999369826855048,-0.035487574275614,0.000677641314125,0.000349350816066
37,451885925,1,0.999369826855048,-0.035487574275614,0.000677641314125,0.000349350816066
38,471886025,0,0.999369826855048,-0.035487574275614,0.000677641314125,0.000349350816066
39,471886025,1,0.999369826855048,-0.035487574275614,0.000677641314125,0.000349350816066
40,491886125,0,0.999368938652075,-0.035512553082805,0.000679008548279,0.000349254002266
41,491886125,1,0.999347075172867,-0.036128213908611,0.000062737956707,0.000414206661246
42,511886225,0,0.999347075172867,-0.036128213908611,0.000062737956707,0.000414206661246
43,511886225,1,0.999347075172867,-0.036128213908611,0.000062737956707,0.000414206661246
44,531886325,0,0.999347075172867,-0.036128213908611,0.000062737956707,0.000414206661246
45,531886325,1,0.999347075172867,-0.036128213908611,0.000062737956707,0.000414206661246
46,551887550,0,0.999347075172867,-0.036128213908611,0.000062737956707,0.000414206661246
47,551887550,1,0.999347075172867,-0.036128213908611,0.000062737956707,0.000414206661246
48,571886525,0,0.999345961237194,-0.036159012872568,0.000063863946053,0.000414087413777
49,571886525,1,0.999323332586650,-0.036774207157162,-0.000552392336780,0.000479060101347
50,591886625,0,0.999323332586650,-0.036774207157162,-0.000552392336780,0.000479060101347
51,591886625,1,0.999323332586650,-0.036774207157162,-0.000552392336780,0.000479060101347
52,611886700,0,0.999323332586650,-0.036774207157162,-0.000552392336780,0.000479060101347
53,611886700,1,0.999323332586650,-0.036774207157162,-0.000552392336780,0.000479060101347
54,631886825,0,0.999323332586650,-0.036774207157162,-0.000552392336780,0.000479060101347
55,631886825,1,0.999323332586650,-0.036774207157162,-0.000552392336780,0.000479060101347
56,651887225,0,0.999321959903541,-0.036811502273202,-0.000551716493536,0.000478919456746
57,651887225,1,0.999298256068249,-0.037434161513109,-0.001175930033675,0.000544205222150
58,671887325,0,0.999298256068249,-0.037434161513109,-0.001175930033675,0.000544205222150
59,671887325,1,0.999298256068249,-0.037434161513109,-0.001175930033675,0.000544205222150
60,691887425,0,0.999298256068249,-0.037434161513109,-0.001175930033675,0.000544205222150
61,691887425,1,0.999298256068249,-0.037434161513109,-0.001175930033675,0.000544205222150
62,711887525,0,0.999298256068249,-0.037434161513109,-0.001175930033675,0.000544205222150
63,711887525,1,0.999298256068249,-0.037434161513109,-0.001175930033675,0.000544205222150
64,731887625,0,0.999296657276550,-0.037476837830490,-0.001175356647031,0.000543984275811
65,731887625,1,0.999272055149698,-0.038101711554349,-0.001802223185581,0.000609397339830
66,751887725,0,0.999272055149698,-0.038101711554349,-0.001802223185581,0.000609397339830
67,751887725,1,0.999272055149698,-0.038101711554349,-0.001802223185581,0.000609397339830
68,771887775,0,0.999272055149698,-0.038101711554349,-0.001802223185581,0.000609397339830
69,771887775,1,0.999272055149698,-0.038101711554349,-0.001802223185581,0.000609397339830
70,791887925,0,0.999272055149698,-0.038101711554349,-0.001802223185581,0.000609397339830
71,791887925,1,0.999272055149698,-0.038101711554349,-0.001802223185581,0.000609397339830
72,811888000,0,0.999270200544011,-0.038150335258229,-0.001802004431492,0.000609101343447
73,811888000,1,0.999244799870794,-0.038774717745821,-0.002428942796713,0.000671886746137
74,831888125,0,0.999244799870794,-0.038774717745821,-0.002428942796713,0.000671886746137
75,831888125,1,0.999244799870794,-0.038774717745821,-0.002428942796713,0.000671886746137
76,851888225,0,0.999244799870794,-0.038774717745821,-0.002428942796713,0.000671886746137
77,851888225,1,0.999244799870794,-0.038774717745821,-0.002428942796713,0.000671886746137
78,871888325,0,0.999244799870794,-0.038774717745821,-0.002428942796713,0.000671886746137
79,871888325,1,0.999244799870794,-0.038774717745821,-0.002428942796713,0.000671886746137
80,891888425,0,0.999242679024691,-0.038829325958398,-0.002429185115211,0.000671506404635
81,891888425,1,0.999216481282274,-0.039453192397636,-0.003056397445452,0.000726345758960
82,1031891600,0,0.999216481282274,-0.039453192397636,-0.003056397445452,0.000726345758960
83,1031891600,1,0.999216481282274,-0.039453192397636,-0.003056397445452,0.000726345758960
84,1051890900,0,0.999216481282274,-0.039453192397636,-0.003056397445452,0.000726345758960
85,1051890900,1,0.999216481282274,-0.039453192397636,-0.003056397445452,0.000726345758960
86,1071890350,0,0.999216481282274,-0.039453192397636,-0.003056397445452,0.000726345758960
87,1071890350,1,0.999216481282274,-0.039453192397636,-0.003056397445452,0.000726345758960
88,1091889925,0,0.999214087778152,-0.039513762315772,-0.003056565545632,0.000725796386051
89,1091889925,1,0.999186618239059,-0.040147765219816,-0.003694429255498,0.000781071266453
90,1111889525,0,0.999186618239059,-0.040147765219816,-0.003694429255498,0.000781071266453
91,1111889525,1,0.999186618239059,-0.040147765219816,-0.003694429255498,0.000781071266453
92,1131889625,0,0.999186618239059,-0.040147765219816,-0.003694429255498,0.000781071266453
93,1131889625,1,0.999186618239059,-0.040147765219816,-0.003694429255498,0.000781071266453
94,1151889725,0,0.999186618239059,-0.040147765219816,-0.003694429255498,0.000781071266453
95,1151889725,1,0.999186618239059,-0.040147765219816,-0.003694429255498,0.000781071266453
96,1171889825,0,0.999183917957744,-0.040214821804381,-0.003695552175407,0.000780446009623
97,1171889825,1,0.999155614389260,-0.040848278934760,-0.004333340367416,0.000835765367426
98,1191889925,0,0.999155614389260,-0.040848278934760,-0.004333340367416,0.000835765367426
99,1191889925,1,0.999155614389260,-0.040848278934760,-0.004333340367416,0.000835765367426
100,1211890025,0,0.999155614389260,-0.040848278934760,-0.004333340367416,0.000835765367426
101,1211890025,1,0.999155614389260,-0.040848278934760,-0.004333340367416,0.000835765367426
102,1231890125,0,0.999155614389260,-0.040848278934760,-0.004333340367416,0.000835765367426
103,1231890125,1,0.999155614389260,-0.040848278934760,-0.004333340367416,0.000835765367426
104,1251890225,0,0.999152609934095,-0.040921430525610,-0.004336029856516,0.000835123169399
105,1251890225,1,0.999124932962209,-0.041522562739736,-0.004940755389420,0.000913265004681
106,1271890325,0,0.999124932962209,-0.041522562739736,-0.004940755389420,0.000913265004681
107,1271890325,1,0.999124932962209,-0.041522562739736,-0.004940755389420,0.000913265004681
108,1291890725,0,0.999124932962209,-0.041522562739736,-0.004940755389420,0.000913265004681
109,1291890725,1,0.999124932962209,-0.041522562739736,-0.004940755389420,0.000913265004681
110,1311890825,0,0.999124932962209,-0.041522562739736,-0.004940755389420,0.000913265004681
111,1311890825,1,0.999124932962209,-0.041522562739736,-0.004940755389420,0.000913265004681
112,1331890925,0,0.999121599099722,-0.041602362153187,-0.004943797961728,0.000912434876031
113,1331890925,1,0.999093662922068,-0.042192325550303,-0.005537501152521,0.000998225729667
114,1351891025,0,0.999093662922068,-0.042192325550303,-0.005537501152521,0.000998225729667
115,1351891025,1,0.999093662922068,-0.042192325550303,-0.005537501152521,0.000998225729667
116,1371891125,0,0.999093662922068,-0.042192325550303,-0.005537501152521,0.000998225729667
117,1371891125,1,0.999093662922068,-0.042192325550303,-0.005537501152521,0.000998225729667
118,1391891225,0,0.999093662922068,-0.042192325550303,-0.005537501152521,0.000998225729667
119,1391891225,1,0.999093662922068,-0.042192325550303,-0.005537501152521,0.000998225729667
120,1411891325,0,0.999089988849151,-0.042278743813867,-0.005541433436627,0.000997255430006
121,1411891325,1,0.999061445867268,-0.042865466675116,-0.006132393511578,0.001083004223699
122,1431891425,0,0.999061445867268,-0.042865466675116,-0.006132393511578,0.001083004223699
123,1431891425,1,0.999061445867268,-0.042865466675116,-0.006132393511578,0.001083004223699
124,1451891525,0,0.999061445867268,-0.042865466675116,-0.006132393511578,0.001083004223699
125,1451891525,1,0.999061445867268,-0.042865466675116,-0.006132393511578,0.001083004223699
126,1471891600,0,0.999061445867268,-0.042865466675116,-0.006132393511578,0.001083004223699
127,1471891600,1,0.999061445867268,-0.042865466675116,-0.006132393511578,0.001083004223699
128,1491891725,0,0.999057391609389,-0.042959311336882,-0.006136419666028,0.001081754957426
129,1491891725,1,0.999028519075757,-0.043537405234502,-0.006719365806519,0.001167279702800
130,1511891825,0,0.999028519075757,-0.043537405234502,-0.006719365806519,0.001167279702800
131,1511891825,1,0.999028519075757,-0.043537405234502,-0.006719365806519,0.001167279702800
132,1531891925,0,0.999028519075757,-0.043537405234502,-0.006719365806519,0.001167279702800
133,1531891925,1,0.999028519075757,-0.043537405234502,-0.006719365806519,0.001167279702800
134,1581892150,0,0.999028519075757,-0.043537405234502,-0.006719365806519,0.001167279702800
135,1581892150,1,0.999028519075757,-0.043537405234502,-0.006719365806519,0.001167279702800
136,1601892275,0,0.999024103886848,-0.043637786298967,-0.006724884366546,0.001165928926649
137,1601892275,1,0.998994648793777,-0.044212634980204,-0.007304921971584,0.001254075154737
138,1621892375,0,0.998994648793777,-0.044212634980204,-0.007304921971584,0.001254075154737
139,1621892375,1,0.998994648793777,-0.044212634980204,-0.007304921971584,0.001254075154737
140,1641892475,0,0.998994648793777,-0.044212634980204,-0.007304921971584,0.001254075154737
141,1641892475,1,0.998994648793777,-0.044212634980204,-0.007304921971584,0.001254075154737
142,1661892575,0,0.998994648793777,-0.044212634980204,-0.007304921971584,0.001254075154737
143,1661892575,1,0.998994648793777,-0.044212634980204,-0.007304921971584,0.001254075154737
144,1681892675,0,0.998989798095258,-0.044320864998990,-0.007312662787077,0.001252673261693
145,1681892675,1,0.998960044908773,-0.044887080742470,-0.007884163534664,0.001348563546740
146,1701892775,0,0.998960044908773,-0.044887080742470,-0.007884163534664,0.001348563546740
147,1701892775,1,0.998960044908773,-0.044887080742470,-0.007884163534664,0.001348563546740
148,1721892875,0,0.998960044908773,-0.044887080742470,-0.007884163534664,0.001348563546740
149,1721892875,1,0.998960044908773,-0.044887080742470,-0.007884163534664,0.001348563546740
150,1741892975,0,0.998960044908773,-0.044887080742470,-0.007884163534664,0.001348563546740
151,1741892975,1,0.998960044908773,-0.044887080742470,-0.007884163534664,0.001348563546740
152,1761893075,0,0.998954809653231,-0.045002005843666,-0.007892626605451,0.001346917217374
153,1761893075,1,0.998924358822694,-0.045567568992045,-0.008464047226800,0.001442883005191
154,1781893175,0,0.998924358822694,-0.045567568992045,-0.008464047226800,0.001442883005191
155,1781893175,1,0.998924358822694,-0.045567568992045,-0.008464047226800,0.001442883005191
156,1801893275,0,0.998924358822694,-0.045567568992045,-0.008464047226800,0.001442883005191
157,1801893275,1,0.998924358822694,-0.045567568992045,-0.008464047226800,0.001442883005191
158,1821893375,0,0.998924358822694,-0.045567568992045,-0.008464047226800,0.001442883005191
159,1821893375,1,0.998924358822694,-0.045567568992045,-0.008464047226800,0.001442883005191
160,1841893475,0,0.998918741782683,-0.045689236077794,-0.008471442662124,0.001440722440539
161,1841893475,1,0.998887173552539,-0.046261954559133,-0.009051643624272,0.001521124678522
162,1861893575,0,0.998887173552539,-0.046261954559133,-0.009051643624272,0.001521124678522
163,1861893575,1,0.998887173552539,-0.046261954559133,-0.009051643624272,0.001521124678522
164,1881893675,0,0.998887173552539,-0.046261954559133,-0.009051643624272,0.001521124678522
165,1881893675,1,0.998887173552539,-0.046261954559133,-0.009051643624272,0.001521124678522
166,1901893775,0,0.998887173552539,-0.046261954559133,-0.009051643624272,0.001521124678522
167,1901893775,1,0.998887173552539,-0.046261954559133,-0.009051643624272,0.001521124678522
168,1921893875,0,0.998881088197211,-0.046391276409693,-0.009061678819357,0.001518911455540
169,1921893875,1,0.998848663301599,-0.046965828355281,-0.009644554741076,0.001594161647076
170,1941893975,0,0.998848663301599,-0.046965828355281,-0.009644554741076,0.001594161647076
171,1941893975,1,0.998848663301599,-0.046965828355281,-0.009644554741076,0.001594161647076
172,1961894075,0,0.998848663301599,-0.046965828355281,-0.009644554741076,0.001594161647076
173,1961894075,1,0.998848663301599,-0.046965828355281,-0.009644554741076,0.001594161647076
174,1981894175,0,0.998848663301599,-0.046965828355281,-0.009644554741076,0.001594161647076
175,1981894175,1,0.998848663301599,-0.046965828355281,-0.009644554741076,0.001594161647076
176,2001894275,0,0.998842112007229,-0.047102664344674,-0.009656122886308,0.001591723398149
177,2001894275,1,0.998808804927417,-0.047679103729316,-0.010241385038667,0.001669820207333
178,2021894375,0,0.998808804927417,-0.047679103729316,-0.010241385038667,0.001669820207333
179,2021894375,1,0.998808804927417,-0.047679103729316,-0.010241385038667,0.001669820207333
180,2041894475,0,0.998808804927417,-0.047679103729316,-0.010241385038667,0.001669820207333
181,2041894475,1,0.998808804927417,-0.047679103729316,-0.010241385038667,0.001669820207333
182,2061894575,0,0.998808804927417,-0.047679103729316,-0.010241385038667,0.001669820207333
183,2061894575,1,0.998808804927417,-0.047679103729316,-0.010241385038667,0.001669820207333
184,2081894675,0,0.998801793068067,-0.047822844666331,-0.010255429735846,0.001667289107501
185,2081894675,1,0.998767264670039,-0.048406558361444,-0.010848064765767,0.001753745125943
186,2101894775,0,0.998767264670039,-0.048406558361444,-0.010848064765767,0.001753745125943
187,2101894775,1,0.998767264670039,-0.048406558361444,-0.010848064765767,0.001753745125943
188,2121894875,0,0.998767264670039,-0.048406558361444,-0.010848064765767,0.001753745125943
189,2121894875,1,0.998767264670039,-0.048406558361444,-0.010848064765767,0.001753745125943
190,2141894975,0,0.998767264670039,-0.048406558361444,-0.010848064765767,0.001753745125943
191,2141894975,1,0.998767264670039,-0.048406558361444,-0.010848064765767,0.001753745125943
192,2161895075,0,0.998759729121919,-0.048558445901328,-0.010863478983585,0.001750897008070
193,2161895075,1,0.998724447811142,-0.049141246651028,-0.011455958232681,0.001837455546193
194,2181895175,0,0.998724447811142,-0.049141246651028,-0.011455958232681,0.001837455546193
195,2181895175,1,0.998724447811142,-0.049141246651028,-0.011455958232681,0.001837455546193
196,2221895375,0,0.998724447811142,-0.049141246651028,-0.011455958232681,0.001837455546193
197,2221895375,1,0.998724447811142,-0.049141246651028,-0.011455958232681,0.001837455546193
198,2241895475,0,0.998724447811142,-0.049141246651028,-0.011455958232681,0.001837455546193
199,2241895475,1,0.998724447811142,-0.049141246651028,-0.011455958232681,0.001837455546193
200,2261895575,0,0.998716315727139,-0.049302228612237,-0.011473710085218,0.001834374868239
201,2261895575,1,0.998680299154137,-0.049883902980853,-0.012066338694851,0.001913053920251
202,2281895675,0,0.998680299154137,-0.049883902980853,-0.012066338694851,0.001913053920251
203,2281895675,1,0.998680299154137,-0.049883902980853,-0.012066338694851,0.001913053920251
204,2301895775,0,0.998680299154137,-0.049883902980853,-0.012066338694851,0.001913053920251
205,2301895775,1,0.998680299154137,-0.049883902980853,-0.012066338694851,0.001913053920251
206,2321895875,0,0.998680299154137,-0.049883902980853,-0.012066338694851,0.001913053920251
207,2321895875,1,0.998680299154137,-0.049883902980853,-0.012066338694851,0.001913053920251
208,2341895975,0,0.998671642537742,-0.050052335411128,-0.012085826895697,0.001909685604589
209,2341895975,1,0.998634873532941,-0.050633037009802,-0.012678385995300,0.001985813577690
210,2361896075,0,0.998634873532941,-0.050633037009802,-0.012678385995300,0.001985813577690
211,2361896075,1,0.998634873532941,-0.050633037009802,-0.012678385995300,0.001985813577690
212,2381896175,0,0.998634873532941,-0.050633037009802,-0.012678385995300,0.001985813577690
213,2381896175,1,0.998634873532941,-0.050633037009802,-0.012678385995300,0.001985813577690
214,2401896275,0,0.998634873532941,-0.050633037009802,-0.012678385995300,0.001985813577690
215,2401896275,1,0.998634873532941,-0.050633037009802,-0.012678385995300,0.001985813577690
216,2421896375,0,0.998625611829789,-0.050809691467038,-0.012701678988509,0.001982423132686
217,2421896375,1,0.998588089215011,-0.051389335375385,-0.013293844048181,0.002058639845059
218,2441896475,0,0.998588089215011,-0.051389335375385,-0.013293844048181,0.002058639845059
219,2441896475,1,0.998588089215011,-0.051389335375385,-0.013293844048181,0.002058639845059
220,2461896575,0,0.998588089215011,-0.051389335375385,-0.013293844048181,0.002058639845059
221,2461896575,1,0.998588089215011,-0.051389335375385,-0.013293844048181,0.002058639845059
222,2481896675,0,0.998588089215011,-0.051389335375385,-0.013293844048181,0.002058639845059
223,2481896675,1,0.998588089215011,-0.051389335375385,-0.013293844048181,0.002058639845059
224,2501896775,0,0.998578233334151,-0.051574287136990,-0.013318502364415,0.002054826592836
225,2501896775,1,0.998539954768521,-0.052152809488218,-0.013910474430669,0.002131172090571
226,2521896875,0,0.998539954768521,-0.052152809488218,-0.013910474430669,0.002131172090571
227,2521896875,1,0.998539954768521,-0.052152809488218,-0.013910474430669,0.002131172090571
228,2541896975,0,0.998539954768521,-0.052152809488218,-0.013910474430669,0.002131172090571
229,2541896975,1,0.998539954768521,-0.052152809488218,-0.013910474430669,0.002131172090571
230,2561897075,0,0.998539954768521,-0.052152809488218,-0.013910474430669,0.002131172090571
231,2561897075,1,0.998539954768521,-0.052152809488218,-0.013910474430669,0.002131172090571
232,2581897475,0,0.998529466593050,-0.052346227733799,-0.013937447321390,0.002127051857577
233,2581897475,1,0.998490434068028,-0.052923548704560,-0.014529128114809,0.002203520678573
234,2601897575,0,0.998490434068028,-0.052923548704560,-0.014529128114809,0.002203520678573
235,2601897575,1,0.998490434068028,-0.052923548704560,-0.014529128114809,0.002203520678573
236,2621897675,0,0.998490434068028,-0.052923548704560,-0.014529128114809,0.002203520678573
237,2621897675,1,0.998490434068028,-0.052923548704560,-0.014529128114809,0.002203520678573
238,2641897775,0,0.998490434068028,-0.052923548704560,-0.014529128114809,0.002203520678573
239,2641897775,1,0.998490434068028,-0.052923548704560,-0.014529128114809,0.002203520678573
240,2661897875,0,0.998479306736048,-0.053125095352259,-0.014558912664814,0.002199164780912
241,2661897875,1,0.998438052562675,-0.053722399334108,-0.015171559079571,0.002276576318686
242,2681897975,0,0.998438052562675,-0.053722399334108,-0.015171559079571,0.002276576318686
243,2681897975,1,0.998438052562675,-0.053722399334108,-0.015171559079571,0.002276576318686
244,2701898075,0,0.998438052562675,-0.053722399334108,-0.015171559079571,0.002276576318686
245,2701898075,1,0.998438052562675,-0.053722399334108,-0.015171559079571,0.002276576318686
246,2721898175,0,0.998438052562675,-0.053722399334108,-0.015171559079571,0.002276576318686
247,2721898175,1,0.998438052562675,-0.053722399334108,-0.015171559079571,0.002276576318686
248,2741898275,0,0.998426211876953,-0.053933113257473,-0.015203861675373,0.002271854209741
249,2741898275,1,0.998384153765902,-0.054528991060737,-0.015816160283740,0.002349407780873
250,2761898375,0,0.998384153765902,-0.054528991060737,-0.015816160283740,0.002349407780873
251,2761898375,1,0.998384153765902,-0.054528991060737,-0.015816160283740,0.002349407780873
252,2781898475,0,0.998384153765902,-0.054528991060737,-0.015816160283740,0.002349407780873
253,2781898475,1,0.998384153765902,-0.054528991060737,-0.015816160283740,0.002349407780873
254,2801898575,0,0.998384153765902,-0.054528991060737,-0.015816160283740,0.002349407780873
255,2801898575,1,0.998384153765902,-0.054528991060737,-0.015816160283740,0.002349407780873
256,2851898825,0,0.998371624781232,-0.054748002166334,-0.015851152903796,0.002344363900788
257,2851898825,1,0.998328964977274,-0.055339707072469,-0.016460691471337,0.002416639158693
258,2871898900,0,0.998328964977274,-0.055339707072469,-0.016460691471337,0.002416639158693
259,2871898900,1,0.998328964977274,-0.055339707072469,-0.016460691471337,0.002416639158693
260,2891899025,0,0.998328964977274,-0.055339707072469,-0.016460691471337,0.002416639158693
261,2891899025,1,0.998328964977274,-0.055339707072469,-0.016460691471337,0.002416639158693
262,2911899125,0,0.998328964977274,-0.055339707072469,-0.016460691471337,0.002416639158693
263,2911899125,1,0.998328964977274,-0.055339707072469,-0.016460691471337,0.002416639158693
264,2931899225,0,0.998315665723511,-0.055568219445612,-0.016498207702920,0.002411161806988
265,2931899225,1,0.998272815760932,-0.056150216957214,-0.017099652730418,0.002477967896627
266,2951899325,0,0.998272815760932,-0.056150216957214,-0.017099652730418,0.002477967896627
267,2951899325,1,0.998272815760932,-0.056150216957214,-0.017099652730418,0.002477967896627
268,2971899425,0,0.998272815760932,-0.056150216957214,-0.017099652730418,0.002477967896627
269,2971899425,1,0.998272815760932,-0.056150216957214,-0.017099652730418,0.002477967896627
270,2991899525,0,0.998272815760932,-0.056150216957214,-0.017099652730418,0.002477967896627
271,2991899525,1,0.998272815760932,-0.056150216957214,-0.017099652730418,0.002477967896627
272,3011899625,0,0.998258729550364,-0.056388037113548,-0.017140207373183,0.002472132314036
273,3011899625,1,0.998214911564088,-0.056970962927364,-0.017743693598582,0.002541859891674
274,3031899725,0,0.998214911564088,-0.056970962927364,-0.017743693598582,0.002541859891674
275,3031899725,1,0.998214911564088,-0.056970962927364,-0.017743693598582,0.002541859891674
276,3051899825,0,0.998214911564088,-0.056970962927364,-0.017743693598582,0.002541859891674
277,3051899825,1,0.998214911564088,-0.056970962927364,-0.017743693598582,0.002541859891674
278,3071899950,0,0.998214911564088,-0.056970962927364,-0.017743693598582,0.002541859891674
279,3071899950,1,0.998214911564088,-0.056970962927364,-0.017743693598582,0.002541859891674
280,3091900025,0,0.998200000260397,-0.057218363663050,-0.017787324707015,0.002535630027055
281,3091900025,1,0.998154791059913,-0.057807445792454,-0.018397832837498,0.002613817510226
282,3111900125,0,0.998154791059913,-0.057807445792454,-0.018397832837498,0.002613817510226
283,3111900125,1,0.998154791059913,-0.057807445792454,-0.018397832837498,0.002613817510226
284,3131900225,0,0.998154791059913,-0.057807445792454,-0.018397832837498,0.002613817510226
285,3131900225,1,0.998154791059913,-0.057807445792454,-0.018397832837498,0.002613817510226
286,3151900325,0,0.998154791059913,-0.057807445792454,-0.018397832837498,0.002613817510226
287,3151900325,1,0.998154791059913,-0.057807445792454,-0.018397832837498,0.002613817510226
288,3171900425,0,0.998139010188023,-0.058064714011895,-0.018444727038201,0.002607177032135
289,3171900425,1,0.998093027435595,-0.058651654249057,-0.019054655200007,0.002685545290363
290,3191900525,0,0.998093027435595,-0.058651654249057,-0.019054655200007,0.002685545290363
291,3191900525,1,0.998093027435595,-0.058651654249057,-0.019054655200007,0.002685545290363
292,3211900625,0,0.998093027435595,-0.058651654249057,-0.019054655200007,0.002685545290363
293,3211900625,1,0.998093027435595,-0.058651654249057,-0.019054655200007,0.002685545290363
294,3231900725,0,0.998093027435595,-0.058651654249057,-0.019054655200007,0.002685545290363
295,3231900725,1,0.998093027435595,-0.058651654249057,-0.019054655200007,0.002685545290363
296,3251900825,0,0.998076211969387,-0.058920669657621,-0.019106404131949,0.002678639409012
297,3251900825,1,0.998029503005112,-0.059504897768352,-0.019715986885016,0.002749206084913
298,3271900900,0,0.998029503005112,-0.059504897768352,-0.019715986885016,0.002749206084913
299,3271900900,1,0.998029503005112,-0.059504897768352,-0.019715986885016,0.002749206084913
300,3291901000,0,0.998029503005112,-0.059504897768352,-0.019715986885016,0.002749206084913
301,3291901000,1,0.998029503005112,-0.059504897768352,-0.019715986885016,0.002749206084913
302,3311901125,0,0.998029503005112,-0.059504897768352,-0.019715986885016,0.002749206084913
303,3311901125,1,0.998029503005112,-0.059504897768352,-0.019715986885016,0.002749206084913
304,3331901225,0,0.998011794149629,-0.059783503423843,-0.019770537980360,0.002741766689065
305,3331901225,1,0.997964340479406,-0.060365137149103,-0.020379643509115,0.002809889484592
306,3351901325,0,0.997964340479406,-0.060365137149103,-0.020379643509115,0.002809889484592
307,3351901325,1,0.997964340479406,-0.060365137149103,-0.020379643509115,0.002809889484592
308,3371901425,0,0.997964340479406,-0.060365137149103,-0.020379643509115,0.002809889484592
309,3371901425,1,0.997964340479406,-0.060365137149103,-0.020379643509115,0.002809889484592
310,3391901525,0,0.997964340479406,-0.060365137149103,-0.020379643509115,0.002809889484592
311,3391901525,1,0.997964340479406,-0.060365137149103,-0.020379643509115,0.002809889484592
312,3411901625,0,0.997945629124889,-0.060654459950075,-0.020437874667920,0.002801977471940
313,3411901625,1,0.997897231772524,-0.061235790569276,-0.021048834352314,0.002870426187753
314,3431901725,0,0.997897231772524,-0.061235790569276,-0.021048834352314,0.002870426187753
315,3431901725,1,0.997897231772524,-0.061235790569276,-0.021048834352314,0.002870426187753
316,3451901825,0,0.997897231772524,-0.061235790569276,-0.021048834352314,0.002870426187753
317,3451901825,1,0.997897231772524,-0.061235790569276,-0.021048834352314,0.002870426187753
318,3491902025,0,0.997897231772524,-0.061235790569276,-0.021048834352314,0.002870426187753
319,3491902025,1,0.997897231772524,-0.061235790569276,-0.021048834352314,0.002870426187753
320,3511902125,0,0.997877885619889,-0.061530030332905,-0.021108987049859,0.002862066341040
321,3511902125,1,0.997828059649227,-0.062116804880248,-0.021727281998344,0.002931065521805
322,3531902225,0,0.997828059649227,-0.062116804880248,-0.021727281998344,0.002931065521805
323,3531902225,1,0.997828059649227,-0.062116804880248,-0.021727281998344,0.002931065521805
324,3551902325,0,0.997828059649227,-0.062116804880248,-0.021727281998344,0.002931065521805
325,3551902325,1,0.997828059649227,-0.062116804880248,-0.021727281998344,0.002931065521805
326,3571902425,0,0.997828059649227,-0.062116804880248,-0.021727281998344,0.002931065521805
327,3571902425,1,0.997828059649227,-0.062116804880248,-0.021727281998344,0.002931065521805
328,3591902500,0,0.997807394650067,-0.062425567359230,-0.021792490224896,0.002922172363434
329,3591902500,1,0.997756900346389,-0.063008164709927,-0.022409603913616,0.002991428335788
330,3611902625,0,0.997756900346389,-0.063008164709927,-0.022409603913616,0.002991428335788
331,3611902625,1,0.997756900346389,-0.063008164709927,-0.022409603913616,0.002991428335788
332,3631902725,0,0.997756900346389,-0.063008164709927,-0.022409603913616,0.002991428335788
333,3631902725,1,0.997756900346389,-0.063008164709927,-0.022409603913616,0.002991428335788
334,3651902825,0,0.997756900346389,-0.063008164709927,-0.022409603913616,0.002991428335788
335,3651902825,1,0.997756900346389,-0.063008164709927,-0.022409603913616,0.002991428335788
336,3671902925,0,0.997734803616571,-0.063333993969707,-0.022476211675315,0.002981068394863
337,3671902925,1,0.997683723221189,-0.063911261250219,-0.023093220085458,0.003040113648781
338,3691902500,0,0.997683723221189,-0.063911261250219,-0.023093220085458,0.003040113648781
339,3691902500,1,0.997683723221189,-0.063911261250219,-0.023093220085458,0.003040113648781
340,3801906025,0,0.997683723221189,-0.063911261250219,-0.023093220085458,0.003040113648781
341,3801906025,1,0.997683723221189,-0.063911261250219,-0.023093220085458,0.003040113648781
342,3821905350,0,0.997683723221189,-0.063911261250219,-0.023093220085458,0.003040113648781
343,3821905350,1,0.997683723221189,-0.063911261250219,-0.023093220085458,0.003040113648781
344,3841904875,0,0.997660858636367,-0.064241861935151,-0.023164936571514,0.003029857041153
345,3841904875,1,0.997608648761253,-0.064820460739891,-0.023786143765687,0.003084015397730
346,3861904400,0,0.997608648761253,-0.064820460739891,-0.023786143765687,0.003084015397730
347,3861904400,1,0.997608648761253,-0.064820460739891,-0.023786143765687,0.003084015397730
348,3881903975,0,0.997608648761253,-0.064820460739891,-0.023786143765687,0.003084015397730
349,3881903975,1,0.997608648761253,-0.064820460739891,-0.023786143765687,0.003084015397730
350,3901904075,0,0.997608648761253,-0.064820460739891,-0.023786143765687,0.003084015397730
351,3901904075,1,0.997608648761253,-0.064820460739891,-0.023786143765687,0.003084015397730
352,3921904175,0,0.997584278229160,-0.065166887999861,-0.023862965153872,0.003073016837820
353,3921904175,1,0.997531083629538,-0.065744333385306,-0.024488163131880,0.003122448883026
354,3941904275,0,0.997531083629538,-0.065744333385306,-0.024488163131880,0.003122448883026
355,3941904275,1,0.997531083629538,-0.065744333385306,-0.024488163131880,0.003122448883026
356,3961904375,0,0.997531083629538,-0.065744333385306,-0.024488163131880,0.003122448883026
357,3961904375,1,0.997531083629538,-0.065744333385306,-0.024488163131880,0.003122448883026
358,3981904475,0,0.997531083629538,-0.065744333385306,-0.024488163131880,0.003122448883026
359,3981904475,1,0.997531083629538,-0.065744333385306,-0.024488163131880,0.003122448883026
360,4001904575,0,0.997505276538748,-0.066104909163680,-0.024570049085919,0.003110779602107
361,4001904575,1,0.997451609887556,-0.066675289309207,-0.025193298401778,0.003160608152912
362,4021904675,0,0.997451609887556,-0.066675289309207,-0.025193298401778,0.003160608152912
363,4021904675,1,0.997451609887556,-0.066675289309207,-0.025193298401778,0.003160608152912
364,4041904775,0,0.997451609887556,-0.066675289309207,-0.025193298401778,0.003160608152912
365,4041904775,1,0.997451609887556,-0.066675289309207,-0.025193298401778,0.003160608152912
366,4061919900,0,0.997451609887556,-0.066675289309207,-0.025193298401778,0.003160608152912
367,4061919900,1,0.997451609887556,-0.066675289309207,-0.025193298401778,0.003160608152912
368,4081904475,0,0.997423792541906,-0.067059406748173,-0.025276710713115,0.003146733771509
369,4081904475,1,0.997374706460371,-0.067567692267991,-0.025842211283081,0.003237590256302
370,4101905875,0,0.997374706460371,-0.067567692267991,-0.025842211283081,0.003237590256302
371,4101905875,1,0.997374706460371,-0.067567692267991,-0.025842211283081,0.003237590256302
372,4141906075,0,0.997374706460371,-0.067567692267991,-0.025842211283081,0.003237590256302
373,4141906075,1,0.997374706460371,-0.067567692267991,-0.025842211283081,0.003237590256302
374,4161906175,0,0.997374706460371,-0.067567692267991,-0.025842211283081,0.003237590256302
375,4161906175,1,0.997374706460371,-0.067567692267991,-0.025842211283081,0.003237590256302
376,4181906275,0,0.997345498706839,-0.067963691799208,-0.025932629706330,0.003223588488639
377,4181906275,1,0.997296318729822,-0.068462241900885,-0.026495014472442,0.003314858964639
378,4201906375,0,0.997296318729822,-0.068462241900885,-0.026495014472442,0.003314858964639
379,4201906375,1,0.997296318729822,-0.068462241900885,-0.026495014472442,0.003314858964639
380,4221906475,0,0.997296318729822,-0.068462241900885,-0.026495014472442,0.003314858964639
381,4221906475,1,0.997296318729822,-0.068462241900885,-0.026495014472442,0.003314858964639
382,4241906575,0,0.997296318729822,-0.068462241900885,-0.026495014472442,0.003314858964639
383,4241906575,1,0.997296318729822,-0.068462241900885,-0.026495014472442,0.003314858964639
384,4261906675,0,0.997265567369109,-0.068870270901306,-0.026596496184850,0.003301562757145
385,4261906675,1,0.997217256785527,-0.069349089029018,-0.027145562320713,0.003400744960402
386,4281906775,0,0.997217256785527,-0.069349089029018,-0.027145562320713,0.003400744960402
387,4281906775,1,0.997217256785527,-0.069349089029018,-0.027145562320713,0.003400744960402
388,4301906875,0,0.997217256785527,-0.069349089029018,-0.027145562320713,0.003400744960402
389,4301906875,1,0.997217256785527,-0.069349089029018,-0.027145562320713,0.003400744960402
390,4321906975,0,0.997217256785527,-0.069349089029018,-0.027145562320713,0.003400744960402
391,4321906975,1,0.997217256785527,-0.069349089029018,-0.027145562320713,0.003400744960402
392,4341907075,0,0.997185623930153,-0.069763514900376,-0.027247319800110,0.003386292882740
393,4341907075,1,0.997136878909204,-0.070238180345248,-0.027793411473720,0.003488412196387
394,4361907175,0,0.997136878909204,-0.070238180345248,-0.027793411473720,0.003488412196387
395,4361907175,1,0.997136878909204,-0.070238180345248,-0.027793411473720,0.003488412196387
396,4381907275,0,0.997136878909204,-0.070238180345248,-0.027793411473720,0.003488412196387
397,4381907275,1,0.997136878909204,-0.070238180345248,-0.027793411473720,0.003488412196387
398,4401907375,0,0.997136878909204,-0.070238180345248,-0.027793411473720,0.003488412196387
399,4401907375,1,0.997136878909204,-0.070238180345248,-0.027793411473720,0.003488412196387
400,4421907475,0,0.997104493183163,-0.070656036979407,-0.027897821336479,0.003473568336683
401,4421907475,1,0.997054779322822,-0.071132406155704,-0.028446070431662,0.003573359905590
402,4441907575,0,0.997054779322822,-0.071132406155704,-0.028446070431662,0.003573359905590
403,4441907575,1,0.997054779322822,-0.071132406155704,-0.028446070431662,0.003573359905590
404,4461907675,0,0.997054779322822,-0.071132406155704,-0.028446070431662,0.003573359905590
405,4461907675,1,0.997054779322822,-0.071132406155704,-0.028446070431662,0.003573359905590
406,4481907775,0,0.997054779322822,-0.071132406155704,-0.028446070431662,0.003573359905590
407,4481907775,1,0.997054779322822,-0.071132406155704,-0.028446070431662,0.003573359905590
408,4501907875,0,0.997021546831111,-0.071555391837876,-0.028551779493514,0.003557659508727
409,4501907875,1,0.996970353895047,-0.072038192128703,-0.029108224010376,0.003650153993295
410,4521907975,0,0.996970353895047,-0.072038192128703,-0.029108224010376,0.003650153993295
411,4521907975,1,0.996970353895047,-0.072038192128703,-0.029108224010376,0.003650153993295
412,4541908075,0,0.996970353895047,-0.072038192128703,-0.029108224010376,0.003650153993295
413,4541908075,1,0.996970353895047,-0.072038192128703,-0.029108224010376,0.003650153993295
414,4561908175,0,0.996970353895047,-0.072038192128703,-0.029108224010376,0.003650153993295
415,4561908175,1,0.996970353895047,-0.072038192128703,-0.029108224010376,0.003650153993295
416,4581908275,0,0.996936364365922,-0.072463899294089,-0.029217469505618,0.003634305936661
417,4581908275,1,0.996884426317467,-0.072945995853478,-0.029773008255833,0.003726960428735
418,4601908375,0,0.996884426317467,-0.072945995853478,-0.029773008255833,0.003726960428735
419,4601908375,1,0.996884426317467,-0.072945995853478,-0.029773008255833,0.003726960428735
420,4621908475,0,0.996884426317467,-0.072945995853478,-0.029773008255833,0.003726960428735
421,4621908475,1,0.996884426317467,-0.072945995853478,-0.029773008255833,0.003726960428735
422,4641908575,0,0.996884426317467,-0.072945995853478,-0.029773008255833,0.003726960428735
423,4641908575,1,0.996884426317467,-0.072945995853478,-0.029773008255833,0.003726960428735
424,4661908675,0,0.996848889729661,-0.073379389146220,-0.029899258265641,0.003713576232503
425,4661908675,1,0.996795551445855,-0.073867528813333,-0.030458664965245,0.003806117877906
426,4681908775,0,0.996795551445855,-0.073867528813333,-0.030458664965245,0.003806117877906
427,4681908775,1,0.996795551445855,-0.073867528813333,-0.030458664965245,0.003806117877906
428,4701908875,0,0.996795551445855,-0.073867528813333,-0.030458664965245,0.003806117877906
429,4701908875,1,0.996795551445855,-0.073867528813333,-0.030458664965245,0.003806117877906
430,4721908975,0,0.996795551445855,-0.073867528813333,-0.030458664965245,0.003806117877906
431,4721908975,1,0.996795551445855,-0.073867528813333,-0.030458664965245,0.003806117877906
432,4741909075,0,0.996759538736286,-0.074302464311867,-0.030580945658691,0.003790975867961
433,4741909075,1,0.996705073825415,-0.074792822638322,-0.031143902947819,0.003884173225290
434,4781909275,0,0.996705073825415,-0.074792822638322,-0.031143902947819,0.003884173225290
435,4781909275,1,0.996705073825415,-0.074792822638322,-0.031143902947819,0.003884173225290
436,4801909375,0,0.996705073825415,-0.074792822638322,-0.031143902947819,0.003884173225290
437,4801909375,1,0.996705073825415,-0.074792822638322,-0.031143902947819,0.003884173225290
438,4821909475,0,0.996705073825415,-0.074792822638322,-0.031143902947819,0.003884173225290
439,4821909475,1,0.996705073825415,-0.074792822638322,-0.031143902947819,0.003884173225290
440,4841909575,0,0.996669214892589,-0.075223611978530,-0.031255969595652,0.003866348526545
441,4841909575,1,0.996613774603139,-0.075714736839792,-0.031821704653048,0.003954998045380
442,4861909650,0,0.996613774603139,-0.075714736839792,-0.031821704653048,0.003954998045380
443,4861909650,1,0.996613774603139,-0.075714736839792,-0.031821704653048,0.003954998045380
444,4881909775,0,0.996613774603139,-0.075714736839792,-0.031821704653048,0.003954998045380
445,4881909775,1,0.996613774603139,-0.075714736839792,-0.031821704653048,0.003954998045380
446,4901909875,0,0.996613774603139,-0.075714736839792,-0.031821704653048,0.003954998045380
447,4901909875,1,0.996613774603139,-0.075714736839792,-0.031821704653048,0.003954998045380
448,4921909975,0,0.996576590116964,-0.076152768082288,-0.031942901694099,0.003937889740875
449,4921909975,1,0.996520522757744,-0.076641933689055,-0.032506795593531,0.004021189286205
450,4941910075,0,0.996520522757744,-0.076641933689055,-0.032506795593531,0.004021189286205
451,4941910075,1,0.996520522757744,-0.076641933689055,-0.032506795593531,0.004021189286205
452,4961910175,0,0.996520522757744,-0.076641933689055,-0.032506795593531,0.004021189286205
453,4961910175,1,0.996520522757744,-0.076641933689055,-0.032506795593531,0.004021189286205
454,4981910275,0,0.996520522757744,-0.076641933689055,-0.032506795593531,0.004021189286205
455,4981910275,1,0.996520522757744,-0.076641933689055,-0.032506795593531,0.004021189286205
456,5001910375,0,0.996482472393668,-0.077083554866120,-0.032630938403284,0.004003703326421
457,5001910375,1,0.996425644069070,-0.077571802535032,-0.033194064683450,0.004087219445463
458,5021910475,0,0.996425644069070,-0.077571802535032,-0.033194064683450,0.004087219445463
459,5021910475,1,0.996425644069070,-0.077571802535032,-0.033194064683450,0.004087219445463
460,5041910575,0,0.996425644069070,-0.077571802535032,-0.033194064683450,0.004087219445463
461,5041910575,1,0.996425644069070,-0.077571802535032,-0.033194064683450,0.004087219445463
462,5061910675,0,0.996425644069070,-0.077571802535032,-0.033194064683450,0.004087219445463
463,5061910675,1,0.996425644069070,-0.077571802535032,-0.033194064683450,0.004087219445463
464,5081910775,0,0.996386440691149,-0.078018180487751,-0.033326491164793,0.004070541345712
465,5081910775,1,0.996328870326075,-0.078505585483828,-0.033886741325365,0.004164608619882
466,5101910875,0,0.996328870326075,-0.078505585483828,-0.033886741325365,0.004164608619882
467,5101910875,1,0.996328870326075,-0.078505585483828,-0.033886741325365,0.004164608619882
468,5121910975,0,0.996328870326075,-0.078505585483828,-0.033886741325365,0.004164608619882
469,5121910975,1,0.996328870326075,-0.078505585483828,-0.033886741325365,0.004164608619882
470,5141911375,0,0.996328870326075,-0.078505585483828,-0.033886741325365,0.004164608619882
471,5141911375,1,0.996328870326075,-0.078505585483828,-0.033886741325365,0.004164608619882
472,5161911475,0,0.996288914568422,-0.078954923391055,-0.034019428728157,0.004146956642959
473,5161911475,1,0.996230547687021,-0.079441559989527,-0.034579547449329,0.004241379474565
474,5181911575,0,0.996230547687021,-0.079441559989527,-0.034579547449329,0.004241379474565
475,5181911575,1,0.996230547687021,-0.079441559989527,-0.034579547449329,0.004241379474565
476,5201911650,0,0.996230547687021,-0.079441559989527,-0.034579547449329,0.004241379474565
477,5201911650,1,0.996230547687021,-0.079441559989527,-0.034579547449329,0.004241379474565
478,5221911750,0,0.996230547687021,-0.079441559989527,-0.034579547449329,0.004241379474565
479,5221911750,1,0.996230547687021,-0.079441559989527,-0.034579547449329,0.004241379474565
480,5241911875,0,0.996189411066237,-0.079900768344835,-0.034708895627283,0.004221026148042
481,5241911875,1,0.996129754575159,-0.080390082699173,-0.035275496744875,0.004311146373727
482,5261911975,0,0.996129754575159,-0.080390082699173,-0.035275496744875,0.004311146373727
483,5261911975,1,0.996129754575159,-0.080390082699173,-0.035275496744875,0.004311146373727
484,5281912075,0,0.996129754575159,-0.080390082699173,-0.035275496744875,0.004311146373727
485,5281912075,1,0.996129754575159,-0.080390082699173,-0.035275496744875,0.004311146373727
486,5301912175,0,0.996129754575159,-0.080390082699173,-0.035275496744875,0.004311146373727
487,5301912175,1,0.996129754575159,-0.080390082699173,-0.035275496744875,0.004311146373727
488,5321912275,0,0.996087826596449,-0.080849861992239,-0.035410796282325,0.004291506594528
489,5321912275,1,0.996026760816513,-0.081344070323190,-0.035981661343037,0.004376529174547
490,5341912375,0,0.996026760816513,-0.081344070323190,-0.035981661343037,0.004376529174547
491,5341912375,1,0.996026760816513,-0.081344070323190,-0.035981661343037,0.004376529174547
492,5361912475,0,0.996026760816513,-0.081344070323190,-0.035981661343037,0.004376529174547
493,5361912475,1,0.996026760816513,-0.081344070323190,-0.035981661343037,0.004376529174547
494,5381912550,0,0.996026760816513,-0.081344070323190,-0.035981661343037,0.004376529174547
495,5381912550,1,0.996026760816513,-0.081344070323190,-0.035981661343037,0.004376529174547
496,5421912775,0,0.995983888669054,-0.081807461481568,-0.036119990174768,0.004356497146277
497,5421912775,1,0.995921729138252,-0.082303286234766,-0.036692940537049,0.004439213891796
498,5441912875,0,0.995921729138252,-0.082303286234766,-0.036692940537049,0.004439213891796
499,5441912875,1,0.995921729138252,-0.082303286234766,-0.036692940537049,0.004439213891796
500,5461912975,0,0.995921729138252,-0.082303286234766,-0.036692940537049,0.004439213891796
501,5461912975,1,0.995921729138252,-0.082303286234766,-0.036692940537049,0.004439213891796
502,5481913075,0,0.995921729138252,-0.082303286234766,-0.036692940537049,0.004439213891796
503,5481913075,1,0.995921729138252,-0.082303286234766,-0.036692940537049,0.004439213891796
504,5501913175,0,0.995877743124764,-0.082770499080940,-0.036837906733578,0.004419712446170
505,5501913175,1,0.995813895013378,-0.083272967816270,-0.037417852278224,0.004494848188732
506,5521913250,0,0.995813895013378,-0.083272967816270,-0.037417852278224,0.004494848188732
507,5521913250,1,0.995813895013378,-0.083272967816270,-0.037417852278224,0.004494848188732
508,5541913375,0,0.995813895013378,-0.083272967816270,-0.037417852278224,0.004494848188732
509,5541913375,1,0.995813895013378,-0.083272967816270,-0.037417852278224,0.004494848188732
510,5561913475,0,0.995813895013378,-0.083272967816270,-0.037417852278224,0.004494848188732
511,5561913475,1,0.995813895013378,-0.083272967816270,-0.037417852278224,0.004494848188732
512,5581913575,0,0.995768992432621,-0.083743832813240,-0.037564121385523,0.004474478741199
513,5581913575,1,0.995704312081335,-0.084245356951052,-0.038143684461743,0.004549952802793
514,5601913675,0,0.995704312081335,-0.084245356951052,-0.038143684461743,0.004549952802793
515,5601913675,1,0.995704312081335,-0.084245356951052,-0.038143684461743,0.004549952802793
516,5621913775,0,0.995704312081335,-0.084245356951052,-0.038143684461743,0.004549952802793
517,5621913775,1,0.995704312081335,-0.084245356951052,-0.038143684461743,0.004549952802793
518,5641913875,0,0.995704312081335,-0.084245356951052,-0.038143684461743,0.004549952802793
519,5641913875,1,0.995704312081335,-0.084245356951052,-0.038143684461743,0.004549952802793
520,5661913975,0,0.995658367693085,-0.084718595267969,-0.038296866785890,0.004530392140504
521,5661913975,1,0.995592844120019,-0.085219786063752,-0.038874026730676,0.004613767007865
522,5681914075,0,0.995592844120019,-0.085219786063752,-0.038874026730676,0.004613767007865
523,5681914075,1,0.995592844120019,-0.085219786063752,-0.038874026730676,0.004613767007865
524,5701914175,0,0.995592844120019,-0.085219786063752,-0.038874026730676,0.004613767007865
525,5701914175,1,0.995592844120019,-0.085219786063752,-0.038874026730676,0.004613767007865
526,5721914275,0,0.995592844120019,-0.085219786063752,-0.038874026730676,0.004613767007865
527,5721914275,1,0.995592844120019,-0.085219786063752,-0.038874026730676,0.004613767007865
528,5741914375,0,0.995545910165172,-0.085697328537445,-0.039028338423574,0.004593194404741
529,5741914375,1,0.995479552143819,-0.086197521141373,-0.039604924446408,0.004679591031169
530,5761914475,0,0.995479552143819,-0.086197521141373,-0.039604924446408,0.004679591031169
531,5761914475,1,0.995479552143819,-0.086197521141373,-0.039604924446408,0.004679591031169
532,5781914575,0,0.995479552143819,-0.086197521141373,-0.039604924446408,0.004679591031169
533,5781914575,1,0.995479552143819,-0.086197521141373,-0.039604924446408,0.004679591031169
534,5801914675,0,0.995479552143819,-0.086197521141373,-0.039604924446408,0.004679591031169
535,5801914675,1,0.995479552143819,-0.086197521141373,-0.039604924446408,0.004679591031169
536,5821914775,0,0.995431592429097,-0.086678752056773,-0.039762246066479,0.004658596752337
537,5821914775,1,0.995364430172285,-0.087177884975453,-0.040338263445879,0.004742575374134
538,5841914875,0,0.995364430172285,-0.087177884975453,-0.040338263445879,0.004742575374134
539,5841914875,1,0.995364430172285,-0.087177884975453,-0.040338263445879,0.004742575374134
540,5861914975,0,0.995364430172285,-0.087177884975453,-0.040338263445879,0.004742575374134
541,5861914975,1,0.995364430172285,-0.087177884975453,-0.040338263445879,0.004742575374134
542,5881915050,0,0.995364430172285,-0.087177884975453,-0.040338263445879,0.004742575374134
543,5881915050,1,0.995364430172285,-0.087177884975453,-0.040338263445879,0.004742575374134
544,5901915150,0,0.995315913515442,-0.087658542728757,-0.040495978960830,0.004721003875802
545,5901915150,1,0.995247860652596,-0.088157413372347,-0.041072524091124,0.004797301190555
546,5921915275,0,0.995247860652596,-0.088157413372347,-0.041072524091124,0.004797301190555
547,5921915275,1,0.995247860652596,-0.088157413372347,-0.041072524091124,0.004797301190555
548,5941915375,0,0.995247860652596,-0.088157413372347,-0.041072524091124,0.004797301190555
549,5941915375,1,0.995247860652596,-0.088157413372347,-0.041072524091124,0.004797301190555
550,5961915475,0,0.995247860652596,-0.088157413372347,-0.041072524091124,0.004797301190555
551,5961915475,1,0.995247860652596,-0.088157413372347,-0.041072524091124,0.004797301190555
552,5981915575,0,0.995198060060682,-0.088643821103460,-0.041234570680297,0.004775396574551
553,5981915575,1,0.995129248780337,-0.089141241133629,-0.041810003100772,0.004851905991712
554,6001915675,0,0.995129248780337,-0.089141241133629,-0.041810003100772,0.004851905991712
555,6001915675,1,0.995129248780337,-0.089141241133629,-0.041810003100772,0.004851905991712
556,6051915925,0,0.995129248780337,-0.089141241133629,-0.041810003100772,0.004851905991712
557,6051915925,1,0.995129248780337,-0.089141241133629,-0.041810003100772,0.004851905991712
558,6071916025,0,0.995129248780337,-0.089141241133629,-0.041810003100772,0.004851905991712
559,6071916025,1,0.995129248780337,-0.089141241133629,-0.041810003100772,0.004851905991712
560,6091916125,0,0.995078332102737,-0.089633473392284,-0.041971900688887,0.004828351668258
561,6091916125,1,0.995008719683956,-0.090129423784271,-0.042547290797677,0.004905381431483
562,6111916225,0,0.995008719683956,-0.090129423784271,-0.042547290797677,0.004905381431483
563,6111916225,1,0.995008719683956,-0.090129423784271,-0.042547290797677,0.004905381431483
564,6131916325,0,0.995008719683956,-0.090129423784271,-0.042547290797677,0.004905381431483
565,6131916325,1,0.995008719683956,-0.090129423784271,-0.042547290797677,0.004905381431483
566,6151916425,0,0.995008719683956,-0.090129423784271,-0.042547290797677,0.004905381431483
567,6151916425,1,0.995008719683956,-0.090129423784271,-0.042547290797677,0.004905381431483
568,6171916500,0,0.994956744877785,-0.090624345627775,-0.042713812973911,0.004882006039453
569,6171916500,1,0.994886313933927,-0.091119575351810,-0.043288016161985,0.004959132124700
570,6191916625,0,0.994886313933927,-0.091119575351810,-0.043288016161985,0.004959132124700
571,6191916625,1,0.994886313933927,-0.091119575351810,-0.043288016161985,0.004959132124700
572,6211916725,0,0.994886313933927,-0.091119575351810,-0.043288016161985,0.004959132124700
573,6211916725,1,0.994886313933927,-0.091119575351810,-0.043288016161985,0.004959132124700
574,6231916825,0,0.994886313933927,-0.091119575351810,-0.043288016161985,0.004959132124700
575,6231916825,1,0.994886313933927,-0.091119575351810,-0.043288016161985,0.004959132124700
576,6251916925,0,0.994833321265440,-0.091616481042542,-0.043459383685834,0.004936119022467
577,6251916925,1,0.994761333778358,-0.092116429764102,-0.044037670900437,0.005013554495892
578,6271917025,0,0.994761333778358,-0.092116429764102,-0.044037670900437,0.005013554495892
579,6271917025,1,0.994761333778358,-0.092116429764102,-0.044037670900437,0.005013554495892
580,6291917125,0,0.994761333778358,-0.092116429764102,-0.044037670900437,0.005013554495892
581,6291917125,1,0.994761333778358,-0.092116429764102,-0.044037670900437,0.005013554495892
582,6311917225,0,0.994761333778358,-0.092116429764102,-0.044037670900437,0.005013554495892
583,6311917225,1,0.994761333778358,-0.092116429764102,-0.044037670900437,0.005013554495892
584,6331917325,0,0.994707182026040,-0.092617935499129,-0.044211338512797,0.004989749152089
585,6331917325,1,0.994633643540443,-0.093121974126719,-0.044794317071909,0.005067763832989
586,6351917425,0,0.994633643540443,-0.093121974126719,-0.044794317071909,0.005067763832989
587,6351917425,1,0.994633643540443,-0.093121974126719,-0.044794317071909,0.005067763832989
588,6371916975,0,0.994633643540443,-0.093121974126719,-0.044794317071909,0.005067763832989
589,6371916975,1,0.994633643540443,-0.093121974126719,-0.044794317071909,0.005067763832989
590,6481920500,0,0.994633643540443,-0.093121974126719,-0.044794317071909,0.005067763832989
591,6481920500,1,0.994633643540443,-0.093121974126719,-0.044794317071909,0.005067763832989
592,6501919850,0,0.994578102836073,-0.093629949863814,-0.044971068684842,0.005043097147755
593,6501919850,1,0.994503065661328,-0.094137388607164,-0.045559047192617,0.005116412350892
594,6521919275,0,0.994503065661328,-0.094137388607164,-0.045559047192617,0.005116412350892
595,6521919275,1,0.994503065661328,-0.094137388607164,-0.045559047192617,0.005116412350892
596,6541918800,0,0.994503065661328,-0.094137388607164,-0.045559047192617,0.005116412350892
597,6541918800,1,0.994503065661328,-0.094137388607164,-0.045559047192617,0.005116412350892
598,6561918475,0,0.994503065661328,-0.094137388607164,-0.045559047192617,0.005116412350892
599,6561918475,1,0.994503065661328,-0.094137388607164,-0.045559047192617,0.005116412350892
600,6581918575,0,0.994446473773426,-0.094647909020941,-0.045739047086747,0.005091531121242
601,6581918575,1,0.994369828970304,-0.095159678125456,-0.046331989707079,0.005160002171653
602,6601918675,0,0.994369828970304,-0.095159678125456,-0.046331989707079,0.005160002171653
603,6601918675,1,0.994369828970304,-0.095159678125456,-0.046331989707079,0.005160002171653
604,6621918775,0,0.994369828970304,-0.095159678125456,-0.046331989707079,0.005160002171653
605,6621918775,1,0.994369828970304,-0.095159678125456,-0.046331989707079,0.005160002171653
606,6641918875,0,0.994369828970304,-0.095159678125456,-0.046331989707079,0.005160002171653
607,6641918875,1,0.994369828970304,-0.095159678125456,-0.046331989707079,0.005160002171653
608,6661918975,0,0.994311855277439,-0.095675919093329,-0.046515483105274,0.005134470943267
609,6661918975,1,0.994238842393638,-0.096155736810048,-0.047073269790577,0.005225497631662
610,6701919175,0,0.994238842393638,-0.096155736810048,-0.047073269790577,0.005225497631662
611,6701919175,1,0.994238842393638,-0.096155736810048,-0.047073269790577,0.005225497631662
612,6721919275,0,0.994238842393638,-0.096155736810048,-0.047073269790577,0.005225497631662
613,6721919275,1,0.994238842393638,-0.096155736810048,-0.047073269790577,0.005225497631662
614,6741919375,0,0.994238842393638,-0.096155736810048,-0.047073269790577,0.005225497631662
615,6741919375,1,0.994238842393638,-0.096155736810048,-0.047073269790577,0.005225497631662
616,6761919475,0,0.994179836799796,-0.096674502504231,-0.047259461269122,0.005199614105157
617,6761919475,1,0.994107512238193,-0.097143478788829,-0.047805092979500,0.005298275721033
618,6781919550,0,0.994107512238193,-0.097143478788829,-0.047805092979500,0.005298275721033
619,6781919550,1,0.994107512238193,-0.097143478788829,-0.047805092979500,0.005298275721033
620,6801919675,0,0.994107512238193,-0.097143478788829,-0.047805092979500,0.005298275721033
621,6801919675,1,0.994107512238193,-0.097143478788829,-0.047805092979500,0.005298275721033
622,6821919775,0,0.994107512238193,-0.097143478788829,-0.047805092979500,0.005298275721033
623,6821919775,1,0.994107512238193,-0.097143478788829,-0.047805092979500,0.005298275721033
624,6841919875,0,0.994047865820802,-0.097659651421622,-0.047996065836729,0.005273576159808
625,6841919875,1,0.993975444051968,-0.098123905060947,-0.048535134522046,0.005371833412396
626,6861919975,0,0.993975444051968,-0.098123905060947,-0.048535134522046,0.005371833412396
627,6861919975,1,0.993975444051968,-0.098123905060947,-0.048535134522046,0.005371833412396
628,6881920075,0,0.993975444051968,-0.098123905060947,-0.048535134522046,0.005371833412396
629,6881920075,1,0.993975444051968,-0.098123905060947,-0.048535134522046,0.005371833412396
630,6901920175,0,0.993975444051968,-0.098123905060947,-0.048535134522046,0.005371833412396
631,6901920175,1,0.993975444051968,-0.098123905060947,-0.048535134522046,0.005371833412396
632,6921920275,0,0.993914393988749,-0.098646639730031,-0.048728213466886,0.005345942786573
633,6921920275,1,0.993842078953501,-0.099103982807775,-0.049261362899154,0.005444338190997
634,6941920375,0,0.993842078953501,-0.099103982807775,-0.049261362899154,0.005444338190997
635,6941920375,1,0.993842078953501,-0.099103982807775,-0.049261362899154,0.005444338190997
636,6961920475,0,0.993842078953501,-0.099103982807775,-0.049261362899154,0.005444338190997
637,6961920475,1,0.993842078953501,-0.099103982807775,-0.049261362899154,0.005444338190997
638,6981920575,0,0.993842078953501,-0.099103982807775,-0.049261362899154,0.005444338190997
639,6981920575,1,0.993842078953501,-0.099103982807775,-0.049261362899154,0.005444338190997
640,7001920675,0,0.993779857841983,-0.099630336993733,-0.049457406453937,0.005418029617249
641,7001920675,1,0.993706815912897,-0.100086738870763,-0.049989751648444,0.005516651211897
642,7021920775,0,0.993706815912897,-0.100086738870763,-0.049989751648444,0.005516651211897
643,7021920775,1,0.993706815912897,-0.100086738870763,-0.049989751648444,0.005516651211897
644,7041920875,0,0.993706815912897,-0.100086738870763,-0.049989751648444,0.005516651211897
645,7041920875,1,0.993706815912897,-0.100086738870763,-0.049989751648444,0.005516651211897
646,7061920975,0,0.993706815912897,-0.100086738870763,-0.049989751648444,0.005516651211897
647,7061920975,1,0.993706815912897,-0.100086738870763,-0.049989751648444,0.005516651211897
648,7081921075,0,0.993643554794258,-0.100617189151139,-0.050185081277149,0.005488613701185
649,7081921075,1,0.993568136120024,-0.101083060230530,-0.050728145002787,0.005588302603612
650,7101921175,0,0.993568136120024,-0.101083060230530,-0.050728145002787,0.005588302603612
651,7101921175,1,0.993568136120024,-0.101083060230530,-0.050728145002787,0.005588302603612
652,7121921275,0,0.993568136120024,-0.101083060230530,-0.050728145002787,0.005588302603612
653,7121921275,1,0.993568136120024,-0.101083060230530,-0.050728145002787,0.005588302603612
654,7141921375,0,0.993568136120024,-0.101083060230530,-0.050728145002787,0.005588302603612
655,7141921375,1,0.993568136120024,-0.101083060230530,-0.050728145002787,0.005588302603612
656,7161921475,0,0.993503573732823,-0.101617038886419,-0.050928450816568,0.005560511261514
657,7161921475,1,0.993427423309055,-0.102081986603749,-0.051470223368914,0.005660276929428
658,7181921575,0,0.993427423309055,-0.102081986603749,-0.051470223368914,0.005660276929428
659,7181921575,1,0.993427423309055,-0.102081986603749,-0.051470223368914,0.005660276929428
660,7201921675,0,0.993427423309055,-0.102081986603749,-0.051470223368914,0.005660276929428
661,7201921675,1,0.993427423309055,-0.102081986603749,-0.051470223368914,0.005660276929428
662,7221921775,0,0.993427423309055,-0.102081986603749,-0.051470223368914,0.005660276929428
663,7221921775,1,0.993427423309055,-0.102081986603749,-0.051470223368914,0.005660276929428
664,7241921875,0,0.993361355417961,-0.102621643190814,-0.051674895863411,0.005632144220028
665,7241921875,1,0.993284517827303,-0.103085152305121,-0.052215522650461,0.005732121173845
666,7261921975,0,0.993284517827303,-0.103085152305121,-0.052215522650461,0.005732121173845
667,7261921975,1,0.993284517827303,-0.103085152305121,-0.052215522650461,0.005732121173845
668,7281922075,0,0.993284517827303,-0.103085152305121,-0.052215522650461,0.005732121173845
669,7281922075,1,0.993284517827303,-0.103085152305121,-0.052215522650461,0.005732121173845
670,7301922175,0,0.993284517827303,-0.103085152305121,-0.052215522650461,0.005732121173845
671,7301922175,1,0.993284517827303,-0.103085152305121,-0.052215522650461,0.005732121173845
672,7341922375,0,0.993217331902874,-0.103627519480397,-0.052422689813948,0.005703543350090
673,7341922375,1,0.993139711955180,-0.104090298199919,-0.052962616622795,0.005803757291700
674,7361922475,0,0.993139711955180,-0.104090298199919,-0.052962616622795,0.005803757291700
675,7361922475,1,0.993139711955180,-0.104090298199919,-0.052962616622795,0.005803757291700
676,7381922575,0,0.993139711955180,-0.104090298199919,-0.052962616622795,0.005803757291700
677,7381922575,1,0.993139711955180,-0.104090298199919,-0.052962616622795,0.005803757291700
678,7401922675,0,0.993139711955180,-0.104090298199919,-0.052962616622795,0.005803757291700
679,7401922675,1,0.993139711955180,-0.104090298199919,-0.052962616622795,0.005803757291700
680,7421922775,0,0.993071263356976,-0.104636335344049,-0.053172881496831,0.005774763516543
681,7421922775,1,0.992992908282432,-0.105098012922206,-0.053712240621276,0.005872562306447
682,7441922875,0,0.992992908282432,-0.105098012922206,-0.053712240621276,0.005872562306447
683,7441922875,1,0.992992908282432,-0.105098012922206,-0.053712240621276,0.005872562306447
684,7461922950,0,0.992992908282432,-0.105098012922206,-0.053712240621276,0.005872562306447
685,7461922950,1,0.992992908282432,-0.105098012922206,-0.053712240621276,0.005872562306447
686,7481923075,0,0.992992908282432,-0.105098012922206,-0.053712240621276,0.005872562306447
687,7481923075,1,0.992992908282432,-0.105098012922206,-0.053712240621276,0.005872562306447
688,7501923175,0,0.992922762510096,-0.105651626984292,-0.053925755147716,0.005842459810730
689,7501923175,1,0.992843803831629,-0.106110976418080,-0.054465078544710,0.005932714038458
690,7521923275,0,0.992843803831629,-0.106110976418080,-0.054465078544710,0.005932714038458
691,7521923275,1,0.992843803831629,-0.106110976418080,-0.054465078544710,0.005932714038458
692,7541923375,0,0.992843803831629,-0.106110976418080,-0.054465078544710,0.005932714038458
693,7541923375,1,0.992843803831629,-0.106110976418080,-0.054465078544710,0.005932714038458
694,7561923475,0,0.992843803831629,-0.106110976418080,-0.054465078544710,0.005932714038458
695,7561923475,1,0.992843803831629,-0.106110976418080,-0.054465078544710,0.005932714038458
696,7581923575,0,0.992772558861540,-0.106666413381951,-0.054681649765122,0.005902525451442
697,7581923575,1,0.992692804425455,-0.107125240378806,-0.055220137881447,0.005992936514156
698,7601923675,0,0.992692804425455,-0.107125240378806,-0.055220137881447,0.005992936514156
699,7601923675,1,0.992692804425455,-0.107125240378806,-0.055220137881447,0.005992936514156
700,7621923775,0,0.992692804425455,-0.107125240378806,-0.055220137881447,0.005992936514156
701,7621923775,1,0.992692804425455,-0.107125240378806,-0.055220137881447,0.005992936514156
702,7641923875,0,0.992692804425455,-0.107125240378806,-0.055220137881447,0.005992936514156
703,7641923875,1,0.992692804425455,-0.107125240378806,-0.055220137881447,0.005992936514156
704,7661923975,0,0.992620590788757,-0.107679779371427,-0.055442373931445,0.005964145332366
705,7661923975,1,0.992538695712599,-0.108146616149196,-0.055987377717296,0.006054788596807
706,7681924075,0,0.992538695712599,-0.108146616149196,-0.055987377717296,0.006054788596807
707,7681924075,1,0.992538695712599,-0.108146616149196,-0.055987377717296,0.006054788596807
708,7701924175,0,0.992538695712599,-0.108146616149196,-0.055987377717296,0.006054788596807
709,7701924175,1,0.992538695712599,-0.108146616149196,-0.055987377717296,0.006054788596807
710,7721924275,0,0.992538695712599,-0.108146616149196,-0.055987377717296,0.006054788596807
711,7721924275,1,0.992538695712599,-0.108146616149196,-0.055987377717296,0.006054788596807
712,7741924375,0,0.992464965714035,-0.108707167168789,-0.056211622633185,0.006024708899221
713,7741924375,1,0.992381903671274,-0.109175101405923,-0.056758699662166,0.006115922779463
714,7761924475,0,0.992381903671274,-0.109175101405923,-0.056758699662166,0.006115922779463
715,7761924475,1,0.992381903671274,-0.109175101405923,-0.056758699662166,0.006115922779463
716,7781924575,0,0.992381903671274,-0.109175101405923,-0.056758699662166,0.006115922779463
717,7781924575,1,0.992381903671274,-0.109175101405923,-0.056758699662166,0.006115922779463
718,7801924675,0,0.992381903671274,-0.109175101405923,-0.056758699662166,0.006115922779463
719,7801924675,1,0.992381903671274,-0.109175101405923,-0.056758699662166,0.006115922779463
720,7821924775,0,0.992306807163045,-0.109739455083357,-0.056986140340029,0.006085414122099
721,7821924775,1,0.992222972964734,-0.110206386841338,-0.057532343740340,0.006176863617122
722,7841924875,0,0.992222972964734,-0.110206386841338,-0.057532343740340,0.006176863617122
723,7841924875,1,0.992222972964734,-0.110206386841338,-0.057532343740340,0.006176863617122
724,7861924975,0,0.992222972964734,-0.110206386841338,-0.057532343740340,0.006176863617122
725,7861924975,1,0.992222972964734,-0.110206386841338,-0.057532343740340,0.006176863617122
726,7881925075,0,0.992222972964734,-0.110206386841338,-0.057532343740340,0.006176863617122
727,7881925075,1,0.992222972964734,-0.110206386841338,-0.057532343740340,0.006176863617122
728,7901925175,0,0.992146216623297,-0.110777185836210,-0.057762750276398,0.006145292409204
729,7901925175,1,0.992061676475983,-0.111242481964474,-0.058308134745075,0.006237122461139
730,7921925275,0,0.992061676475983,-0.111242481964474,-0.058308134745075,0.006237122461139
731,7921925275,1,0.992061676475983,-0.111242481964474,-0.058308134745075,0.006237122461139
732,7941925375,0,0.992061676475983,-0.111242481964474,-0.058308134745075,0.006237122461139
733,7941925375,1,0.992061676475983,-0.111242481964474,-0.058308134745075,0.006237122461139
734,7991925625,0,0.992061676475983,-0.111242481964474,-0.058308134745075,0.006237122461139
735,7991925625,1,0.992061676475983,-0.111242481964474,-0.058308134745075,0.006237122461139
736,8011925725,0,0.991983660930752,-0.111815737638173,-0.058541863642617,0.006205438268412
737,8011925725,1,0.991898316110151,-0.112280351164321,-0.059086339994330,0.006297433313500
738,8031925825,0,0.991898316110151,-0.112280351164321,-0.059086339994330,0.006297433313500
739,8031925825,1,0.991898316110151,-0.112280351164321,-0.059086339994330,0.006297433313500
740,8051925900,0,0.991898316110151,-0.112280351164321,-0.059086339994330,0.006297433313500
741,8051925900,1,0.991898316110151,-0.112280351164321,-0.059086339994330,0.006297433313500
742,8071926975,0,0.991898316110151,-0.112280351164321,-0.059086339994330,0.006297433313500
743,8071926975,1,0.991898316110151,-0.112280351164321,-0.059086339994330,0.006297433313500
744,8091926125,0,0.991819104176905,-0.112855498859908,-0.059323200460102,0.006265688627256
745,8091926125,1,0.991732937405970,-0.113319563622565,-0.059866812847571,0.006357836423824
746,8111926225,0,0.991732937405970,-0.113319563622565,-0.059866812847571,0.006357836423824
747,8111926225,1,0.991732937405970,-0.113319563622565,-0.059866812847571,0.006357836423824
748,8131926325,0,0.991732937405970,-0.113319563622565,-0.059866812847571,0.006357836423824
749,8131926325,1,0.991732937405970,-0.113319563622565,-0.059866812847571,0.006357836423824
750,8151926425,0,0.991732937405970,-0.113319563622565,-0.059866812847571,0.006357836423824
751,8151926425,1,0.991732937405970,-0.113319563622565,-0.059866812847571,0.006357836423824
752,8171926525,0,0.991652197056918,-0.113899362457124,-0.060106933407105,0.006325492901052
753,8171926525,1,0.991565284497865,-0.114362217384312,-0.060649651078837,0.006417915364647
754,8191926625,0,0.991565284497865,-0.114362217384312,-0.060649651078837,0.006417915364647
755,8191926625,1,0.991565284497865,-0.114362217384312,-0.060649651078837,0.006417915364647
756,8211926725,0,0.991565284497865,-0.114362217384312,-0.060649651078837,0.006417915364647
757,8211926725,1,0.991565284497865,-0.114362217384312,-0.060649651078837,0.006417915364647
758,8231926825,0,0.991565284497865,-0.114362217384312,-0.060649651078837,0.006417915364647
759,8231926825,1,0.991565284497865,-0.114362217384312,-0.060649651078837,0.006417915364647
760,8251926925,0,0.991483147704388,-0.114947025823660,-0.060890041937909,0.006383718766839
761,8251926925,1,0.991394547850674,-0.115413505619629,-0.061438507157642,0.006471711580817
762,8271927025,0,0.991394547850674,-0.115413505619629,-0.061438507157642,0.006471711580817
763,8271927025,1,0.991394547850674,-0.115413505619629,-0.061438507157642,0.006471711580817
764,8291927100,0,0.991394547850674,-0.115413505619629,-0.061438507157642,0.006471711580817
765,8291927100,1,0.991394547850674,-0.115413505619629,-0.061438507157642,0.006471711580817
766,8311927225,0,0.991394547850674,-0.115413505619629,-0.061438507157642,0.006471711580817
767,8311927225,1,0.991394547850674,-0.115413505619629,-0.061438507157642,0.006471711580817
768,8331927325,0,0.991310912211617,-0.116001552693854,-0.061683628975752,0.006437780608965
769,8331927325,1,0.991220620388012,-0.116472073225657,-0.062236775472246,0.006520863051662
770,8351927425,0,0.991220620388012,-0.116472073225657,-0.062236775472246,0.006520863051662
771,8351927425,1,0.991220620388012,-0.116472073225657,-0.062236775472246,0.006520863051662
772,8371927525,0,0.991220620388012,-0.116472073225657,-0.062236775472246,0.006520863051662
773,8371927525,1,0.991220620388012,-0.116472073225657,-0.062236775472246,0.006520863051662
774,8391927600,0,0.991220620388012,-0.116472073225657,-0.062236775472246,0.006520863051662
775,8391927600,1,0.991220620388012,-0.116472073225657,-0.062236775472246,0.006520863051662
776,8411927725,0,0.991135482949084,-0.117063972245867,-0.062485246327314,0.006486511598606
777,8411927725,1,0.991044397941376,-0.117533465595977,-0.063037473535161,0.006569832898782
778,8431927825,0,0.991044397941376,-0.117533465595977,-0.063037473535161,0.006569832898782
779,8431927825,1,0.991044397941376,-0.117533465595977,-0.063037473535161,0.006569832898782
780,8451927925,0,0.991044397941376,-0.117533465595977,-0.063037473535161,0.006569832898782
781,8451927925,1,0.991044397941376,-0.117533465595977,-0.063037473535161,0.006569832898782
782,8471928025,0,0.991044397941376,-0.117533465595977,-0.063037473535161,0.006569832898782
783,8471928025,1,0.991044397941376,-0.117533465595977,-0.063037473535161,0.006569832898782
784,8491928125,0,0.990957921750474,-0.118126054192032,-0.063292186790507,0.006536951298416
785,8491928125,1,0.990866001134447,-0.118595276244467,-0.063842797587354,0.006620078892910
786,8511928225,0,0.990866001134447,-0.118595276244467,-0.063842797587354,0.006620078892910
787,8511928225,1,0.990866001134447,-0.118595276244467,-0.063842797587354,0.006620078892910
788,8531928325,0,0.990866001134447,-0.118595276244467,-0.063842797587354,0.006620078892910
789,8531928325,1,0.990866001134447,-0.118595276244467,-0.063842797587354,0.006620078892910
790,8551928425,0,0.990866001134447,-0.118595276244467,-0.063842797587354,0.006620078892910
791,8551928425,1,0.990866001134447,-0.118595276244467,-0.063842797587354,0.006620078892910
792,8571928525,0,0.990777914893970,-0.119193199244158,-0.064099386223657,0.006585840724637
793,8571928525,1,0.990685220723192,-0.119661035961438,-0.064649429730097,0.006669418928968
794,8591928625,0,0.990685220723192,-0.119661035961438,-0.064649429730097,0.006669418928968
795,8591928625,1,0.990685220723192,-0.119661035961438,-0.064649429730097,0.006669418928968
796,8631928825,0,0.990685220723192,-0.119661035961438,-0.064649429730097,0.006669418928968
797,8631928825,1,0.990685220723192,-0.119661035961438,-0.064649429730097,0.006669418928968
798,8651928925,0,0.990685220723192,-0.119661035961438,-0.064649429730097,0.006669418928968
799,8651928925,1,0.990685220723192,-0.119661035961438,-0.064649429730097,0.006669418928968
800,8671927725,0,0.990595395532345,-0.120265242769868,-0.064907854615775,0.006633561697875
801,8671927725,1,0.990501955103889,-0.120731466077015,-0.065457338716770,0.006717651552894
802,8691929125,0,0.990501955103889,-0.120731466077015,-0.065457338716770,0.006717651552894
803,8691929125,1,0.990501955103889,-0.120731466077015,-0.065457338716770,0.006717651552894
804,8711929225,0,0.990501955103889,-0.120731466077015,-0.065457338716770,0.006717651552894
805,8711929225,1,0.990501955103889,-0.120731466077015,-0.065457338716770,0.006717651552894
806,8731929325,0,0.990501955103889,-0.120731466077015,-0.065457338716770,0.006717651552894
807,8731929325,1,0.990501955103889,-0.120731466077015,-0.065457338716770,0.006717651552894
808,8751929425,0,0.990410658633580,-0.121338324492922,-0.065719784764473,0.006681928221705
809,8751929425,1,0.990316404606613,-0.121803802995086,-0.066268180983431,0.006766131251498
810,8771929525,0,0.990316404606613,-0.121803802995086,-0.066268180983431,0.006766131251498
811,8771929525,1,0.990316404606613,-0.121803802995086,-0.066268180983431,0.006766131251498
812,8791929625,0,0.990316404606613,-0.121803802995086,-0.066268180983431,0.006766131251498
813,8791929625,1,0.990316404606613,-0.121803802995086,-0.066268180983431,0.006766131251498
814,8811929725,0,0.990316404606613,-0.121803802995086,-0.066268180983431,0.006766131251498
815,8811929725,1,0.990316404606613,-0.121803802995086,-0.066268180983431,0.006766131251498
816,8831929825,0,0.990223527667192,-0.122414477652044,-0.066533963462325,0.006729979310014
817,8831929825,1,0.990127977121131,-0.122881550140537,-0.067084090238147,0.006814572180011
818,8851929925,0,0.990127977121131,-0.122881550140537,-0.067084090238147,0.006814572180011
819,8851929925,1,0.990127977121131,-0.122881550140537,-0.067084090238147,0.006814572180011
820,8871930000,0,0.990127977121131,-0.122881550140537,-0.067084090238147,0.006814572180011
821,8871930000,1,0.990127977121131,-0.122881550140537,-0.067084090238147,0.006814572180011
822,8891930125,0,0.990127977121131,-0.122881550140537,-0.067084090238147,0.006814572180011
823,8891930125,1,0.990127977121131,-0.122881550140537,-0.067084090238147,0.006814572180011
824,8911930225,0,0.990033354942317,-0.123497368298340,-0.067352957850587,0.006777550724318
825,8911930225,1,0.989935508291873,-0.123970950691761,-0.067910182933422,0.006862933879934
826,8931930325,0,0.989935508291873,-0.123970950691761,-0.067910182933422,0.006862933879934
827,8931930325,1,0.989935508291873,-0.123970950691761,-0.067910182933422,0.006862933879934
828,8951930425,0,0.989935508291873,-0.123970950691761,-0.067910182933422,0.006862933879934
829,8951930425,1,0.989935508291873,-0.123970950691761,-0.067910182933422,0.006862933879934
830,8971930525,0,0.989935508291873,-0.123970950691761,-0.067910182933422,0.006862933879934
831,8971930525,1,0.989935508291873,-0.123970950691761,-0.067910182933422,0.006862933879934
832,8991930625,0,0.989839304167463,-0.124590089433121,-0.068182633531284,0.006825688614205
833,8991930625,1,0.989740626932777,-0.125062759143288,-0.068738868403528,0.006911269404694
834,9011930725,0,0.989740626932777,-0.125062759143288,-0.068738868403528,0.006911269404694
835,9011930725,1,0.989740626932777,-0.125062759143288,-0.068738868403528,0.006911269404694
836,9031930825,0,0.989740626932777,-0.125062759143288,-0.068738868403528,0.006911269404694
837,9031930825,1,0.989740626932777,-0.125062759143288,-0.068738868403528,0.006911269404694
838,9051930925,0,0.989740626932777,-0.125062759143288,-0.068738868403528,0.006911269404694
839,9051930925,1,0.989740626932777,-0.125062759143288,-0.068738868403528,0.006911269404694
840,9071930950,0,0.989643258781261,-0.125682895923084,-0.069012930571602,0.006873531487717
841,9071930950,1,0.989542141086795,-0.126162505898837,-0.069577610968975,0.006951918478876
842,9191934250,0,0.989542141086795,-0.126162505898837,-0.069577610968975,0.006951918478876
843,9191934250,1,0.989542141086795,-0.126162505898837,-0.069577610968975,0.006951918478876
844,9211933575,0,0.989542141086795,-0.126162505898837,-0.069577610968975,0.006951918478876
845,9211933575,1,0.989542141086795,-0.126162505898837,-0.069577610968975,0.006951918478876
846,9231933100,0,0.989542141086795,-0.126162505898837,-0.069577610968975,0.006951918478876
847,9231933100,1,0.989542141086795,-0.126162505898837,-0.069577610968975,0.006951918478876
848,9281932075,0,0.989442964100351,-0.126786471078263,-0.069856996839032,0.006914588669208
849,9281932075,1,0.989341547659756,-0.127262610326921,-0.070417276821987,0.006995513701877
850,9301932175,0,0.989341547659756,-0.127262610326921,-0.070417276821987,0.006995513701877
851,9301932175,1,0.989341547659756,-0.127262610326921,-0.070417276821987,0.006995513701877
852,9321932250,0,0.989341547659756,-0.127262610326921,-0.070417276821987,0.006995513701877
853,9321932250,1,0.989341547659756,-0.127262610326921,-0.070417276821987,0.006995513701877
854,9341932375,0,0.989341547659756,-0.127262610326921,-0.070417276821987,0.006995513701877
855,9341932375,1,0.989341547659756,-0.127262610326921,-0.070417276821987,0.006995513701877
856,9361932475,0,0.989240619557638,-0.127891200488468,-0.070699596578410,0.006957334151023
857,9361932475,1,0.989139413622061,-0.128361252440203,-0.071253052526793,0.007043564225669
858,9381932575,0,0.989139413622061,-0.128361252440203,-0.071253052526793,0.007043564225669
859,9381932575,1,0.989139413622061,-0.128361252440203,-0.071253052526793,0.007043564225669
860,9401932675,0,0.989139413622061,-0.128361252440203,-0.071253052526793,0.007043564225669
861,9401932675,1,0.989139413622061,-0.128361252440203,-0.071253052526793,0.007043564225669
862,9421932775,0,0.989139413622061,-0.128361252440203,-0.071253052526793,0.007043564225669
863,9421932775,1,0.989139413622061,-0.128361252440203,-0.071253052526793,0.007043564225669
864,9441932875,0,0.989036789811100,-0.128993681385049,-0.071538727634553,0.007004927645353
865,9441932875,1,0.988937396229859,-0.129450183429546,-0.072076952006449,0.007098544753931
866,9461932975,0,0.988937396229859,-0.129450183429546,-0.072076952006449,0.007098544753931
867,9461932975,1,0.988937396229859,-0.129450183429546,-0.072076952006449,0.007098544753931
868,9481933075,0,0.988937396229859,-0.129450183429546,-0.072076952006449,0.007098544753931
869,9481933075,1,0.988937396229859,-0.129450183429546,-0.072076952006449,0.007098544753931
870,9501933175,0,0.988937396229859,-0.129450183429546,-0.072076952006449,0.007098544753931
871,9501933175,1,0.988937396229859,-0.129450183429546,-0.072076952006449,0.007098544753931
872,9521933275,0,0.988832017363796,-0.130093667211042,-0.072367537404965,0.007058237582375
873,9521933275,1,0.988740052059671,-0.130509928667104,-0.072861546784111,0.007173769760336
874,9541933375,0,0.988740052059671,-0.130509928667104,-0.072861546784111,0.007173769760336
875,9541933375,1,0.988740052059671,-0.130509928667104,-0.072861546784111,0.007173769760336
876,9561933450,0,0.988740052059671,-0.130509928667104,-0.072861546784111,0.007173769760336
877,9561933450,1,0.988740052059671,-0.130509928667104,-0.072861546784111,0.007173769760336
878,9581933575,0,0.988740052059671,-0.130509928667104,-0.072861546784111,0.007173769760336
879,9581933575,1,0.988740052059671,-0.130509928667104,-0.072861546784111,0.007173769760336
880,9601933675,0,0.988633600227480,-0.131153241140428,-0.073154247757153,0.007133573767612
881,9601933675,1,0.988540824092632,-0.131569443077938,-0.073647604273050,0.007249216182499
882,9621933775,0,0.988540824092632,-0.131569443077938,-0.073647604273050,0.007249216182499
883,9621933775,1,0.988540824092632,-0.131569443077938,-0.073647604273050,0.007249216182499
884,9641933875,0,0.988540824092632,-0.131569443077938,-0.073647604273050,0.007249216182499
885,9641933875,1,0.988540824092632,-0.131569443077938,-0.073647604273050,0.007249216182499
886,9661933975,0,0.988540824092632,-0.131569443077938,-0.073647604273050,0.007249216182499
887,9661933975,1,0.988540824092632,-0.131569443077938,-0.073647604273050,0.007249216182499
888,9681934075,0,0.988433204560269,-0.132213839432366,-0.073941466100419,0.007208354610490
889,9681934075,1,0.988337985071473,-0.132637518615958,-0.074442353417685,0.007324748316461
890,9701934175,0,0.988337985071473,-0.132637518615958,-0.074442353417685,0.007324748316461
891,9701934175,1,0.988337985071473,-0.132637518615958,-0.074442353417685,0.007324748316461
892,9721934275,0,0.988337985071473,-0.132637518615958,-0.074442353417685,0.007324748316461
893,9721934275,1,0.988337985071473,-0.132637518615958,-0.074442353417685,0.007324748316461
894,9741934375,0,0.988337985071473,-0.132637518615958,-0.074442353417685,0.007324748316461
895,9741934375,1,0.988337985071473,-0.132637518615958,-0.074442353417685,0.007324748316461
896,9761934475,0,0.988228410722870,-0.133286937680878,-0.074740549148586,0.007283597790334
897,9761934475,1,0.988132006586192,-0.133711922526295,-0.075242901388744,0.007400346267031
898,9781934575,0,0.988132006586192,-0.133711922526295,-0.075242901388744,0.007400346267031
899,9781934575,1,0.988132006586192,-0.133711922526295,-0.075242901388744,0.007400346267031
900,9801934675,0,0.988132006586192,-0.133711922526295,-0.075242901388744,0.007400346267031
901,9801934675,1,0.988132006586192,-0.133711922526295,-0.075242901388744,0.007400346267031
902,9821934775,0,0.988132006586192,-0.133711922526295,-0.075242901388744,0.007400346267031
903,9821934775,1,0.988132006586192,-0.133711922526295,-0.075242901388744,0.007400346267031
904,9841934875,0,0.988020700286177,-0.134365114156330,-0.075544426154350,0.007358775766258
905,9841934875,1,0.987923061679680,-0.134791500406671,-0.076048837652379,0.007473279821333
906,9861934975,0,0.987923061679680,-0.134791500406671,-0.076048837652379,0.007473279821333
907,9861934975,1,0.987923061679680,-0.134791500406671,-0.076048837652379,0.007473279821333
908,9881935075,0,0.987923061679680,-0.134791500406671,-0.076048837652379,0.007473279821333
909,9881935075,1,0.987923061679680,-0.134791500406671,-0.076048837652379,0.007473279821333
910,9921935275,0,0.987923061679680,-0.134791500406671,-0.076048837652379,0.007473279821333
911,9921935275,1,0.987923061679680,-0.134791500406671,-0.076048837652379,0.007473279821333
912,9941935350,0,0.987809906241918,-0.135448604376737,-0.076354662090487,0.007431707729356
913,9941935350,1,0.987709951948539,-0.135881165593787,-0.076866925493108,0.007538927239639
914,9961935475,0,0.987709951948539,-0.135881165593787,-0.076866925493108,0.007538927239639
915,9961935475,1,0.987709951948539,-0.135881165593787,-0.076866925493108,0.007538927239639
916,9981935575,0,0.987709951948539,-0.135881165593787,-0.076866925493108,0.007538927239639
917,9981935575,1,0.987709951948539,-0.135881165593787,-0.076866925493108,0.007538927239639
918,10001935650,0,0.987709951948539,-0.135881165593787,-0.076866925493108,0.007538927239639
919,10001935650,1,0.987709951948539,-0.135881165593787,-0.076866925493108,0.007538927239639
920,10021935775,0,0.987595050761697,-0.136542036721807,-0.077175688883393,0.007496730236224
921,10021935775,1,0.987494369118283,-0.136973580120821,-0.077687096706443,0.007604230000021
922,10041935875,0,0.987494369118283,-0.136973580120821,-0.077687096706443,0.007604230000021
923,10041935875,1,0.987494369118283,-0.136973580120821,-0.077687096706443,0.007604230000021
924,10061935975,0,0.987494369118283,-0.136973580120821,-0.077687096706443,0.007604230000021
925,10061935975,1,0.987494369118283,-0.136973580120821,-0.077687096706443,0.007604230000021
926,10081936075,0,0.987494369118283,-0.136973580120821,-0.077687096706443,0.007604230000021
927,10081936075,1,0.987494369118283,-0.136973580120821,-0.077687096706443,0.007604230000021
928,10101936175,0,0.987377896940933,-0.137639942866117,-0.077993627091068,0.007558365795005
929,10101936175,1,0.987278752227983,-0.138059615431268,-0.078494823484199,0.007666203252657
930,10121936275,0,0.987278752227983,-0.138059615431268,-0.078494823484199,0.007666203252657
931,10121936275,1,0.987278752227983,-0.138059615431268,-0.078494823484199,0.007666203252657
932,10141936350,0,0.987278752227983,-0.138059615431268,-0.078494823484199,0.007666203252657
933,10141936350,1,0.987278752227983,-0.138059615431268,-0.078494823484199,0.007666203252657
934,10161936475,0,0.987278752227983,-0.138059615431268,-0.078494823484199,0.007666203252657
935,10161936475,1,0.987278752227983,-0.138059615431268,-0.078494823484199,0.007666203252657
936,10181936575,0,0.987160392671936,-0.138728815389401,-0.078807286177038,0.007621454313468
937,10181936575,1,0.987060582230482,-0.139147697119419,-0.079306905244305,0.007729176783780
938,10201936675,0,0.987060582230482,-0.139147697119419,-0.079306905244305,0.007729176783780
939,10201936675,1,0.987060582230482,-0.139147697119419,-0.079306905244305,0.007729176783780
940,10221936775,0,0.987060582230482,-0.139147697119419,-0.079306905244305,0.007729176783780
941,10221936775,1,0.987060582230482,-0.139147697119419,-0.079306905244305,0.007729176783780
942,10241936875,0,0.987060582230482,-0.139147697119419,-0.079306905244305,0.007729176783780
943,10241936875,1,0.987060582230482,-0.139147697119419,-0.079306905244305,0.007729176783780
944,10261937275,0,0.986939575640105,-0.139820954356724,-0.079632033931339,0.007688558386537
945,10261937275,1,0.986838100070530,-0.140243970050679,-0.080133754816202,0.007795797115626
946,10281937375,0,0.986838100070530,-0.140243970050679,-0.080133754816202,0.007795797115626
947,10281937375,1,0.986838100070530,-0.140243970050679,-0.080133754816202,0.007795797115626
948,10301937475,0,0.986838100070530,-0.140243970050679,-0.080133754816202,0.007795797115626
949,10301937475,1,0.986838100070530,-0.140243970050679,-0.080133754816202,0.007795797115626
950,10321937550,0,0.986838100070530,-0.140243970050679,-0.080133754816202,0.007795797115626
951,10321937550,1,0.986838100070530,-0.140243970050679,-0.080133754816202,0.007795797115626
952,10341937675,0,0.986715636839315,-0.140920881650536,-0.080457784319318,0.007752552743854
953,10341937675,1,0.986612183561898,-0.141348113981752,-0.080964912251073,0.007860846341355
954,10361937775,0,0.986612183561898,-0.141348113981752,-0.080964912251073,0.007860846341355
955,10361937775,1,0.986612183561898,-0.141348113981752,-0.080964912251073,0.007860846341355
956,10381937850,0,0.986612183561898,-0.141348113981752,-0.080964912251073,0.007860846341355
957,10381937850,1,0.986612183561898,-0.141348113981752,-0.080964912251073,0.007860846341355
958,10401937975,0,0.986612183561898,-0.141348113981752,-0.080964912251073,0.007860846341355
959,10401937975,1,0.986612183561898,-0.141348113981752,-0.080964912251073,0.007860846341355
960,10421938075,0,0.986487839905907,-0.142028852718175,-0.081292305280685,0.007817148808105
961,10421938075,1,0.986383674892345,-0.142455046401419,-0.081798467006403,0.007925683317228
962,10441938175,0,0.986383674892345,-0.142455046401419,-0.081798467006403,0.007925683317228
963,10441938175,1,0.986383674892345,-0.142455046401419,-0.081798467006403,0.007925683317228
964,10461938275,0,0.986383674892345,-0.142455046401419,-0.081798467006403,0.007925683317228
965,10461938275,1,0.986383674892345,-0.142455046401419,-0.081798467006403,0.007925683317228
966,10481938375,0,0.986383674892345,-0.142455046401419,-0.081798467006403,0.007925683317228
967,10481938375,1,0.986383674892345,-0.142455046401419,-0.081798467006403,0.007925683317228
968,10501938475,0,0.986258195328365,-0.143136288455841,-0.082125921333220,0.007880870503507
969,10501938475,1,0.986153224678931,-0.143561361450556,-0.082633430545977,0.007979292575954
970,10521938575,0,0.986153224678931,-0.143561361450556,-0.082633430545977,0.007979292575954
971,10521938575,1,0.986153224678931,-0.143561361450556,-0.082633430545977,0.007979292575954
972,10561938775,0,0.986153224678931,-0.143561361450556,-0.082633430545977,0.007979292575954
973,10561938775,1,0.986153224678931,-0.143561361450556,-0.082633430545977,0.007979292575954
974,10581938875,0,0.986153224678931,-0.143561361450556,-0.082633430545977,0.007979292575954
975,10581938875,1,0.986153224678931,-0.143561361450556,-0.082633430545977,0.007979292575954
976,10601938975,0,0.986025468461580,-0.144247988201782,-0.082965890745780,0.007934381993506
977,10601938975,1,0.985919877304330,-0.144671645836390,-0.083472042712891,0.008032964119290
978,10621939075,0,0.985919877304330,-0.144671645836390,-0.083472042712891,0.008032964119290
979,10621939075,1,0.985919877304330,-0.144671645836390,-0.083472042712891,0.008032964119290
980,10641939175,0,0.985919877304330,-0.144671645836390,-0.083472042712891,0.008032964119290
981,10641939175,1,0.985919877304330,-0.144671645836390,-0.083472042712891,0.008032964119290
982,10661939275,0,0.985919877304330,-0.144671645836390,-0.083472042712891,0.008032964119290
983,10661939275,1,0.985919877304330,-0.144671645836390,-0.083472042712891,0.008032964119290
984,10681939350,0,0.985791053188901,-0.145356994751905,-0.083806487113612,0.007988507187656
985,10681939350,1,0.985682712954715,-0.145788640356437,-0.084319939032197,0.008087620593252
986,10701939475,0,0.985682712954715,-0.145788640356437,-0.084319939032197,0.008087620593252
987,10701939475,1,0.985682712954715,-0.145788640356437,-0.084319939032197,0.008087620593252
988,10721939575,0,0.985682712954715,-0.145788640356437,-0.084319939032197,0.008087620593252
989,10721939575,1,0.985682712954715,-0.145788640356437,-0.084319939032197,0.008087620593252
990,10741939675,0,0.985682712954715,-0.145788640356437,-0.084319939032197,0.008087620593252
991,10741939675,1,0.985682712954715,-0.145788640356437,-0.084319939032197,0.008087620593252
992,10761939775,0,0.985551501883696,-0.146480322820639,-0.084658568883882,0.008042317805530
993,10761939775,1,0.985441919583672,-0.146912922005244,-0.085173502450709,0.008141925780037
994,10781939875,0,0.985441919583672,-0.146912922005244,-0.085173502450709,0.008141925780037
995,10781939875,1,0.985441919583672,-0.146912922005244,-0.085173502450709,0.008141925780037
996,10801939975,0,0.985441919583672,-0.146912922005244,-0.085173502450709,0.008141925780037
997,10801939975,1,0.985441919583672,-0.146912922005244,-0.085173502450709,0.008141925780037
998,10821940075,0,0.985441919583672,-0.146912922005244,-0.085173502450709,0.008141925780037
999,10821940075,1,0.985441919583672,-0.146912922005244,-0.085173502450709,0.008141925780037
1000,10841940175,0,0.985308718415833,-0.147608475193987,-0.085515607921660,0.008096188389816
1001,10841940175,1,0.985197803519545,-0.148042387392207,-0.086032579695246,0.008193577146799
1002,10861940275,0,0.985197803519545,-0.148042387392207,-0.086032579695246,0.008193577146799
1003,10861940275,1,0.985197803519545,-0.148042387392207,-0.086032579695246,0.008193577146799
1004,10881940375,0,0.985197803519545,-0.148042387392207,-0.086032579695246,0.008193577146799
1005,10881940375,1,0.985197803519545,-0.148042387392207,-0.086032579695246,0.008193577146799
1006,10901940475,0,0.985197803519545,-0.148042387392207,-0.086032579695246,0.008193577146799
1007,10901940475,1,0.985197803519545,-0.148042387392207,-0.086032579695246,0.008193577146799
1008,10921940575,0,0.985061145837985,-0.148749365417312,-0.086381682857860,0.008146785559208
1009,10921940575,1,0.984948014476944,-0.149187517503153,-0.086905939379392,0.008237177900044
1010,10941940675,0,0.984948014476944,-0.149187517503153,-0.086905939379392,0.008237177900044
1011,10941940675,1,0.984948014476944,-0.149187517503153,-0.086905939379392,0.008237177900044
1012,10961940775,0,0.984948014476944,-0.149187517503153,-0.086905939379392,0.008237177900044
1013,10961940775,1,0.984948014476944,-0.149187517503153,-0.086905939379392,0.008237177900044
1014,10981940875,0,0.984948014476944,-0.149187517503153,-0.086905939379392,0.008237177900044
1015,10981940875,1,0.984948014476944,-0.149187517503153,-0.086905939379392,0.008237177900044
1016,11001940975,0,0.984809988468178,-0.149894757447603,-0.087256908008281,0.008190256886420
1017,11001940975,1,0.984695934343755,-0.150332699691217,-0.087780545579615,0.008280827747016
1018,11021941075,0,0.984695934343755,-0.150332699691217,-0.087780545579615,0.008280827747016
1019,11021941075,1,0.984695934343755,-0.150332699691217,-0.087780545579615,0.008280827747016
1020,11041941175,0,0.984695934343755,-0.150332699691217,-0.087780545579615,0.008280827747016
1021,11041941175,1,0.984695934343755,-0.150332699691217,-0.087780545579615,0.008280827747016
1022,11061941275,0,0.984695934343755,-0.150332699691217,-0.087780545579615,0.008280827747016
1023,11061941275,1,0.984695934343755,-0.150332699691217,-0.087780545579615,0.008280827747016
1024,11081941350,0,0.984556166809184,-0.151042331731979,-0.088133879078021,0.008233333567447
1025,11081941350,1,0.984441277417777,-0.151479552821652,-0.088656778635582,0.008324181339293
1026,11101941475,0,0.984441277417777,-0.151479552821652,-0.088656778635582,0.008324181339293
1027,11101941475,1,0.984441277417777,-0.151479552821652,-0.088656778635582,0.008324181339293
1028,11121941575,0,0.984441277417777,-0.151479552821652,-0.088656778635582,0.008324181339293
1029,11121941575,1,0.984441277417777,-0.151479552821652,-0.088656778635582,0.008324181339293
1030,11141941675,0,0.984441277417777,-0.151479552821652,-0.088656778635582,0.008324181339293
1031,11141941675,1,0.984441277417777,-0.151479552821652,-0.088656778635582,0.008324181339293
1032,11161941775,0,0.984299268699459,-0.152193729459718,-0.089014162378426,0.008276306357232
1033,11161941775,1,0.984183660000156,-0.152629713484694,-0.089535919098106,0.008367385585448
1034,11211942025,0,0.984183660000156,-0.152629713484694,-0.089535919098106,0.008367385585448
1035,11211942025,1,0.984183660000156,-0.152629713484694,-0.089535919098106,0.008367385585448
1036,11231942125,0,0.984183660000156,-0.152629713484694,-0.089535919098106,0.008367385585448
1037,11231942125,1,0.984183660000156,-0.152629713484694,-0.089535919098106,0.008367385585448
1038,11251942225,0,0.984183660000156,-0.152629713484694,-0.089535919098106,0.008367385585448
1039,11251942225,1,0.984183660000156,-0.152629713484694,-0.089535919098106,0.008367385585448
1040,11271942325,0,0.984038415593185,-0.153351920138921,-0.089901918192212,0.008320476664317
1041,11271942325,1,0.983922318296888,-0.153785833495964,-0.090421435484718,0.008411478949203
1042,11291942425,0,0.983922318296888,-0.153785833495964,-0.090421435484718,0.008411478949203
1043,11291942425,1,0.983922318296888,-0.153785833495964,-0.090421435484718,0.008411478949203
1044,11311942525,0,0.983922318296888,-0.153785833495964,-0.090421435484718,0.008411478949203
1045,11311942525,1,0.983922318296888,-0.153785833495964,-0.090421435484718,0.008411478949203
1046,11331942625,0,0.983922318296888,-0.153785833495964,-0.090421435484718,0.008411478949203
1047,11331942625,1,0.983922318296888,-0.153785833495964,-0.090421435484718,0.008411478949203
1048,11351942725,0,0.983775477172809,-0.154509901842399,-0.090788510072418,0.008363443363565
1049,11351942725,1,0.983658497244911,-0.154943214569573,-0.091307593327895,0.008454848159359
1050,11371942825,0,0.983658497244911,-0.154943214569573,-0.091307593327895,0.008454848159359
1051,11371942825,1,0.983658497244911,-0.154943214569573,-0.091307593327895,0.008454848159359
1052,11391942925,0,0.983658497244911,-0.154943214569573,-0.091307593327895,0.008454848159359
1053,11391942925,1,0.983658497244911,-0.154943214569573,-0.091307593327895,0.008454848159359
1054,11411943025,0,0.983658497244911,-0.154943214569573,-0.091307593327895,0.008454848159359
1055,11411943025,1,0.983658497244911,-0.154943214569573,-0.091307593327895,0.008454848159359
1056,11431943125,0,0.983509504083602,-0.155671129410656,-0.091678175907426,0.008406361134637
1057,11431943125,1,0.983391110080814,-0.156105963195478,-0.092198881392698,0.008498184439773
1058,11451943225,0,0.983391110080814,-0.156105963195478,-0.092198881392698,0.008498184439773
1059,11451943225,1,0.983391110080814,-0.156105963195478,-0.092198881392698,0.008498184439773
1060,11471943325,0,0.983391110080814,-0.156105963195478,-0.092198881392698,0.008498184439773
1061,11471943325,1,0.983391110080814,-0.156105963195478,-0.092198881392698,0.008498184439773
1062,11491943425,0,0.983391110080814,-0.156105963195478,-0.092198881392698,0.008498184439773
1063,11491943425,1,0.983391110080814,-0.156105963195478,-0.092198881392698,0.008498184439773
1064,11511943525,0,0.983241318554431,-0.156833291068681,-0.092566079532454,0.008446846743159
1065,11511943525,1,0.983119840444404,-0.157275890723306,-0.093095339676882,0.008539979637317
1066,11531943625,0,0.983119840444404,-0.157275890723306,-0.093095339676882,0.008539979637317
1067,11531943625,1,0.983119840444404,-0.157275890723306,-0.093095339676882,0.008539979637317
1068,11551943700,0,0.983119840444404,-0.157275890723306,-0.093095339676882,0.008539979637317
1069,11551943700,1,0.983119840444404,-0.157275890723306,-0.093095339676882,0.008539979637317
1070,11571943825,0,0.983119840444404,-0.157275890723306,-0.093095339676882,0.008539979637317
1071,11571943825,1,0.983119840444404,-0.157275890723306,-0.093095339676882,0.008539979637317
1072,11591943925,0,0.982967149214909,-0.158009354447093,-0.093469556540212,0.008489374046640
1073,11591943925,1,0.982845058573755,-0.158450325759541,-0.093996946738568,0.008582488431393
1074,11611944025,0,0.982845058573755,-0.158450325759541,-0.093996946738568,0.008582488431393
1075,11611944025,1,0.982845058573755,-0.158450325759541,-0.093996946738568,0.008582488431393
1076,11631944125,0,0.982845058573755,-0.158450325759541,-0.093996946738568,0.008582488431393
1077,11631944125,1,0.982845058573755,-0.158450325759541,-0.093996946738568,0.008582488431393
1078,11651944225,0,0.982845058573755,-0.158450325759541,-0.093996946738568,0.008582488431393
1079,11651944225,1,0.982845058573755,-0.158450325759541,-0.093996946738568,0.008582488431393
1080,11671944325,0,0.982689811076523,-0.159187954079178,-0.094377533360058,0.008532975995771
1081,11671944325,1,0.982567020656234,-0.159627766479199,-0.094903205238948,0.008625991129633
1082,11691944425,0,0.982567020656234,-0.159627766479199,-0.094903205238948,0.008625991129633
1083,11691944425,1,0.982567020656234,-0.159627766479199,-0.094903205238948,0.008625991129633
1084,11711944525,0,0.982567020656234,-0.159627766479199,-0.094903205238948,0.008625991129633
1085,11711944525,1,0.982567020656234,-0.159627766479199,-0.094903205238948,0.008625991129633
1086,11731944600,0,0.982567020656234,-0.159627766479199,-0.094903205238948,0.008625991129633
1087,11731944600,1,0.982567020656234,-0.159627766479199,-0.094903205238948,0.008625991129633
1088,11751944725,0,0.982409669295710,-0.160369170760044,-0.095286070238889,0.008575287893594
1089,11751944725,1,0.982286068131433,-0.160807911810719,-0.095811007385896,0.008668720647616
1090,11771944825,0,0.982286068131433,-0.160807911810719,-0.095811007385896,0.008668720647616
1091,11771944825,1,0.982286068131433,-0.160807911810719,-0.095811007385896,0.008668720647616
1092,11791944925,0,0.982286068131433,-0.160807911810719,-0.095811007385896,0.008668720647616
1093,11791944925,1,0.982286068131433,-0.160807911810719,-0.095811007385896,0.008668720647616
1094,11811944475,0,0.982286068131433,-0.160807911810719,-0.095811007385896,0.008668720647616
1095,11811944475,1,0.982286068131433,-0.160807911810719,-0.095811007385896,0.008668720647616
1096,11921948200,0,0.982126442943312,-0.161553203000459,-0.096197455076902,0.008617558153990
1097,11921948200,1,0.982002091379602,-0.161990590646936,-0.096721770445655,0.008708627320180
1098,11941947450,0,0.982002091379602,-0.161990590646936,-0.096721770445655,0.008708627320180
1099,11941947450,1,0.982002091379602,-0.161990590646936,-0.096721770445655,0.008708627320180
1100,11961947100,0,0.982002091379602,-0.161990590646936,-0.096721770445655,0.008708627320180
1101,11961947100,1,0.982002091379602,-0.161990590646936,-0.096721770445655,0.008708627320180
1102,11981946600,0,0.982002091379602,-0.161990590646936,-0.096721770445655,0.008708627320180
1103,11981946600,1,0.982002091379602,-0.161990590646936,-0.096721770445655,0.008708627320180
1104,12001945975,0,0.981840753367426,-0.162737644280940,-0.097109527269724,0.008656435422674
1105,12001945975,1,0.981715562407554,-0.163173661611530,-0.097634636880022,0.008740043730559
1106,12021946075,0,0.981715562407554,-0.163173661611530,-0.097634636880022,0.008740043730559
1107,12021946075,1,0.981715562407554,-0.163173661611530,-0.097634636880022,0.008740043730559
1108,12041946175,0,0.981715562407554,-0.163173661611530,-0.097634636880022,0.008740043730559
1109,12041946175,1,0.981715562407554,-0.163173661611530,-0.097634636880022,0.008740043730559
1110,12061960950,0,0.981715562407554,-0.163173661611530,-0.097634636880022,0.008740043730559
1111,12061960950,1,0.981715562407554,-0.163173661611530,-0.097634636880022,0.008740043730559
1112,12081945075,0,0.981551580181534,-0.163928275193412,-0.098023453260698,0.008684390945487
1113,12081945075,1,0.981429831335684,-0.164347545936076,-0.098530995455624,0.008775718986138
1114,12101948200,0,0.981429831335684,-0.164347545936076,-0.098530995455624,0.008775718986138
1115,12101948200,1,0.981429831335684,-0.164347545936076,-0.098530995455624,0.008775718986138
1116,12121946575,0,0.981429831335684,-0.164347545936076,-0.098530995455624,0.008775718986138
1117,12121946575,1,0.981429831335684,-0.164347545936076,-0.098530995455624,0.008775718986138
1118,12141946675,0,0.981429831335684,-0.164347545936076,-0.098530995455624,0.008775718986138
1119,12141946675,1,0.981429831335684,-0.164347545936076,-0.098530995455624,0.008775718986138
1120,12161946775,0,0.981263598502925,-0.165104606677035,-0.098925021924680,0.008721189386354
1121,12161946775,1,0.981142503053565,-0.165518212830214,-0.099425406527908,0.008814672996573
1122,12181946875,0,0.981142503053565,-0.165518212830214,-0.099425406527908,0.008814672996573
1123,12181946875,1,0.981142503053565,-0.165518212830214,-0.099425406527908,0.008814672996573
1124,12201946975,0,0.981142503053565,-0.165518212830214,-0.099425406527908,0.008814672996573
1125,12201946975,1,0.981142503053565,-0.165518212830214,-0.099425406527908,0.008814672996573
1126,12221947075,0,0.981142503053565,-0.165518212830214,-0.099425406527908,0.008814672996573
1127,12221947075,1,0.981142503053565,-0.165518212830214,-0.099425406527908,0.008814672996573
1128,12241947175,0,0.980973970710784,-0.166279026887418,-0.099822950915262,0.008759707521360
1129,12241947175,1,0.980853542227530,-0.166686923117223,-0.100316144145552,0.008858305999935
1130,12261947275,0,0.980853542227530,-0.166686923117223,-0.100316144145552,0.008858305999935
1131,12261947275,1,0.980853542227530,-0.166686923117223,-0.100316144145552,0.008858305999935
1132,12281947375,0,0.980853542227530,-0.166686923117223,-0.100316144145552,0.008858305999935
1133,12281947375,1,0.980853542227530,-0.166686923117223,-0.100316144145552,0.008858305999935
1134,12301947450,0,0.980853542227530,-0.166686923117223,-0.100316144145552,0.008858305999935
1135,12301947450,1,0.980853542227530,-0.166686923117223,-0.100316144145552,0.008858305999935
1136,12321947550,0,0.980683221250687,-0.167447300091802,-0.100718826109889,0.008805641168556
1137,12321947550,1,0.980566134055140,-0.167841227201127,-0.101192094977550,0.008918470150800
1138,12341947675,0,0.980566134055140,-0.167841227201127,-0.101192094977550,0.008918470150800
1139,12341947675,1,0.980566134055140,-0.167841227201127,-0.101192094977550,0.008918470150800
1140,12361947750,0,0.980566134055140,-0.167841227201127,-0.101192094977550,0.008918470150800
1141,12361947750,1,0.980566134055140,-0.167841227201127,-0.101192094977550,0.008918470150800
1142,12381947875,0,0.980566134055140,-0.167841227201127,-0.101192094977550,0.008918470150800
1143,12381947875,1,0.980566134055140,-0.167841227201127,-0.101192094977550,0.008918470150800
1144,12401947975,0,0.980393294062775,-0.168607238926785,-0.101597328618972,0.008864014650015
1145,12401947975,1,0.980275613103824,-0.168999664922506,-0.102069791007986,0.008977381221064
1146,12421948075,0,0.980275613103824,-0.168999664922506,-0.102069791007986,0.008977381221064
1147,12421948075,1,0.980275613103824,-0.168999664922506,-0.102069791007986,0.008977381221064
1148,12441948175,0,0.980275613103824,-0.168999664922506,-0.102069791007986,0.008977381221064
1149,12441948175,1,0.980275613103824,-0.168999664922506,-0.102069791007986,0.008977381221064
1150,12491948425,0,0.980275613103824,-0.168999664922506,-0.102069791007986,0.008977381221064
1151,12491948425,1,0.980275613103824,-0.168999664922506,-0.102069791007986,0.008977381221064
1152,12511948525,0,0.980100645264423,-0.169766491452514,-0.102481215218615,0.008925472507410
1153,12511948525,1,0.979982273369811,-0.170158574555091,-0.102951982429178,0.009038401419451
1154,12531948625,0,0.979982273369811,-0.170158574555091,-0.102951982429178,0.009038401419451
1155,12531948625,1,0.979982273369811,-0.170158574555091,-0.102951982429178,0.009038401419451
1156,12551948725,0,0.979982273369811,-0.170158574555091,-0.102951982429178,0.009038401419451
1157,12551948725,1,0.979982273369811,-0.170158574555091,-0.102951982429178,0.009038401419451
1158,12571948825,0,0.979982273369811,-0.170158574555091,-0.102951982429178,0.009038401419451
1159,12571948825,1,0.979982273369811,-0.170158574555091,-0.102951982429178,0.009038401419451
1160,12591948925,0,0.979804867453795,-0.170930557189064,-0.103365578580147,0.008984625628141
1161,12591948925,1,0.979685876351099,-0.171321249822374,-0.103835627136483,0.009098108300788
1162,12611949025,0,0.979685876351099,-0.171321249822374,-0.103835627136483,0.009098108300788
1163,12611949025,1,0.979685876351099,-0.171321249822374,-0.103835627136483,0.009098108300788
1164,12631949125,0,0.979685876351099,-0.171321249822374,-0.103835627136483,0.009098108300788
1165,12631949125,1,0.979685876351099,-0.171321249822374,-0.103835627136483,0.009098108300788
1166,12651949225,0,0.979685876351099,-0.171321249822374,-0.103835627136483,0.009098108300788
1167,12651949225,1,0.979685876351099,-0.171321249822374,-0.103835627136483,0.009098108300788
1168,12671949325,0,0.979504300820969,-0.172106406396028,-0.104254353413188,0.009040981421780
1169,12671949325,1,0.979386574588535,-0.172488619332444,-0.104717715570499,0.009154985648193
1170,12691949425,0,0.979386574588535,-0.172488619332444,-0.104717715570499,0.009154985648193
1171,12691949425,1,0.979386574588535,-0.172488619332444,-0.104717715570499,0.009154985648193
1172,12711949525,0,0.979386574588535,-0.172488619332444,-0.104717715570499,0.009154985648193
1173,12711949525,1,0.979386574588535,-0.172488619332444,-0.104717715570499,0.009154985648193
1174,12731949625,0,0.979386574588535,-0.172488619332444,-0.104717715570499,0.009154985648193
1175,12731949625,1,0.979386574588535,-0.172488619332444,-0.104717715570499,0.009154985648193
1176,12751949725,0,0.979203497150978,-0.173272892133933,-0.105139084498376,0.009098842216433
1177,12751949725,1,0.979086423095170,-0.173649997751593,-0.105596335392846,0.009212401596686
1178,12771949825,0,0.979086423095170,-0.173649997751593,-0.105596335392846,0.009212401596686
1179,12771949825,1,0.979086423095170,-0.173649997751593,-0.105596335392846,0.009212401596686
1180,12791949925,0,0.979086423095170,-0.173649997751593,-0.105596335392846,0.009212401596686
1181,12791949925,1,0.979086423095170,-0.173649997751593,-0.105596335392846,0.009212401596686
1182,12811950025,0,0.979086423095170,-0.173649997751593,-0.105596335392846,0.009212401596686
1183,12811950025,1,0.979086423095170,-0.173649997751593,-0.105596335392846,0.009212401596686
1184,12831950125,0,0.978900978610503,-0.174437860268380,-0.106021117773472,0.009155848756540
1185,12831950125,1,0.978783290915881,-0.174813953838123,-0.106477344330338,0.009269633850346
1186,12851950225,0,0.978783290915881,-0.174813953838123,-0.106477344330338,0.009269633850346
1187,12851950225,1,0.978783290915881,-0.174813953838123,-0.106477344330338,0.009269633850346
1188,12871950325,0,0.978783290915881,-0.174813953838123,-0.106477344330338,0.009269633850346
1189,12871950325,1,0.978783290915881,-0.174813953838123,-0.106477344330338,0.009269633850346
1190,12891950425,0,0.978783290915881,-0.174813953838123,-0.106477344330338,0.009269633850346
1191,12891950425,1,0.978783290915881,-0.174813953838123,-0.106477344330338,0.009269633850346
1192,12911950525,0,0.978595623265899,-0.175605032471248,-0.106904691512084,0.009212254246711
1193,12911950525,1,0.978471247763784,-0.176000851499250,-0.107381140281268,0.009327823058870
1194,12931950625,0,0.978471247763784,-0.176000851499250,-0.107381140281268,0.009327823058870
1195,12931950625,1,0.978471247763784,-0.176000851499250,-0.107381140281268,0.009327823058870
1196,12951950725,0,0.978471247763784,-0.176000851499250,-0.107381140281268,0.009327823058870
1197,12951950725,1,0.978471247763784,-0.176000851499250,-0.107381140281268,0.009327823058870
1198,12971950825,0,0.978471247763784,-0.176000851499250,-0.107381140281268,0.009327823058870
1199,12971950825,1,0.978471247763784,-0.176000851499250,-0.107381140281268,0.009327823058870
1200,12991950925,0,0.978280958957279,-0.176796094664074,-0.107812655789688,0.009270248364160
1201,12991950925,1,0.978155956211389,-0.177190750710165,-0.108287885797756,0.009385999169190
1202,13011951025,0,0.978155956211389,-0.177190750710165,-0.108287885797756,0.009385999169190
1203,13011951025,1,0.978155956211389,-0.177190750710165,-0.108287885797756,0.009385999169190
1204,13031951125,0,0.978155956211389,-0.177190750710165,-0.108287885797756,0.009385999169190
1205,13031951125,1,0.978155956211389,-0.177190750710165,-0.108287885797756,0.009385999169190
1206,13051951225,0,0.978155956211389,-0.177190750710165,-0.108287885797756,0.009385999169190
1207,13051951225,1,0.978155956211389,-0.177190750710165,-0.108287885797756,0.009385999169190
1208,13071951325,0,0.977964593231856,-0.177982893379119,-0.108721193382236,0.009329853095827
1209,13071951325,1,0.977838643006203,-0.178377545877830,-0.109196710929301,0.009440216767245
1210,13121951575,0,0.977838643006203,-0.178377545877830,-0.109196710929301,0.009440216767245
1211,13121951575,1,0.977838643006203,-0.178377545877830,-0.109196710929301,0.009440216767245
1212,13141951675,0,0.977838643006203,-0.178377545877830,-0.109196710929301,0.009440216767245
1213,13141951675,1,0.977838643006203,-0.178377545877830,-0.109196710929301,0.009440216767245
1214,13161951775,0,0.977838643006203,-0.178377545877830,-0.109196710929301,0.009440216767245
1215,13161951775,1,0.977838643006203,-0.178377545877830,-0.109196710929301,0.009440216767245
1216,13181951875,0,0.977644078152940,-0.179176755696038,-0.109634441364100,0.009382746799970
1217,13181951875,1,0.977517686511051,-0.179568959844065,-0.110109639488439,0.009488335487770
1218,13201951975,0,0.977517686511051,-0.179568959844065,-0.110109639488439,0.009488335487770
1219,13201951975,1,0.977517686511051,-0.179568959844065,-0.110109639488439,0.009488335487770
1220,13221952075,0,0.977517686511051,-0.179568959844065,-0.110109639488439,0.009488335487770
1221,13221952075,1,0.977517686511051,-0.179568959844065,-0.110109639488439,0.009488335487770
1222,13241952175,0,0.977517686511051,-0.179568959844065,-0.110109639488439,0.009488335487770
1223,13241952175,1,0.977517686511051,-0.179568959844065,-0.110109639488439,0.009488335487770
1224,13261952275,0,0.977319390023055,-0.180377150095927,-0.110553053198049,0.009429530042600
1225,13261952275,1,0.977191073319604,-0.180772183466471,-0.111031932490361,0.009535925581754
1226,13281952350,0,0.977191073319604,-0.180772183466471,-0.111031932490361,0.009535925581754
1227,13281952350,1,0.977191073319604,-0.180772183466471,-0.111031932490361,0.009535925581754
1228,13301952475,0,0.977191073319604,-0.180772183466471,-0.111031932490361,0.009535925581754
1229,13301952475,1,0.977191073319604,-0.180772183466471,-0.111031932490361,0.009535925581754
1230,13321952575,0,0.977191073319604,-0.180772183466471,-0.111031932490361,0.009535925581754
1231,13321952575,1,0.977191073319604,-0.180772183466471,-0.111031932490361,0.009535925581754
1232,13341952675,0,0.976990759005356,-0.181581675236517,-0.111477961619138,0.009477136153951
1233,13341952675,1,0.976860075702230,-0.181981370064395,-0.111961241216040,0.009584044755895
1234,13361952775,0,0.976860075702230,-0.181981370064395,-0.111961241216040,0.009584044755895
1235,13361952775,1,0.976860075702230,-0.181981370064395,-0.111961241216040,0.009584044755895
1236,13381952875,0,0.976860075702230,-0.181981370064395,-0.111961241216040,0.009584044755895
1237,13381952875,1,0.976860075702230,-0.181981370064395,-0.111961241216040,0.009584044755895
1238,13401952975,0,0.976860075702230,-0.181981370064395,-0.111961241216040,0.009584044755895
1239,13401952975,1,0.976860075702230,-0.181981370064395,-0.111961241216040,0.009584044755895
1240,13421953075,0,0.976657145421840,-0.182794648739155,-0.112410916386536,0.009524839417585
1241,13421953075,1,0.976525783779496,-0.183193252580712,-0.112893094200856,0.009631983414510
1242,13441953175,0,0.976525783779496,-0.183193252580712,-0.112893094200856,0.009631983414510
1243,13441953175,1,0.976525783779496,-0.183193252580712,-0.112893094200856,0.009631983414510
1244,13461953275,0,0.976525783779496,-0.183193252580712,-0.112893094200856,0.009631983414510
1245,13461953275,1,0.976525783779496,-0.183193252580712,-0.112893094200856,0.009631983414510
1246,13481953350,0,0.976525783779496,-0.183193252580712,-0.112893094200856,0.009631983414510
1247,13481953350,1,0.976525783779496,-0.183193252580712,-0.112893094200856,0.009631983414510
1248,13501953450,0,0.976319648824638,-0.184011481586871,-0.113349276850168,0.009573891616498
1249,13501953450,1,0.976187744777976,-0.184408717009770,-0.113829661012119,0.009680925057404
1250,13521953575,0,0.976187744777976,-0.184408717009770,-0.113829661012119,0.009680925057404
1251,13521953575,1,0.976187744777976,-0.184408717009770,-0.113829661012119,0.009680925057404
1252,13541953675,0,0.976187744777976,-0.184408717009770,-0.113829661012119,0.009680925057404
1253,13541953675,1,0.976187744777976,-0.184408717009770,-0.113829661012119,0.009680925057404
1254,13561953775,0,0.976187744777976,-0.184408717009770,-0.113829661012119,0.009680925057404
1255,13561953775,1,0.976187744777976,-0.184408717009770,-0.113829661012119,0.009680925057404
1256,13581953875,0,0.975979226999925,-0.185230148064250,-0.114288076594354,0.009621655839239
1257,13581953875,1,0.975846581437320,-0.185626426580461,-0.114767695568481,0.009729095845179
1258,13601953975,0,0.975846581437320,-0.185626426580461,-0.114767695568481,0.009729095845179
1259,13601953975,1,0.975846581437320,-0.185626426580461,-0.114767695568481,0.009729095845179
1260,13621954075,0,0.975846581437320,-0.185626426580461,-0.114767695568481,0.009729095845179
1261,13621954075,1,0.975846581437320,-0.185626426580461,-0.114767695568481,0.009729095845179
1262,13641954150,0,0.975846581437320,-0.185626426580461,-0.114767695568481,0.009729095845179
1263,13641954150,1,0.975846581437320,-0.185626426580461,-0.114767695568481,0.009729095845179
1264,13661954275,0,0.975636498732626,-0.186448601885541,-0.115225338961881,0.009667598294819
1265,13661954275,1,0.975502967782836,-0.186843894398617,-0.115705905413190,0.009770487467468
1266,13681954375,0,0.975502967782836,-0.186843894398617,-0.115705905413190,0.009770487467468
1267,13681954375,1,0.975502967782836,-0.186843894398617,-0.115705905413190,0.009770487467468
1268,13701954475,0,0.975502967782836,-0.186843894398617,-0.115705905413190,0.009770487467468
1269,13701954475,1,0.975502967782836,-0.186843894398617,-0.115705905413190,0.009770487467468
1270,13721954575,0,0.975502967782836,-0.186843894398617,-0.115705905413190,0.009770487467468
1271,13721954575,1,0.975502967782836,-0.186843894398617,-0.115705905413190,0.009770487467468
1272,13761954775,0,0.975289651970252,-0.187671296375138,-0.116169299987333,0.009709429286685
1273,13761954775,1,0.975155631004830,-0.188064527991950,-0.116649252599100,0.009807165686827
1274,13781954875,0,0.975155631004830,-0.188064527991950,-0.116649252599100,0.009807165686827
1275,13781954875,1,0.975155631004830,-0.188064527991950,-0.116649252599100,0.009807165686827
1276,13801954975,0,0.975155631004830,-0.188064527991950,-0.116649252599100,0.009807165686827
1277,13801954975,1,0.975155631004830,-0.188064527991950,-0.116649252599100,0.009807165686827
1278,13821955075,0,0.975155631004830,-0.188064527991950,-0.116649252599100,0.009807165686827
1279,13821955075,1,0.975155631004830,-0.188064527991950,-0.116649252599100,0.009807165686827
1280,13841955175,0,0.974939587763854,-0.188895717002966,-0.117116309076876,0.009745689149173
1281,13841955175,1,0.974804900618560,-0.189287845023518,-0.117595151945365,0.009843662699328
1282,13861955275,0,0.974804900618560,-0.189287845023518,-0.117595151945365,0.009843662699328
1283,13861955275,1,0.974804900618560,-0.189287845023518,-0.117595151945365,0.009843662699328
1284,13881955375,0,0.974804900618560,-0.189287845023518,-0.117595151945365,0.009843662699328
1285,13881955375,1,0.974804900618560,-0.189287845023518,-0.117595151945365,0.009843662699328
1286,13901955475,0,0.974804900618560,-0.189287845023518,-0.117595151945365,0.009843662699328
1287,13901955475,1,0.974804900618560,-0.189287845023518,-0.117595151945365,0.009843662699328
1288,13921955550,0,0.974586257739491,-0.190123038498302,-0.118064381133677,0.009780509446379
1289,13921955550,1,0.974450871308578,-0.190514006710149,-0.118542473187771,0.009879003174653
1290,13941955675,0,0.974450871308578,-0.190514006710149,-0.118542473187771,0.009879003174653
1291,13941955675,1,0.974450871308578,-0.190514006710149,-0.118542473187771,0.009879003174653
1292,13961955775,0,0.974450871308578,-0.190514006710149,-0.118542473187771,0.009879003174653
1293,13961955775,1,0.974450871308578,-0.190514006710149,-0.118542473187771,0.009879003174653
1294,13981955875,0,0.974450871308578,-0.190514006710149,-0.118542473187771,0.009879003174653
1295,13981955875,1,0.974450871308578,-0.190514006710149,-0.118542473187771,0.009879003174653
1296,14001955975,0,0.974229397255709,-0.191352836967112,-0.119016045249392,0.009816021628480
1297,14001955975,1,0.974093363473549,-0.191742735406572,-0.119492857350797,0.009914620403040
1298,14021956075,0,0.974093363473549,-0.191742735406572,-0.119492857350797,0.009914620403040
1299,14021956075,1,0.974093363473549,-0.191742735406572,-0.119492857350797,0.009914620403040
1300,14041956175,0,0.974093363473549,-0.191742735406572,-0.119492857350797,0.009914620403040
1301,14041956175,1,0.974093363473549,-0.191742735406572,-0.119492857350797,0.009914620403040
1302,14061956275,0,0.974093363473549,-0.191742735406572,-0.119492857350797,0.009914620403040
1303,14061956275,1,0.974093363473549,-0.191742735406572,-0.119492857350797,0.009914620403040
1304,14081956375,0,0.973868022371261,-0.192589165030628,-0.119972669705082,0.009851245572545
1305,14081956375,1,0.973729158342116,-0.192983784566529,-0.120457147543070,0.009942871543007
1306,14101956475,0,0.973729158342116,-0.192983784566529,-0.120457147543070,0.009942871543007
1307,14101956475,1,0.973729158342116,-0.192983784566529,-0.120457147543070,0.009942871543007
1308,14121956575,0,0.973729158342116,-0.192983784566529,-0.120457147543070,0.009942871543007
1309,14121956575,1,0.973729158342116,-0.192983784566529,-0.120457147543070,0.009942871543007
1310,14141956675,0,0.973729158342116,-0.192983784566529,-0.120457147543070,0.009942871543007
1311,14141956675,1,0.973729158342116,-0.192983784566529,-0.120457147543070,0.009942871543007
1312,14161956775,0,0.973501483828900,-0.193832188528293,-0.120939438965892,0.009879057438737
1313,14161956775,1,0.973361004005150,-0.194228366844069,-0.121426215285821,0.009968532315911
1314,14181956875,0,0.973361004005150,-0.194228366844069,-0.121426215285821,0.009968532315911
1315,14181956875,1,0.973361004005150,-0.194228366844069,-0.121426215285821,0.009968532315911
1316,14201956950,0,0.973361004005150,-0.194228366844069,-0.121426215285821,0.009968532315911
1317,14201956950,1,0.973361004005150,-0.194228366844069,-0.121426215285821,0.009968532315911
1318,14221957075,0,0.973361004005150,-0.194228366844069,-0.121426215285821,0.009968532315911
1319,14221957075,1,0.973361004005150,-0.194228366844069,-0.121426215285821,0.009968532315911
1320,14241957150,0,0.973130466146746,-0.195080544196166,-0.121912191017228,0.009904282635452
1321,14241957150,1,0.972989273177671,-0.195475926034901,-0.122397323116081,0.009996595220548
1322,14261957275,0,0.972989273177671,-0.195475926034901,-0.122397323116081,0.009996595220548
1323,14261957275,1,0.972989273177671,-0.195475926034901,-0.122397323116081,0.009996595220548
1324,14281957375,0,0.972989273177671,-0.195475926034901,-0.122397323116081,0.009996595220548
1325,14281957375,1,0.972989273177671,-0.195475926034901,-0.122397323116081,0.009996595220548
1326,14301957450,0,0.972989273177671,-0.195475926034901,-0.122397323116081,0.009996595220548
1327,14301957450,1,0.972989273177671,-0.195475926034901,-0.122397323116081,0.009996595220548
1328,14321957575,0,0.972757459827096,-0.196325135360917,-0.122884845070244,0.009933802309047
1329,14321957575,1,0.972615120325022,-0.196721995054106,-0.123367779365739,0.010033712744624
1330,14341957675,0,0.972615120325022,-0.196721995054106,-0.123367779365739,0.010033712744624
1331,14341957675,1,0.972615120325022,-0.196721995054106,-0.123367779365739,0.010033712744624
1332,14361957775,0,0.972615120325022,-0.196721995054106,-0.123367779365739,0.010033712744624
1333,14361957775,1,0.972615120325022,-0.196721995054106,-0.123367779365739,0.010033712744624
1334,14401957975,0,0.972615120325022,-0.196721995054106,-0.123367779365739,0.010033712744624
1335,14401957975,1,0.972615120325022,-0.196721995054106,-0.123367779365739,0.010033712744624
1336,14421958075,0,0.972379635234448,-0.197578209735962,-0.123860016595876,0.009969569084166
1337,14421958075,1,0.972236798343796,-0.197973173902730,-0.124341573886215,0.010069923762547
1338,14441958175,0,0.972236798343796,-0.197973173902730,-0.124341573886215,0.010069923762547
1339,14441958175,1,0.972236798343796,-0.197973173902730,-0.124341573886215,0.010069923762547
1340,14461958275,0,0.972236798343796,-0.197973173902730,-0.124341573886215,0.010069923762547
1341,14461958275,1,0.972236798343796,-0.197973173902730,-0.124341573886215,0.010069923762547
1342,14481958375,0,0.972236798343796,-0.197973173902730,-0.124341573886215,0.010069923762547
1343,14481958375,1,0.972236798343796,-0.197973173902730,-0.124341573886215,0.010069923762547
1344,14501958475,0,0.971997224315543,-0.198836956408478,-0.124840484171209,0.010005708420212
1345,14501958475,1,0.971850525964768,-0.199240137166994,-0.125330647922833,0.010107008208401
1346,14521958575,0,0.971850525964768,-0.199240137166994,-0.125330647922833,0.010107008208401
1347,14521958575,1,0.971850525964768,-0.199240137166994,-0.125330647922833,0.010107008208401
1348,14541958575,0,0.971850525964768,-0.199240137166994,-0.125330647922833,0.010107008208401
1349,14541958575,1,0.971850525964768,-0.199240137166994,-0.125330647922833,0.010107008208401
1350,14661961875,0,0.971850525964768,-0.199240137166994,-0.125330647922833,0.010107008208401
1351,14661961875,1,0.971850525964768,-0.199240137166994,-0.125330647922833,0.010107008208401
1352,14681961175,0,0.971609646256134,-0.200102382062233,-0.125828844375499,0.010041609341961
1353,14681961175,1,0.971461895105175,-0.200505029709776,-0.126319979756241,0.010138152402045
1354,14701960725,0,0.971461895105175,-0.200505029709776,-0.126319979756241,0.010138152402045
1355,14701960725,1,0.971461895105175,-0.200505029709776,-0.126319979756241,0.010138152402045
1356,14721960300,0,0.971461895105175,-0.200505029709776,-0.126319979756241,0.010138152402045
1357,14721960300,1,0.971461895105175,-0.200505029709776,-0.126319979756241,0.010138152402045
1358,14741959675,0,0.971461895105175,-0.200505029709776,-0.126319979756241,0.010138152402045
1359,14741959675,1,0.971461895105175,-0.200505029709776,-0.126319979756241,0.010138152402045
1360,14761959775,0,0.971217479902697,-0.201372737777075,-0.126823380513348,0.010072604766700
1361,14761959775,1,0.971069205926299,-0.201773171197904,-0.127314078772648,0.010164154302293
1362,14781959875,0,0.971069205926299,-0.201773171197904,-0.127314078772648,0.010164154302293
1363,14781959875,1,0.971069205926299,-0.201773171197904,-0.127314078772648,0.010164154302293
1364,14801959975,0,0.971069205926299,-0.201773171197904,-0.127314078772648,0.010164154302293
1365,14801959975,1,0.971069205926299,-0.201773171197904,-0.127314078772648,0.010164154302293
1366,14821960075,0,0.971069205926299,-0.201773171197904,-0.127314078772648,0.010164154302293
1367,14821960075,1,0.971069205926299,-0.201773171197904,-0.127314078772648,0.010164154302293
1368,14841960175,0,0.970821766681632,-0.202644660769528,-0.127821225256481,0.010098176701237
1369,14841960175,1,0.970672709433200,-0.203044970868967,-0.128309147317635,0.010197729210572
1370,14861960275,0,0.970672709433200,-0.203044970868967,-0.128309147317635,0.010197729210572
1371,14861960275,1,0.970672709433200,-0.203044970868967,-0.128309147317635,0.010197729210572
1372,14881960375,0,0.970672709433200,-0.203044970868967,-0.128309147317635,0.010197729210572
1373,14881960375,1,0.970672709433200,-0.203044970868967,-0.128309147317635,0.010197729210572
1374,14901960475,0,0.970672709433200,-0.203044970868967,-0.128309147317635,0.010197729210572
1375,14901960475,1,0.970672709433200,-0.203044970868967,-0.128309147317635,0.010197729210572
1376,14921960575,0,0.970422715149721,-0.203919379398909,-0.128817801870520,0.010129883921131
1377,14921960575,1,0.970286811350436,-0.204280930235123,-0.129258428967216,0.010250063541472
1378,14941960675,0,0.970286811350436,-0.204280930235123,-0.129258428967216,0.010250063541472
1379,14941960675,1,0.970286811350436,-0.204280930235123,-0.129258428967216,0.010250063541472
1380,14961960775,0,0.970286811350436,-0.204280930235123,-0.129258428967216,0.010250063541472
1381,14961960775,1,0.970286811350436,-0.204280930235123,-0.129258428967216,0.010250063541472
1382,14981960875,0,0.970286811350436,-0.204280930235123,-0.129258428967216,0.010250063541472
1383,14981960875,1,0.970286811350436,-0.204280930235123,-0.129258428967216,0.010250063541472
1384,15031961125,0,0.970033749496086,-0.205159009553670,-0.129771429307704,0.010182424709141
1385,15031961125,1,0.969897292627053,-0.205519482332516,-0.130210747252173,0.010302690741633
1386,15051961225,0,0.969897292627053,-0.205519482332516,-0.130210747252173,0.010302690741633
1387,15051961225,1,0.969897292627053,-0.205519482332516,-0.130210747252173,0.010302690741633
1388,15071961300,0,0.969897292627053,-0.205519482332516,-0.130210747252173,0.010302690741633
1389,15071961300,1,0.969897292627053,-0.205519482332516,-0.130210747252173,0.010302690741633
1390,15091961425,0,0.969897292627053,-0.205519482332516,-0.130210747252173,0.010302690741633
1391,15091961425,1,0.969897292627053,-0.205519482332516,-0.130210747252173,0.010302690741633
1392,15111962725,0,0.969640817833549,-0.206401491456403,-0.130729943022926,0.010236733506418
1393,15111962725,1,0.969503776379942,-0.206762217798100,-0.131165302020859,0.010367083583124
1394,15131961600,0,0.969503776379942,-0.206762217798100,-0.131165302020859,0.010367083583124
1395,15131961600,1,0.969503776379942,-0.206762217798100,-0.131165302020859,0.010367083583124
1396,15151961725,0,0.969503776379942,-0.206762217798100,-0.131165302020859,0.010367083583124
1397,15151961725,1,0.969503776379942,-0.206762217798100,-0.131165302020859,0.010367083583124
1398,15171961825,0,0.969503776379942,-0.206762217798100,-0.131165302020859,0.010367083583124
1399,15171961825,1,0.969503776379942,-0.206762217798100,-0.131165302020859,0.010367083583124
1400,15191961925,0,0.969244519321048,-0.207647659257880,-0.131686852862408,0.010299716211060
1401,15191961925,1,0.969106849077110,-0.208007359966747,-0.132121374847839,0.010430511963273
1402,15211962025,0,0.969106849077110,-0.208007359966747,-0.132121374847839,0.010430511963273
1403,15211962025,1,0.969106849077110,-0.208007359966747,-0.132121374847839,0.010430511963273
1404,15231962125,0,0.969106849077110,-0.208007359966747,-0.132121374847839,0.010430511963273
1405,15231962125,1,0.969106849077110,-0.208007359966747,-0.132121374847839,0.010430511963273
1406,15251962225,0,0.969106849077110,-0.208007359966747,-0.132121374847839,0.010430511963273
1407,15251962225,1,0.969106849077110,-0.208007359966747,-0.132121374847839,0.010430511963273
1408,15271962325,0,0.968843666036941,-0.208899577656415,-0.132648182071571,0.010362288751982
1409,15271962325,1,0.968705691718619,-0.209256746190434,-0.133082282013085,0.010488241984873
1410,15291962425,0,0.968705691718619,-0.209256746190434,-0.133082282013085,0.010488241984873
1411,15291962425,1,0.968705691718619,-0.209256746190434,-0.133082282013085,0.010488241984873
1412,15311962475,0,0.968705691718619,-0.209256746190434,-0.133082282013085,0.010488241984873
1413,15311962475,1,0.968705691718619,-0.209256746190434,-0.133082282013085,0.010488241984873
1414,15331962625,0,0.968705691718619,-0.209256746190434,-0.133082282013085,0.010488241984873
1415,15331962625,1,0.968705691718619,-0.209256746190434,-0.133082282013085,0.010488241984873
1416,15351962725,0,0.968439899624933,-0.210151010618469,-0.133611902940747,0.010419834117616
1417,15351962725,1,0.968301304300731,-0.210506770737621,-0.134046167574156,0.010540802711463
1418,15371962825,0,0.968301304300731,-0.210506770737621,-0.134046167574156,0.010540802711463
1419,15371962825,1,0.968301304300731,-0.210506770737621,-0.134046167574156,0.010540802711463
1420,15391962900,0,0.968301304300731,-0.210506770737621,-0.134046167574156,0.010540802711463
1421,15391962900,1,0.968301304300731,-0.210506770737621,-0.134046167574156,0.010540802711463
1422,15411963025,0,0.968301304300731,-0.210506770737621,-0.134046167574156,0.010540802711463
1423,15411963025,1,0.968301304300731,-0.210506770737621,-0.134046167574156,0.010540802711463
1424,15431963125,0,0.968032447395035,-0.211404600699006,-0.134579392402950,0.010471997618633
1425,15431963125,1,0.967893281914604,-0.211759296334032,-0.135012516594068,0.010593186660721
1426,15451963225,0,0.967893281914604,-0.211759296334032,-0.135012516594068,0.010593186660721
1427,15451963225,1,0.967893281914604,-0.211759296334032,-0.135012516594068,0.010593186660721
1428,15471963325,0,0.967893281914604,-0.211759296334032,-0.135012516594068,0.010593186660721
1429,15471963325,1,0.967893281914604,-0.211759296334032,-0.135012516594068,0.010593186660721
1430,15491963425,0,0.967893281914604,-0.211759296334032,-0.135012516594068,0.010593186660721
1431,15491963425,1,0.967893281914604,-0.211759296334032,-0.135012516594068,0.010593186660721
1432,15511963525,0,0.967621738277480,-0.212661436003603,-0.135545614189155,0.010520062919899
1433,15511963525,1,0.967481910872706,-0.213014878161089,-0.135978506329548,0.010642350891568
1434,15531963625,0,0.967481910872706,-0.213014878161089,-0.135978506329548,0.010642350891568
1435,15531963625,1,0.967481910872706,-0.213014878161089,-0.135978506329548,0.010642350891568
1436,15551963725,0,0.967481910872706,-0.213014878161089,-0.135978506329548,0.010642350891568
1437,15551963725,1,0.967481910872706,-0.213014878161089,-0.135978506329548,0.010642350891568
1438,15571963825,0,0.967481910872706,-0.213014878161089,-0.135978506329548,0.010642350891568
1439,15571963825,1,0.967481910872706,-0.213014878161089,-0.135978506329548,0.010642350891568
1440,15591963900,0,0.967207060791625,-0.213920226260558,-0.136517025248102,0.010570722249065
1441,15591963900,1,0.967066715987676,-0.214272691615251,-0.136948327154912,0.010692808154900
1442,15611964025,0,0.967066715987676,-0.214272691615251,-0.136948327154912,0.010692808154900
1443,15611964025,1,0.967066715987676,-0.214272691615251,-0.136948327154912,0.010692808154900
1444,15661964275,0,0.967066715987676,-0.214272691615251,-0.136948327154912,0.010692808154900
1445,15661964275,1,0.967066715987676,-0.214272691615251,-0.136948327154912,0.010692808154900
1446,15681964375,0,0.967066715987676,-0.214272691615251,-0.136948327154912,0.010692808154900
1447,15681964375,1,0.967066715987676,-0.214272691615251,-0.136948327154912,0.010692808154900
1448,15701964475,0,0.966787490509599,-0.215183720339808,-0.137495599396635,0.010624257217825
1449,15701964475,1,0.966644054001526,-0.215542256461850,-0.137932314422886,0.010746403155246
1450,15721964575,0,0.966644054001526,-0.215542256461850,-0.137932314422886,0.010746403155246
1451,15721964575,1,0.966644054001526,-0.215542256461850,-0.137932314422886,0.010746403155246
1452,15741964675,0,0.966644054001526,-0.215542256461850,-0.137932314422886,0.010746403155246
1453,15741964675,1,0.966644054001526,-0.215542256461850,-0.137932314422886,0.010746403155246
1454,15761964775,0,0.966644054001526,-0.215542256461850,-0.137932314422886,0.010746403155246
1455,15761964775,1,0.966644054001526,-0.215542256461850,-0.137932314422886,0.010746403155246
1456,15781964875,0,0.966362221115898,-0.216455880590849,-0.138480817983053,0.010675786075604
1457,15781964875,1,0.966217117675020,-0.216816111052536,-0.138919555151147,0.010798735872234
1458,15801964975,0,0.966217117675020,-0.216816111052536,-0.138919555151147,0.010798735872234
1459,15801964975,1,0.966217117675020,-0.216816111052536,-0.138919555151147,0.010798735872234
1460,15821965050,0,0.966217117675020,-0.216816111052536,-0.138919555151147,0.010798735872234
1461,15821965050,1,0.966217117675020,-0.216816111052536,-0.138919555151147,0.010798735872234
1462,15841965150,0,0.966217117675020,-0.216816111052536,-0.138919555151147,0.010798735872234
1463,15841965150,1,0.966217117675020,-0.216816111052536,-0.138919555151147,0.010798735872234
1464,15861965275,0,0.965932072405119,-0.217733306726510,-0.139471700136467,0.010727697895419
1465,15861965275,1,0.965786382321680,-0.218092454124509,-0.139909269479644,0.010850875062572
1466,15881965375,0,0.965786382321680,-0.218092454124509,-0.139909269479644,0.010850875062572
1467,15881965375,1,0.965786382321680,-0.218092454124509,-0.139909269479644,0.010850875062572
1468,15901965475,0,0.965786382321680,-0.218092454124509,-0.139909269479644,0.010850875062572
1469,15901965475,1,0.965786382321680,-0.218092454124509,-0.139909269479644,0.010850875062572
1470,15921965575,0,0.965786382321680,-0.218092454124509,-0.139909269479644,0.010850875062572
1471,15921965575,1,0.965786382321680,-0.218092454124509,-0.139909269479644,0.010850875062572
1472,15941965675,0,0.965498809461166,-0.219010020893516,-0.140465009933366,0.010781496264982
1473,15941965675,1,0.965352366855690,-0.219368853887387,-0.140901408743543,0.010904437827616
1474,15961965775,0,0.965352366855690,-0.219368853887387,-0.140901408743543,0.010904437827616
1475,15961965775,1,0.965352366855690,-0.219368853887387,-0.140901408743543,0.010904437827616
1476,15981965875,0,0.965352366855690,-0.219368853887387,-0.140901408743543,0.010904437827616
1477,15981965875,1,0.965352366855690,-0.219368853887387,-0.140901408743543,0.010904437827616
1478,16001965975,0,0.965352366855690,-0.219368853887387,-0.140901408743543,0.010904437827616
1479,16001965975,1,0.965352366855690,-0.219368853887387,-0.140901408743543,0.010904437827616
1480,16021966075,0,0.965061194222915,-0.220291518035713,-0.141460843273807,0.010833665438194
1481,16021966075,1,0.964914252693989,-0.220648895827116,-0.141896063369261,0.010957048808053
1482,16041966150,0,0.964914252693989,-0.220648895827116,-0.141896063369261,0.010957048808053
1483,16041966150,1,0.964914252693989,-0.220648895827116,-0.141896063369261,0.010957048808053
1484,16061980950,0,0.964914252693989,-0.220648895827116,-0.141896063369261,0.010957048808053
1485,16061980950,1,0.964914252693989,-0.220648895827116,-0.141896063369261,0.010957048808053
1486,16081965075,0,0.964914252693989,-0.220648895827116,-0.141896063369261,0.010957048808053
1487,16081965075,1,0.964914252693989,-0.220648895827116,-0.141896063369261,0.010957048808053
1488,16101966475,0,0.964619929575043,-0.221576797930064,-0.142455978110483,0.010881561757610
1489,16101966475,1,0.964469552134464,-0.221939157082396,-0.142900365026142,0.010999056073068
1490,16121966575,0,0.964469552134464,-0.221939157082396,-0.142900365026142,0.010999056073068
1491,16121966575,1,0.964469552134464,-0.221939157082396,-0.142900365026142,0.010999056073068
1492,16141966675,0,0.964469552134464,-0.221939157082396,-0.142900365026142,0.010999056073068
1493,16141966675,1,0.964469552134464,-0.221939157082396,-0.142900365026142,0.010999056073068
1494,16161966775,0,0.964469552134464,-0.221939157082396,-0.142900365026142,0.010999056073068
1495,16161966775,1,0.964469552134464,-0.221939157082396,-0.142900365026142,0.010999056073068
1496,16181966875,0,0.964171815658633,-0.222869872766193,-0.143465564321938,0.010925271461379
1497,16181966875,1,0.964019913116756,-0.223233476332695,-0.143911559268076,0.011040166113500
1498,16201966975,0,0.964019913116756,-0.223233476332695,-0.143911559268076,0.011040166113500
1499,16201966975,1,0.964019913116756,-0.223233476332695,-0.143911559268076,0.011040166113500
1500,16221967075,0,0.964019913116756,-0.223233476332695,-0.143911559268076,0.011040166113500
1501,16221967075,1,0.964019913116756,-0.223233476332695,-0.143911559268076,0.011040166113500
1502,16241967175,0,0.964019913116756,-0.223233476332695,-0.143911559268076,0.011040166113500
1503,16241967175,1,0.964019913116756,-0.223233476332695,-0.143911559268076,0.011040166113500
1504,16281967375,0,0.963718813318701,-0.224167755751745,-0.144480492711205,0.010966009426778
1505,16281967375,1,0.963566310210877,-0.224530256472422,-0.144925285689513,0.011081124619674
1506,16301967475,0,0.963566310210877,-0.224530256472422,-0.144925285689513,0.011081124619674
1507,16301967475,1,0.963566310210877,-0.224530256472422,-0.144925285689513,0.011081124619674
1508,16321967575,0,0.963566310210877,-0.224530256472422,-0.144925285689513,0.011081124619674
1509,16321967575,1,0.963566310210877,-0.224530256472422,-0.144925285689513,0.011081124619674
1510,16341967675,0,0.963566310210877,-0.224530256472422,-0.144925285689513,0.011081124619674
1511,16341967675,1,0.963566310210877,-0.224530256472422,-0.144925285689513,0.011081124619674
1512,16361967750,0,0.963260426942822,-0.225473193682257,-0.145499447707250,0.011004523321829
1513,16361967750,1,0.963107657832444,-0.225833365255718,-0.145942691166004,0.011120317306845
1514,16381967875,0,0.963107657832444,-0.225833365255718,-0.145942691166004,0.011120317306845
1515,16381967875,1,0.963107657832444,-0.225833365255718,-0.145942691166004,0.011120317306845
1516,16401967975,0,0.963107657832444,-0.225833365255718,-0.145942691166004,0.011120317306845
1517,16401967975,1,0.963107657832444,-0.225833365255718,-0.145942691166004,0.011120317306845
1518,16421968075,0,0.963107657832444,-0.225833365255718,-0.145942691166004,0.011120317306845
1519,16421968075,1,0.963107657832444,-0.225833365255718,-0.145942691166004,0.011120317306845
1520,16441968175,0,0.962799040832868,-0.226777369428422,-0.146519811684580,0.011044295828554
1521,16441968175,1,0.962645512605176,-0.227137033809060,-0.146962025981747,0.011160100935035
1522,16461968275,0,0.962645512605176,-0.227137033809060,-0.146962025981747,0.011160100935035
1523,16461968275,1,0.962645512605176,-0.227137033809060,-0.146962025981747,0.011160100935035
1524,16481968350,0,0.962645512605176,-0.227137033809060,-0.146962025981747,0.011160100935035
1525,16481968350,1,0.962645512605176,-0.227137033809060,-0.146962025981747,0.011160100935035
1526,16501968475,0,0.962645512605176,-0.227137033809060,-0.146962025981747,0.011160100935035
1527,16501968475,1,0.962645512605176,-0.227137033809060,-0.146962025981747,0.011160100935035
1528,16521968550,0,0.962335329225370,-0.228078317895845,-0.147540193362657,0.011085412622470
1529,16521968550,1,0.962184773013044,-0.228428249157827,-0.147971459967837,0.011200205512153
1530,16541968650,0,0.962184773013044,-0.228428249157827,-0.147971459967837,0.011200205512153
1531,16541968650,1,0.962184773013044,-0.228428249157827,-0.147971459967837,0.011200205512153
1532,16561968775,0,0.962184773013044,-0.228428249157827,-0.147971459967837,0.011200205512153
1533,16561968775,1,0.962184773013044,-0.228428249157827,-0.147971459967837,0.011200205512153
1534,16581968875,0,0.962184773013044,-0.228428249157827,-0.147971459967837,0.011200205512153
1535,16581968875,1,0.962184773013044,-0.228428249157827,-0.147971459967837,0.011200205512153
1536,16601968975,0,0.961870313395543,-0.229375935199376,-0.148554473066346,0.011124256907877
1537,16601968975,1,0.961719401280983,-0.229724081178011,-0.148984275107687,0.011239461610951
1538,16621969075,0,0.961719401280983,-0.229724081178011,-0.148984275107687,0.011239461610951
1539,16621969075,1,0.961719401280983,-0.229724081178011,-0.148984275107687,0.011239461610951
1540,16641969175,0,0.961719401280983,-0.229724081178011,-0.148984275107687,0.011239461610951
1541,16641969175,1,0.961719401280983,-0.229724081178011,-0.148984275107687,0.011239461610951
1542,16661969275,0,0.961719401280983,-0.229724081178011,-0.148984275107687,0.011239461610951
1543,16661969275,1,0.961719401280983,-0.229724081178011,-0.148984275107687,0.011239461610951
1544,16681969375,0,0.961402767442188,-0.230670213382316,-0.149570341681721,0.011166212512449
1545,16681969375,1,0.961246995491711,-0.231027810126989,-0.150010668789546,0.011276695234017
1546,16701969475,0,0.961246995491711,-0.231027810126989,-0.150010668789546,0.011276695234017
1547,16701969475,1,0.961246995491711,-0.231027810126989,-0.150010668789546,0.011276695234017
1548,16721969575,0,0.961246995491711,-0.231027810126989,-0.150010668789546,0.011276695234017
1549,16721969575,1,0.961246995491711,-0.231027810126989,-0.150010668789546,0.011276695234017
1550,16741969675,0,0.961246995491711,-0.231027810126989,-0.150010668789546,0.011276695234017
1551,16741969675,1,0.961246995491711,-0.231027810126989,-0.150010668789546,0.011276695234017
1552,16761969775,0,0.960926229573866,-0.231979972614320,-0.150600792009273,0.011201565470686
1553,16761969775,1,0.960766001261786,-0.232345169080676,-0.151051429821389,0.011308349712650
1554,16781969850,0,0.960766001261786,-0.232345169080676,-0.151051429821389,0.011308349712650
1555,16781969850,1,0.960766001261786,-0.232345169080676,-0.151051429821389,0.011308349712650
1556,16801969975,0,0.960766001261786,-0.232345169080676,-0.151051429821389,0.011308349712650
1557,16801969975,1,0.960766001261786,-0.232345169080676,-0.151051429821389,0.011308349712650
1558,16821970075,0,0.960766001261786,-0.232345169080676,-0.151051429821389,0.011308349712650
1559,16821970075,1,0.960766001261786,-0.232345169080676,-0.151051429821389,0.011308349712650
1560,16841970175,0,0.960441653860471,-0.233300964843358,-0.151645352649650,0.011232824786548
1561,16841970175,1,0.960280820810556,-0.233665012957859,-0.152094756651268,0.011339836947660
1562,16861970250,0,0.960280820810556,-0.233665012957859,-0.152094756651268,0.011339836947660
1563,16861970250,1,0.960280820810556,-0.233665012957859,-0.152094756651268,0.011339836947660
1564,16881970375,0,0.960280820810556,-0.233665012957859,-0.152094756651268,0.011339836947660
1565,16881970375,1,0.960280820810556,-0.233665012957859,-0.152094756651268,0.011339836947660
1566,16921970575,0,0.960280820810556,-0.233665012957859,-0.152094756651268,0.011339836947660
1567,16921970575,1,0.960280820810556,-0.233665012957859,-0.152094756651268,0.011339836947660
1568,16941970675,0,0.959950346415331,-0.234631858974624,-0.152696967945840,0.011263176787509
1569,16941970675,1,0.959789389540318,-0.234994605988504,-0.153141569362005,0.011380800300244
1570,16961970775,0,0.959789389540318,-0.234994605988504,-0.153141569362005,0.011380800300244
1571,16961970775,1,0.959789389540318,-0.234994605988504,-0.153141569362005,0.011380800300244
1572,16981970875,0,0.959789389540318,-0.234994605988504,-0.153141569362005,0.011380800300244
1573,16981970875,1,0.959789389540318,-0.234994605988504,-0.153141569362005,0.011380800300244
1574,17001970975,0,0.959789389540318,-0.234994605988504,-0.153141569362005,0.011380800300244
1575,17001970975,1,0.959789389540318,-0.234994605988504,-0.153141569362005,0.011380800300244
1576,17021971075,0,0.959456553227584,-0.235961278066936,-0.153745292330800,0.011304105793020
1577,17021971075,1,0.959294689967028,-0.236323787786493,-0.154189188385956,0.011421878662834
1578,17041971175,0,0.959294689967028,-0.236323787786493,-0.154189188385956,0.011421878662834
1579,17041971175,1,0.959294689967028,-0.236323787786493,-0.154189188385956,0.011421878662834
1580,17061971275,0,0.959294689967028,-0.236323787786493,-0.154189188385956,0.011421878662834
1581,17061971275,1,0.959294689967028,-0.236323787786493,-0.154189188385956,0.011421878662834
1582,17081971375,0,0.959294689967028,-0.236323787786493,-0.154189188385956,0.011421878662834
1583,17081971375,1,0.959294689967028,-0.236323787786493,-0.154189188385956,0.011421878662834
1584,17101971450,0,0.958959728716678,-0.237290605446475,-0.154792595319161,0.011342825963550
1585,17101971450,1,0.958793945975718,-0.237657888600273,-0.155247777600818,0.011446601957766
1586,17121971575,0,0.958793945975718,-0.237657888600273,-0.155247777600818,0.011446601957766
1587,17121971575,1,0.958793945975718,-0.237657888600273,-0.155247777600818,0.011446601957766
1588,17141971675,0,0.958793945975718,-0.237657888600273,-0.155247777600818,0.011446601957766
1589,17141971675,1,0.958793945975718,-0.237657888600273,-0.155247777600818,0.011446601957766
1590,17161971775,0,0.958793945975718,-0.237657888600273,-0.155247777600818,0.011446601957766
1591,17161971775,1,0.958793945975718,-0.237657888600273,-0.155247777600818,0.011446601957766
1592,17181971875,0,0.958454585003836,-0.238629832982496,-0.155856912351890,0.011368120689283
1593,17181971875,1,0.958287359673253,-0.238997287956658,-0.156314234711951,0.011467025169842
1594,17201971975,0,0.958287359673253,-0.238997287956658,-0.156314234711951,0.011467025169842
1595,17201971975,1,0.958287359673253,-0.238997287956658,-0.156314234711951,0.011467025169842
1596,17221972075,0,0.958287359673253,-0.238997287956658,-0.156314234711951,0.011467025169842
1597,17221972075,1,0.958287359673253,-0.238997287956658,-0.156314234711951,0.011467025169842
1598,17241972175,0,0.958287359673253,-0.238997287956658,-0.156314234711951,0.011467025169842
1599,17241972175,1,0.958287359673253,-0.238997287956658,-0.156314234711951,0.011467025169842
1600,17261970975,0,0.957944286254542,-0.239972754950981,-0.156927152317494,0.011388159598194
1601,17261970975,1,0.957776433035883,-0.240339062815479,-0.157383230592352,0.011487294474885
1602,17281972025,0,0.957776433035883,-0.240339062815479,-0.157383230592352,0.011487294474885
1603,17281972025,1,0.957776433035883,-0.240339062815479,-0.157383230592352,0.011487294474885
1604,17401975375,0,0.957776433035883,-0.240339062815479,-0.157383230592352,0.011487294474885
1605,17401975375,1,0.957776433035883,-0.240339062815479,-0.157383230592352,0.011487294474885
1606,17421974725,0,0.957776433035883,-0.240339062815479,-0.157383230592352,0.011487294474885
1607,17421974725,1,0.957776433035883,-0.240339062815479,-0.157383230592352,0.011487294474885
1608,17441974250,0,0.957428317992172,-0.241319296156939,-0.158005515556012,0.011413599908793
1609,17441974250,1,0.957260148714540,-0.241684172178588,-0.158458981594647,0.011511722432156
1610,17461973775,0,0.957260148714540,-0.241684172178588,-0.158458981594647,0.011511722432156
1611,17461973775,1,0.957260148714540,-0.241684172178588,-0.158458981594647,0.011511722432156
1612,17481973375,0,0.957260148714540,-0.241684172178588,-0.158458981594647,0.011511722432156
1613,17481973375,1,0.957260148714540,-0.241684172178588,-0.158458981594647,0.011511722432156
1614,17501973475,0,0.957260148714540,-0.241684172178588,-0.158458981594647,0.011511722432156
1615,17501973475,1,0.957260148714540,-0.241684172178588,-0.158458981594647,0.011511722432156
1616,17551973725,0,0.956911334406837,-0.242661968264042,-0.159076018902217,0.011431861273195
1617,17551973725,1,0.956741813004977,-0.243027098828061,-0.159530425823114,0.011531509869148
1618,17571973825,0,0.956741813004977,-0.243027098828061,-0.159530425823114,0.011531509869148
1619,17571973825,1,0.956741813004977,-0.243027098828061,-0.159530425823114,0.011531509869148
1620,17591973925,0,0.956741813004977,-0.243027098828061,-0.159530425823114,0.011531509869148
1621,17591973925,1,0.956741813004977,-0.243027098828061,-0.159530425823114,0.011531509869148
1622,17611974025,0,0.956741813004977,-0.243027098828061,-0.159530425823114,0.011531509869148
1623,17611974025,1,0.956741813004977,-0.243027098828061,-0.159530425823114,0.011531509869148
1624,17631974125,0,0.956388089592353,-0.244010862992291,-0.160154164122409,0.011452708932839
1625,17631974125,1,0.956218219093685,-0.244374258289797,-0.160606614492023,0.011552261251573
1626,17651974225,0,0.956218219093685,-0.244374258289797,-0.160606614492023,0.011552261251573
1627,17651974225,1,0.956218219093685,-0.244374258289797,-0.160606614492023,0.011552261251573
1628,17671974325,0,0.956218219093685,-0.244374258289797,-0.160606614492023,0.011552261251573
1629,17671974325,1,0.956218219093685,-0.244374258289797,-0.160606614492023,0.011552261251573
1630,17691974425,0,0.956218219093685,-0.244374258289797,-0.160606614492023,0.011552261251573
1631,17691974425,1,0.956218219093685,-0.244374258289797,-0.160606614492023,0.011552261251573
1632,17711974525,0,0.955859475268365,-0.245366157578231,-0.161234493149654,0.011469545490336
1633,17711974525,1,0.955710484090411,-0.245683858367578,-0.161623651585202,0.011606359703112
1634,17731974625,0,0.955710484090411,-0.245683858367578,-0.161623651585202,0.011606359703112
1635,17731974625,1,0.955710484090411,-0.245683858367578,-0.161623651585202,0.011606359703112
1636,17751974725,0,0.955710484090411,-0.245683858367578,-0.161623651585202,0.011606359703112
1637,17751974725,1,0.955710484090411,-0.245683858367578,-0.161623651585202,0.011606359703112
1638,17771974825,0,0.955710484090411,-0.245683858367578,-0.161623651585202,0.011606359703112
1639,17771974825,1,0.955710484090411,-0.245683858367578,-0.161623651585202,0.011606359703112
1640,17791974900,0,0.955348855216663,-0.246676328210968,-0.162254524873896,0.011524890216976
1641,17791974900,1,0.955199209997358,-0.246993643189883,-0.162642607314695,0.011661549214796
1642,17811975000,0,0.955199209997358,-0.246993643189883,-0.162642607314695,0.011661549214796
1643,17811975000,1,0.955199209997358,-0.246993643189883,-0.162642607314695,0.011661549214796
1644,17831975125,0,0.955199209997358,-0.246993643189883,-0.162642607314695,0.011661549214796
1645,17831975125,1,0.955199209997358,-0.246993643189883,-0.162642607314695,0.011661549214796
1646,17851975225,0,0.955199209997358,-0.246993643189883,-0.162642607314695,0.011661549214796
1647,17851975225,1,0.955199209997358,-0.246993643189883,-0.162642607314695,0.011661549214796
1648,17871975325,0,0.954834047272095,-0.247987731571947,-0.163278481645785,0.011582943979731
1649,17871975325,1,0.954682803496841,-0.248306924198194,-0.163667571243139,0.011719309963344
1650,17891975425,0,0.954682803496841,-0.248306924198194,-0.163667571243139,0.011719309963344
1651,17891975425,1,0.954682803496841,-0.248306924198194,-0.163667571243139,0.011719309963344
1652,17911975525,0,0.954682803496841,-0.248306924198194,-0.163667571243139,0.011719309963344
1653,17911975525,1,0.954682803496841,-0.248306924198194,-0.163667571243139,0.011719309963344
1654,17931975600,0,0.954682803496841,-0.248306924198194,-0.163667571243139,0.011719309963344
1655,17931975600,1,0.954682803496841,-0.248306924198194,-0.163667571243139,0.011719309963344
1656,17951975725,0,0.954313374397758,-0.249305345796019,-0.164308572057105,0.011641355232426
1657,17951975725,1,0.954158481540693,-0.249630772430738,-0.164703793304794,0.011778371305248
1658,17971975825,0,0.954158481540693,-0.249630772430738,-0.164703793304794,0.011778371305248
1659,17971975825,1,0.954158481540693,-0.249630772430738,-0.164703793304794,0.011778371305248
1660,17991975925,0,0.954158481540693,-0.249630772430738,-0.164703793304794,0.011778371305248
1661,17991975925,1,0.954158481540693,-0.249630772430738,-0.164703793304794,0.011778371305248
1662,18011976025,0,0.954158481540693,-0.249630772430738,-0.164703793304794,0.011778371305248
1663,18011976025,1,0.954158481540693,-0.249630772430738,-0.164703793304794,0.011778371305248
1664,18031976125,0,0.953785507797509,-0.250632378080980,-0.165347372842809,0.011698823312657
1665,18031976125,1,0.953630073525261,-0.250956767573741,-0.165741622273476,0.011836313754740
1666,18051976225,0,0.953630073525261,-0.250956767573741,-0.165741622273476,0.011836313754740
1667,18051976225,1,0.953630073525261,-0.250956767573741,-0.165741622273476,0.011836313754740
1668,18071976325,0,0.953630073525261,-0.250956767573741,-0.165741622273476,0.011836313754740
1669,18071976325,1,0.953630073525261,-0.250956767573741,-0.165741622273476,0.011836313754740
1670,18091976425,0,0.953630073525261,-0.250956767573741,-0.165741622273476,0.011836313754740
1671,18091976425,1,0.953630073525261,-0.250956767573741,-0.165741622273476,0.011836313754740
1672,18111976500,0,0.953253320848421,-0.251962373551886,-0.166387806090705,0.011754428522073
1673,18111976500,1,0.953097524952059,-0.252283754212764,-0.166783763545746,0.011882403296026
1674,18131976625,0,0.953097524952059,-0.252283754212764,-0.166783763545746,0.011882403296026
1675,18131976625,1,0.953097524952059,-0.252283754212764,-0.166783763545746,0.011882403296026
1676,18181976875,0,0.953097524952059,-0.252283754212764,-0.166783763545746,0.011882403296026
1677,18181976875,1,0.953097524952059,-0.252283754212764,-0.166783763545746,0.011882403296026
1678,18201976975,0,0.953097524952059,-0.252283754212764,-0.166783763545746,0.011882403296026
1679,18201976975,1,0.953097524952059,-0.252283754212764,-0.166783763545746,0.011882403296026
1680,18221977075,0,0.952716974470727,-0.253292224619150,-0.167434013730719,0.011801124897554
1681,18221977075,1,0.952560693176587,-0.253612643319342,-0.167828632378326,0.011929087037055
1682,18241977175,0,0.952560693176587,-0.253612643319342,-0.167828632378326,0.011929087037055
1683,18241977175,1,0.952560693176587,-0.253612643319342,-0.167828632378326,0.011929087037055
1684,18261977275,0,0.952560693176587,-0.253612643319342,-0.167828632378326,0.011929087037055
1685,18261977275,1,0.952560693176587,-0.253612643319342,-0.167828632378326,0.011929087037055
1686,18281977350,0,0.952560693176587,-0.253612643319342,-0.167828632378326,0.011929087037055
1687,18281977350,1,0.952560693176587,-0.253612643319342,-0.167828632378326,0.011929087037055
1688,18301977475,0,0.952174652793884,-0.254628487382445,-0.168485595328107,0.011847706829066
1689,18301977475,1,0.952014899428290,-0.254954371416465,-0.168885947591015,0.011976496502009
1690,18321977575,0,0.952014899428290,-0.254954371416465,-0.168885947591015,0.011976496502009
1691,18321977575,1,0.952014899428290,-0.254954371416465,-0.168885947591015,0.011976496502009
1692,18341977675,0,0.952014899428290,-0.254954371416465,-0.168885947591015,0.011976496502009
1693,18341977675,1,0.952014899428290,-0.254954371416465,-0.168885947591015,0.011976496502009
1694,18361977775,0,0.952014899428290,-0.254954371416465,-0.168885947591015,0.011976496502009
1695,18361977775,1,0.952014899428290,-0.254954371416465,-0.168885947591015,0.011976496502009
1696,18381977875,0,0.951625752963451,-0.255971497412969,-0.169545084420975,0.011894669293115
1697,18381977875,1,0.951464178003558,-0.256299284663442,-0.169947109826709,0.012023914444577
1698,18401977975,0,0.951464178003558,-0.256299284663442,-0.169947109826709,0.012023914444577
1699,18401977975,1,0.951464178003558,-0.256299284663442,-0.169947109826709,0.012023914444577
1700,18421978075,0,0.951464178003558,-0.256299284663442,-0.169947109826709,0.012023914444577
1701,18421978075,1,0.951464178003558,-0.256299284663442,-0.169947109826709,0.012023914444577
1702,18441978175,0,0.951464178003558,-0.256299284663442,-0.169947109826709,0.012023914444577
1703,18441978175,1,0.951464178003558,-0.256299284663442,-0.169947109826709,0.012023914444577
1704,18461978275,0,0.951071119786926,-0.257319627134668,-0.170609874838975,0.011941742165534
1705,18461978275,1,0.950909039405905,-0.257646348322194,-0.171010655814425,0.012071187609241
1706,18481978375,0,0.950909039405905,-0.257646348322194,-0.171010655814425,0.012071187609241
1707,18481978375,1,0.950909039405905,-0.257646348322194,-0.171010655814425,0.012071187609241
1708,18501978475,0,0.950909039405905,-0.257646348322194,-0.171010655814425,0.012071187609241
1709,18501978475,1,0.950909039405905,-0.257646348322194,-0.171010655814425,0.012071187609241
1710,18521978575,0,0.950909039405905,-0.257646348322194,-0.171010655814425,0.012071187609241
1711,18521978575,1,0.950909039405905,-0.257646348322194,-0.171010655814425,0.012071187609241
1712,18541978675,0,0.950514191121644,-0.258664790812036,-0.171672908056562,0.011987956870827
1713,18541978675,1,0.950351098351451,-0.258991665660611,-0.172073434029726,0.012117767193237
1714,18561978775,0,0.950351098351451,-0.258991665660611,-0.172073434029726,0.012117767193237
1715,18561978775,1,0.950351098351451,-0.258991665660611,-0.172073434029726,0.012117767193237
1716,18581978875,0,0.950351098351451,-0.258991665660611,-0.172073434029726,0.012117767193237
1717,18581978875,1,0.950351098351451,-0.258991665660611,-0.172073434029726,0.012117767193237
1718,18601978975,0,0.950351098351451,-0.258991665660611,-0.172073434029726,0.012117767193237
1719,18601978975,1,0.950351098351451,-0.258991665660611,-0.172073434029726,0.012117767193237
1720,18621979075,0,0.949951269336170,-0.260015765443005,-0.172741302348675,0.012034536574809
1721,18621979075,1,0.949787924140840,-0.260340987365074,-0.173140102857212,0.012164466145573
1722,18641979175,0,0.949787924140840,-0.260340987365074,-0.173140102857212,0.012164466145573
1723,18641979175,1,0.949787924140840,-0.260340987365074,-0.173140102857212,0.012164466145573
1724,18661979275,0,0.949787924140840,-0.260340987365074,-0.173140102857212,0.012164466145573
1725,18661979275,1,0.949787924140840,-0.260340987365074,-0.173140102857212,0.012164466145573
1726,18681979375,0,0.949787924140840,-0.260340987365074,-0.173140102857212,0.012164466145573
1727,18681979375,1,0.949787924140840,-0.260340987365074,-0.173140102857212,0.012164466145573
1728,18701979475,0,0.949383560790110,-0.261368941783874,-0.173813502760450,0.012082923090550
1729,18701979475,1,0.949219949276959,-0.261691555878222,-0.174212672174367,0.012205012517400
1730,18721979575,0,0.949219949276959,-0.261691555878222,-0.174212672174367,0.012205012517400
1731,18721979575,1,0.949219949276959,-0.261691555878222,-0.174212672174367,0.012205012517400
1732,18741979675,0,0.949219949276959,-0.261691555878222,-0.174212672174367,0.012205012517400
1733,18741979675,1,0.949219949276959,-0.261691555878222,-0.174212672174367,0.012205012517400
1734,18761979775,0,0.949219949276959,-0.261691555878222,-0.174212672174367,0.012205012517400
1735,18761979775,1,0.949219949276959,-0.261691555878222,-0.174212672174367,0.012205012517400
1736,18821980075,0,0.948811857506582,-0.262722354826305,-0.174888755846696,0.012122145347514
1737,18821980075,1,0.948647720243756,-0.263043508908452,-0.175287608327876,0.012242126618620
1738,18841980175,0,0.948647720243756,-0.263043508908452,-0.175287608327876,0.012242126618620
1739,18841980175,1,0.948647720243756,-0.263043508908452,-0.175287608327876,0.012242126618620
1740,18861980275,0,0.948647720243756,-0.263043508908452,-0.175287608327876,0.012242126618620
1741,18861980275,1,0.948647720243756,-0.263043508908452,-0.175287608327876,0.012242126618620
1742,18881980375,0,0.948647720243756,-0.263043508908452,-0.175287608327876,0.012242126618620
1743,18881980375,1,0.948647720243756,-0.263043508908452,-0.175287608327876,0.012242126618620
1744,18901980475,0,0.948236321201105,-0.264077436208115,-0.175963829136772,0.012153916087791
1745,18901980475,1,0.948071524221465,-0.264397511057732,-0.176362298352679,0.012275211877034
1746,18921980575,0,0.948071524221465,-0.264397511057732,-0.176362298352679,0.012275211877034
1747,18921980575,1,0.948071524221465,-0.264397511057732,-0.176362298352679,0.012275211877034
1748,18941980675,0,0.948071524221465,-0.264397511057732,-0.176362298352679,0.012275211877034
1749,18941980675,1,0.948071524221465,-0.264397511057732,-0.176362298352679,0.012275211877034
1750,18961980750,0,0.948071524221465,-0.264397511057732,-0.176362298352679,0.012275211877034
1751,18961980750,1,0.948071524221465,-0.264397511057732,-0.176362298352679,0.012275211877034
1752,18981980875,0,0.947655749354365,-0.265434570516563,-0.177043768135841,0.012189079315854
1753,18981980875,1,0.947490544929877,-0.265753589853176,-0.177440580825292,0.012310037571745
1754,19001980975,0,0.947490544929877,-0.265753589853176,-0.177440580825292,0.012310037571745
1755,19001980975,1,0.947490544929877,-0.265753589853176,-0.177440580825292,0.012310037571745
1756,19021981075,0,0.947490544929877,-0.265753589853176,-0.177440580825292,0.012310037571745
1757,19021981075,1,0.947490544929877,-0.265753589853176,-0.177440580825292,0.012310037571745
1758,19041981175,0,0.947490544929877,-0.265753589853176,-0.177440580825292,0.012310037571745
1759,19041981175,1,0.947490544929877,-0.265753589853176,-0.177440580825292,0.012310037571745
1760,19061981275,0,0.947070708215689,-0.266793756344773,-0.178125654947414,0.012223594595441
1761,19061981275,1,0.946903831699816,-0.267114203786786,-0.178523771685887,0.012344982405958
1762,19081981375,0,0.946903831699816,-0.267114203786786,-0.178523771685887,0.012344982405958
1763,19081981375,1,0.946903831699816,-0.267114203786786,-0.178523771685887,0.012344982405958
1764,19101981475,0,0.946903831699816,-0.267114203786786,-0.178523771685887,0.012344982405958
1765,19101981475,1,0.946903831699816,-0.267114203786786,-0.178523771685887,0.012344982405958
1766,19121981600,0,0.946903831699816,-0.267114203786786,-0.178523771685887,0.012344982405958
1767,19121981600,1,0.946903831699816,-0.267114203786786,-0.178523771685887,0.012344982405958
1768,19141981650,0,0.946479111162856,-0.268158859167799,-0.179214444858405,0.012259736387394
1769,19141981650,1,0.946308352378944,-0.268485377118887,-0.179618479628915,0.012381690796313
1770,19161981775,0,0.946308352378944,-0.268485377118887,-0.179618479628915,0.012381690796313
1771,19161981775,1,0.946308352378944,-0.268485377118887,-0.179618479628915,0.012381690796313
1772,19181981875,0,0.946308352378944,-0.268485377118887,-0.179618479628915,0.012381690796313
1773,19181981875,1,0.946308352378944,-0.268485377118887,-0.179618479628915,0.012381690796313
1774,19201981975,0,0.946308352378944,-0.268485377118887,-0.179618479628915,0.012381690796313
1775,19201981975,1,0.946308352378944,-0.268485377118887,-0.179618479628915,0.012381690796313
1776,19221982075,0,0.945879842389440,-0.269532526717042,-0.180311853483234,0.012295377029416
1777,19221982075,1,0.945708488601473,-0.269858111636282,-0.180714844477918,0.012417695299006
1778,19241982175,0,0.945708488601473,-0.269858111636282,-0.180714844477918,0.012417695299006
1779,19241982175,1,0.945708488601473,-0.269858111636282,-0.180714844477918,0.012417695299006
1780,19261982275,0,0.945708488601473,-0.269858111636282,-0.180714844477918,0.012417695299006
1781,19261982275,1,0.945708488601473,-0.269858111636282,-0.180714844477918,0.012417695299006
1782,19281982375,0,0.945708488601473,-0.269858111636282,-0.180714844477918,0.012417695299006
1783,19281982375,1,0.945708488601473,-0.269858111636282,-0.180714844477918,0.012417695299006
1784,19301982475,0,0.945276018824064,-0.270908362894348,-0.181410834799121,0.012329483667941
1785,19301982475,1,0.945100488923301,-0.271240316479188,-0.181820454678621,0.012453064428719
1786,19321982575,0,0.945100488923301,-0.271240316479188,-0.181820454678621,0.012453064428719
1787,19321982575,1,0.945100488923301,-0.271240316479188,-0.181820454678621,0.012453064428719
1788,19341982675,0,0.945100488923301,-0.271240316479188,-0.181820454678621,0.012453064428719
1789,19341982675,1,0.945100488923301,-0.271240316479188,-0.181820454678621,0.012453064428719
1790,19361982775,0,0.945100488923301,-0.271240316479188,-0.181820454678621,0.012453064428719
1791,19361982775,1,0.945100488923301,-0.271240316479188,-0.181820454678621,0.012453064428719
1792,19381982875,0,0.944663684190708,-0.272293692577411,-0.182520597544338,0.012365283088357
1793,19381982875,1,0.944486442458736,-0.272627038156285,-0.182931352174517,0.012489134052278
1794,19401982975,0,0.944486442458736,-0.272627038156285,-0.182931352174517,0.012489134052278
1795,19401982975,1,0.944486442458736,-0.272627038156285,-0.182931352174517,0.012489134052278
1796,19451983225,0,0.944486442458736,-0.272627038156285,-0.182931352174517,0.012489134052278
1797,19451983225,1,0.944486442458736,-0.272627038156285,-0.182931352174517,0.012489134052278
1798,19471983325,0,0.944486442458736,-0.272627038156285,-0.182931352174517,0.012489134052278
1799,19471983325,1,0.944486442458736,-0.272627038156285,-0.182931352174517,0.012489134052278
1800,19491983425,0,0.944045969033074,-0.273681787899243,-0.183634620827562,0.012402151353516
1801,19491983425,1,0.943870497453509,-0.274009496631968,-0.184039105344801,0.012525473893103
1802,19511983525,0,0.943870497453509,-0.274009496631968,-0.184039105344801,0.012525473893103
1803,19511983525,1,0.943870497453509,-0.274009496631968,-0.184039105344801,0.012525473893103
1804,19531983625,0,0.943870497453509,-0.274009496631968,-0.184039105344801,0.012525473893103
1805,19531983625,1,0.943870497453509,-0.274009496631968,-0.184039105344801,0.012525473893103
1806,19551983725,0,0.943870497453509,-0.274009496631968,-0.184039105344801,0.012525473893103
1807,19551983725,1,0.943870497453509,-0.274009496631968,-0.184039105344801,0.012525473893103
1808,19571983825,0,0.943425523694375,-0.275068053932673,-0.184746185365171,0.012437601887219
1809,19571983825,1,0.943252051335790,-0.275389542714463,-0.185144253482011,0.012560764981936
1810,19591983925,0,0.943252051335790,-0.275389542714463,-0.185144253482011,0.012560764981936
1811,19591983925,1,0.943252051335790,-0.275389542714463,-0.185144253482011,0.012560764981936
1812,19611984025,0,0.943252051335790,-0.275389542714463,-0.185144253482011,0.012560764981936
1813,19611984025,1,0.943252051335790,-0.275389542714463,-0.185144253482011,0.012560764981936
1814,19631984125,0,0.943252051335790,-0.275389542714463,-0.185144253482011,0.012560764981936
1815,19631984125,1,0.943252051335790,-0.275389542714463,-0.185144253482011,0.012560764981936
1816,19651984225,0,0.942802849896482,-0.276451062585728,-0.185854867717454,0.012472544568856
1817,19651984225,1,0.942628875179224,-0.276771495778331,-0.186251673529896,0.012595908474135
1818,19671984325,0,0.942628875179224,-0.276771495778331,-0.186251673529896,0.012595908474135
1819,19671984325,1,0.942628875179224,-0.276771495778331,-0.186251673529896,0.012595908474135
1820,19691984425,0,0.942628875179224,-0.276771495778331,-0.186251673529896,0.012595908474135
1821,19691984425,1,0.942628875179224,-0.276771495778331,-0.186251673529896,0.012595908474135
1822,19711984525,0,0.942628875179224,-0.276771495778331,-0.186251673529896,0.012595908474135
1823,19711984525,1,0.942628875179224,-0.276771495778331,-0.186251673529896,0.012595908474135
1824,19731984625,0,0.942173887842967,-0.277838486302494,-0.186969584500064,0.012510598222330
1825,19731984625,1,0.941994953056958,-0.278165182392298,-0.187377333510365,0.012624365585047
1826,19751984725,0,0.941994953056958,-0.278165182392298,-0.187377333510365,0.012624365585047
1827,19751984725,1,0.941994953056958,-0.278165182392298,-0.187377333510365,0.012624365585047
1828,19771984825,0,0.941994953056958,-0.278165182392298,-0.187377333510365,0.012624365585047
1829,19771984825,1,0.941994953056958,-0.278165182392298,-0.187377333510365,0.012624365585047
1830,19791984925,0,0.941994953056958,-0.278165182392298,-0.187377333510365,0.012624365585047
1831,19791984925,1,0.941994953056958,-0.278165182392298,-0.187377333510365,0.012624365585047
1832,19811985025,0,0.941536322552712,-0.279234045828264,-0.188097102692077,0.012537181626662
1833,19811985025,1,0.941356699694997,-0.279559918194559,-0.188503994000266,0.012651494945005
1834,19831985100,0,0.941356699694997,-0.279559918194559,-0.188503994000266,0.012651494945005
1835,19831985100,1,0.941356699694997,-0.279559918194559,-0.188503994000266,0.012651494945005
1836,19851985225,0,0.941356699694997,-0.279559918194559,-0.188503994000266,0.012651494945005
1837,19851985225,1,0.941356699694997,-0.279559918194559,-0.188503994000266,0.012651494945005
1838,19871985325,0,0.941356699694997,-0.279559918194559,-0.188503994000266,0.012651494945005
1839,19871985325,1,0.941356699694997,-0.279559918194559,-0.188503994000266,0.012651494945005
1840,19891985425,0,0.940895134422960,-0.280630121266932,-0.189223048035026,0.012558628477727
1841,19891985425,1,0.940712214746800,-0.280959217389984,-0.189636291618897,0.012669810212115
1842,19911985525,0,0.940712214746800,-0.280959217389984,-0.189636291618897,0.012669810212115
1843,19911985525,1,0.940712214746800,-0.280959217389984,-0.189636291618897,0.012669810212115
1844,19931985625,0,0.940712214746800,-0.280959217389984,-0.189636291618897,0.012669810212115
1845,19931985625,1,0.940712214746800,-0.280959217389984,-0.189636291618897,0.012669810212115
1846,19951985725,0,0.940712214746800,-0.280959217389984,-0.189636291618897,0.012669810212115
1847,19951985725,1,0.940712214746800,-0.280959217389984,-0.189636291618897,0.012669810212115
1848,19971985825,0,0.940245556071976,-0.282033215860271,-0.190361032641926,0.012579216585848
1849,19971985825,1,0.940059819354301,-0.282364959460769,-0.190779044187904,0.012685503656839
1850,19991985925,0,0.940059819354301,-0.282364959460769,-0.190779044187904,0.012685503656839
1851,19991985925,1,0.940059819354301,-0.282364959460769,-0.190779044187904,0.012685503656839
1852,20011986025,0,0.940059819354301,-0.282364959460769,-0.190779044187904,0.012685503656839
1853,20011986025,1,0.940059819354301,-0.282364959460769,-0.190779044187904,0.012685503656839
1854,20031986125,0,0.940059819354301,-0.282364959460769,-0.190779044187904,0.012685503656839
1855,20031986125,1,0.940059819354301,-0.282364959460769,-0.190779044187904,0.012685503656839
1856,20051985925,0,0.939588700391948,-0.283441969068736,-0.191507440356274,0.012594624027574
1857,20051985925,1,0.939402425352493,-0.283772599678920,-0.191924143244767,0.012701108340765
1858,20171989225,0,0.939402425352493,-0.283772599678920,-0.191924143244767,0.012701108340765
1859,20171989225,1,0.939402425352493,-0.283772599678920,-0.191924143244767,0.012701108340765
1860,20191988600,0,0.939402425352493,-0.283772599678920,-0.191924143244767,0.012701108340765
1861,20191988600,1,0.939402425352493,-0.283772599678920,-0.191924143244767,0.012701108340765
1862,20211988075,0,0.939402425352493,-0.283772599678920,-0.191924143244767,0.012701108340765
1863,20211988075,1,0.939402425352493,-0.283772599678920,-0.191924143244767,0.012701108340765
1864,20231987625,0,0.938926271334607,-0.284851898392080,-0.192659465962747,0.012616780693561
1865,20231987625,1,0.938739591469605,-0.285181611457807,-0.193074027415052,0.012721942915232
1866,20251987225,0,0.938739591469605,-0.285181611457807,-0.193074027415052,0.012721942915232
1867,20251987225,1,0.938739591469605,-0.285181611457807,-0.193074027415052,0.012721942915232
1868,20271987325,0,0.938739591469605,-0.285181611457807,-0.193074027415052,0.012721942915232
1869,20271987325,1,0.938739591469605,-0.285181611457807,-0.193074027415052,0.012721942915232
1870,20291987425,0,0.938739591469605,-0.285181611457807,-0.193074027415052,0.012721942915232
1871,20291987425,1,0.938739591469605,-0.285181611457807,-0.193074027415052,0.012721942915232
1872,20311987525,0,0.938262845047034,-0.286256203294206,-0.193805576068992,0.012634016162661
1873,20311987525,1,0.938082282128948,-0.286573390368382,-0.194203140698567,0.012746137898557
1874,20331987625,0,0.938082282128948,-0.286573390368382,-0.194203140698567,0.012746137898557
1875,20331987625,1,0.938082282128948,-0.286573390368382,-0.194203140698567,0.012746137898557
1876,20351987725,0,0.938082282128948,-0.286573390368382,-0.194203140698567,0.012746137898557
1877,20351987725,1,0.938082282128948,-0.286573390368382,-0.194203140698567,0.012746137898557
1878,20371987825,0,0.938082282128948,-0.286573390368382,-0.194203140698567,0.012746137898557
1879,20371987825,1,0.938082282128948,-0.286573390368382,-0.194203140698567,0.012746137898557
1880,20391987925,0,0.937599441184682,-0.287654555905030,-0.194940823455331,0.012657792375021
1881,20391987925,1,0.937421326564387,-0.287965380957469,-0.195330664689787,0.012772129976234
1882,20411988000,0,0.937421326564387,-0.287965380957469,-0.195330664689787,0.012772129976234
1883,20411988000,1,0.937421326564387,-0.287965380957469,-0.195330664689787,0.012772129976234
1884,20431988125,0,0.937421326564387,-0.287965380957469,-0.195330664689787,0.012772129976234
1885,20431988125,1,0.937421326564387,-0.287965380957469,-0.195330664689787,0.012772129976234
1886,20451988225,0,0.937421326564387,-0.287965380957469,-0.195330664689787,0.012772129976234
1887,20451988225,1,0.937421326564387,-0.287965380957469,-0.195330664689787,0.012772129976234
1888,20471988325,0,0.936934055540446,-0.289049380381821,-0.196071825614489,0.012683472301381
1889,20471988325,1,0.936759247080915,-0.289353329903028,-0.196450507739419,0.012804744876502
1890,20491988725,0,0.936759247080915,-0.289353329903028,-0.196450507739419,0.012804744876502
1891,20491988725,1,0.936759247080915,-0.289353329903028,-0.196450507739419,0.012804744876502
1892,20511988825,0,0.936759247080915,-0.289353329903028,-0.196450507739419,0.012804744876502
1893,20511988825,1,0.936759247080915,-0.289353329903028,-0.196450507739419,0.012804744876502
1894,20531988925,0,0.936759247080915,-0.289353329903028,-0.196450507739419,0.012804744876502
1895,20531988925,1,0.936759247080915,-0.289353329903028,-0.196450507739419,0.012804744876502
1896,20551989025,0,0.936263631288351,-0.290448944560584,-0.197200829068435,0.012714414855420
1897,20551989025,1,0.936100704662993,-0.290732336948893,-0.197547191128092,0.012856370369770
1898,20571989125,0,0.936100704662993,-0.290732336948893,-0.197547191128092,0.012856370369770
1899,20571989125,1,0.936100704662993,-0.290732336948893,-0.197547191128092,0.012856370369770
1900,20591989225,0,0.936100704662993,-0.290732336948893,-0.197547191128092,0.012856370369770
1901,20591989225,1,0.936100704662993,-0.290732336948893,-0.197547191128092,0.012856370369770
1902,20611989325,0,0.936100704662993,-0.290732336948893,-0.197547191128092,0.012856370369770
1903,20611989325,1,0.936100704662993,-0.290732336948893,-0.197547191128092,0.012856370369770
1904,20631989425,0,0.935602706281683,-0.291826169678339,-0.198297963482540,0.012766376460713
1905,20631989425,1,0.935438921490796,-0.292109655816143,-0.198643769677764,0.012908365788058
1906,20651989525,0,0.935438921490796,-0.292109655816143,-0.198643769677764,0.012908365788058
1907,20651989525,1,0.935438921490796,-0.292109655816143,-0.198643769677764,0.012908365788058
1908,20671989625,0,0.935438921490796,-0.292109655816143,-0.198643769677764,0.012908365788058
1909,20671989625,1,0.935438921490796,-0.292109655816143,-0.198643769677764,0.012908365788058
1910,20721989875,0,0.935438921490796,-0.292109655816143,-0.198643769677764,0.012908365788058
1911,20721989875,1,0.935438921490796,-0.292109655816143,-0.198643769677764,0.012908365788058
1912,20741989975,0,0.934936848871709,-0.293206854103807,-0.199395743180642,0.012812764332018
1913,20741989975,1,0.934768669326903,-0.293496541539226,-0.199748429325531,0.012956848818611
1914,20761990075,0,0.934768669326903,-0.293496541539226,-0.199748429325531,0.012956848818611
1915,20761990075,1,0.934768669326903,-0.293496541539226,-0.199748429325531,0.012956848818611
1916,20781990175,0,0.934768669326903,-0.293496541539226,-0.199748429325531,0.012956848818611
1917,20781990175,1,0.934768669326903,-0.293496541539226,-0.199748429325531,0.012956848818611
1918,20801990275,0,0.934768669326903,-0.293496541539226,-0.199748429325531,0.012956848818611
1919,20801990275,1,0.934768669326903,-0.293496541539226,-0.199748429325531,0.012956848818611
1920,20821990375,0,0.934261965169802,-0.294596137549068,-0.200504923383550,0.012863587259649
1921,20821990375,1,0.934092113451492,-0.294887369380405,-0.200858576429213,0.013007507157772
1922,20841990475,0,0.934092113451492,-0.294887369380405,-0.200858576429213,0.013007507157772
1923,20841990475,1,0.934092113451492,-0.294887369380405,-0.200858576429213,0.013007507157772
1924,20861990575,0,0.934092113451492,-0.294887369380405,-0.200858576429213,0.013007507157772
1925,20861990575,1,0.934092113451492,-0.294887369380405,-0.200858576429213,0.013007507157772
1926,20881990675,0,0.934092113451492,-0.294887369380405,-0.200858576429213,0.013007507157772
1927,20881990675,1,0.934092113451492,-0.294887369380405,-0.200858576429213,0.013007507157772
1928,20901990775,0,0.933581827717770,-0.295986820768037,-0.201618222387480,0.012917634771506
1929,20901990775,1,0.933414015783183,-0.296272847236108,-0.201965593375965,0.013060406671158
1930,20921990875,0,0.933414015783183,-0.296272847236108,-0.201965593375965,0.013060406671158
1931,20921990875,1,0.933414015783183,-0.296272847236108,-0.201965593375965,0.013060406671158
1932,20941990975,0,0.933414015783183,-0.296272847236108,-0.201965593375965,0.013060406671158
1933,20941990975,1,0.933414015783183,-0.296272847236108,-0.201965593375965,0.013060406671158
1934,20961991075,0,0.933414015783183,-0.296272847236108,-0.201965593375965,0.013060406671158
1935,20961991075,1,0.933414015783183,-0.296272847236108,-0.201965593375965,0.013060406671158
1936,20981991175,0,0.932898832144877,-0.297376265036347,-0.202728744927908,0.012968498591292
1937,20981991175,1,0.932733405254681,-0.297656085170723,-0.203069798469665,0.013111316956603
1938,21001991275,0,0.932733405254681,-0.297656085170723,-0.203069798469665,0.013111316956603
1939,21001991275,1,0.932733405254681,-0.297656085170723,-0.203069798469665,0.013111316956603
1940,21021991375,0,0.932733405254681,-0.297656085170723,-0.203069798469665,0.013111316956603
1941,21021991375,1,0.932733405254681,-0.297656085170723,-0.203069798469665,0.013111316956603
1942,21041991475,0,0.932733405254681,-0.297656085170723,-0.203069798469665,0.013111316956603
1943,21041991475,1,0.932733405254681,-0.297656085170723,-0.203069798469665,0.013111316956603
1944,21061991575,0,0.932213755804502,-0.298762089373492,-0.203836282672231,0.013019113196267
1945,21061991575,1,0.932047994882156,-0.299040400885843,-0.204176880304168,0.013159613347040
1946,21081991675,0,0.932047994882156,-0.299040400885843,-0.204176880304168,0.013159613347040
1947,21081991675,1,0.932047994882156,-0.299040400885843,-0.204176880304168,0.013159613347040
1948,21101991750,0,0.932047994882156,-0.299040400885843,-0.204176880304168,0.013159613347040
1949,21101991750,1,0.932047994882156,-0.299040400885843,-0.204176880304168,0.013159613347040
1950,21121991875,0,0.932047994882156,-0.299040400885843,-0.204176880304168,0.013159613347040
1951,21121991875,1,0.932047994882156,-0.299040400885843,-0.204176880304168,0.013159613347040
1952,21141991950,0,0.931523854335679,-0.300148783275237,-0.204946933126392,0.013067949498004
1953,21141991950,1,0.931347058452952,-0.300444103630878,-0.205308737470055,0.013203015675349
1954,21161992075,0,0.931347058452952,-0.300444103630878,-0.205308737470055,0.013203015675349
1955,21161992075,1,0.931347058452952,-0.300444103630878,-0.205308737470055,0.013203015675349
1956,21181992175,0,0.931347058452952,-0.300444103630878,-0.205308737470055,0.013203015675349
1957,21181992175,1,0.931347058452952,-0.300444103630878,-0.205308737470055,0.013203015675349
1958,21201992275,0,0.931347058452952,-0.300444103630878,-0.205308737470055,0.013203015675349
1959,21201992275,1,0.931347058452952,-0.300444103630878,-0.205308737470055,0.013203015675349
1960,21221992375,0,0.930818230305117,-0.301555368776069,-0.206082240570598,0.013110751899970
1961,21221992375,1,0.930641037746537,-0.301849616705510,-0.206442751671570,0.013246057491081
1962,21241992475,0,0.930641037746537,-0.301849616705510,-0.206442751671570,0.013246057491081
1963,21241992475,1,0.930641037746537,-0.301849616705510,-0.206442751671570,0.013246057491081
1964,21261992575,0,0.930641037746537,-0.301849616705510,-0.206442751671570,0.013246057491081
1965,21261992575,1,0.930641037746537,-0.301849616705510,-0.206442751671570,0.013246057491081
1966,21281992675,0,0.930641037746537,-0.301849616705510,-0.206442751671570,0.013246057491081
1967,21281992675,1,0.930641037746537,-0.301849616705510,-0.206442751671570,0.013246057491081
1968,21301992775,0,0.930106484878568,-0.302965749978441,-0.207221299987817,0.013153477038203
1969,21301992775,1,0.929929140171681,-0.303258448553890,-0.207580132207348,0.013288956054722
1970,21321992875,0,0.929929140171681,-0.303258448553890,-0.207580132207348,0.013288956054722
1971,21321992875,1,0.929929140171681,-0.303258448553890,-0.207580132207348,0.013288956054722
1972,21361993075,0,0.929929140171681,-0.303258448553890,-0.207580132207348,0.013288956054722
1973,21361993075,1,0.929929140171681,-0.303258448553890,-0.207580132207348,0.013288956054722
1974,21381993175,0,0.929929140171681,-0.303258448553890,-0.207580132207348,0.013288956054722
1975,21381993175,1,0.929929140171681,-0.303258448553890,-0.207580132207348,0.013288956054722
1976,21401993275,0,0.929390479341830,-0.304376047534698,-0.208361273503527,0.013196147161449
1977,21401993275,1,0.929212593705902,-0.304668008443736,-0.208719006956477,0.013331783990887
1978,21421993375,0,0.929212593705902,-0.304668008443736,-0.208719006956477,0.013331783990887
1979,21421993375,1,0.929212593705902,-0.304668008443736,-0.208719006956477,0.013331783990887
1980,21441993475,0,0.929212593705902,-0.304668008443736,-0.208719006956477,0.013331783990887
1981,21441993475,1,0.929212593705902,-0.304668008443736,-0.208719006956477,0.013331783990887
1982,21461993575,0,0.929212593705902,-0.304668008443736,-0.208719006956477,0.013331783990887
1983,21461993575,1,0.929212593705902,-0.304668008443736,-0.208719006956477,0.013331783990887
1984,21481993675,0,0.928669278613372,-0.305788135538612,-0.209503516244327,0.013238723684752
1985,21481993675,1,0.928491016127176,-0.306078544472705,-0.209860777485247,0.013372047632391
1986,21501993775,0,0.928491016127176,-0.306078544472705,-0.209860777485247,0.013372047632391
1987,21501993775,1,0.928491016127176,-0.306078544472705,-0.209860777485247,0.013372047632391
1988,21521993875,0,0.928491016127176,-0.306078544472705,-0.209860777485247,0.013372047632391
1989,21521993875,1,0.928491016127176,-0.306078544472705,-0.209860777485247,0.013372047632391
1990,21541993975,0,0.928491016127176,-0.306078544472705,-0.209860777485247,0.013372047632391
1991,21541993975,1,0.928491016127176,-0.306078544472705,-0.209860777485247,0.013372047632391
1992,21561994075,0,0.927944191546003,-0.307199814644196,-0.210645777404826,0.013274325599565
1993,21561994075,1,0.927765349443848,-0.307487853213496,-0.211004927905992,0.013401376678425
1994,21581994175,0,0.927765349443848,-0.307487853213496,-0.211004927905992,0.013401376678425
1995,21581994175,1,0.927765349443848,-0.307487853213496,-0.211004927905992,0.013401376678425
1996,21601994275,0,0.927765349443848,-0.307487853213496,-0.211004927905992,0.013401376678425
1997,21601994275,1,0.927765349443848,-0.307487853213496,-0.211004927905992,0.013401376678425
1998,21621994375,0,0.927765349443848,-0.307487853213496,-0.211004927905992,0.013401376678425
1999,21621994375,1,0.927765349443848,-0.307487853213496,-0.211004927905992,0.013401376678425
2000,21641994475,0,0.927213263871044,-0.308612291481048,-0.211794663300671,0.013305541919750
2001,21641994475,1,0.927034152039678,-0.308899181791751,-0.212152186463832,0.013432282720300
2002,21661994575,0,0.927034152039678,-0.308899181791751,-0.212152186463832,0.013432282720300
2003,21661994575,1,0.927034152039678,-0.308899181791751,-0.212152186463832,0.013432282720300
2004,21681994675,0,0.927034152039678,-0.308899181791751,-0.212152186463832,0.013432282720300
2005,21681994675,1,0.927034152039678,-0.308899181791751,-0.212152186463832,0.013432282720300
2006,21701994775,0,0.927034152039678,-0.308899181791751,-0.212152186463832,0.013432282720300
2007,21701994775,1,0.927034152039678,-0.308899181791751,-0.212152186463832,0.013432282720300
2008,21721994875,0,0.926475713375108,-0.310029245581947,-0.212947770762019,0.013336653907957
2009,21721994875,1,0.926292405155858,-0.310321681683878,-0.213310919969572,0.013464228503731
2010,21741994975,0,0.926292405155858,-0.310321681683878,-0.213310919969572,0.013464228503731
2011,21741994975,1,0.926292405155858,-0.310321681683878,-0.213310919969572,0.013464228503731
2012,21761995075,0,0.926292405155858,-0.310321681683878,-0.213310919969572,0.013464228503731
2013,21761995075,1,0.926292405155858,-0.310321681683878,-0.213310919969572,0.013464228503731
2014,21781995175,0,0.926292405155858,-0.310321681683878,-0.213310919969572,0.013464228503731
2015,21781995175,1,0.926292405155858,-0.310321681683878,-0.213310919969572,0.013464228503731
2016,21801995275,0,0.925729953266588,-0.311452743195146,-0.214108698464898,0.013368157050478
2017,21801995275,1,0.925544639733713,-0.311746953051968,-0.214473330983046,0.013496200207548
2018,21821995375,0,0.925544639733713,-0.311746953051968,-0.214473330983046,0.013496200207548
2019,21821995375,1,0.925544639733713,-0.311746953051968,-0.214473330983046,0.013496200207548
2020,21841995475,0,0.925544639733713,-0.311746953051968,-0.214473330983046,0.013496200207548
2021,21841995475,1,0.925544639733713,-0.311746953051968,-0.214473330983046,0.013496200207548
2022,21861995575,0,0.925544639733713,-0.311746953051968,-0.214473330983046,0.013496200207548
2023,21861995575,1,0.925544639733713,-0.311746953051968,-0.214473330983046,0.013496200207548
2024,21881995675,0,0.924977392745997,-0.312880449557403,-0.215274453534377,0.013399882426707
2025,21881995675,1,0.924791650714388,-0.313173654927284,-0.215637787572861,0.013528089263637
2026,21901995775,0,0.924791650714388,-0.313173654927284,-0.215637787572861,0.013528089263637
2027,21901995775,1,0.924791650714388,-0.313173654927284,-0.215637787572861,0.013528089263637
2028,21921995875,0,0.924791650714388,-0.313173654927284,-0.215637787572861,0.013528089263637
2029,21921995875,1,0.924791650714388,-0.313173654927284,-0.215637787572861,0.013528089263637
2030,21941995975,0,0.924791650714388,-0.313173654927284,-0.215637787572861,0.013528089263637
2031,21941995975,1,0.924791650714388,-0.313173654927284,-0.215637787572861,0.013528089263637
2032,21961996075,0,0.924219841599342,-0.314308608323229,-0.216442407329465,0.013433816934450
2033,21961996075,1,0.924033613383479,-0.314601050657898,-0.216804384386120,0.013561680330013
2034,22001996275,0,0.924033613383479,-0.314601050657898,-0.216804384386120,0.013561680330013
2035,22001996275,1,0.924033613383479,-0.314601050657898,-0.216804384386120,0.013561680330013
2036,22021996375,0,0.924033613383479,-0.314601050657898,-0.216804384386120,0.013561680330013
2037,22021996375,1,0.924033613383479,-0.314601050657898,-0.216804384386120,0.013561680330013
2038,22041996475,0,0.924033613383479,-0.314601050657898,-0.216804384386120,0.013561680330013
2039,22041996475,1,0.924033613383479,-0.314601050657898,-0.216804384386120,0.013561680330013
2040,22061996575,0,0.923456847084074,-0.315738858650655,-0.217612247005170,0.013466056025549
2041,22061996575,1,0.923270225180549,-0.316030183895851,-0.217972953535256,0.013594325615141
2042,22081996675,0,0.923270225180549,-0.316030183895851,-0.217972953535256,0.013594325615141
2043,22081996675,1,0.923270225180549,-0.316030183895851,-0.217972953535256,0.013594325615141
2044,22101996775,0,0.923270225180549,-0.316030183895851,-0.217972953535256,0.013594325615141
2045,22101996775,1,0.923270225180549,-0.316030183895851,-0.217972953535256,0.013594325615141
2046,22121996875,0,0.923270225180549,-0.316030183895851,-0.217972953535256,0.013594325615141
2047,22121996875,1,0.923270225180549,-0.316030183895851,-0.217972953535256,0.013594325615141
2048,22141996975,0,0.922690846215094,-0.317164852985615,-0.218782275270503,0.013504605471814
2049,22141996975,1,0.922497553276515,-0.317466209996186,-0.219152044008611,0.013632729600104
2050,22161997025,0,0.922497553276515,-0.317466209996186,-0.219152044008611,0.013632729600104
2051,22161997025,1,0.922497553276515,-0.317466209996186,-0.219152044008611,0.013632729600104
2052,22181997175,0,0.922497553276515,-0.317466209996186,-0.219152044008611,0.013632729600104
2053,22181997175,1,0.922497553276515,-0.317466209996186,-0.219152044008611,0.013632729600104
2054,22201997275,0,0.922497553276515,-0.317466209996186,-0.219152044008611,0.013632729600104
2055,22201997275,1,0.922497553276515,-0.317466209996186,-0.219152044008611,0.013632729600104
2056,22221997375,0,0.921912149832072,-0.318605985628159,-0.219965650086953,0.013539818896149
2057,22221997375,1,0.921718676490158,-0.318905657805327,-0.220333901216660,0.013668752819169
2058,22241997475,0,0.921718676490158,-0.318905657805327,-0.220333901216660,0.013668752819169
2059,22241997475,1,0.921718676490158,-0.318905657805327,-0.220333901216660,0.013668752819169
2060,22261997575,0,0.921718676490158,-0.318905657805327,-0.220333901216660,0.013668752819169
2061,22261997575,1,0.921718676490158,-0.318905657805327,-0.220333901216660,0.013668752819169
2062,22281997675,0,0.921718676490158,-0.318905657805327,-0.220333901216660,0.013668752819169
2063,22281997675,1,0.921718676490158,-0.318905657805327,-0.220333901216660,0.013668752819169
2064,22301997775,0,0.921126806923698,-0.320051234073409,-0.221152416893316,0.013572827151523
2065,22301997775,1,0.920930440953162,-0.320352708441437,-0.221525677452886,0.013698151301946
2066,22321997875,0,0.920930440953162,-0.320352708441437,-0.221525677452886,0.013698151301946
2067,22321997875,1,0.920930440953162,-0.320352708441437,-0.221525677452886,0.013698151301946
2068,22341997975,0,0.920930440953162,-0.320352708441437,-0.221525677452886,0.013698151301946
2069,22341997975,1,0.920930440953162,-0.320352708441437,-0.221525677452886,0.013698151301946
2070,22361998075,0,0.920930440953162,-0.320352708441437,-0.221525677452886,0.013698151301946
2071,22361998075,1,0.920930440953162,-0.320352708441437,-0.221525677452886,0.013698151301946
2072,22381998175,0,0.920334329586016,-0.321498974138487,-0.222346756602662,0.013603354058280
2073,22381998175,1,0.920134502895686,-0.321803471125869,-0.222725548133998,0.013724167029783
2074,22401998275,0,0.920134502895686,-0.321803471125869,-0.222725548133998,0.013724167029783
2075,22401998275,1,0.920134502895686,-0.321803471125869,-0.222725548133998,0.013724167029783
2076,22421998350,0,0.920134502895686,-0.321803471125869,-0.222725548133998,0.013724167029783
2077,22421998350,1,0.920134502895686,-0.321803471125869,-0.222725548133998,0.013724167029783
2078,22441998475,0,0.920134502895686,-0.321803471125869,-0.222725548133998,0.013724167029783
2079,22441998475,1,0.920134502895686,-0.321803471125869,-0.222725548133998,0.013724167029783
2080,22461998575,0,0.919533383244572,-0.322952045956043,-0.223549946704748,0.013629176053621
2081,22461998575,1,0.919333084873579,-0.323255514101529,-0.223927410500672,0.013750144953722
2082,22481998675,0,0.919333084873579,-0.323255514101529,-0.223927410500672,0.013750144953722
2083,22481998675,1,0.919333084873579,-0.323255514101529,-0.223927410500672,0.013750144953722
2084,22501998775,0,0.919333084873579,-0.323255514101529,-0.223927410500672,0.013750144953722
2085,22501998775,1,0.919333084873579,-0.323255514101529,-0.223927410500672,0.013750144953722
2086,22521998875,0,0.919333084873579,-0.323255514101529,-0.223927410500672,0.013750144953722
2087,22521998875,1,0.919333084873579,-0.323255514101529,-0.223927410500672,0.013750144953722
2088,22541998975,0,0.918727861393318,-0.324404457058171,-0.224754037317696,0.013656048105126
2089,22541998975,1,0.918532731343893,-0.324697723825852,-0.225120489797668,0.013775872585698
2090,22561999075,0,0.918532731343893,-0.324697723825852,-0.225120489797668,0.013775872585698
2091,22561999075,1,0.918532731343893,-0.324697723825852,-0.225120489797668,0.013775872585698
2092,22581999175,0,0.918532731343893,-0.324697723825852,-0.225120489797668,0.013775872585698
2093,22581999175,1,0.918532731343893,-0.324697723825852,-0.225120489797668,0.013775872585698
2094,22601999275,0,0.918532731343893,-0.324697723825852,-0.225120489797668,0.013775872585698
2095,22601999275,1,0.918532731343893,-0.324697723825852,-0.225120489797668,0.013775872585698
2096,22641999475,0,0.917922123765392,-0.325849727030055,-0.225950792093461,0.013680995899731
2097,22641999475,1,0.917726649338238,-0.326141788180082,-0.226315842806646,0.013801101109198
2098,22661999575,0,0.917726649338238,-0.326141788180082,-0.226315842806646,0.013801101109198
2099,22661999575,1,0.917726649338238,-0.326141788180082,-0.226315842806646,0.013801101109198
2100,22681999675,0,0.917726649338238,-0.326141788180082,-0.226315842806646,0.013801101109198
2101,22681999675,1,0.917726649338238,-0.326141788180082,-0.226315842806646,0.013801101109198
2102,22701999775,0,0.917726649338238,-0.326141788180082,-0.226315842806646,0.013801101109198
2103,22701999775,1,0.917726649338238,-0.326141788180082,-0.226315842806646,0.013801101109198
2104,22721999875,0,0.917111062044616,-0.327296436367272,-0.227148782655333,0.013703034513639
2105,22721999875,1,0.916910709344222,-0.327594592444292,-0.227520131586537,0.013824753667940
2106,22741999975,0,0.916910709344222,-0.327594592444292,-0.227520131586537,0.013824753667940
2107,22741999975,1,0.916910709344222,-0.327594592444292,-0.227520131586537,0.013824753667940
2108,22762000075,0,0.916910709344222,-0.327594592444292,-0.227520131586537,0.013824753667940
2109,22762000075,1,0.916910709344222,-0.327594592444292,-0.227520131586537,0.013824753667940
2110,22782000175,0,0.916910709344222,-0.327594592444292,-0.227520131586537,0.013824753667940
2111,22782000175,1,0.916910709344222,-0.327594592444292,-0.227520131586537,0.013824753667940
2112,22802000275,0,0.916290013458379,-0.328751272967137,-0.228356640772385,0.013727941363588
2113,22802000275,1,0.916087730618123,-0.329050867636169,-0.228729054661297,0.013849760740566
2114,22822000375,0,0.916087730618123,-0.329050867636169,-0.228729054661297,0.013849760740566
2115,22822000375,1,0.916087730618123,-0.329050867636169,-0.228729054661297,0.013849760740566
2116,22842000475,0,0.916087730618123,-0.329050867636169,-0.228729054661297,0.013849760740566
2117,22842000475,1,0.916087730618123,-0.329050867636169,-0.228729054661297,0.013849760740566
2118,22862000575,0,0.916087730618123,-0.329050867636169,-0.228729054661297,0.013849760740566
2119,22862000575,1,0.916087730618123,-0.329050867636169,-0.228729054661297,0.013849760740566
2120,22882000300,0,0.915461940533047,-0.330209718320663,-0.229568810454805,0.013752768027651
2121,22882000300,1,0.915259234147017,-0.330507690480334,-0.229940775366479,0.013872298505782
2122,23002003600,0,0.915259234147017,-0.330507690480334,-0.229940775366479,0.013872298505782
2123,23002003600,1,0.915259234147017,-0.330507690480334,-0.229940775366479,0.013872298505782
2124,23022003050,0,0.915259234147017,-0.330507690480334,-0.229940775366479,0.013872298505782
2125,23022003050,1,0.915259234147017,-0.330507690480334,-0.229940775366479,0.013872298505782
2126,23042002475,0,0.915259234147017,-0.330507690480334,-0.229940775366479,0.013872298505782
2127,23042002475,1,0.915259234147017,-0.330507690480334,-0.229940775366479,0.013872298505782
2128,23062001975,0,0.914626585720296,-0.331671707098214,-0.230786282571229,0.013776036481668
2129,23062001975,1,0.914423947826806,-0.331966104582921,-0.231158964411134,0.013888204392622
2130,23082001675,0,0.914423947826806,-0.331966104582921,-0.231158964411134,0.013888204392622
2131,23082001675,1,0.914423947826806,-0.331966104582921,-0.231158964411134,0.013888204392622
2132,23102001775,0,0.914423947826806,-0.331966104582921,-0.231158964411134,0.013888204392622
2133,23102001775,1,0.914423947826806,-0.331966104582921,-0.231158964411134,0.013888204392622
2134,23122001875,0,0.914423947826806,-0.331966104582921,-0.231158964411134,0.013888204392622
2135,23122001875,1,0.914423947826806,-0.331966104582921,-0.231158964411134,0.013888204392622
2136,23142001975,0,0.913790293681228,-0.333124531477915,-0.232002343076279,0.013793422661249
2137,23142001975,1,0.913586068080100,-0.333422240601085,-0.232371416187650,0.013915122041916
2138,23162002075,0,0.913586068080100,-0.333422240601085,-0.232371416187650,0.013915122041916
2139,23162002075,1,0.913586068080100,-0.333422240601085,-0.232371416187650,0.013915122041916
2140,23182002175,0,0.913586068080100,-0.333422240601085,-0.232371416187650,0.013915122041916
2141,23182002175,1,0.913586068080100,-0.333422240601085,-0.232371416187650,0.013915122041916
2142,23202002275,0,0.913586068080100,-0.333422240601085,-0.232371416187650,0.013915122041916
2143,23202002275,1,0.913586068080100,-0.333422240601085,-0.232371416187650,0.013915122041916
2144,23222002350,0,0.912945719783090,-0.334585729095281,-0.233219928382239,0.013819103476634
2145,23222002350,1,0.912741412851408,-0.334881717805419,-0.233587225403101,0.013941179081707
2146,23272002625,0,0.912741412851408,-0.334881717805419,-0.233587225403101,0.013941179081707
2147,23272002625,1,0.912741412851408,-0.334881717805419,-0.233587225403101,0.013941179081707
2148,23292002725,0,0.912741412851408,-0.334881717805419,-0.233587225403101,0.013941179081707
2149,23292002725,1,0.912741412851408,-0.334881717805419,-0.233587225403101,0.013941179081707
2150,23312002825,0,0.912741412851408,-0.334881717805419,-0.233587225403101,0.013941179081707
2151,23312002825,1,0.912741412851408,-0.334881717805419,-0.233587225403101,0.013941179081707
2152,23332002925,0,0.912096133000499,-0.336048085588514,-0.234437361234223,0.013836617916389
2153,23332002925,1,0.911921444762679,-0.336299996719512,-0.234747307360688,0.013974708415956
2154,23352003025,0,0.911921444762679,-0.336299996719512,-0.234747307360688,0.013974708415956
2155,23352003025,1,0.911921444762679,-0.336299996719512,-0.234747307360688,0.013974708415956
2156,23372003125,0,0.911921444762679,-0.336299996719512,-0.234747307360688,0.013974708415956
2157,23372003125,1,0.911921444762679,-0.336299996719512,-0.234747307360688,0.013974708415956
2158,23392003225,0,0.911921444762679,-0.336299996719512,-0.234747307360688,0.013974708415956
2159,23392003225,1,0.911921444762679,-0.336299996719512,-0.234747307360688,0.013974708415956
2160,23412003325,0,0.911271323377758,-0.337467502850203,-0.235600879386367,0.013873908669428
2161,23412003325,1,0.911096305670232,-0.337718734234566,-0.235909438306690,0.014011254721799
2162,23432003425,0,0.911096305670232,-0.337718734234566,-0.235909438306690,0.014011254721799
2163,23432003425,1,0.911096305670232,-0.337718734234566,-0.235909438306690,0.014011254721799
2164,23452003525,0,0.911096305670232,-0.337718734234566,-0.235909438306690,0.014011254721799
2165,23452003525,1,0.911096305670232,-0.337718734234566,-0.235909438306690,0.014011254721799
2166,23472003625,0,0.911096305670232,-0.337718734234566,-0.235909438306690,0.014011254721799
2167,23472003625,1,0.911096305670232,-0.337718734234566,-0.235909438306690,0.014011254721799
2168,23492003725,0,0.910439420766524,-0.338890231958425,-0.236769435583252,0.013917836436396
2169,23492003725,1,0.910261385942697,-0.339146149896279,-0.237078978504773,0.014059026401000
2170,23512003825,0,0.910261385942697,-0.339146149896279,-0.237078978504773,0.014059026401000
2171,23512003825,1,0.910261385942697,-0.339146149896279,-0.237078978504773,0.014059026401000
2172,23532003900,0,0.910261385942697,-0.339146149896279,-0.237078978504773,0.014059026401000
2173,23532003900,1,0.910261385942697,-0.339146149896279,-0.237078978504773,0.014059026401000
2174,23552004025,0,0.910261385942697,-0.339146149896279,-0.237078978504773,0.014059026401000
2175,23552004025,1,0.910261385942697,-0.339146149896279,-0.237078978504773,0.014059026401000
2176,23572004125,0,0.909600303682656,-0.340318564939608,-0.237940390157916,0.013961827579649
2177,23572004125,1,0.909418602703460,-0.340579838916165,-0.238252188460449,0.014109325800090
2178,23592004225,0,0.909418602703460,-0.340579838916165,-0.238252188460449,0.014109325800090
2179,23592004225,1,0.909418602703460,-0.340579838916165,-0.238252188460449,0.014109325800090
2180,23612004325,0,0.909418602703460,-0.340579838916165,-0.238252188460449,0.014109325800090
2181,23612004325,1,0.909418602703460,-0.340579838916165,-0.238252188460449,0.014109325800090
2182,23632004425,0,0.909418602703460,-0.340579838916165,-0.238252188460449,0.014109325800090
2183,23632004425,1,0.909418602703460,-0.340579838916165,-0.238252188460449,0.014109325800090
2184,23652004525,0,0.908752442043444,-0.341754147347662,-0.239116639233813,0.014011948197062
2185,23652004525,1,0.908570422550751,-0.342014521254168,-0.239427152255770,0.014159564962406
2186,23672004625,0,0.908570422550751,-0.342014521254168,-0.239427152255770,0.014159564962406
2187,23672004625,1,0.908570422550751,-0.342014521254168,-0.239427152255770,0.014159564962406
2188,23692004725,0,0.908570422550751,-0.342014521254168,-0.239427152255770,0.014159564962406
2189,23692004725,1,0.908570422550751,-0.342014521254168,-0.239427152255770,0.014159564962406
2190,23712004825,0,0.908570422550751,-0.342014521254168,-0.239427152255770,0.014159564962406
2191,23712004825,1,0.908570422550751,-0.342014521254168,-0.239427152255770,0.014159564962406
2192,23732004925,0,0.907899566027622,-0.343190380066170,-0.240293743861813,0.014059078837747
2193,23732004925,1,0.907717286061410,-0.343447357846880,-0.240606865573185,0.014197788995227
2194,23752005025,0,0.907717286061410,-0.343447357846880,-0.240606865573185,0.014197788995227
2195,23752005025,1,0.907717286061410,-0.343447357846880,-0.240606865573185,0.014197788995227
2196,23772005125,0,0.907717286061410,-0.343447357846880,-0.240606865573185,0.014197788995227
2197,23772005125,1,0.907717286061410,-0.343447357846880,-0.240606865573185,0.014197788995227
2198,23792005225,0,0.907717286061410,-0.343447357846880,-0.240606865573185,0.014197788995227
2199,23792005225,1,0.907717286061410,-0.343447357846880,-0.240606865573185,0.014197788995227
2200,23812005325,0,0.907041147530953,-0.344625173170256,-0.241476864455941,0.014098604031225
2201,23812005325,1,0.906858595501513,-0.344881232344801,-0.241788601970367,0.014237109909347
2202,23832005425,0,0.906858595501513,-0.344881232344801,-0.241788601970367,0.014237109909347
2203,23832005425,1,0.906858595501513,-0.344881232344801,-0.241788601970367,0.014237109909347
2204,23852005525,0,0.906858595501513,-0.344881232344801,-0.241788601970367,0.014237109909347
2205,23852005525,1,0.906858595501513,-0.344881232344801,-0.241788601970367,0.014237109909347
2206,23872005625,0,0.906858595501513,-0.344881232344801,-0.241788601970367,0.014237109909347
2207,23872005625,1,0.906858595501513,-0.344881232344801,-0.241788601970367,0.014237109909347
2208,23912005825,0,0.906175727860764,-0.346063716337402,-0.242663561883142,0.014136838576826
2209,23912005825,1,0.905991677313143,-0.346320565942019,-0.242976014944168,0.014275938034658
2210,23932005925,0,0.905991677313143,-0.346320565942019,-0.242976014944168,0.014275938034658
2211,23932005925,1,0.905991677313143,-0.346320565942019,-0.242976014944168,0.014275938034658
2212,23952006025,0,0.905991677313143,-0.346320565942019,-0.242976014944168,0.014275938034658
2213,23952006025,1,0.905991677313143,-0.346320565942019,-0.242976014944168,0.014275938034658
2214,23972006125,0,0.905991677313143,-0.346320565942019,-0.242976014944168,0.014275938034658
2215,23972006125,1,0.905991677313143,-0.346320565942019,-0.242976014944168,0.014275938034658
2216,23992006225,0,0.905304187333308,-0.347503699627111,-0.243853460506267,0.014177339008741
2217,23992006225,1,0.905114962830992,-0.347767053071895,-0.244172080526742,0.014316981119760
2218,24012006325,0,0.905114962830992,-0.347767053071895,-0.244172080526742,0.014316981119760
2219,24012006325,1,0.905114962830992,-0.347767053071895,-0.244172080526742,0.014316981119760
2220,24032006425,0,0.905114962830992,-0.347767053071895,-0.244172080526742,0.014316981119760
2221,24032006425,1,0.905114962830992,-0.347767053071895,-0.244172080526742,0.014316981119760
2222,24052006525,0,0.905114962830992,-0.347767053071895,-0.244172080526742,0.014316981119760
2223,24052006525,1,0.905114962830992,-0.347767053071895,-0.244172080526742,0.014316981119760
2224,24072007575,0,0.904422379691714,-0.348951835961785,-0.245052309393382,0.014217628235653
2225,24072007575,1,0.904232792384298,-0.349214308756236,-0.245369691217274,0.014357519588693
2226,24092006725,0,0.904232792384298,-0.349214308756236,-0.245369691217274,0.014357519588693
2227,24092006725,1,0.904232792384298,-0.349214308756236,-0.245369691217274,0.014357519588693
2228,24112006825,0,0.904232792384298,-0.349214308756236,-0.245369691217274,0.014357519588693
2229,24112006825,1,0.904232792384298,-0.349214308756236,-0.245369691217274,0.014357519588693
2230,24132007750,0,0.904232792384298,-0.349214308756236,-0.245369691217274,0.014357519588693
2231,24132007750,1,0.904232792384298,-0.349214308756236,-0.245369691217274,0.014357519588693
2232,24152007025,0,0.903535434238029,-0.350399834848440,-0.246252550693355,0.014260297735280
2233,24152007025,1,0.903345406925425,-0.350661656951785,-0.246568700024183,0.014399802045562
2234,24172007100,0,0.903345406925425,-0.350661656951785,-0.246568700024183,0.014399802045562
2235,24172007100,1,0.903345406925425,-0.350661656951785,-0.246568700024183,0.014399802045562
2236,24192007225,0,0.903345406925425,-0.350661656951785,-0.246568700024183,0.014399802045562
2237,24192007225,1,0.903345406925425,-0.350661656951785,-0.246568700024183,0.014399802045562
2238,24212007300,0,0.903345406925425,-0.350661656951785,-0.246568700024183,0.014399802045562
2239,24212007300,1,0.903345406925425,-0.350661656951785,-0.246568700024183,0.014399802045562
2240,24232007425,0,0.902642630150879,-0.351849327499366,-0.247454650604710,0.014301358909158
2241,24232007425,1,0.902452315291496,-0.352110140623646,-0.247769487358685,0.014441212865545
2242,24252007500,0,0.902452315291496,-0.352110140623646,-0.247769487358685,0.014441212865545
2243,24252007500,1,0.902452315291496,-0.352110140623646,-0.247769487358685,0.014441212865545
2244,24272007625,0,0.902452315291496,-0.352110140623646,-0.247769487358685,0.014441212865545
2245,24272007625,1,0.902452315291496,-0.352110140623646,-0.247769487358685,0.014441212865545
2246,24292007725,0,0.902452315291496,-0.352110140623646,-0.247769487358685,0.014441212865545
2247,24292007725,1,0.902452315291496,-0.352110140623646,-0.247769487358685,0.014441212865545
2248,24312007825,0,0.901743392462330,-0.353301221398848,-0.248659315474943,0.014340360390991
2249,24312007825,1,0.901553038506544,-0.353559388376051,-0.248974541843298,0.014476020333322
2250,24332007925,0,0.901553038506544,-0.353559388376051,-0.248974541843298,0.014476020333322
2251,24332007925,1,0.901553038506544,-0.353559388376051,-0.248974541843298,0.014476020333322
2252,24352008025,0,0.901553038506544,-0.353559388376051,-0.248974541843298,0.014476020333322
2253,24352008025,1,0.901553038506544,-0.353559388376051,-0.248974541843298,0.014476020333322
2254,24372008125,0,0.901553038506544,-0.353559388376051,-0.248974541843298,0.014476020333322
2255,24372008125,1,0.901553038506544,-0.353559388376051,-0.248974541843298,0.014476020333322
2256,24392008225,0,0.900839320305745,-0.354751226025426,-0.249866789831315,0.014376159568311
2257,24392008225,1,0.900648603144960,-0.355007389074263,-0.250182728443293,0.014506886102025
2258,24412008325,0,0.900648603144960,-0.355007389074263,-0.250182728443293,0.014506886102025
2259,24412008325,1,0.900648603144960,-0.355007389074263,-0.250182728443293,0.014506886102025
2260,24432008425,0,0.900648603144960,-0.355007389074263,-0.250182728443293,0.014506886102025
2261,24432008425,1,0.900648603144960,-0.355007389074263,-0.250182728443293,0.014506886102025
2262,24452008525,0,0.900648603144960,-0.355007389074263,-0.250182728443293,0.014506886102025
2263,24452008525,1,0.900648603144960,-0.355007389074263,-0.250182728443293,0.014506886102025
2264,24472008625,0,0.899929641631152,-0.356200792005552,-0.251077829488839,0.014406922899019
2265,24472008625,1,0.899738590352879,-0.356456075032219,-0.251392500361235,0.014537756517628
2266,24492008725,0,0.899738590352879,-0.356456075032219,-0.251392500361235,0.014537756517628
2267,24492008725,1,0.899738590352879,-0.356456075032219,-0.251392500361235,0.014537756517628
2268,24542008975,0,0.899738590352879,-0.356456075032219,-0.251392500361235,0.014537756517628
2269,24542008975,1,0.899738590352879,-0.356456075032219,-0.251392500361235,0.014537756517628
2270,24562009075,0,0.899738590352879,-0.356456075032219,-0.251392500361235,0.014537756517628
2271,24562009075,1,0.899738590352879,-0.356456075032219,-0.251392500361235,0.014537756517628
2272,24582009175,0,0.899014065406340,-0.357651391349808,-0.252290916642914,0.014439038977373
2273,24582009175,1,0.898816405463501,-0.357912448824239,-0.252617732828082,0.014561226153990
2274,24602009275,0,0.898816405463501,-0.357912448824239,-0.252617732828082,0.014561226153990
2275,24602009275,1,0.898816405463501,-0.357912448824239,-0.252617732828082,0.014561226153990
2276,24622009375,0,0.898816405463501,-0.357912448824239,-0.252617732828082,0.014561226153990
2277,24622009375,1,0.898816405463501,-0.357912448824239,-0.252617732828082,0.014561226153990
2278,24642009475,0,0.898816405463501,-0.357912448824239,-0.252617732828082,0.014561226153990
2279,24642009475,1,0.898816405463501,-0.357912448824239,-0.252617732828082,0.014561226153990
2280,24662009550,0,0.898086650645132,-0.359109212806757,-0.253518833045554,0.014461759973796
2281,24662009550,1,0.897888610310128,-0.359369386030285,-0.253844418650558,0.014584203081560
2282,24682009675,0,0.897888610310128,-0.359369386030285,-0.253844418650558,0.014584203081560
2283,24682009675,1,0.897888610310128,-0.359369386030285,-0.253844418650558,0.014584203081560
2284,24702009775,0,0.897888610310128,-0.359369386030285,-0.253844418650558,0.014584203081560
2285,24702009775,1,0.897888610310128,-0.359369386030285,-0.253844418650558,0.014584203081560
2286,24722009875,0,0.897888610310128,-0.359369386030285,-0.253844418650558,0.014584203081560
2287,24722009875,1,0.897888610310128,-0.359369386030285,-0.253844418650558,0.014584203081560
2288,24742009975,0,0.897155266891575,-0.360564593087782,-0.254746367928934,0.014487557667396
2289,24742009975,1,0.896949892651527,-0.360834019961402,-0.255080831239233,0.014610600439764
2290,24762010075,0,0.896949892651527,-0.360834019961402,-0.255080831239233,0.014610600439764
2291,24762010075,1,0.896949892651527,-0.360834019961402,-0.255080831239233,0.014610600439764
2292,24782010175,0,0.896949892651527,-0.360834019961402,-0.255080831239233,0.014610600439764
2293,24782010175,1,0.896949892651527,-0.360834019961402,-0.255080831239233,0.014610600439764
2294,24802010275,0,0.896949892651527,-0.360834019961402,-0.255080831239233,0.014610600439764
2295,24802010275,1,0.896949892651527,-0.360834019961402,-0.255080831239233,0.014610600439764
2296,24822010375,0,0.896210282872389,-0.362032271748248,-0.255986624554421,0.014512447616744
2297,24822010375,1,0.896004734510867,-0.362300405360661,-0.256319570298246,0.014635911031930
2298,24842010475,0,0.896004734510867,-0.362300405360661,-0.256319570298246,0.014635911031930
2299,24842010475,1,0.896004734510867,-0.362300405360661,-0.256319570298246,0.014635911031930
2300,24862010575,0,0.896004734510867,-0.362300405360661,-0.256319570298246,0.014635911031930
2301,24862010575,1,0.896004734510867,-0.362300405360661,-0.256319570298246,0.014635911031930
2302,24882010675,0,0.896004734510867,-0.362300405360661,-0.256319570298246,0.014635911031930
2303,24882010675,1,0.896004734510867,-0.362300405360661,-0.256319570298246,0.014635911031930
2304,24902010775,0,0.895259347379225,-0.363500948835989,-0.257228497951390,0.014534819129650
2305,24902010775,1,0.895053505931576,-0.363767957735992,-0.257560104839752,0.014659019036593
2306,24922010875,0,0.895053505931576,-0.363767957735992,-0.257560104839752,0.014659019036593
2307,24922010875,1,0.895053505931576,-0.363767957735992,-0.257560104839752,0.014659019036593
2308,24942010975,0,0.895053505931576,-0.363767957735992,-0.257560104839752,0.014659019036593
2309,24942010975,1,0.895053505931576,-0.363767957735992,-0.257560104839752,0.014659019036593
2310,24962011075,0,0.895053505931576,-0.363767957735992,-0.257560104839752,0.014659019036593
2311,24962011075,1,0.895053505931576,-0.363767957735992,-0.257560104839752,0.014659019036593
2312,24982011175,0,0.894302902339566,-0.364969516971595,-0.258471662052220,0.014559205490432
2313,24982011175,1,0.894096632502347,-0.365235729284429,-0.258802003549640,0.014683213569491
2314,25002011275,0,0.894096632502347,-0.365235729284429,-0.258802003549640,0.014683213569491
2315,25002011275,1,0.894096632502347,-0.365235729284429,-0.258802003549640,0.014683213569491
2316,25022011375,0,0.894096632502347,-0.365235729284429,-0.258802003549640,0.014683213569491
2317,25022011375,1,0.894096632502347,-0.365235729284429,-0.258802003549640,0.014683213569491
2318,25042011475,0,0.894096632502347,-0.365235729284429,-0.258802003549640,0.014683213569491
2319,25042011475,1,0.894096632502347,-0.365235729284429,-0.258802003549640,0.014683213569491
2320,25062011575,0,0.893340620408612,-0.366438662249972,-0.259716324622300,0.014583328189783
2321,25062011575,1,0.893133966925209,-0.366703980036663,-0.260045379394600,0.014707440471712
2322,25082011675,0,0.893133966925209,-0.366703980036663,-0.260045379394600,0.014707440471712
2323,25082011675,1,0.893133966925209,-0.366703980036663,-0.260045379394600,0.014707440471712
2324,25102011775,0,0.893133966925209,-0.366703980036663,-0.260045379394600,0.014707440471712
2325,25102011775,1,0.893133966925209,-0.366703980036663,-0.260045379394600,0.014707440471712
2326,25122011875,0,0.893133966925209,-0.366703980036663,-0.260045379394600,0.014707440471712
2327,25122011875,1,0.893133966925209,-0.366703980036663,-0.260045379394600,0.014707440471712
2328,25162012075,0,0.892369534430189,-0.367912993923567,-0.260966047397919,0.014607019838122
2329,25162012075,1,0.892163213731839,-0.368176282797689,-0.261292963445100,0.014731330660534
2330,25182012175,0,0.892163213731839,-0.368176282797689,-0.261292963445100,0.014731330660534
2331,25182012175,1,0.892163213731839,-0.368176282797689,-0.261292963445100,0.014731330660534
2332,25202012275,0,0.892163213731839,-0.368176282797689,-0.261292963445100,0.014731330660534
2333,25202012275,1,0.892163213731839,-0.368176282797689,-0.261292963445100,0.014731330660534
2334,25222012375,0,0.892163213731839,-0.368176282797689,-0.261292963445100,0.014731330660534
2335,25222012375,1,0.892163213731839,-0.368176282797689,-0.261292963445100,0.014731330660534
2336,25242012475,0,0.891394777418457,-0.369384319675702,-0.262214621136274,0.014631050241840
2337,25242012475,1,0.891187732158093,-0.369647270210196,-0.262540662072168,0.014755420555631
2338,25262012550,0,0.891187732158093,-0.369647270210196,-0.262540662072168,0.014755420555631
2339,25262012550,1,0.891187732158093,-0.369647270210196,-0.262540662072168,0.014755420555631
2340,25282012675,0,0.891187732158093,-0.369647270210196,-0.262540662072168,0.014755420555631
2341,25282012675,1,0.891187732158093,-0.369647270210196,-0.262540662072168,0.014755420555631
2342,25302012775,0,0.891187732158093,-0.369647270210196,-0.262540662072168,0.014755420555631
2343,25302012775,1,0.891187732158093,-0.369647270210196,-0.262540662072168,0.014755420555631
2344,25322012875,0,0.890414356947879,-0.370855584929688,-0.263464493709295,0.014658397663412
2345,25322012875,1,0.890201737892197,-0.371124907442375,-0.263796573061811,0.014782995990170
2346,25342012975,0,0.890201737892197,-0.371124907442375,-0.263796573061811,0.014782995990170
2347,25342012975,1,0.890201737892197,-0.371124907442375,-0.263796573061811,0.014782995990170
2348,25362013075,0,0.890201737892197,-0.371124907442375,-0.263796573061811,0.014782995990170
2349,25362013075,1,0.890201737892197,-0.371124907442375,-0.263796573061811,0.014782995990170
2350,25382013175,0,0.890201737892197,-0.371124907442375,-0.263796573061811,0.014782995990170
2351,25382013175,1,0.890201737892197,-0.371124907442375,-0.263796573061811,0.014782995990170
2352,25402013275,0,0.889422577077427,-0.372335015448531,-0.264723415709794,0.014684305595815
2353,25402013275,1,0.889207929306310,-0.372605634062969,-0.265056549423996,0.014809643167942
2354,25422013375,0,0.889207929306310,-0.372605634062969,-0.265056549423996,0.014809643167942
2355,25422013375,1,0.889207929306310,-0.372605634062969,-0.265056549423996,0.014809643167942
2356,25442013450,0,0.889207929306310,-0.372605634062969,-0.265056549423996,0.014809643167942
2357,25442013450,1,0.889207929306310,-0.372605634062969,-0.265056549423996,0.014809643167942
2358,25462013575,0,0.889207929306310,-0.372605634062969,-0.265056549423996,0.014809643167942
2359,25462013575,1,0.889207929306310,-0.372605634062969,-0.265056549423996,0.014809643167942
2360,25482013650,0,0.888423227622319,-0.373816999372707,-0.265986108078851,0.014710877274746
2361,25482013650,1,0.888208218602228,-0.374086008661822,-0.266318929922575,0.014833950782544
2362,25502013775,0,0.888208218602228,-0.374086008661822,-0.266318929922575,0.014833950782544
2363,25502013775,1,0.888208218602228,-0.374086008661822,-0.266318929922575,0.014833950782544
2364,25522013875,0,0.888208218602228,-0.374086008661822,-0.266318929922575,0.014833950782544
2365,25522013875,1,0.888208218602228,-0.374086008661822,-0.266318929922575,0.014833950782544
2366,25542013975,0,0.888208218602228,-0.374086008661822,-0.266318929922575,0.014833950782544
2367,25542013975,1,0.888208218602228,-0.374086008661822,-0.266318929922575,0.014833950782544
2368,25562014075,0,0.887421532597439,-0.375293329086662,-0.267246936886728,0.014731440870616
2369,25562014075,1,0.887205392755158,-0.375560542996296,-0.267582503768113,0.014848342927084
2370,25582014175,0,0.887205392755158,-0.375560542996296,-0.267582503768113,0.014848342927084
2371,25582014175,1,0.887205392755158,-0.375560542996296,-0.267582503768113,0.014848342927084
2372,25602014275,0,0.887205392755158,-0.375560542996296,-0.267582503768113,0.014848342927084
2373,25602014275,1,0.887205392755158,-0.375560542996296,-0.267582503768113,0.014848342927084
2374,25622014375,0,0.887205392755158,-0.375560542996296,-0.267582503768113,0.014848342927084
2375,25622014375,1,0.887205392755158,-0.375560542996296,-0.267582503768113,0.014848342927084
2376,25642013850,0,0.886411474805926,-0.376771555776441,-0.268515179274020,0.014747562158669
2377,25642013850,1,0.886195339806818,-0.377037284221646,-0.268848958441031,0.014864170229685
2378,25752017400,0,0.886195339806818,-0.377037284221646,-0.268848958441031,0.014864170229685
2379,25752017400,1,0.886195339806818,-0.377037284221646,-0.268848958441031,0.014864170229685
2380,25802016025,0,0.886195339806818,-0.377037284221646,-0.268848958441031,0.014864170229685
2381,25802016025,1,0.886195339806818,-0.377037284221646,-0.268848958441031,0.014864170229685
2382,25822015575,0,0.886195339806818,-0.377037284221646,-0.268848958441031,0.014864170229685
2383,25822015575,1,0.886195339806818,-0.377037284221646,-0.268848958441031,0.014864170229685
2384,25842015475,0,0.885394495042070,-0.378251578980690,-0.269785873617818,0.014761895003133
2385,25842015475,1,0.885171378803422,-0.378525166490290,-0.270127584461766,0.014880073709442
2386,25862015575,0,0.885171378803422,-0.378525166490290,-0.270127584461766,0.014880073709442
2387,25862015575,1,0.885171378803422,-0.378525166490290,-0.270127584461766,0.014880073709442
2388,25882015675,0,0.885171378803422,-0.378525166490290,-0.270127584461766,0.014880073709442
2389,25882015675,1,0.885171378803422,-0.378525166490290,-0.270127584461766,0.014880073709442
2390,25902015775,0,0.885171378803422,-0.378525166490290,-0.270127584461766,0.014880073709442
2391,25902015775,1,0.885171378803422,-0.378525166490290,-0.270127584461766,0.014880073709442
2392,25922015875,0,0.884368182813395,-0.379735762450668,-0.271063364511703,0.014775667935441
2393,25922015875,1,0.884164323187168,-0.379988300591192,-0.271366853486668,0.014912137524178
2394,25942015975,0,0.884164323187168,-0.379988300591192,-0.271366853486668,0.014912137524178
2395,25942015975,1,0.884164323187168,-0.379988300591192,-0.271366853486668,0.014912137524178
2396,25962016075,0,0.884164323187168,-0.379988300591192,-0.271366853486668,0.014912137524178
2397,25962016075,1,0.884164323187168,-0.379988300591192,-0.271366853486668,0.014912137524178
2398,25982016175,0,0.884164323187168,-0.379988300591192,-0.271366853486668,0.014912137524178
2399,25982016175,1,0.884164323187168,-0.379988300591192,-0.271366853486668,0.014912137524178
2400,26002014975,0,0.883354583890168,-0.381201494022577,-0.272306433203140,0.014809001025313
2401,26002014975,1,0.883157492854709,-0.381445768102523,-0.272595729494273,0.014951156234446
2402,26022016375,0,0.883157492854709,-0.381445768102523,-0.272595729494273,0.014951156234446
2403,26022016375,1,0.883157492854709,-0.381445768102523,-0.272595729494273,0.014951156234446
2404,26042016475,0,0.883157492854709,-0.381445768102523,-0.272595729494273,0.014951156234446
2405,26042016475,1,0.883157492854709,-0.381445768102523,-0.272595729494273,0.014951156234446
2406,26062016575,0,0.883157492854709,-0.381445768102523,-0.272595729494273,0.014951156234446
2407,26062016575,1,0.883157492854709,-0.381445768102523,-0.272595729494273,0.014951156234446
2408,26082016675,0,0.882342369670721,-0.382659861075461,-0.273537768008454,0.014847992407035
2409,26082016675,1,0.882146669088493,-0.382901779360599,-0.273822411929334,0.014992274802919
2410,26102016775,0,0.882146669088493,-0.382901779360599,-0.273822411929334,0.014992274802919
2411,26102016775,1,0.882146669088493,-0.382901779360599,-0.273822411929334,0.014992274802919
2412,26122016875,0,0.882146669088493,-0.382901779360599,-0.273822411929334,0.014992274802919
2413,26122016875,1,0.882146669088493,-0.382901779360599,-0.273822411929334,0.014992274802919
2414,26142016975,0,0.882146669088493,-0.382901779360599,-0.273822411929334,0.014992274802919
2415,26142016975,1,0.882146669088493,-0.382901779360599,-0.273822411929334,0.014992274802919
2416,26162017075,0,0.881325149592867,-0.384118073124207,-0.274767918184093,0.014895560789587
2417,26162017075,1,0.881134529315596,-0.384354226162990,-0.275040776277150,0.015044648992059
2418,26182017175,0,0.881134529315596,-0.384354226162990,-0.275040776277150,0.015044648992059
2419,26182017175,1,0.881134529315596,-0.384354226162990,-0.275040776277150,0.015044648992059
2420,26202017275,0,0.881134529315596,-0.384354226162990,-0.275040776277150,0.015044648992059
2421,26202017275,1,0.881134529315596,-0.384354226162990,-0.275040776277150,0.015044648992059
2422,26222017375,0,0.881134529315596,-0.384354226162990,-0.275040776277150,0.015044648992059
2423,26222017375,1,0.881134529315596,-0.384354226162990,-0.275040776277150,0.015044648992059
2424,26242017475,0,0.880308125932633,-0.385570708096258,-0.275988199386684,0.014944774150920
2425,26242017475,1,0.880117103825639,-0.385806249792933,-0.276259975279104,0.015094609404400
2426,26262017575,0,0.880117103825639,-0.385806249792933,-0.276259975279104,0.015094609404400
2427,26262017575,1,0.880117103825639,-0.385806249792933,-0.276259975279104,0.015094609404400
2428,26282017675,0,0.880117103825639,-0.385806249792933,-0.276259975279104,0.015094609404400
2429,26282017675,1,0.880117103825639,-0.385806249792933,-0.276259975279104,0.015094609404400
2430,26302017775,0,0.880117103825639,-0.385806249792933,-0.276259975279104,0.015094609404400
2431,26302017775,1,0.880117103825639,-0.385806249792933,-0.276259975279104,0.015094609404400
2432,26322017875,0,0.879281446996130,-0.387029256034581,-0.277214309976003,0.014990606600119
2433,26322017875,1,0.879085873804025,-0.387267348204315,-0.277494057455986,0.015135242635138
2434,26342017975,0,0.879085873804025,-0.387267348204315,-0.277494057455986,0.015135242635138
2435,26342017975,1,0.879085873804025,-0.387267348204315,-0.277494057455986,0.015135242635138
2436,26362018075,0,0.879085873804025,-0.387267348204315,-0.277494057455986,0.015135242635138
2437,26362018075,1,0.879085873804025,-0.387267348204315,-0.277494057455986,0.015135242635138
2438,26382018175,0,0.879085873804025,-0.387267348204315,-0.277494057455986,0.015135242635138
2439,26382018175,1,0.879085873804025,-0.387267348204315,-0.277494057455986,0.015135242635138
2440,26432018425,0,0.878246559533815,-0.388488495945218,-0.278448685056017,0.015033262314432
2441,26432018425,1,0.878048520212145,-0.388728036926243,-0.278731079445003,0.015175467444356
2442,26452018525,0,0.878048520212145,-0.388728036926243,-0.278731079445003,0.015175467444356
2443,26452018525,1,0.878048520212145,-0.388728036926243,-0.278731079445003,0.015175467444356
2444,26472018625,0,0.878048520212145,-0.388728036926243,-0.278731079445003,0.015175467444356
2445,26472018625,1,0.878048520212145,-0.388728036926243,-0.278731079445003,0.015175467444356
2446,26492018725,0,0.878048520212145,-0.388728036926243,-0.278731079445003,0.015175467444356
2447,26492018725,1,0.878048520212145,-0.388728036926243,-0.278731079445003,0.015175467444356
2448,26512018825,0,0.877209107819091,-0.389942274053023,-0.279682324606479,0.015066564582149
2449,26512018825,1,0.877009401879723,-0.390184336943133,-0.279962845805243,0.015215031628197
2450,26532018925,0,0.877009401879723,-0.390184336943133,-0.279962845805243,0.015215031628197
2451,26532018925,1,0.877009401879723,-0.390184336943133,-0.279962845805243,0.015215031628197
2452,26552019000,0,0.877009401879723,-0.390184336943133,-0.279962845805243,0.015215031628197
2453,26552019000,1,0.877009401879723,-0.390184336943133,-0.279962845805243,0.015215031628197
2454,26572019125,0,0.877009401879723,-0.390184336943133,-0.279962845805243,0.015215031628197
2455,26572019125,1,0.877009401879723,-0.390184336943133,-0.279962845805243,0.015215031628197
2456,26592019225,0,0.876161921522041,-0.391403054724812,-0.280919273074322,0.015109534813711
2457,26592019225,1,0.875962454410123,-0.391644991680500,-0.281195752726718,0.015261965922789
2458,26612019325,0,0.875962454410123,-0.391644991680500,-0.281195752726718,0.015261965922789
2459,26612019325,1,0.875962454410123,-0.391644991680500,-0.281195752726718,0.015261965922789
2460,26632019425,0,0.875962454410123,-0.391644991680500,-0.281195752726718,0.015261965922789
2461,26632019425,1,0.875962454410123,-0.391644991680500,-0.281195752726718,0.015261965922789
2462,26652019525,0,0.875962454410123,-0.391644991680500,-0.281195752726718,0.015261965922789
2463,26652019525,1,0.875962454410123,-0.391644991680500,-0.281195752726718,0.015261965922789
2464,26672019625,0,0.875109461720251,-0.392864470598527,-0.282154597655446,0.015156542182332
2465,26672019625,1,0.874909701088924,-0.393105651665659,-0.282429807141733,0.015309004111624
2466,26692019725,0,0.874909701088924,-0.393105651665659,-0.282429807141733,0.015309004111624
2467,26692019725,1,0.874909701088924,-0.393105651665659,-0.282429807141733,0.015309004111624
2468,26712019825,0,0.874909701088924,-0.393105651665659,-0.282429807141733,0.015309004111624
2469,26712019825,1,0.874909701088924,-0.393105651665659,-0.282429807141733,0.015309004111624
2470,26732019925,0,0.874909701088924,-0.393105651665659,-0.282429807141733,0.015309004111624
2471,26732019925,1,0.874909701088924,-0.393105651665659,-0.282429807141733,0.015309004111624
2472,26752020025,0,0.874046983452605,-0.394331840099045,-0.283395016505158,0.015216281462446
2473,26752020025,1,0.873840870680668,-0.394577051939852,-0.283681544901957,0.015357860936532
2474,26772020125,0,0.873840870680668,-0.394577051939852,-0.283681544901957,0.015357860936532
2475,26772020125,1,0.873840870680668,-0.394577051939852,-0.283681544901957,0.015357860936532
2476,26792020225,0,0.873840870680668,-0.394577051939852,-0.283681544901957,0.015357860936532
2477,26792020225,1,0.873840870680668,-0.394577051939852,-0.283681544901957,0.015357860936532
2478,26812020325,0,0.873840870680668,-0.394577051939852,-0.283681544901957,0.015357860936532
2479,26812020325,1,0.873840870680668,-0.394577051939852,-0.283681544901957,0.015357860936532
2480,26832020425,0,0.872974602984367,-0.395801044862370,-0.284647215222978,0.015259039810775
2481,26832020425,1,0.872767682511175,-0.396046128358834,-0.284932999914203,0.015402017268660
2482,26852020525,0,0.872767682511175,-0.396046128358834,-0.284932999914203,0.015402017268660
2483,26852020525,1,0.872767682511175,-0.396046128358834,-0.284932999914203,0.015402017268660
2484,26872020625,0,0.872767682511175,-0.396046128358834,-0.284932999914203,0.015402017268660
2485,26872020625,1,0.872767682511175,-0.396046128358834,-0.284932999914203,0.015402017268660
2486,26892020725,0,0.872767682511175,-0.396046128358834,-0.284932999914203,0.015402017268660
2487,26892020725,1,0.872767682511175,-0.396046128358834,-0.284932999914203,0.015402017268660
2488,26912020825,0,0.871896180777467,-0.397270265011619,-0.285900901544424,0.015299051583331
2489,26912020825,1,0.871688855952630,-0.397514672770614,-0.286185494603217,0.015442992546095
2490,26932020925,0,0.871688855952630,-0.397514672770614,-0.286185494603217,0.015442992546095
2491,26932020925,1,0.871688855952630,-0.397514672770614,-0.286185494603217,0.015442992546095
2492,26952021025,0,0.871688855952630,-0.397514672770614,-0.286185494603217,0.015442992546095
2493,26952021025,1,0.871688855952630,-0.397514672770614,-0.286185494603217,0.015442992546095
2494,26972021125,0,0.871688855952630,-0.397514672770614,-0.286185494603217,0.015442992546095
2495,26972021125,1,0.871688855952630,-0.397514672770614,-0.286185494603217,0.015442992546095
2496,26992021225,0,0.870811662661363,-0.398739606807212,-0.287155697971428,0.015342074785522
2497,26992021225,1,0.870604042707794,-0.398983224288326,-0.287439007812455,0.015485617363486
2498,27012021325,0,0.870604042707794,-0.398983224288326,-0.287439007812455,0.015485617363486
2499,27012021325,1,0.870604042707794,-0.398983224288326,-0.287439007812455,0.015485617363486
2500,27062021575,0,0.870604042707794,-0.398983224288326,-0.287439007812455,0.015485617363486
2501,27062021575,1,0.870604042707794,-0.398983224288326,-0.287439007812455,0.015485617363486
2502,27082021675,0,0.870604042707794,-0.398983224288326,-0.287439007812455,0.015485617363486
2503,27082021675,1,0.870604042707794,-0.398983224288326,-0.287439007812455,0.015485617363486
2504,27102021775,0,0.869722135891461,-0.400207533101469,-0.288410550105227,0.015384777451498
2505,27102021775,1,0.869515904608492,-0.400446871814533,-0.288692600813933,0.015523424948063
2506,27122021875,0,0.869515904608492,-0.400446871814533,-0.288692600813933,0.015523424948063
2507,27122021875,1,0.869515904608492,-0.400446871814533,-0.288692600813933,0.015523424948063
2508,27142021975,0,0.869515904608492,-0.400446871814533,-0.288692600813933,0.015523424948063
2509,27142021975,1,0.869515904608492,-0.400446871814533,-0.288692600813933,0.015523424948063
2510,27162022050,0,0.869515904608492,-0.400446871814533,-0.288692600813933,0.015523424948063
2511,27162022050,1,0.869515904608492,-0.400446871814533,-0.288692600813933,0.015523424948063
2512,27182022175,0,0.868627425461660,-0.401673037119743,-0.289667778510101,0.015418984398260
2513,27182022175,1,0.868426728977238,-0.401902926134260,-0.289943373912945,0.015552951057389
2514,27202022275,0,0.868426728977238,-0.401902926134260,-0.289943373912945,0.015552951057389
2515,27202022275,1,0.868426728977238,-0.401902926134260,-0.289943373912945,0.015552951057389
2516,27222022375,0,0.868426728977238,-0.401902926134260,-0.289943373912945,0.015552951057389
2517,27222022375,1,0.868426728977238,-0.401902926134260,-0.289943373912945,0.015552951057389
2518,27242022475,0,0.868426728977238,-0.401902926134260,-0.289943373912945,0.015552951057389
2519,27242022475,1,0.868426728977238,-0.401902926134260,-0.289943373912945,0.015552951057389
2520,27262022575,0,0.867533070587544,-0.403129124574076,-0.290920208770208,0.015450323174128
2521,27262022575,1,0.867331995358468,-0.403358404126029,-0.291194691310340,0.015583946903034
2522,27282022675,0,0.867331995358468,-0.403358404126029,-0.291194691310340,0.015583946903034
2523,27282022675,1,0.867331995358468,-0.403358404126029,-0.291194691310340,0.015583946903034
2524,27302022775,0,0.867331995358468,-0.403358404126029,-0.291194691310340,0.015583946903034
2525,27302022775,1,0.867331995358468,-0.403358404126029,-0.291194691310340,0.015583946903034
2526,27322022875,0,0.867331995358468,-0.403358404126029,-0.291194691310340,0.015583946903034
2527,27322022875,1,0.867331995358468,-0.403358404126029,-0.291194691310340,0.015583946903034
2528,27342022975,0,0.866433795344053,-0.404583766994595,-0.292172378384280,0.015484026589912
2529,27342022975,1,0.866226618344697,-0.404819444698667,-0.292452971675373,0.015618009579223
2530,27362023075,0,0.866226618344697,-0.404819444698667,-0.292452971675373,0.015618009579223
2531,27362023075,1,0.866226618344697,-0.404819444698667,-0.292452971675373,0.015618009579223
2532,27382023175,0,0.866226618344697,-0.404819444698667,-0.292452971675373,0.015618009579223
2533,27382023175,1,0.866226618344697,-0.404819444698667,-0.292452971675373,0.015618009579223
2534,27402023275,0,0.866226618344697,-0.404819444698667,-0.292452971675373,0.015618009579223
2535,27402023275,1,0.866226618344697,-0.404819444698667,-0.292452971675373,0.015618009579223
2536,27422023375,0,0.865322347971332,-0.406045879178157,-0.293433474580765,0.015516897218109
2537,27422023375,1,0.865113110847509,-0.406282917853267,-0.293715043610277,0.015651493775130
2538,27442023475,0,0.865113110847509,-0.406282917853267,-0.293715043610277,0.015651493775130
2539,27442023475,1,0.865113110847509,-0.406282917853267,-0.293715043610277,0.015651493775130
2540,27462023575,0,0.865113110847509,-0.406282917853267,-0.293715043610277,0.015651493775130
2541,27462023575,1,0.865113110847509,-0.406282917853267,-0.293715043610277,0.015651493775130
2542,27482023675,0,0.865113110847509,-0.406282917853267,-0.293715043610277,0.015651493775130
2543,27482023675,1,0.865113110847509,-0.406282917853267,-0.293715043610277,0.015651493775130
2544,27502023750,0,0.864203253147657,-0.407509744405194,-0.294697691044772,0.015550445546664
2545,27502023750,1,0.863989950976083,-0.407750565366241,-0.294982712124446,0.015685681482245
2546,27522023875,0,0.863989950976083,-0.407750565366241,-0.294982712124446,0.015685681482245
2547,27522023875,1,0.863989950976083,-0.407750565366241,-0.294982712124446,0.015685681482245
2548,27542023975,0,0.863989950976083,-0.407750565366241,-0.294982712124446,0.015685681482245
2549,27542023975,1,0.863989950976083,-0.407750565366241,-0.294982712124446,0.015685681482245
2550,27562024075,0,0.863989950976083,-0.407750565366241,-0.294982712124446,0.015685681482245
2551,27562024075,1,0.863989950976083,-0.407750565366241,-0.294982712124446,0.015685681482245
2552,27582024175,0,0.863074434006252,-0.408977747005743,-0.295967724053185,0.015583007978933
2553,27582024175,1,0.862849533119503,-0.409231352610665,-0.296265506668043,0.015720457837789
2554,27602024275,0,0.862849533119503,-0.409231352610665,-0.296265506668043,0.015720457837789
2555,27602024275,1,0.862849533119503,-0.409231352610665,-0.296265506668043,0.015720457837789
2556,27622024375,0,0.862849533119503,-0.409231352610665,-0.296265506668043,0.015720457837789
2557,27622024375,1,0.862849533119503,-0.409231352610665,-0.296265506668043,0.015720457837789
2558,27642024475,0,0.862849533119503,-0.409231352610665,-0.296265506668043,0.015720457837789
2559,27642024475,1,0.862849533119503,-0.409231352610665,-0.296265506668043,0.015720457837789
2560,27662024525,0,0.861928305254416,-0.410458938643007,-0.297252604830115,0.015618745500782
2561,27662024525,1,0.861703030030088,-0.410711769235843,-0.297549118521811,0.015756037414963
2562,27702024750,0,0.861703030030088,-0.410711769235843,-0.297549118521811,0.015756037414963
2563,27702024750,1,0.861703030030088,-0.410711769235843,-0.297549118521811,0.015756037414963
2564,27722024875,0,0.861703030030088,-0.410711769235843,-0.297549118521811,0.015756037414963
2565,27722024875,1,0.861703030030088,-0.410711769235843,-0.297549118521811,0.015756037414963
2566,27742024975,0,0.861703030030088,-0.410711769235843,-0.297549118521811,0.015756037414963
2567,27742024975,1,0.861703030030088,-0.410711769235843,-0.297549118521811,0.015756037414963
2568,27762025075,0,0.860773263640524,-0.411943774270211,-0.298540496874434,0.015661646389214
2569,27762025075,1,0.860548455789854,-0.412191731323280,-0.298839529367329,0.015788209332511
2570,27782025175,0,0.860548455789854,-0.412191731323280,-0.298839529367329,0.015788209332511
2571,27782025175,1,0.860548455789854,-0.412191731323280,-0.298839529367329,0.015788209332511
2572,27802025275,0,0.860548455789854,-0.412191731323280,-0.298839529367329,0.015788209332511
2573,27802025275,1,0.860548455789854,-0.412191731323280,-0.298839529367329,0.015788209332511
2574,27822025375,0,0.860548455789854,-0.412191731323280,-0.298839529367329,0.015788209332511
2575,27822025375,1,0.860548455789854,-0.412191731323280,-0.298839529367329,0.015788209332511
2576,27842025475,0,0.859614436319242,-0.413421911990498,-0.299831877804912,0.015690398645448
2577,27842025475,1,0.859388902516758,-0.413669574531670,-0.300129964142488,0.015817773599929
2578,27862025575,0,0.859388902516758,-0.413669574531670,-0.300129964142488,0.015817773599929
2579,27862025575,1,0.859388902516758,-0.413669574531670,-0.300129964142488,0.015817773599929
2580,27882025675,0,0.859388902516758,-0.413669574531670,-0.300129964142488,0.015817773599929
2581,27882025675,1,0.859388902516758,-0.413669574531670,-0.300129964142488,0.015817773599929
2582,27902025775,0,0.859388902516758,-0.413669574531670,-0.300129964142488,0.015817773599929
2583,27902025775,1,0.859388902516758,-0.413669574531670,-0.300129964142488,0.015817773599929
2584,27922025875,0,0.858449172224219,-0.414900023596949,-0.301124319595551,0.015720473113784
2585,27922025875,1,0.858223261736959,-0.415146918236052,-0.301421161691753,0.015847794076088
2586,27942025975,0,0.858223261736959,-0.415146918236052,-0.301421161691753,0.015847794076088
2587,27942025975,1,0.858223261736959,-0.415146918236052,-0.301421161691753,0.015847794076088
2588,27962026075,0,0.858223261736959,-0.415146918236052,-0.301421161691753,0.015847794076088
2589,27962026075,1,0.858223261736959,-0.415146918236052,-0.301421161691753,0.015847794076088
2590,27982026175,0,0.858223261736959,-0.415146918236052,-0.301421161691753,0.015847794076088
2591,27982026175,1,0.858223261736959,-0.415146918236052,-0.301421161691753,0.015847794076088
2592,28002026275,0,0.857277914775035,-0.416377437761074,-0.302417479392755,0.015750375240692
2593,28002026275,1,0.857051604938936,-0.416623602917505,-0.302713092043341,0.015877779101324
2594,28022026375,0,0.857051604938936,-0.416623602917505,-0.302713092043341,0.015877779101324
2595,28022026375,1,0.857051604938936,-0.416623602917505,-0.302713092043341,0.015877779101324
2596,28042026475,0,0.857051604938936,-0.416623602917505,-0.302713092043341,0.015877779101324
2597,28042026475,1,0.857051604938936,-0.416623602917505,-0.302713092043341,0.015877779101324
2598,28062041250,0,0.857051604938936,-0.416623602917505,-0.302713092043341,0.015877779101324
2599,28062041250,1,0.857051604938936,-0.416623602917505,-0.302713092043341,0.015877779101324
2600,28082025375,0,0.856100605051725,-0.417854214092803,-0.303711354103541,0.015780468419851
2601,28082025375,1,0.855873904504610,-0.418099642603751,-0.304005735179544,0.015907904343240
2602,28102026775,0,0.855873904504610,-0.418099642603751,-0.304005735179544,0.015907904343240
2603,28102026775,1,0.855873904504610,-0.418099642603751,-0.304005735179544,0.015907904343240
2604,28122026875,0,0.855873904504610,-0.418099642603751,-0.304005735179544,0.015907904343240
2605,28122026875,1,0.855873904504610,-0.418099642603751,-0.304005735179544,0.015907904343240
2606,28142026975,0,0.855873904504610,-0.418099642603751,-0.304005735179544,0.015907904343240
2607,28142026975,1,0.855873904504610,-0.418099642603751,-0.304005735179544,0.015907904343240
2608,28162027075,0,0.854920091836100,-0.419326207393352,-0.305003927236958,0.015804200014381
2609,28162027075,1,0.854692491739493,-0.419568587217583,-0.305302099145686,0.015923989500634
2610,28182027175,0,0.854692491739493,-0.419568587217583,-0.305302099145686,0.015923989500634
2611,28182027175,1,0.854692491739493,-0.419568587217583,-0.305302099145686,0.015923989500634
2612,28202027275,0,0.854692491739493,-0.419568587217583,-0.305302099145686,0.015923989500634
2613,28202027275,1,0.854692491739493,-0.419568587217583,-0.305302099145686,0.015923989500634
2614,28222027375,0,0.854692491739493,-0.419568587217583,-0.305302099145686,0.015923989500634
2615,28222027375,1,0.854692491739493,-0.419568587217583,-0.305302099145686,0.015923989500634
2616,28242027475,0,0.853731660833246,-0.420797167787858,-0.306303133533227,0.015823566612874
2617,28242027475,1,0.853503998643116,-0.421038363371101,-0.306599822803870,0.015942695086824
2618,28262027550,0,0.853503998643116,-0.421038363371101,-0.306599822803870,0.015942695086824
2619,28262027550,1,0.853503998643116,-0.421038363371101,-0.306599822803870,0.015942695086824
2620,28282027675,0,0.853503998643116,-0.421038363371101,-0.306599822803870,0.015942695086824
2621,28282027675,1,0.853503998643116,-0.421038363371101,-0.306599822803870,0.015942695086824
2622,28302027775,0,0.853503998643116,-0.421038363371101,-0.306599822803870,0.015942695086824
2623,28302027775,1,0.853503998643116,-0.421038363371101,-0.306599822803870,0.015942695086824
2624,28342027950,0,0.852535463618289,-0.422269754797997,-0.307604407980646,0.015845051178988
2625,28342027950,1,0.852307901399359,-0.422509565576547,-0.307899449212700,0.015963626876599
2626,28362028075,0,0.852307901399359,-0.422509565576547,-0.307899449212700,0.015963626876599
2627,28362028075,1,0.852307901399359,-0.422509565576547,-0.307899449212700,0.015963626876599
2628,28492031150,0,0.852307901399359,-0.422509565576547,-0.307899449212700,0.015963626876599
2629,28492031150,1,0.852307901399359,-0.422509565576547,-0.307899449212700,0.015963626876599
2630,28512030500,0,0.852307901399359,-0.422509565576547,-0.307899449212700,0.015963626876599
2631,28512030500,1,0.852307901399359,-0.422509565576547,-0.307899449212700,0.015963626876599
2632,28532029950,0,0.851332762274168,-0.423742040741684,-0.308906948928432,0.015865298309064
2633,28532029950,1,0.851105035271567,-0.423980846874248,-0.309200532925094,0.015984081394245
2634,28552029525,0,0.851105035271567,-0.423980846874248,-0.309200532925094,0.015984081394245
2635,28552029525,1,0.851105035271567,-0.423980846874248,-0.309200532925094,0.015984081394245
2636,28572029125,0,0.851105035271567,-0.423980846874248,-0.309200532925094,0.015984081394245
2637,28572029125,1,0.851105035271567,-0.423980846874248,-0.309200532925094,0.015984081394245
2638,28592029225,0,0.851105035271567,-0.423980846874248,-0.309200532925094,0.015984081394245
2639,28592029225,1,0.851105035271567,-0.423980846874248,-0.309200532925094,0.015984081394245
2640,28612029325,0,0.850125199200180,-0.425211985873948,-0.310208895977108,0.015885641650618
2641,28612029325,1,0.849896851859936,-0.425450368332966,-0.310501499132323,0.016004509379978
2642,28632029425,0,0.849896851859936,-0.425450368332966,-0.310501499132323,0.016004509379978
2643,28632029425,1,0.849896851859936,-0.425450368332966,-0.310501499132323,0.016004509379978
2644,28652029525,0,0.849896851859936,-0.425450368332966,-0.310501499132323,0.016004509379978
2645,28652029525,1,0.849896851859936,-0.425450368332966,-0.310501499132323,0.016004509379978
2646,28672029625,0,0.849896851859936,-0.425450368332966,-0.310501499132323,0.016004509379978
2647,28672029625,1,0.849896851859936,-0.425450368332966,-0.310501499132323,0.016004509379978
2648,28692029700,0,0.848911381383744,-0.426681348161720,-0.311511615149519,0.015906203663315
2649,28692029700,1,0.848692348396319,-0.426910420293496,-0.311788099070064,0.016030349236593
2650,28712029825,0,0.848692348396319,-0.426910420293496,-0.311788099070064,0.016030349236593
2651,28712029825,1,0.848692348396319,-0.426910420293496,-0.311788099070064,0.016030349236593
2652,28732029925,0,0.848692348396319,-0.426910420293496,-0.311788099070064,0.016030349236593
2653,28732029925,1,0.848692348396319,-0.426910420293496,-0.311788099070064,0.016030349236593
2654,28752030025,0,0.848692348396319,-0.426910420293496,-0.311788099070064,0.016030349236593
2655,28752030025,1,0.848692348396319,-0.426910420293496,-0.311788099070064,0.016030349236593
2656,28772030125,0,0.847705226060358,-0.428136070668581,-0.312796415341316,0.015929759949453
2657,28772030125,1,0.847514133356649,-0.428339961341585,-0.313027827587619,0.016070172195516
2658,28792030225,0,0.847514133356649,-0.428339961341585,-0.313027827587619,0.016070172195516
2659,28792030225,1,0.847514133356649,-0.428339961341585,-0.313027827587619,0.016070172195516
2660,28812030325,0,0.847514133356649,-0.428339961341585,-0.313027827587619,0.016070172195516
2661,28812030325,1,0.847514133356649,-0.428339961341585,-0.313027827587619,0.016070172195516
2662,28832030425,0,0.847514133356649,-0.428339961341585,-0.313027827587619,0.016070172195516
2663,28832030425,1,0.847514133356649,-0.428339961341585,-0.313027827587619,0.016070172195516
2664,28852030525,0,0.846519943846942,-0.429567529710018,-0.314039256484537,0.015970832002179
2665,28852030525,1,0.846329001295063,-0.429770333918159,-0.314269180189273,0.016110991091085
2666,28872030625,0,0.846329001295063,-0.429770333918159,-0.314269180189273,0.016110991091085
2667,28872030625,1,0.846329001295063,-0.429770333918159,-0.314269180189273,0.016110991091085
2668,28892030725,0,0.846329001295063,-0.429770333918159,-0.314269180189273,0.016110991091085
2669,28892030725,1,0.846329001295063,-0.429770333918159,-0.314269180189273,0.016110991091085
2670,28912030825,0,0.846329001295063,-0.429770333918159,-0.314269180189273,0.016110991091085
2671,28912030825,1,0.846329001295063,-0.429770333918159,-0.314269180189273,0.016110991091085
2672,28932030925,0,0.845329775561992,-0.430997363148241,-0.315281454983712,0.016013982981431
2673,28932030925,1,0.845132531264957,-0.431206298991983,-0.315517292486508,0.016154579824515
2674,28982031175,0,0.845132531264957,-0.431206298991983,-0.315517292486508,0.016154579824515
2675,28982031175,1,0.845132531264957,-0.431206298991983,-0.315517292486508,0.016154579824515
2676,29002031275,0,0.845132531264957,-0.431206298991983,-0.315517292486508,0.016154579824515
2677,29002031275,1,0.845132531264957,-0.431206298991983,-0.315517292486508,0.016154579824515
2678,29022031375,0,0.845132531264957,-0.431206298991983,-0.315517292486508,0.016154579824515
2679,29022031375,1,0.845132531264957,-0.431206298991983,-0.315517292486508,0.016154579824515
2680,29042031450,0,0.844127600077381,-0.432433235208329,-0.316531630469544,0.016056736503799
2681,29042031450,1,0.843928154908538,-0.432643731728401,-0.316768528277167,0.016197846829508
2682,29062031575,0,0.843928154908538,-0.432643731728401,-0.316768528277167,0.016197846829508
2683,29062031575,1,0.843928154908538,-0.432643731728401,-0.316768528277167,0.016197846829508
2684,29082031675,0,0.843928154908538,-0.432643731728401,-0.316768528277167,0.016197846829508
2685,29082031675,1,0.843928154908538,-0.432643731728401,-0.316768528277167,0.016197846829508
2686,29102031775,0,0.843928154908538,-0.432643731728401,-0.316768528277167,0.016197846829508
2687,29102031775,1,0.843928154908538,-0.432643731728401,-0.316768528277167,0.016197846829508
2688,29122031875,0,0.842922026011436,-0.433864063475195,-0.317782213402626,0.016090286961272
2689,29122031875,1,0.842721290042697,-0.434075393301344,-0.318018634692990,0.016233552509006
2690,29142033075,0,0.842721290042697,-0.434075393301344,-0.318018634692990,0.016233552509006
2691,29142033075,1,0.842721290042697,-0.434075393301344,-0.318018634692990,0.016233552509006
2692,29162032075,0,0.842721290042697,-0.434075393301344,-0.318018634692990,0.016233552509006
2693,29162032075,1,0.842721290042697,-0.434075393301344,-0.318018634692990,0.016233552509006
2694,29182032175,0,0.842721290042697,-0.434075393301344,-0.318018634692990,0.016233552509006
2695,29182032175,1,0.842721290042697,-0.434075393301344,-0.318018634692990,0.016233552509006
2696,29202032275,0,0.841707654060085,-0.435298392793833,-0.319034989740422,0.016131015129341
2697,29202032275,1,0.841507138086449,-0.435508461568394,-0.319269947715492,0.016273196908792
2698,29222032375,0,0.841507138086449,-0.435508461568394,-0.319269947715492,0.016273196908792
2699,29222032375,1,0.841507138086449,-0.435508461568394,-0.319269947715492,0.016273196908792
2700,29242032450,0,0.841507138086449,-0.435508461568394,-0.319269947715492,0.016273196908792
2701,29242032450,1,0.841507138086449,-0.435508461568394,-0.319269947715492,0.016273196908792
2702,29262032575,0,0.841507138086449,-0.435508461568394,-0.319269947715492,0.016273196908792
2703,29262032575,1,0.841507138086449,-0.435508461568394,-0.319269947715492,0.016273196908792
2704,29282032675,0,0.840488040913631,-0.436731074395891,-0.320287874968082,0.016170927203102
2705,29282032675,1,0.840287254751339,-0.436940567090799,-0.320521690562418,0.016313068743745
2706,29302032775,0,0.840287254751339,-0.436940567090799,-0.320521690562418,0.016313068743745
2707,29302032775,1,0.840287254751339,-0.436940567090799,-0.320521690562418,0.016313068743745
2708,29322032875,0,0.840287254751339,-0.436940567090799,-0.320521690562418,0.016313068743745
2709,29322032875,1,0.840287254751339,-0.436940567090799,-0.320521690562418,0.016313068743745
2710,29342032975,0,0.840287254751339,-0.436940567090799,-0.320521690562418,0.016313068743745
2711,29342032975,1,0.840287254751339,-0.436940567090799,-0.320521690562418,0.016313068743745
2712,29362033075,0,0.839260127158662,-0.438166572436333,-0.321542372547751,0.016217164283102
2713,29362033075,1,0.839051586520689,-0.438383398013762,-0.321783792479195,0.016359168705315
2714,29382033175,0,0.839051586520689,-0.438383398013762,-0.321783792479195,0.016359168705315
2715,29382033175,1,0.839051586520689,-0.438383398013762,-0.321783792479195,0.016359168705315
2716,29402033250,0,0.839051586520689,-0.438383398013762,-0.321783792479195,0.016359168705315
2717,29402033250,1,0.839051586520689,-0.438383398013762,-0.321783792479195,0.016359168705315
2718,29422033375,0,0.839051586520689,-0.438383398013762,-0.321783792479195,0.016359168705315
2719,29422033375,1,0.839051586520689,-0.438383398013762,-0.321783792479195,0.016359168705315
2720,29442033475,0,0.838020188565532,-0.439607096352227,-0.322805452252637,0.016260516268711
2721,29442033475,1,0.837811052223983,-0.439823750280412,-0.323045888997896,0.016403141838529
2722,29462033575,0,0.837811052223983,-0.439823750280412,-0.323045888997896,0.016403141838529
2723,29462033575,1,0.837811052223983,-0.439823750280412,-0.323045888997896,0.016403141838529
2724,29482033675,0,0.837811052223983,-0.439823750280412,-0.323045888997896,0.016403141838529
2725,29482033675,1,0.837811052223983,-0.439823750280412,-0.323045888997896,0.016403141838529
2726,29502033775,0,0.837811052223983,-0.439823750280412,-0.323045888997896,0.016403141838529
2727,29502033775,1,0.837811052223983,-0.439823750280412,-0.323045888997896,0.016403141838529
2728,29522033875,0,0.836770128402851,-0.441052091577148,-0.324072321514843,0.016307518391215
2729,29522033875,1,0.836557661388599,-0.441269599136319,-0.324317684439372,0.016445656265258
2730,29542033975,0,0.836557661388599,-0.441269599136319,-0.324317684439372,0.016445656265258
2731,29542033975,1,0.836557661388599,-0.441269599136319,-0.324317684439372,0.016445656265258
2732,29562034075,0,0.836557661388599,-0.441269599136319,-0.324317684439372,0.016445656265258
2733,29562034075,1,0.836557661388599,-0.441269599136319,-0.324317684439372,0.016445656265258
2734,29582034175,0,0.836557661388599,-0.441269599136319,-0.324317684439372,0.016445656265258
2735,29582034175,1,0.836557661388599,-0.441269599136319,-0.324317684439372,0.016445656265258
2736,29622034350,0,0.835513196265970,-0.442494858005527,-0.325343991931361,0.016348896545561
2737,29622034350,1,0.835295933280302,-0.442715001411391,-0.325595494790363,0.016483480910305
2738,29642034475,0,0.835295933280302,-0.442715001411391,-0.325595494790363,0.016483480910305
2739,29642034475,1,0.835295933280302,-0.442715001411391,-0.325595494790363,0.016483480910305
2740,29662034575,0,0.835295933280302,-0.442715001411391,-0.325595494790363,0.016483480910305
2741,29662034575,1,0.835295933280302,-0.442715001411391,-0.325595494790363,0.016483480910305
2742,29682034675,0,0.835295933280302,-0.442715001411391,-0.325595494790363,0.016483480910305
2743,29682034675,1,0.835295933280302,-0.442715001411391,-0.325595494790363,0.016483480910305
2744,29702034775,0,0.834245969441250,-0.443939636403069,-0.326623222655491,0.016386949791848
2745,29702034775,1,0.834030374910793,-0.444157884743582,-0.326870132933436,0.016523417998293
2746,29722034875,0,0.834030374910793,-0.444157884743582,-0.326870132933436,0.016523417998293
2747,29722034875,1,0.834030374910793,-0.444157884743582,-0.326870132933436,0.016523417998293
2748,29742034975,0,0.834030374910793,-0.444157884743582,-0.326870132933436,0.016523417998293
2749,29742034975,1,0.834030374910793,-0.444157884743582,-0.326870132933436,0.016523417998293
2750,29762035075,0,0.834030374910793,-0.444157884743582,-0.326870132933436,0.016523417998293
2751,29762035075,1,0.834030374910793,-0.444157884743582,-0.326870132933436,0.016523417998293
2752,29782035175,0,0.832974532071795,-0.445381935827658,-0.327900290597145,0.016424359484904
2753,29782035175,1,0.832764747111956,-0.445595664049196,-0.328135506820286,0.016567115376886
2754,29802035275,0,0.832764747111956,-0.445595664049196,-0.328135506820286,0.016567115376886
2755,29802035275,1,0.832764747111956,-0.445595664049196,-0.328135506820286,0.016567115376886
2756,29822035375,0,0.832764747111956,-0.445595664049196,-0.328135506820286,0.016567115376886
2757,29822035375,1,0.832764747111956,-0.445595664049196,-0.328135506820286,0.016567115376886
2758,29842035475,0,0.832764747111956,-0.445595664049196,-0.328135506820286,0.016567115376886
2759,29842035475,1,0.832764747111956,-0.445595664049196,-0.328135506820286,0.016567115376886
2760,29862035575,0,0.831703707628069,-0.446818899834313,-0.329166468988762,0.016469643652736
2761,29862035575,1,0.831493549656346,-0.447032120453156,-0.329400667070873,0.016612064781599
2762,29882035675,0,0.831493549656346,-0.447032120453156,-0.329400667070873,0.016612064781599
2763,29882035675,1,0.831493549656346,-0.447032120453156,-0.329400667070873,0.016612064781599
2764,29902035775,0,0.831493549656346,-0.447032120453156,-0.329400667070873,0.016612064781599
2765,29902035775,1,0.831493549656346,-0.447032120453156,-0.329400667070873,0.016612064781599
2766,29922035875,0,0.831493549656346,-0.447032120453156,-0.329400667070873,0.016612064781599
2767,29922035875,1,0.831493549656346,-0.447032120453156,-0.329400667070873,0.016612064781599
2768,29942035975,0,0.830431225258957,-0.448249993013130,-0.330428722315885,0.016516154132503
2769,29942035975,1,0.830213669532526,-0.448467653862733,-0.330673129572815,0.016652559524371
2770,29962036075,0,0.830213669532526,-0.448467653862733,-0.330673129572815,0.016652559524371
2771,29962036075,1,0.830213669532526,-0.448467653862733,-0.330673129572815,0.016652559524371
2772,29982036175,0,0.830213669532526,-0.448467653862733,-0.330673129572815,0.016652559524371
2773,29982036175,1,0.830213669532526,-0.448467653862733,-0.330673129572815,0.016652559524371
2774,30002036275,0,0.830213669532526,-0.448467653862733,-0.330673129572815,0.016652559524371
2775,30002036275,1,0.830213669532526,-0.448467653862733,-0.330673129572815,0.016652559524371
2776,30022036375,0,0.829143852682316,-0.449687037418895,-0.331704580445262,0.016556305390281
2777,30022036375,1,0.828924409196708,-0.449904868047904,-0.331950820564095,0.016690903855409
2778,30042036475,0,0.828924409196708,-0.449904868047904,-0.331950820564095,0.016690903855409
2779,30042036475,1,0.828924409196708,-0.449904868047904,-0.331950820564095,0.016690903855409
2780,30062036575,0,0.828924409196708,-0.449904868047904,-0.331950820564095,0.016690903855409
2781,30062036575,1,0.828924409196708,-0.449904868047904,-0.331950820564095,0.016690903855409
2782,30082036675,0,0.828924409196708,-0.449904868047904,-0.331950820564095,0.016690903855409
2783,30082036675,1,0.828924409196708,-0.449904868047904,-0.331950820564095,0.016690903855409
2784,30102036775,0,0.827849110601850,-0.451123477872759,-0.332983582946439,0.016594917169561
2785,30102036775,1,0.827627281457429,-0.451342014492103,-0.333232136606965,0.016727584223472
2786,30122036875,0,0.827627281457429,-0.451342014492103,-0.333232136606965,0.016727584223472
2787,30122036875,1,0.827627281457429,-0.451342014492103,-0.333232136606965,0.016727584223472
2788,30142036975,0,0.827627281457429,-0.451342014492103,-0.333232136606965,0.016727584223472
2789,30142036975,1,0.827627281457429,-0.451342014492103,-0.333232136606965,0.016727584223472
2790,30162037075,0,0.827627281457429,-0.451342014492103,-0.333232136606965,0.016727584223472
2791,30162037075,1,0.827627281457429,-0.451342014492103,-0.333232136606965,0.016727584223472
2792,30182037150,0,0.826541547352979,-0.452565200135295,-0.334271212061670,0.016630301039566
2793,30182037150,1,0.826314393002046,-0.452785657240584,-0.334527809468868,0.016757601464219
2794,30202037275,0,0.826314393002046,-0.452785657240584,-0.334527809468868,0.016757601464219
2795,30202037275,1,0.826314393002046,-0.452785657240584,-0.334527809468868,0.016757601464219
2796,30222037375,0,0.826314393002046,-0.452785657240584,-0.334527809468868,0.016757601464219
2797,30222037375,1,0.826314393002046,-0.452785657240584,-0.334527809468868,0.016757601464219
2798,30262037575,0,0.826314393002046,-0.452785657240584,-0.334527809468868,0.016757601464219
2799,30262037575,1,0.826314393002046,-0.452785657240584,-0.334527809468868,0.016757601464219
2800,30282037675,0,0.825225551555001,-0.454005356189095,-0.335565677701535,0.016661379326654
2801,30282037675,1,0.824997447510949,-0.454225867056849,-0.335821709102687,0.016788477960301
2802,30302037750,0,0.824997447510949,-0.454225867056849,-0.335821709102687,0.016788477960301
2803,30302037750,1,0.824997447510949,-0.454225867056849,-0.335821709102687,0.016788477960301
2804,30322037875,0,0.824997447510949,-0.454225867056849,-0.335821709102687,0.016788477960301
2805,30322037875,1,0.824997447510949,-0.454225867056849,-0.335821709102687,0.016788477960301
2806,30342037975,0,0.824997447510949,-0.454225867056849,-0.335821709102687,0.016788477960301
2807,30342037975,1,0.824997447510949,-0.454225867056849,-0.335821709102687,0.016788477960301
2808,30362038050,0,0.823909837182403,-0.455437301020258,-0.336854211802627,0.016693861874329
2809,30362038050,1,0.823679573550584,-0.455662602750236,-0.337105803938404,0.016829424275715
2810,30382038175,0,0.823679573550584,-0.455662602750236,-0.337105803938404,0.016829424275715
2811,30382038175,1,0.823679573550584,-0.455662602750236,-0.337105803938404,0.016829424275715
2812,30402038275,0,0.823679573550584,-0.455662602750236,-0.337105803938404,0.016829424275715
2813,30402038275,1,0.823679573550584,-0.455662602750236,-0.337105803938404,0.016829424275715
2814,30422038375,0,0.823679573550584,-0.455662602750236,-0.337105803938404,0.016829424275715
2815,30422038375,1,0.823679573550584,-0.455662602750236,-0.337105803938404,0.016829424275715
2816,30442038475,0,0.822583333436829,-0.456876556976390,-0.338142616459991,0.016734460581262
2817,30442038475,1,0.822353447543615,-0.457100460631161,-0.338392339948261,0.016870105756966
2818,30462038575,0,0.822353447543615,-0.457100460631161,-0.338392339948261,0.016870105756966
2819,30462038575,1,0.822353447543615,-0.457100460631161,-0.338392339948261,0.016870105756966
2820,30482038675,0,0.822353447543615,-0.457100460631161,-0.338392339948261,0.016870105756966
2821,30482038675,1,0.822353447543615,-0.457100460631161,-0.338392339948261,0.016870105756966
2822,30502038775,0,0.822353447543615,-0.457100460631161,-0.338392339948261,0.016870105756966
2823,30502038775,1,0.822353447543615,-0.457100460631161,-0.338392339948261,0.016870105756966
2824,30522038875,0,0.821247807848471,-0.458318099338683,-0.339433484067715,0.016777002602072
2825,30522038875,1,0.821018571180312,-0.458538534288596,-0.339683738515905,0.016907872053065
2826,30542038975,0,0.821018571180312,-0.458538534288596,-0.339683738515905,0.016907872053065
2827,30542038975,1,0.821018571180312,-0.458538534288596,-0.339683738515905,0.016907872053065
2828,30562039075,0,0.821018571180312,-0.458538534288596,-0.339683738515905,0.016907872053065
2829,30562039075,1,0.821018571180312,-0.458538534288596,-0.339683738515905,0.016907872053065
2830,30582039175,0,0.821018571180312,-0.458538534288596,-0.339683738515905,0.016907872053065
2831,30582039175,1,0.821018571180312,-0.458538534288596,-0.339683738515905,0.016907872053065
2832,30602039275,0,0.819909437465662,-0.459752819187924,-0.340724431768262,0.016814315320392
2833,30602039275,1,0.819679438563485,-0.459971434674203,-0.340976395022920,0.016940936136441
2834,30622039375,0,0.819679438563485,-0.459971434674203,-0.340976395022920,0.016940936136441
2835,30622039375,1,0.819679438563485,-0.459971434674203,-0.340976395022920,0.016940936136441
2836,30642039475,0,0.819679438563485,-0.459971434674203,-0.340976395022920,0.016940936136441
2837,30642039475,1,0.819679438563485,-0.459971434674203,-0.340976395022920,0.016940936136441
2838,30662039575,0,0.819679438563485,-0.459971434674203,-0.340976395022920,0.016940936136441
2839,30662039575,1,0.819679438563485,-0.459971434674203,-0.340976395022920,0.016940936136441
2840,30682039675,0,0.818564943133197,-0.461184566342927,-0.342018106900297,0.016847676183064
2841,30682039675,1,0.818334540514763,-0.461402649708077,-0.342268972344931,0.016974251465157
2842,30702039775,0,0.818334540514763,-0.461402649708077,-0.342268972344931,0.016974251465157
2843,30702039775,1,0.818334540514763,-0.461402649708077,-0.342268972344931,0.016974251465157
2844,30722039875,0,0.818334540514763,-0.461402649708077,-0.342268972344931,0.016974251465157
2845,30722039875,1,0.818334540514763,-0.461402649708077,-0.342268972344931,0.016974251465157
2846,30742039975,0,0.818334540514763,-0.461402649708077,-0.342268972344931,0.016974251465157
2847,30742039975,1,0.818334540514763,-0.461402649708077,-0.342268972344931,0.016974251465157
2848,30762040075,0,0.817211662539491,-0.462618375087411,-0.343313672467686,0.016883718123541
2849,30762040075,1,0.816981578231396,-0.462835047584960,-0.343562933501170,0.017009711391922
2850,30782040175,0,0.816981578231396,-0.462835047584960,-0.343562933501170,0.017009711391922
2851,30782040175,1,0.816981578231396,-0.462835047584960,-0.343562933501170,0.017009711391922
2852,30802040275,0,0.816981578231396,-0.462835047584960,-0.343562933501170,0.017009711391922
2853,30802040275,1,0.816981578231396,-0.462835047584960,-0.343562933501170,0.017009711391922
2854,30822040375,0,0.816981578231396,-0.462835047584960,-0.343562933501170,0.017009711391922
2855,30822040375,1,0.816981578231396,-0.462835047584960,-0.343562933501170,0.017009711391922
2856,30842040475,0,0.815854776895282,-0.464047752414151,-0.344607656330998,0.016918324224980
2857,30842040475,1,0.815623945053498,-0.464264319241816,-0.344856066131440,0.017044523655679
2858,30862040575,0,0.815623945053498,-0.464264319241816,-0.344856066131440,0.017044523655679
2859,30862040575,1,0.815623945053498,-0.464264319241816,-0.344856066131440,0.017044523655679
2860,30912040825,0,0.815623945053498,-0.464264319241816,-0.344856066131440,0.017044523655679
2861,30912040825,1,0.815623945053498,-0.464264319241816,-0.344856066131440,0.017044523655679
2862,30932040925,0,0.815623945053498,-0.464264319241816,-0.344856066131440,0.017044523655679
2863,30932040925,1,0.815623945053498,-0.464264319241816,-0.344856066131440,0.017044523655679
2864,30952041025,0,0.814498411888308,-0.465468147959057,-0.345896512197214,0.016951198093116
2865,30952041025,1,0.814259110087809,-0.465692370773947,-0.346151746947717,0.017078803441494
2866,30972041125,0,0.814259110087809,-0.465692370773947,-0.346151746947717,0.017078803441494
2867,30972041125,1,0.814259110087809,-0.465692370773947,-0.346151746947717,0.017078803441494
2868,30992041225,0,0.814259110087809,-0.465692370773947,-0.346151746947717,0.017078803441494
2869,30992041225,1,0.814259110087809,-0.465692370773947,-0.346151746947717,0.017078803441494
2870,31012041325,0,0.814259110087809,-0.465692370773947,-0.346151746947717,0.017078803441494
2871,31012041325,1,0.814259110087809,-0.465692370773947,-0.346151746947717,0.017078803441494
2872,31032041425,0,0.813124978462891,-0.466898674159223,-0.347195682272835,0.016986926713910
2873,31032041425,1,0.812883855076754,-0.467123597147131,-0.347451400281655,0.017114543119696
2874,31052041500,0,0.812883855076754,-0.467123597147131,-0.347451400281655,0.017114543119696
2875,31052041500,1,0.812883855076754,-0.467123597147131,-0.347451400281655,0.017114543119696
2876,31072041625,0,0.812883855076754,-0.467123597147131,-0.347451400281655,0.017114543119696
2877,31072041625,1,0.812883855076754,-0.467123597147131,-0.347451400281655,0.017114543119696
2878,31092041725,0,0.812883855076754,-0.467123597147131,-0.347451400281655,0.017114543119696
2879,31092041725,1,0.812883855076754,-0.467123597147131,-0.347451400281655,0.017114543119696
2880,31212044875,0,0.811744315700859,-0.468328648393937,-0.348496283195549,0.017023032037218
2881,31212044875,1,0.811500590471060,-0.468555140199226,-0.348753091519156,0.017150901254320
2882,31232044125,0,0.811500590471060,-0.468555140199226,-0.348753091519156,0.017150901254320
2883,31232044125,1,0.811500590471060,-0.468555140199226,-0.348753091519156,0.017150901254320
2884,31252043675,0,0.811500590471060,-0.468555140199226,-0.348753091519156,0.017150901254320
2885,31252043675,1,0.811500590471060,-0.468555140199226,-0.348753091519156,0.017150901254320
2886,31272043150,0,0.811500590471060,-0.468555140199226,-0.348753091519156,0.017150901254320
2887,31272043150,1,0.811500590471060,-0.468555140199226,-0.348753091519156,0.017150901254320
2888,31292042725,0,0.810350932889035,-0.469764643566063,-0.349801936338617,0.017063134380130
2889,31292042725,1,0.810101345852876,-0.469995580548930,-0.350063462913340,0.017191150192862
2890,31312042800,0,0.810101345852876,-0.469995580548930,-0.350063462913340,0.017191150192862
2891,31312042800,1,0.810101345852876,-0.469995580548930,-0.350063462913340,0.017191150192862
2892,31332042925,0,0.810101345852876,-0.469995580548930,-0.350063462913340,0.017191150192862
2893,31332042925,1,0.810101345852876,-0.469995580548930,-0.350063462913340,0.017191150192862
2894,31352043025,0,0.810101345852876,-0.469995580548930,-0.350063462913340,0.017191150192862
2895,31352043025,1,0.810101345852876,-0.469995580548930,-0.350063462913340,0.017191150192862
2896,31372043125,0,0.808949604685960,-0.471198939056354,-0.351112164535303,0.017098094219250
2897,31372043125,1,0.808716104372961,-0.471417285702506,-0.351350277208998,0.017233339022511
2898,31392043225,0,0.808716104372961,-0.471417285702506,-0.351350277208998,0.017233339022511
2899,31392043225,1,0.808716104372961,-0.471417285702506,-0.351350277208998,0.017233339022511
2900,31412043325,0,0.808716104372961,-0.471417285702506,-0.351350277208998,0.017233339022511
2901,31412043325,1,0.808716104372961,-0.471417285702506,-0.351350277208998,0.017233339022511
2902,31432043400,0,0.808716104372961,-0.471417285702506,-0.351350277208998,0.017233339022511
2903,31432043400,1,0.808716104372961,-0.471417285702506,-0.351350277208998,0.017233339022511
2904,31452043525,0,0.807558771691882,-0.472619948700713,-0.352399414345123,0.017142552985151
2905,31452043525,1,0.807324932672855,-0.472837652478901,-0.352636501685070,0.017277301940043
2906,31472043625,0,0.807324932672855,-0.472837652478901,-0.352636501685070,0.017277301940043
2907,31472043625,1,0.807324932672855,-0.472837652478901,-0.352636501685070,0.017277301940043
2908,31492043725,0,0.807324932672855,-0.472837652478901,-0.352636501685070,0.017277301940043
2909,31492043725,1,0.807324932672855,-0.472837652478901,-0.352636501685070,0.017277301940043
2910,31512043825,0,0.807324932672855,-0.472837652478901,-0.352636501685070,0.017277301940043
2911,31512043825,1,0.807324932672855,-0.472837652478901,-0.352636501685070,0.017277301940043
2912,31552044025,0,0.806163934424530,-0.474037336086235,-0.353684744239007,0.017187685184912
2913,31552044025,1,0.805946851260260,-0.474240008309132,-0.353901073156856,0.017323910674331
2914,31572044125,0,0.805946851260260,-0.474240008309132,-0.353901073156856,0.017323910674331
2915,31572044125,1,0.805946851260260,-0.474240008309132,-0.353901073156856,0.017323910674331
2916,31592044225,0,0.805946851260260,-0.474240008309132,-0.353901073156856,0.017323910674331
2917,31592044225,1,0.805946851260260,-0.474240008309132,-0.353901073156856,0.017323910674331
2918,31612044325,0,0.805946851260260,-0.474240008309132,-0.353901073156856,0.017323910674331
2919,31612044325,1,0.805946851260260,-0.474240008309132,-0.353901073156856,0.017323910674331
2920,31632044425,0,0.804780057320414,-0.475438755077643,-0.354950742425549,0.017234267060818
2921,31632044425,1,0.804580374577624,-0.475625971983387,-0.355145832057705,0.017372207442628
2922,31652044500,0,0.804580374577624,-0.475625971983387,-0.355145832057705,0.017372207442628
2923,31652044500,1,0.804580374577624,-0.475625971983387,-0.355145832057705,0.017372207442628
2924,31672044625,0,0.804580374577624,-0.475625971983387,-0.355145832057705,0.017372207442628
2925,31672044625,1,0.804580374577624,-0.475625971983387,-0.355145832057705,0.017372207442628
2926,31692044725,0,0.804580374577624,-0.475625971983387,-0.355145832057705,0.017372207442628
2927,31692044725,1,0.804580374577624,-0.475625971983387,-0.355145832057705,0.017372207442628
2928,31712044825,0,0.803408629953819,-0.476823049745214,-0.356196088605176,0.017282910917273
2929,31712044825,1,0.803208568425259,-0.477010864773229,-0.356388935123700,0.017422899240292
2930,31732044925,0,0.803208568425259,-0.477010864773229,-0.356388935123700,0.017422899240292
2931,31732044925,1,0.803208568425259,-0.477010864773229,-0.356388935123700,0.017422899240292
2932,31752045025,0,0.803208568425259,-0.477010864773229,-0.356388935123700,0.017422899240292
2933,31752045025,1,0.803208568425259,-0.477010864773229,-0.356388935123700,0.017422899240292
2934,31772045125,0,0.803208568425259,-0.477010864773229,-0.356388935123700,0.017422899240292
2935,31772045125,1,0.803208568425259,-0.477010864773229,-0.356388935123700,0.017422899240292
2936,31792045225,0,0.802028280260252,-0.478210426864827,-0.357442151918763,0.017335897214350
2937,31792045225,1,0.801828605701834,-0.478399770941810,-0.357629604570662,0.017481766950404
2938,31812045325,0,0.801828605701834,-0.478399770941810,-0.357629604570662,0.017481766950404
2939,31812045325,1,0.801828605701834,-0.478399770941810,-0.357629604570662,0.017481766950404
2940,31832045425,0,0.801828605701834,-0.478399770941810,-0.357629604570662,0.017481766950404
2941,31832045425,1,0.801828605701834,-0.478399770941810,-0.357629604570662,0.017481766950404
2942,31852045525,0,0.801828605701834,-0.478399770941810,-0.357629604570662,0.017481766950404
2943,31852045525,1,0.801828605701834,-0.478399770941810,-0.357629604570662,0.017481766950404
2944,31872045625,0,0.800644946838380,-0.479595755846103,-0.358682337823599,0.017394269457817
2945,31872045625,1,0.800444561884718,-0.479785197553459,-0.358869068314799,0.017540221339478
2946,31892045725,0,0.800444561884718,-0.479785197553459,-0.358869068314799,0.017540221339478
2947,31892045725,1,0.800444561884718,-0.479785197553459,-0.358869068314799,0.017540221339478
2948,31912045825,0,0.800444561884718,-0.479785197553459,-0.358869068314799,0.017540221339478
2949,31912045825,1,0.800444561884718,-0.479785197553459,-0.358869068314799,0.017540221339478
2950,31932045925,0,0.800444561884718,-0.479785197553459,-0.358869068314799,0.017540221339478
2951,31932045925,1,0.800444561884718,-0.479785197553459,-0.358869068314799,0.017540221339478
2952,31952046025,0,0.799255047375545,-0.480979462211037,-0.359924492360644,0.017449526493022
2953,31952046025,1,0.799047965511343,-0.481171891940281,-0.360120154537723,0.017590722399037
2954,31972046075,0,0.799047965511343,-0.481171891940281,-0.360120154537723,0.017590722399037
2955,31972046075,1,0.799047965511343,-0.481171891940281,-0.360120154537723,0.017590722399037
2956,31992046200,0,0.799047965511343,-0.481171891940281,-0.360120154537723,0.017590722399037
2957,31992046200,1,0.799047965511343,-0.481171891940281,-0.360120154537723,0.017590722399037
2958,32012046325,0,0.799047965511343,-0.481171891940281,-0.360120154537723,0.017590722399037
2959,32012046325,1,0.799047965511343,-0.481171891940281,-0.360120154537723,0.017590722399037
2960,32032046425,0,0.797853763768057,-0.482364539474338,-0.361175157314587,0.017502240931897
2961,32032046425,1,0.797644060500546,-0.482557716639492,-0.361373481889719,0.017641129407763
2962,32052046525,0,0.797644060500546,-0.482557716639492,-0.361373481889719,0.017641129407763
2963,32052046525,1,0.797644060500546,-0.482557716639492,-0.361373481889719,0.017641129407763
2964,32072047575,0,0.797644060500546,-0.482557716639492,-0.361373481889719,0.017641129407763
2965,32072047575,1,0.797644060500546,-0.482557716639492,-0.361373481889719,0.017641129407763
2966,32092046725,0,0.797644060500546,-0.482557716639492,-0.361373481889719,0.017641129407763
2967,32092046725,1,0.797644060500546,-0.482557716639492,-0.361373481889719,0.017641129407763
2968,32112046825,0,0.796444816306087,-0.483748641115530,-0.362429020725292,0.017553111808110
2969,32112046825,1,0.796232514577821,-0.483943517961257,-0.362628515473201,0.017692199356350
2970,32132046925,0,0.796232514577821,-0.483943517961257,-0.362628515473201,0.017692199356350
2971,32132046925,1,0.796232514577821,-0.483943517961257,-0.362628515473201,0.017692199356350
2972,32152047025,0,0.796232514577821,-0.483943517961257,-0.362628515473201,0.017692199356350
2973,32152047025,1,0.796232514577821,-0.483943517961257,-0.362628515473201,0.017692199356350
2974,32192047225,0,0.796232514577821,-0.483943517961257,-0.362628515473201,0.017692199356350
2975,32192047225,1,0.796232514577821,-0.483943517961257,-0.362628515473201,0.017692199356350
2976,32212047325,0,0.795030675641464,-0.485130072749669,-0.363682738691030,0.017604058656188
2977,32212047325,1,0.794810652914532,-0.485331404534644,-0.363888169457668,0.017744123386400
2978,32232047425,0,0.794810652914532,-0.485331404534644,-0.363888169457668,0.017744123386400
2979,32232047425,1,0.794810652914532,-0.485331404534644,-0.363888169457668,0.017744123386400
2980,32252047525,0,0.794810652914532,-0.485331404534644,-0.363888169457668,0.017744123386400
2981,32252047525,1,0.794810652914532,-0.485331404534644,-0.363888169457668,0.017744123386400
2982,32272047625,0,0.794810652914532,-0.485331404534644,-0.363888169457668,0.017744123386400
2983,32272047625,1,0.794810652914532,-0.485331404534644,-0.363888169457668,0.017744123386400
2984,32292047725,0,0.793602559423331,-0.486517455717528,-0.364943807549418,0.017656734981709
2985,32292047725,1,0.793382449000863,-0.486718096574124,-0.365148003989746,0.017796608299338
2986,32312047825,0,0.793382449000863,-0.486718096574124,-0.365148003989746,0.017796608299338
2987,32312047825,1,0.793382449000863,-0.486718096574124,-0.365148003989746,0.017796608299338
2988,32332047925,0,0.793382449000863,-0.486718096574124,-0.365148003989746,0.017796608299338
2989,32332047925,1,0.793382449000863,-0.486718096574124,-0.365148003989746,0.017796608299338
2990,32352048025,0,0.793382449000863,-0.486718096574124,-0.365148003989746,0.017796608299338
2991,32352048025,1,0.793382449000863,-0.486718096574124,-0.365148003989746,0.017796608299338
2992,32372048125,0,0.792171067057400,-0.487899380940118,-0.366204474223942,0.017705300160009
2993,32372048125,1,0.791941246950231,-0.488104642790399,-0.366421470746995,0.017838857614186
2994,32392048225,0,0.791941246950231,-0.488104642790399,-0.366421470746995,0.017838857614186
2995,32392048225,1,0.791941246950231,-0.488104642790399,-0.366421470746995,0.017838857614186
2996,32412048325,0,0.791941246950231,-0.488104642790399,-0.366421470746995,0.017838857614186
2997,32412048325,1,0.791941246950231,-0.488104642790399,-0.366421470746995,0.017838857614186
2998,32432048425,0,0.791941246950231,-0.488104642790399,-0.366421470746995,0.017838857614186
2999,32432048425,1,0.791941246950231,-0.488104642790399,-0.366421470746995,0.017838857614186
3000,32452048525,0,0.790723950494641,-0.489285513850054,-0.367478232416524,0.017750176074184
3001,32452048525,1,0.790493927258572,-0.489490050256957,-0.367694213822415,0.017883142572746
3002,32472048625,0,0.790493927258572,-0.489490050256957,-0.367694213822415,0.017883142572746
3003,32472048625,1,0.790493927258572,-0.489490050256957,-0.367694213822415,0.017883142572746
3004,32492048725,0,0.790493927258572,-0.489490050256957,-0.367694213822415,0.017883142572746
3005,32492048725,1,0.790493927258572,-0.489490050256957,-0.367694213822415,0.017883142572746
3006,32512048825,0,0.790493927258572,-0.489490050256957,-0.367694213822415,0.017883142572746
3007,32512048825,1,0.790493927258572,-0.489490050256957,-0.367694213822415,0.017883142572746
3008,32532048925,0,0.789266653716431,-0.490676687268086,-0.368751306011082,0.017804836927222
3009,32532048925,1,0.789037399383332,-0.490879101269871,-0.368966132999085,0.017935523705024
3010,32552049025,0,0.789037399383332,-0.490879101269871,-0.368966132999085,0.017935523705024
3011,32552049025,1,0.789037399383332,-0.490879101269871,-0.368966132999085,0.017935523705024
3012,32572049125,0,0.789037399383332,-0.490879101269871,-0.368966132999085,0.017935523705024
3013,32572049125,1,0.789037399383332,-0.490879101269871,-0.368966132999085,0.017935523705024
3014,32592049225,0,0.789037399383332,-0.490879101269871,-0.368966132999085,0.017935523705024
3015,32592049225,1,0.789037399383332,-0.490879101269871,-0.368966132999085,0.017935523705024
3016,32612049325,0,0.787807576281210,-0.492059985243704,-0.370023605414956,0.017852874043372
3017,32612049325,1,0.787577313458764,-0.492262858445837,-0.370237507082906,0.017984489674302
3018,32632049425,0,0.787577313458764,-0.492262858445837,-0.370237507082906,0.017984489674302
3019,32632049425,1,0.787577313458764,-0.492262858445837,-0.370237507082906,0.017984489674302
3020,32652049525,0,0.787577313458764,-0.492262858445837,-0.370237507082906,0.017984489674302
3021,32652049525,1,0.787577313458764,-0.492262858445837,-0.370237507082906,0.017984489674302
3022,32672049625,0,0.787577313458764,-0.492262858445837,-0.370237507082906,0.017984489674302
3023,32672049625,1,0.787577313458764,-0.492262858445837,-0.370237507082906,0.017984489674302
3024,32692049700,0,0.786342587286467,-0.493441652556842,-0.371295273304693,0.017902261398809
3025,32692049700,1,0.786111882249134,-0.493644161529454,-0.371508187926571,0.018033764945798
3026,32712049825,0,0.786111882249134,-0.493644161529454,-0.371508187926571,0.018033764945798
3027,32712049825,1,0.786111882249134,-0.493644161529454,-0.371508187926571,0.018033764945798
3028,32732049925,0,0.786111882249134,-0.493644161529454,-0.371508187926571,0.018033764945798
3029,32732049925,1,0.786111882249134,-0.493644161529454,-0.371508187926571,0.018033764945798
3030,32752050025,0,0.786111882249134,-0.493644161529454,-0.371508187926571,0.018033764945798
3031,32752050025,1,0.786111882249134,-0.493644161529454,-0.371508187926571,0.018033764945798
3032,32772050125,0,0.784874373811994,-0.494816161238876,-0.372568419911493,0.017943143389811
3033,32772050125,1,0.784642720425407,-0.495019325154800,-0.372779976726446,0.018076447619303
3034,32792050225,0,0.784642720425407,-0.495019325154800,-0.372779976726446,0.018076447619303
3035,32792050225,1,0.784642720425407,-0.495019325154800,-0.372779976726446,0.018076447619303
3036,32832050425,0,0.784642720425407,-0.495019325154800,-0.372779976726446,0.018076447619303
3037,32832050425,1,0.784642720425407,-0.495019325154800,-0.372779976726446,0.018076447619303
3038,32852050525,0,0.784642720425407,-0.495019325154800,-0.372779976726446,0.018076447619303
3039,32852050525,1,0.784642720425407,-0.495019325154800,-0.372779976726446,0.018076447619303
3040,32872050625,0,0.783399293218227,-0.496191502315773,-0.373839372874359,0.017990656010955
3041,32872050625,1,0.783167446231395,-0.496393808839611,-0.374050128665742,0.018122884821149
3042,32892050700,0,0.783167446231395,-0.496393808839611,-0.374050128665742,0.018122884821149
3043,32892050700,1,0.783167446231395,-0.496393808839611,-0.374050128665742,0.018122884821149
3044,32912050825,0,0.783167446231395,-0.496393808839611,-0.374050128665742,0.018122884821149
3045,32912050825,1,0.783167446231395,-0.496393808839611,-0.374050128665742,0.018122884821149
3046,32932050925,0,0.783167446231395,-0.496393808839611,-0.374050128665742,0.018122884821149
3047,32932050925,1,0.783167446231395,-0.496393808839611,-0.374050128665742,0.018122884821149
3048,32952051025,0,0.781925575729361,-0.497558609304130,-0.375103134171826,0.018040594838352
3049,32952051025,1,0.781691897220649,-0.497758854646615,-0.375318403528169,0.018165803410226
3050,32972051125,0,0.781691897220649,-0.497758854646615,-0.375318403528169,0.018165803410226
3051,32972051125,1,0.781691897220649,-0.497758854646615,-0.375318403528169,0.018165803410226
3052,32992051225,0,0.781691897220649,-0.497758854646615,-0.375318403528169,0.018165803410226
3053,32992051225,1,0.781691897220649,-0.497758854646615,-0.375318403528169,0.018165803410226
3054,33012051325,0,0.781691897220649,-0.497758854646615,-0.375318403528169,0.018165803410226
3055,33012051325,1,0.781691897220649,-0.497758854646615,-0.375318403528169,0.018165803410226
3056,33032051425,0,0.780442096358783,-0.498924014996569,-0.376374789184383,0.018082576067103
3057,33032051425,1,0.780208759692195,-0.499122272003984,-0.376589690089726,0.018205883864063
3058,33052051525,0,0.780208759692195,-0.499122272003984,-0.376589690089726,0.018205883864063
3059,33052051525,1,0.780208759692195,-0.499122272003984,-0.376589690089726,0.018205883864063
3060,33072051625,0,0.780208759692195,-0.499122272003984,-0.376589690089726,0.018205883864063
3061,33072051625,1,0.780208759692195,-0.499122272003984,-0.376589690089726,0.018205883864063
3062,33092051725,0,0.780208759692195,-0.499122272003984,-0.376589690089726,0.018205883864063
3063,33092051725,1,0.780208759692195,-0.499122272003984,-0.376589690089726,0.018205883864063
3064,33112051825,0,0.778954118321213,-0.500285256072176,-0.377646257332957,0.018123146239792
3065,33112051825,1,0.778720337800257,-0.500483147689424,-0.377860193503667,0.018246329507880
3066,33132051925,0,0.778720337800257,-0.500483147689424,-0.377860193503667,0.018246329507880
3067,33132051925,1,0.778720337800257,-0.500483147689424,-0.377860193503667,0.018246329507880
3068,33152052700,0,0.778720337800257,-0.500483147689424,-0.377860193503667,0.018246329507880
3069,33152052700,1,0.778720337800257,-0.500483147689424,-0.377860193503667,0.018246329507880
3070,33172052125,0,0.778720337800257,-0.500483147689424,-0.377860193503667,0.018246329507880
3071,33172052125,1,0.778720337800257,-0.500483147689424,-0.377860193503667,0.018246329507880
3072,33192052200,0,0.777453388041955,-0.501651140897003,-0.378922694912742,0.018164623279490
3073,33192052200,1,0.777220947582384,-0.501846943776445,-0.379134289132865,0.018287549455850
3074,33212052325,0,0.777220947582384,-0.501846943776445,-0.379134289132865,0.018287549455850
3075,33212052325,1,0.777220947582384,-0.501846943776445,-0.379134289132865,0.018287549455850
3076,33232052425,0,0.777220947582384,-0.501846943776445,-0.379134289132865,0.018287549455850
3077,33232052425,1,0.777220947582384,-0.501846943776445,-0.379134289132865,0.018287549455850
3078,33252052500,0,0.777220947582384,-0.501846943776445,-0.379134289132865,0.018287549455850
3079,33252052500,1,0.777220947582384,-0.501846943776445,-0.379134289132865,0.018287549455850
3080,33272052575,0,0.775952885992734,-0.503009103777313,-0.380194026342176,0.018206113545047
3081,33272052575,1,0.775719110047312,-0.503205406443926,-0.380405349841429,0.018328967374879
3082,33292052725,0,0.775719110047312,-0.503205406443926,-0.380405349841429,0.018328967374879
3083,33292052725,1,0.775719110047312,-0.503205406443926,-0.380405349841429,0.018328967374879
3084,33312052825,0,0.775719110047312,-0.503205406443926,-0.380405349841429,0.018328967374879
3085,33312052825,1,0.775719110047312,-0.503205406443926,-0.380405349841429,0.018328967374879
3086,33332052925,0,0.775719110047312,-0.503205406443926,-0.380405349841429,0.018328967374879
3087,33332052925,1,0.775719110047312,-0.503205406443926,-0.380405349841429,0.018328967374879
3088,33352053025,0,0.774447752997544,-0.504365665309196,-0.381461358604841,0.018253367514444
3089,33352053025,1,0.774206088223750,-0.504567632646942,-0.381678873604484,0.018375921374227
3090,33372053100,0,0.774206088223750,-0.504567632646942,-0.381678873604484,0.018375921374227
3091,33372053100,1,0.774206088223750,-0.504567632646942,-0.381678873604484,0.018375921374227
3092,33392053225,0,0.774206088223750,-0.504567632646942,-0.381678873604484,0.018375921374227
3093,33392053225,1,0.774206088223750,-0.504567632646942,-0.381678873604484,0.018375921374227
3094,33412053275,0,0.774206088223750,-0.504567632646942,-0.381678873604484,0.018375921374227
3095,33412053275,1,0.774206088223750,-0.504567632646942,-0.381678873604484,0.018375921374227
3096,33432053425,0,0.772929280651689,-0.505725315895121,-0.382736730734162,0.018298276448049
3097,33432053425,1,0.772684927679659,-0.505928954866958,-0.382955011258902,0.018421577446086
3098,33472053600,0,0.772684927679659,-0.505928954866958,-0.382955011258902,0.018421577446086
3099,33472053600,1,0.772684927679659,-0.505928954866958,-0.382955011258902,0.018421577446086
3100,33492053725,0,0.772684927679659,-0.505928954866958,-0.382955011258902,0.018421577446086
3101,33492053725,1,0.772684927679659,-0.505928954866958,-0.382955011258902,0.018421577446086
3102,33512053825,0,0.772684927679659,-0.505928954866958,-0.382955011258902,0.018421577446086
3103,33512053825,1,0.772684927679659,-0.505928954866958,-0.382955011258902,0.018421577446086
3104,33532053925,0,0.771401454996120,-0.507084453125540,-0.384016664149866,0.018339964107097
3105,33532053925,1,0.771157062395350,-0.507287626421237,-0.384233166673156,0.018464095591210
3106,33552054025,0,0.771157062395350,-0.507287626421237,-0.384233166673156,0.018464095591210
3107,33552054025,1,0.771157062395350,-0.507287626421237,-0.384233166673156,0.018464095591210
3108,33572054125,0,0.771157062395350,-0.507287626421237,-0.384233166673156,0.018464095591210
3109,33572054125,1,0.771157062395350,-0.507287626421237,-0.384233166673156,0.018464095591210
3110,33592054225,0,0.771157062395350,-0.507287626421237,-0.384233166673156,0.018464095591210
3111,33592054225,1,0.771157062395350,-0.507287626421237,-0.384233166673156,0.018464095591210
3112,33612054325,0,0.769869832983310,-0.508440556321757,-0.385292907292806,0.018385226115830
3113,33612054325,1,0.769624709214167,-0.508643442093462,-0.385508861571725,0.018508739341104
3114,33632054400,0,0.769624709214167,-0.508643442093462,-0.385508861571725,0.018508739341104
3115,33632054400,1,0.769624709214167,-0.508643442093462,-0.385508861571725,0.018508739341104
3116,33652054525,0,0.769624709214167,-0.508643442093462,-0.385508861571725,0.018508739341104
3117,33652054525,1,0.769624709214167,-0.508643442093462,-0.385508861571725,0.018508739341104
3118,33672054625,0,0.769624709214167,-0.508643442093462,-0.385508861571725,0.018508739341104
3119,33672054625,1,0.769624709214167,-0.508643442093462,-0.385508861571725,0.018508739341104
3120,33692054725,0,0.768332834239799,-0.509793860527538,-0.386568485383345,0.018430455932887
3121,33692054725,1,0.768087193982810,-0.509996412332241,-0.386783502483017,0.018553815101650
3122,33712054825,0,0.768087193982810,-0.509996412332241,-0.386783502483017,0.018553815101650
3123,33712054825,1,0.768087193982810,-0.509996412332241,-0.386783502483017,0.018553815101650
3124,33732054925,0,0.768087193982810,-0.509996412332241,-0.386783502483017,0.018553815101650
3125,33732054925,1,0.768087193982810,-0.509996412332241,-0.386783502483017,0.018553815101650
3126,33752055025,0,0.768087193982810,-0.509996412332241,-0.386783502483017,0.018553815101650
3127,33752055025,1,0.768087193982810,-0.509996412332241,-0.386783502483017,0.018553815101650
3128,33772055075,0,0.766796001286875,-0.511139971820680,-0.387838116933006,0.018477463881006
3129,33772055075,1,0.766539192078210,-0.511347086807838,-0.388067139043589,0.018593531556592
3130,33892058250,0,0.766539192078210,-0.511347086807838,-0.388067139043589,0.018593531556592
3131,33892058250,1,0.766539192078210,-0.511347086807838,-0.388067139043589,0.018593531556592
3132,33912057500,0,0.766539192078210,-0.511347086807838,-0.388067139043589,0.018593531556592
3133,33912057500,1,0.766539192078210,-0.511347086807838,-0.388067139043589,0.018593531556592
3134,33932057075,0,0.766539192078210,-0.511347086807838,-0.388067139043589,0.018593531556592
3135,33932057075,1,0.766539192078210,-0.511347086807838,-0.388067139043589,0.018593531556592
3136,33952056525,0,0.765237262883520,-0.512491275274760,-0.389129735051940,0.018511444033230
3137,33952056525,1,0.764981210989081,-0.512700286906248,-0.389351904589009,0.018634833856037
3138,33972056125,0,0.764981210989081,-0.512700286906248,-0.389351904589009,0.018634833856037
3139,33972056125,1,0.764981210989081,-0.512700286906248,-0.389351904589009,0.018634833856037
3140,33992056225,0,0.764981210989081,-0.512700286906248,-0.389351904589009,0.018634833856037
3141,33992056225,1,0.764981210989081,-0.512700286906248,-0.389351904589009,0.018634833856037
3142,34012056325,0,0.764981210989081,-0.512700286906248,-0.389351904589009,0.018634833856037
3143,34012056325,1,0.764981210989081,-0.512700286906248,-0.389351904589009,0.018634833856037
3144,34032056425,0,0.763676336713494,-0.513841363096041,-0.390411549332493,0.018556089654426
3145,34032056425,1,0.763419282145249,-0.514051227772292,-0.390632005783869,0.018680763686287
3146,34052056525,0,0.763419282145249,-0.514051227772292,-0.390632005783869,0.018680763686287
3147,34052056525,1,0.763419282145249,-0.514051227772292,-0.390632005783869,0.018680763686287
3148,34072056625,0,0.763419282145249,-0.514051227772292,-0.390632005783869,0.018680763686287
3149,34072056625,1,0.763419282145249,-0.514051227772292,-0.390632005783869,0.018680763686287
3150,34112056825,0,0.763419282145249,-0.514051227772292,-0.390632005783869,0.018680763686287
3151,34112056825,1,0.763419282145249,-0.514051227772292,-0.390632005783869,0.018680763686287
3152,34132056925,0,0.762114545601437,-0.515187904181678,-0.391684240155790,0.018609104792722
3153,34132056925,1,0.761879772151786,-0.515382320769107,-0.391879061718036,0.018737054506610
3154,34152057025,0,0.761879772151786,-0.515382320769107,-0.391879061718036,0.018737054506610
3155,34152057025,1,0.761879772151786,-0.515382320769107,-0.391879061718036,0.018737054506610
3156,34172057125,0,0.761879772151786,-0.515382320769107,-0.391879061718036,0.018737054506610
3157,34172057125,1,0.761879772151786,-0.515382320769107,-0.391879061718036,0.018737054506610
3158,34192057200,0,0.761879772151786,-0.515382320769107,-0.391879061718036,0.018737054506610
3159,34192057200,1,0.761879772151786,-0.515382320769107,-0.391879061718036,0.018737054506610
3160,34212057325,0,0.760568527693352,-0.516516955856590,-0.392934408296862,0.018662791093585
3161,34212057325,1,0.760357785765641,-0.516695340310963,-0.393101349276781,0.018796066697137
3162,34232057425,0,0.760357785765641,-0.516695340310963,-0.393101349276781,0.018796066697137
3163,34232057425,1,0.760357785765641,-0.516695340310963,-0.393101349276781,0.018796066697137
3164,34252057525,0,0.760357785765641,-0.516695340310963,-0.393101349276781,0.018796066697137
3165,34252057525,1,0.760357785765641,-0.516695340310963,-0.393101349276781,0.018796066697137
3166,34272057625,0,0.760357785765641,-0.516695340310963,-0.393101349276781,0.018796066697137
3167,34272057625,1,0.760357785765641,-0.516695340310963,-0.393101349276781,0.018796066697137
3168,34292057725,0,0.759042361209000,-0.517827141854584,-0.394156338999028,0.018722325599726
3169,34292057725,1,0.758831157186505,-0.518005357675560,-0.394322453072744,0.018855431713398
3170,34312057825,0,0.758831157186505,-0.518005357675560,-0.394322453072744,0.018855431713398
3171,34312057825,1,0.758831157186505,-0.518005357675560,-0.394322453072744,0.018855431713398
3172,34332057925,0,0.758831157186505,-0.518005357675560,-0.394322453072744,0.018855431713398
3173,34332057925,1,0.758831157186505,-0.518005357675560,-0.394322453072744,0.018855431713398
3174,34352058025,0,0.758831157186505,-0.518005357675560,-0.394322453072744,0.018855431713398
3175,34352058025,1,0.758831157186505,-0.518005357675560,-0.394322453072744,0.018855431713398
3176,34372058125,0,0.757509814945366,-0.519135604513286,-0.395378748604415,0.018781627726859
3177,34372058125,1,0.757288819568414,-0.519321199782435,-0.395551918212671,0.018916004109929
3178,34392058225,0,0.757288819568414,-0.519321199782435,-0.395551918212671,0.018916004109929
3179,34392058225,1,0.757288819568414,-0.519321199782435,-0.395551918212671,0.018916004109929
3180,34412058325,0,0.757288819568414,-0.519321199782435,-0.395551918212671,0.018916004109929
3181,34412058325,1,0.757288819568414,-0.519321199782435,-0.395551918212671,0.018916004109929
3182,34432058425,0,0.757288819568414,-0.519321199782435,-0.395551918212671,0.018916004109929
3183,34432058425,1,0.757288819568414,-0.519321199782435,-0.395551918212671,0.018916004109929
3184,34452058525,0,0.755963861664121,-0.520448223396415,-0.396607136982283,0.018843182218003
3185,34452058525,1,0.755742236735668,-0.520633720505800,-0.396779615442630,0.018977287879371
3186,34472058625,0,0.755742236735668,-0.520633720505800,-0.396779615442630,0.018977287879371
3187,34472058625,1,0.755742236735668,-0.520633720505800,-0.396779615442630,0.018977287879371
3188,34492058700,0,0.755742236735668,-0.520633720505800,-0.396779615442630,0.018977287879371
3189,34492058700,1,0.755742236735668,-0.520633720505800,-0.396779615442630,0.018977287879371
3190,34512058825,0,0.755742236735668,-0.520633720505800,-0.396779615442630,0.018977287879371
3191,34512058825,1,0.755742236735668,-0.520633720505800,-0.396779615442630,0.018977287879371
3192,34532058925,0,0.754414247693608,-0.521756331903599,-0.397834287422963,0.018903775973379
3193,34532058925,1,0.754191856179855,-0.521941989391625,-0.398005979151602,0.019037971044018
3194,34552059025,0,0.754191856179855,-0.521941989391625,-0.398005979151602,0.019037971044018
3195,34552059025,1,0.754191856179855,-0.521941989391625,-0.398005979151602,0.019037971044018
3196,34572059125,0,0.754191856179855,-0.521941989391625,-0.398005979151602,0.019037971044018
3197,34572059125,1,0.754191856179855,-0.521941989391625,-0.398005979151602,0.019037971044018
3198,34592059225,0,0.754191856179855,-0.521941989391625,-0.398005979151602,0.019037971044018
3199,34592059225,1,0.754191856179855,-0.521941989391625,-0.398005979151602,0.019037971044018
3200,34612058025,0,0.752859023247244,-0.523062565423629,-0.399060326234833,0.018965753162128
3201,34612058025,1,0.752636301630138,-0.523247838511471,-0.399231138641247,0.019099604728731
3202,34632059425,0,0.752636301630138,-0.523247838511471,-0.399231138641247,0.019099604728731
3203,34632059425,1,0.752636301630138,-0.523247838511471,-0.399231138641247,0.019099604728731
3204,34652059525,0,0.752636301630138,-0.523247838511471,-0.399231138641247,0.019099604728731
3205,34652059525,1,0.752636301630138,-0.523247838511471,-0.399231138641247,0.019099604728731
3206,34672059625,0,0.752636301630138,-0.523247838511471,-0.399231138641247,0.019099604728731
3207,34672059625,1,0.752636301630138,-0.523247838511471,-0.399231138641247,0.019099604728731
3208,34692059725,0,0.751299248171827,-0.524365567016642,-0.400285055009920,0.019028046654043
3209,34692059725,1,0.751076049579151,-0.524550637964375,-0.400455023121483,0.019161691379296
3210,34712059825,0,0.751076049579151,-0.524550637964375,-0.400455023121483,0.019161691379296
3211,34712059825,1,0.751076049579151,-0.524550637964375,-0.400455023121483,0.019161691379296
3212,34752060025,0,0.751076049579151,-0.524550637964375,-0.400455023121483,0.019161691379296
3213,34752060025,1,0.751076049579151,-0.524550637964375,-0.400455023121483,0.019161691379296
3214,34772060125,0,0.751076049579151,-0.524550637964375,-0.400455023121483,0.019161691379296
3215,34772060125,1,0.751076049579151,-0.524550637964375,-0.400455023121483,0.019161691379296
3216,34792060225,0,0.749731260905877,-0.525668816035703,-0.401510704655893,0.019091524685928
3217,34792060225,1,0.749508426836466,-0.525852899594451,-0.401679291557438,0.019224797089919
3218,34812060325,0,0.749508426836466,-0.525852899594451,-0.401679291557438,0.019224797089919
3219,34812060325,1,0.749508426836466,-0.525852899594451,-0.401679291557438,0.019224797089919
3220,34832060425,0,0.749508426836466,-0.525852899594451,-0.401679291557438,0.019224797089919
3221,34832060425,1,0.749508426836466,-0.525852899594451,-0.401679291557438,0.019224797089919
3222,34852060525,0,0.749508426836466,-0.525852899594451,-0.401679291557438,0.019224797089919
3223,34852060525,1,0.749508426836466,-0.525852899594451,-0.401679291557438,0.019224797089919
3224,34872060625,0,0.748161209212543,-0.526966516822777,-0.402733389983662,0.019154941126582
3225,34872060625,1,0.747937473063393,-0.527150796817667,-0.402901406884742,0.019288082650709
3226,34892060725,0,0.747937473063393,-0.527150796817667,-0.402901406884742,0.019288082650709
3227,34892060725,1,0.747937473063393,-0.527150796817667,-0.402901406884742,0.019288082650709
3228,34912060825,0,0.747937473063393,-0.527150796817667,-0.402901406884742,0.019288082650709
3229,34912060825,1,0.747937473063393,-0.527150796817667,-0.402901406884742,0.019288082650709
3230,34932060925,0,0.747937473063393,-0.527150796817667,-0.402901406884742,0.019288082650709
3231,34932060925,1,0.747937473063393,-0.527150796817667,-0.402901406884742,0.019288082650709
3232,34952061025,0,0.746584413892891,-0.528262479911464,-0.403956848659093,0.019217951800689
3233,34952061025,1,0.746353142580986,-0.528452122567465,-0.404129729128412,0.019352073481273
3234,34972061125,0,0.746353142580986,-0.528452122567465,-0.404129729128412,0.019352073481273
3235,34972061125,1,0.746353142580986,-0.528452122567465,-0.404129729128412,0.019352073481273
3236,34992061225,0,0.746353142580986,-0.528452122567465,-0.404129729128412,0.019352073481273
3237,34992061225,1,0.746353142580986,-0.528452122567465,-0.404129729128412,0.019352073481273
3238,35012061325,0,0.746353142580986,-0.528452122567465,-0.404129729128412,0.019352073481273
3239,35012061325,1,0.746353142580986,-0.528452122567465,-0.404129729128412,0.019352073481273
3240,35032061425,0,0.744996758739318,-0.529560328321961,-0.405183723684304,0.019283106512399
3241,35032061425,1,0.744762286876443,-0.529751828127483,-0.405357999116962,0.019417239609504
3242,35052061525,0,0.744762286876443,-0.529751828127483,-0.405357999116962,0.019417239609504
3243,35052061525,1,0.744762286876443,-0.529751828127483,-0.405357999116962,0.019417239609504
3244,35072061625,0,0.744762286876443,-0.529751828127483,-0.405357999116962,0.019417239609504
3245,35072061625,1,0.744762286876443,-0.529751828127483,-0.405357999116962,0.019417239609504
3246,35092061725,0,0.744762286876443,-0.529751828127483,-0.405357999116962,0.019417239609504
3247,35092061725,1,0.744762286876443,-0.529751828127483,-0.405357999116962,0.019417239609504
3248,35112061825,0,0.743401811507219,-0.530856983338025,-0.406411401071051,0.019348978487311
3249,35112061825,1,0.743166806626039,-0.531048289372318,-0.406584836135687,0.019482887581378
3250,35132061900,0,0.743166806626039,-0.531048289372318,-0.406584836135687,0.019482887581378
3251,35132061900,1,0.743166806626039,-0.531048289372318,-0.406584836135687,0.019482887581378
3252,35152062000,0,0.743166806626039,-0.531048289372318,-0.406584836135687,0.019482887581378
3253,35152062000,1,0.743166806626039,-0.531048289372318,-0.406584836135687,0.019482887581378
3254,35172062125,0,0.743166806626039,-0.531048289372318,-0.406584836135687,0.019482887581378
3255,35172062125,1,0.743166806626039,-0.531048289372318,-0.406584836135687,0.019482887581378
3256,35192062225,0,0.741804883921937,-0.532147761964505,-0.407636302548856,0.019414388221791
3257,35192062225,1,0.741568717476338,-0.532339489444147,-0.407809232365483,0.019548279625560
3258,35212062325,0,0.741568717476338,-0.532339489444147,-0.407809232365483,0.019548279625560
3259,35212062325,1,0.741568717476338,-0.532339489444147,-0.407809232365483,0.019548279625560
3260,35232062375,0,0.741568717476338,-0.532339489444147,-0.407809232365483,0.019548279625560
3261,35232062375,1,0.741568717476338,-0.532339489444147,-0.407809232365483,0.019548279625560
3262,35252062525,0,0.741568717476338,-0.532339489444147,-0.407809232365483,0.019548279625560
3263,35252062525,1,0.741568717476338,-0.532339489444147,-0.407809232365483,0.019548279625560
3264,35272062625,0,0.740201531562592,-0.533437091319134,-0.408860679052194,0.019480949729253
3265,35272062625,1,0.739965119229128,-0.533628343486829,-0.409032620061689,0.019614511903047
3266,35292062725,0,0.739965119229128,-0.533628343486829,-0.409032620061689,0.019614511903047
3267,35292062725,1,0.739965119229128,-0.533628343486829,-0.409032620061689,0.019614511903047
3268,35312062825,0,0.739965119229128,-0.533628343486829,-0.409032620061689,0.019614511903047
3269,35312062825,1,0.739965119229128,-0.533628343486829,-0.409032620061689,0.019614511903047
3270,35332062925,0,0.739965119229128,-0.533628343486829,-0.409032620061689,0.019614511903047
3271,35332062925,1,0.739965119229128,-0.533628343486829,-0.409032620061689,0.019614511903047
3272,35352063025,0,0.738593874731647,-0.534725224360680,-0.410080121248946,0.019552922997923
3273,35352063025,1,0.738357089257997,-0.534912517417186,-0.410256180460529,0.019679274549746
3274,35392063225,0,0.738357089257997,-0.534912517417186,-0.410256180460529,0.019679274549746
3275,35392063225,1,0.738357089257997,-0.534912517417186,-0.410256180460529,0.019679274549746
3276,35412063325,0,0.738357089257997,-0.534912517417186,-0.410256180460529,0.019679274549746
3277,35412063325,1,0.738357089257997,-0.534912517417186,-0.410256180460529,0.019679274549746
3278,35432063425,0,0.738357089257997,-0.534912517417186,-0.410256180460529,0.019679274549746
3279,35432063425,1,0.738357089257997,-0.534912517417186,-0.410256180460529,0.019679274549746
3280,35452063525,0,0.736981947367457,-0.536005030113940,-0.411304548709268,0.019615941427579
3281,35452063525,1,0.736744646722294,-0.536191292017221,-0.411480900063481,0.019740637626318
3282,35472063625,0,0.736744646722294,-0.536191292017221,-0.411480900063481,0.019740637626318
3283,35472063625,1,0.736744646722294,-0.536191292017221,-0.411480900063481,0.019740637626318
3284,35492063725,0,0.736744646722294,-0.536191292017221,-0.411480900063481,0.019740637626318
3285,35492063725,1,0.736744646722294,-0.536191292017221,-0.411480900063481,0.019740637626318
3286,35512063800,0,0.736744646722294,-0.536191292017221,-0.411480900063481,0.019740637626318
3287,35512063800,1,0.736744646722294,-0.536191292017221,-0.411480900063481,0.019740637626318
3288,35532063925,0,0.735368908687766,-0.537276261945545,-0.412528419479800,0.019674592922946
3289,35532063925,1,0.735125194071125,-0.537467142267217,-0.412708082342543,0.019800474593886
3290,35552064025,0,0.735125194071125,-0.537467142267217,-0.412708082342543,0.019800474593886
3291,35552064025,1,0.735125194071125,-0.537467142267217,-0.412708082342543,0.019800474593886
3292,35572064125,0,0.735125194071125,-0.537467142267217,-0.412708082342543,0.019800474593886
3293,35572064125,1,0.735125194071125,-0.537467142267217,-0.412708082342543,0.019800474593886
3294,35592064225,0,0.735125194071125,-0.537467142267217,-0.412708082342543,0.019800474593886
3295,35592064225,1,0.735125194071125,-0.537467142267217,-0.412708082342543,0.019800474593886
3296,35612064325,0,0.733743945334600,-0.538551005449449,-0.413754873242419,0.019736820472237
3297,35612064325,1,0.733494965000444,-0.538745016781836,-0.413937692358851,0.019862780680612
3298,35632064425,0,0.733494965000444,-0.538745016781836,-0.413937692358851,0.019862780680612
3299,35632064425,1,0.733494965000444,-0.538745016781836,-0.413937692358851,0.019862780680612
3300,35652064525,0,0.733494965000444,-0.538745016781836,-0.413937692358851,0.019862780680612
3301,35652064525,1,0.733494965000444,-0.538745016781836,-0.413937692358851,0.019862780680612
3302,35672064600,0,0.733494965000444,-0.538745016781836,-0.413937692358851,0.019862780680612
3303,35672064600,1,0.733494965000444,-0.538745016781836,-0.413937692358851,0.019862780680612
3304,35692064725,0,0.732109805608060,-0.539825651774741,-0.414983689527517,0.019799890015699
3305,35692064725,1,0.731860235540537,-0.540019459391510,-0.415165688570804,0.019925615337586
3306,35712064825,0,0.731860235540537,-0.540019459391510,-0.415165688570804,0.019925615337586
3307,35712064825,1,0.731860235540537,-0.540019459391510,-0.415165688570804,0.019925615337586
3308,35732064925,0,0.731860235540537,-0.540019459391510,-0.415165688570804,0.019925615337586
3309,35732064925,1,0.731860235540537,-0.540019459391510,-0.415165688570804,0.019925615337586
3310,35752065025,0,0.731860235540537,-0.540019459391510,-0.415165688570804,0.019925615337586
3311,35752065025,1,0.731860235540537,-0.540019459391510,-0.415165688570804,0.019925615337586
3312,35772065100,0,0.730466472862177,-0.541100820637683,-0.416213957268003,0.019863929742767
3313,35772065100,1,0.730217648279923,-0.541289043203637,-0.416400163493578,0.019981533743730
3314,35792065225,0,0.730217648279923,-0.541289043203637,-0.416400163493578,0.019981533743730
3315,35792065225,1,0.730217648279923,-0.541289043203637,-0.416400163493578,0.019981533743730
3316,35812065325,0,0.730217648279923,-0.541289043203637,-0.416400163493578,0.019981533743730
3317,35812065325,1,0.730217648279923,-0.541289043203637,-0.416400163493578,0.019981533743730
3318,35832065425,0,0.730217648279923,-0.541289043203637,-0.416400163493578,0.019981533743730
3319,35832065425,1,0.730217648279923,-0.541289043203637,-0.416400163493578,0.019981533743730
3320,35852065525,0,0.728822438216882,-0.542365065900534,-0.417446006277325,0.019920358566556
3321,35852065525,1,0.728572438979922,-0.542553571986271,-0.417631786906351,0.020037795517316
3322,35872065600,0,0.728572438979922,-0.542553571986271,-0.417631786906351,0.020037795517316
3323,35872065600,1,0.728572438979922,-0.542553571986271,-0.417631786906351,0.020037795517316
3324,35892065700,0,0.728572438979922,-0.542553571986271,-0.417631786906351,0.020037795517316
3325,35892065700,1,0.728572438979922,-0.542553571986271,-0.417631786906351,0.020037795517316
3326,35912065800,0,0.728572438979922,-0.542553571986271,-0.417631786906351,0.020037795517316
3327,35912065800,1,0.728572438979922,-0.542553571986271,-0.417631786906351,0.020037795517316
3328,35932065925,0,0.727174594205283,-0.543625767087710,-0.418675299446581,0.019978201470493
3329,35932065925,1,0.726921144949156,-0.543816092013321,-0.418862596940481,0.020095571090252
3330,35952066025,0,0.726921144949156,-0.543816092013321,-0.418862596940481,0.020095571090252
3331,35952066025,1,0.726921144949156,-0.543816092013321,-0.418862596940481,0.020095571090252
3332,35972066125,0,0.726921144949156,-0.543816092013321,-0.418862596940481,0.020095571090252
3333,35972066125,1,0.726921144949156,-0.543816092013321,-0.418862596940481,0.020095571090252
3334,36022066375,0,0.726921144949156,-0.543816092013321,-0.418862596940481,0.020095571090252
3335,36022066375,1,0.726921144949156,-0.543816092013321,-0.418862596940481,0.020095571090252
3336,36042066475,0,0.725519373343542,-0.544881862906846,-0.419909711595287,0.020030688613298
3337,36042066475,1,0.725257627223488,-0.545078255475968,-0.420101228388780,0.020150123266875
3338,36062081250,0,0.725257627223488,-0.545078255475968,-0.420101228388780,0.020150123266875
3339,36062081250,1,0.725257627223488,-0.545078255475968,-0.420101228388780,0.020150123266875
3340,36082065375,0,0.725257627223488,-0.545078255475968,-0.420101228388780,0.020150123266875
3341,36082065375,1,0.725257627223488,-0.545078255475968,-0.420101228388780,0.020150123266875
3342,36102066775,0,0.725257627223488,-0.545078255475968,-0.420101228388780,0.020150123266875
3343,36102066775,1,0.725257627223488,-0.545078255475968,-0.420101228388780,0.020150123266875
3344,36122066850,0,0.723851954128746,-0.546142169097189,-0.421145486633062,0.020088771152403
3345,36122066850,1,0.723589595585498,-0.546338028135629,-0.421336585135692,0.020207379827235
3346,36142066975,0,0.723589595585498,-0.546338028135629,-0.421336585135692,0.020207379827235
3347,36142066975,1,0.723589595585498,-0.546338028135629,-0.421336585135692,0.020207379827235
3348,36162067075,0,0.723589595585498,-0.546338028135629,-0.421336585135692,0.020207379827235
3349,36162067075,1,0.723589595585498,-0.546338028135629,-0.421336585135692,0.020207379827235
3350,36182067175,0,0.723589595585498,-0.546338028135629,-0.421336585135692,0.020207379827235
3351,36182067175,1,0.723589595585498,-0.546338028135629,-0.421336585135692,0.020207379827235
3352,36202067275,0,0.722180190244096,-0.547399944501091,-0.422377877892393,0.020149487495299
3353,36202067275,1,0.721917182293529,-0.547595298594761,-0.422568583752427,0.020267286245433
3354,36222067375,0,0.721917182293529,-0.547595298594761,-0.422568583752427,0.020267286245433
3355,36222067375,1,0.721917182293529,-0.547595298594761,-0.422568583752427,0.020267286245433
3356,36242067475,0,0.721917182293529,-0.547595298594761,-0.422568583752427,0.020267286245433
3357,36242067475,1,0.721917182293529,-0.547595298594761,-0.422568583752427,0.020267286245433
3358,36262067575,0,0.721917182293529,-0.547595298594761,-0.422568583752427,0.020267286245433
3359,36262067575,1,0.721917182293529,-0.547595298594761,-0.422568583752427,0.020267286245433
3360,36282067675,0,0.720504220933812,-0.548652931860486,-0.423609760543161,0.020208878000012
3361,36282067675,1,0.720240523513208,-0.548848257027360,-0.423799485145302,0.020326717345049
3362,36302067775,0,0.720240523513208,-0.548848257027360,-0.423799485145302,0.020326717345049
3363,36302067775,1,0.720240523513208,-0.548848257027360,-0.423799485145302,0.020326717345049
3364,36322067875,0,0.720240523513208,-0.548848257027360,-0.423799485145302,0.020326717345049
3365,36322067875,1,0.720240523513208,-0.548848257027360,-0.423799485145302,0.020326717345049
3366,36342067975,0,0.720240523513208,-0.548848257027360,-0.423799485145302,0.020326717345049
3367,36342067975,1,0.720240523513208,-0.548848257027360,-0.423799485145302,0.020326717345049
3368,36362068075,0,0.718821877957989,-0.549905341790440,-0.424839127622276,0.020271617607687
3369,36362068075,1,0.718550212663896,-0.550105383016818,-0.425034022961206,0.020389673415798
3370,36382068175,0,0.718550212663896,-0.550105383016818,-0.425034022961206,0.020389673415798
3371,36382068175,1,0.718550212663896,-0.550105383016818,-0.425034022961206,0.020389673415798
3372,36402068275,0,0.718550212663896,-0.550105383016818,-0.425034022961206,0.020389673415798
3373,36402068275,1,0.718550212663896,-0.550105383016818,-0.425034022961206,0.020389673415798
3374,36422068350,0,0.718550212663896,-0.550105383016818,-0.425034022961206,0.020389673415798
3375,36422068350,1,0.718550212663896,-0.550105383016818,-0.425034022961206,0.020389673415798
3376,36442068475,0,0.717128995390700,-0.551157415993942,-0.426072798195612,0.020334143762802
3377,36442068475,1,0.716853780647900,-0.551359442355833,-0.426268830121113,0.020452553949438
3378,36462068575,0,0.716853780647900,-0.551359442355833,-0.426268830121113,0.020452553949438
3379,36462068575,1,0.716853780647900,-0.551359442355833,-0.426268830121113,0.020452553949438
3380,36482068675,0,0.716853780647900,-0.551359442355833,-0.426268830121113,0.020452553949438
3381,36482068675,1,0.716853780647900,-0.551359442355833,-0.426268830121113,0.020452553949438
3382,36502068775,0,0.716853780647900,-0.551359442355833,-0.426268830121113,0.020452553949438
3383,36502068775,1,0.716853780647900,-0.551359442355833,-0.426268830121113,0.020452553949438
3384,36522068575,0,0.715429054540802,-0.552407811972896,-0.427306454654612,0.020397818527407
3385,36522068575,1,0.715153167603861,-0.552608509986095,-0.427503162725508,0.020514078502351
3386,36662071250,0,0.715153167603861,-0.552608509986095,-0.427503162725508,0.020514078502351
3387,36662071250,1,0.715153167603861,-0.552608509986095,-0.427503162725508,0.020514078502351
3388,36682070700,0,0.715153167603861,-0.552608509986095,-0.427503162725508,0.020514078502351
3389,36682070700,1,0.715153167603861,-0.552608509986095,-0.427503162725508,0.020514078502351
3390,36702070250,0,0.715153167603861,-0.552608509986095,-0.427503162725508,0.020514078502351
3391,36702070250,1,0.715153167603861,-0.552608509986095,-0.427503162725508,0.020514078502351
3392,36722069875,0,0.713723982410831,-0.553653970196601,-0.428540241165355,0.020460203300669
3393,36722069875,1,0.713455505138104,-0.553847612170431,-0.428731622069814,0.020573305972324
3394,36742069975,0,0.713455505138104,-0.553847612170431,-0.428731622069814,0.020573305972324
3395,36742069975,1,0.713455505138104,-0.553847612170431,-0.428731622069814,0.020573305972324
3396,36762070075,0,0.713455505138104,-0.553847612170431,-0.428731622069814,0.020573305972324
3397,36762070075,1,0.713455505138104,-0.553847612170431,-0.428731622069814,0.020573305972324
3398,36782070175,0,0.713455505138104,-0.553847612170431,-0.428731622069814,0.020573305972324
3399,36782070175,1,0.713455505138104,-0.553847612170431,-0.428731622069814,0.020573305972324
3400,36802070275,0,0.712029011965461,-0.554885256900400,-0.429762639807160,0.020520994616419
3401,36802070275,1,0.711781643497058,-0.555070032208632,-0.429927965804634,0.020642081862688
3402,36822070375,0,0.711781643497058,-0.555070032208632,-0.429927965804634,0.020642081862688
3403,36822070375,1,0.711781643497058,-0.555070032208632,-0.429927965804634,0.020642081862688
3404,36842070475,0,0.711781643497058,-0.555070032208632,-0.429927965804634,0.020642081862688
3405,36842070475,1,0.711781643497058,-0.555070032208632,-0.429927965804634,0.020642081862688
3406,36862070575,0,0.711781643497058,-0.555070032208632,-0.429927965804634,0.020642081862688
3407,36862070575,1,0.711781643497058,-0.555070032208632,-0.429927965804634,0.020642081862688
3408,36882070675,0,0.710349362103512,-0.556105613027004,-0.430959831767161,0.020590151097400
3409,36882070675,1,0.710101931142884,-0.556289882001328,-0.431123957106776,0.020711064161237
3410,36902070775,0,0.710101931142884,-0.556289882001328,-0.431123957106776,0.020711064161237
3411,36902070775,1,0.710101931142884,-0.556289882001328,-0.431123957106776,0.020711064161237
3412,36922070875,0,0.710101931142884,-0.556289882001328,-0.431123957106776,0.020711064161237
3413,36922070875,1,0.710101931142884,-0.556289882001328,-0.431123957106776,0.020711064161237
3414,36942070975,0,0.710101931142884,-0.556289882001328,-0.431123957106776,0.020711064161237
3415,36942070975,1,0.710101931142884,-0.556289882001328,-0.431123957106776,0.020711064161237
3416,36962071075,0,0.708666408249757,-0.557320549680524,-0.432156192784036,0.020657970873124
3417,36962071075,1,0.708425885375386,-0.557506375786029,-0.432304531764569,0.020789365162136
3418,36982071175,0,0.708425885375386,-0.557506375786029,-0.432304531764569,0.020789365162136
3419,36982071175,1,0.708425885375386,-0.557506375786029,-0.432304531764569,0.020789365162136
3420,37002071275,0,0.708425885375386,-0.557506375786029,-0.432304531764569,0.020789365162136
3421,37002071275,1,0.708425885375386,-0.557506375786029,-0.432304531764569,0.020789365162136
3422,37022071375,0,0.708425885375386,-0.557506375786029,-0.432304531764569,0.020789365162136
3423,37022071375,1,0.708425885375386,-0.557506375786029,-0.432304531764569,0.020789365162136
3424,37042071475,0,0.706987196995562,-0.558533868160121,-0.433334689879636,0.020738079693430
3425,37042071475,1,0.706748548344965,-0.558719987922767,-0.433477573767759,0.020872411175634
3426,37062071575,0,0.706748548344965,-0.558719987922767,-0.433477573767759,0.020872411175634
3427,37062071575,1,0.706748548344965,-0.558719987922767,-0.433477573767759,0.020872411175634
3428,37082071675,0,0.706748548344965,-0.558719987922767,-0.433477573767759,0.020872411175634
3429,37082071675,1,0.706748548344965,-0.558719987922767,-0.433477573767759,0.020872411175634
3430,37102071775,0,0.706748548344965,-0.558719987922767,-0.433477573767759,0.020872411175634
3431,37102071775,1,0.706748548344965,-0.558719987922767,-0.433477573767759,0.020872411175634
3432,37122071875,0,0.705306727406428,-0.559743715752345,-0.434506429631219,0.020821997025357
3433,37122071875,1,0.705064775829971,-0.559931601697555,-0.434650542749788,0.020956359215272
3434,37142071975,0,0.705064775829971,-0.559931601697555,-0.434650542749788,0.020956359215272
3435,37142071975,1,0.705064775829971,-0.559931601697555,-0.434650542749788,0.020956359215272
3436,37162072075,0,0.705064775829971,-0.559931601697555,-0.434650542749788,0.020956359215272
3437,37162072075,1,0.705064775829971,-0.559931601697555,-0.434650542749788,0.020956359215272
3438,37182072150,0,0.705064775829971,-0.559931601697555,-0.434650542749788,0.020956359215272
3439,37182072150,1,0.705064775829971,-0.559931601697555,-0.434650542749788,0.020956359215272
3440,37202072275,0,0.703618093982508,-0.560951351423523,-0.435681260921787,0.020904498036246
3441,37202072275,1,0.703367929161359,-0.561144629831731,-0.435829756992762,0.021040046528029
3442,37222072350,0,0.703367929161359,-0.561144629831731,-0.435829756992762,0.021040046528029
3443,37222072350,1,0.703367929161359,-0.561144629831731,-0.435829756992762,0.021040046528029
3444,37242072475,0,0.703367929161359,-0.561144629831731,-0.435829756992762,0.021040046528029
3445,37242072475,1,0.703367929161359,-0.561144629831731,-0.435829756992762,0.021040046528029
3446,37262072550,0,0.703367929161359,-0.561144629831731,-0.435829756992762,0.021040046528029
3447,37262072550,1,0.703367929161359,-0.561144629831731,-0.435829756992762,0.021040046528029
3448,37302072775,0,0.701918922343422,-0.562160703794978,-0.436857619589043,0.020990230393679
3449,37302072775,1,0.701667882470084,-0.562353896635441,-0.437005723782860,0.021125222600074
3450,37322072875,0,0.701667882470084,-0.562353896635441,-0.437005723782860,0.021125222600074
3451,37322072875,1,0.701667882470084,-0.562353896635441,-0.437005723782860,0.021125222600074
3452,37342072975,0,0.701667882470084,-0.562353896635441,-0.437005723782860,0.021125222600074
3453,37342072975,1,0.701667882470084,-0.562353896635441,-0.437005723782860,0.021125222600074
3454,37362073075,0,0.701667882470084,-0.562353896635441,-0.437005723782860,0.021125222600074
3455,37362073075,1,0.701667882470084,-0.562353896635441,-0.437005723782860,0.021125222600074
3456,37382073175,0,0.700215926239692,-0.563364022218575,-0.438034879462285,0.021073193504097
3457,37382073175,1,0.699974834251196,-0.563550356857203,-0.438174031044618,0.021207197345243
3458,37402073275,0,0.699974834251196,-0.563550356857203,-0.438174031044618,0.021207197345243
3459,37402073275,1,0.699974834251196,-0.563550356857203,-0.438174031044618,0.021207197345243
3460,37422073375,0,0.699974834251196,-0.563550356857203,-0.438174031044618,0.021207197345243
3461,37422073375,1,0.699974834251196,-0.563550356857203,-0.438174031044618,0.021207197345243
3462,37442073475,0,0.699974834251196,-0.563550356857203,-0.438174031044618,0.021207197345243
3463,37442073475,1,0.699974834251196,-0.563550356857203,-0.438174031044618,0.021207197345243
3464,37462073575,0,0.698519937022213,-0.564557552184935,-0.439200437597639,0.021157586523062
3465,37462073575,1,0.698278158780743,-0.564743650752669,-0.439339182571873,0.021290950223078
3466,37482073675,0,0.698278158780743,-0.564743650752669,-0.439339182571873,0.021290950223078
3467,37482073675,1,0.698278158780743,-0.564743650752669,-0.439339182571873,0.021290950223078
3468,37502073775,0,0.698278158780743,-0.564743650752669,-0.439339182571873,0.021290950223078
3469,37502073775,1,0.698278158780743,-0.564743650752669,-0.439339182571873,0.021290950223078
3470,37522073875,0,0.698278158780743,-0.564743650752669,-0.439339182571873,0.021290950223078
3471,37522073875,1,0.698278158780743,-0.564743650752669,-0.439339182571873,0.021290950223078
3472,37542073975,0,0.696822860373717,-0.565746718989120,-0.440360326072423,0.021244633087598
3473,37542073975,1,0.696574546315813,-0.565934136910690,-0.440506073275674,0.021374131826049
3474,37562074075,0,0.696574546315813,-0.565934136910690,-0.440506073275674,0.021374131826049
3475,37562074075,1,0.696574546315813,-0.565934136910690,-0.440506073275674,0.021374131826049
3476,37582074175,0,0.696574546315813,-0.565934136910690,-0.440506073275674,0.021374131826049
3477,37582074175,1,0.696574546315813,-0.565934136910690,-0.440506073275674,0.021374131826049
3478,37602074250,0,0.696574546315813,-0.565934136910690,-0.440506073275674,0.021374131826049
3479,37602074250,1,0.696574546315813,-0.565934136910690,-0.440506073275674,0.021374131826049
3480,37622074375,0,0.695115080002198,-0.566933414339238,-0.441527647810892,0.021327575524977
3481,37622074375,1,0.694861104132862,-0.567121962562656,-0.441679128823649,0.021453967090610
3482,37642074475,0,0.694861104132862,-0.567121962562656,-0.441679128823649,0.021453967090610
3483,37642074475,1,0.694861104132862,-0.567121962562656,-0.441679128823649,0.021453967090610
3484,37662074575,0,0.694861104132862,-0.567121962562656,-0.441679128823649,0.021453967090610
3485,37662074575,1,0.694861104132862,-0.567121962562656,-0.441679128823649,0.021453967090610
3486,37682074675,0,0.694861104132862,-0.567121962562656,-0.441679128823649,0.021453967090610
3487,37682074675,1,0.694861104132862,-0.567121962562656,-0.441679128823649,0.021453967090610
3488,37702074775,0,0.693398713954124,-0.568117313441697,-0.442699249466592,0.021408320258054
3489,37702074775,1,0.693144025334864,-0.568305793190650,-0.442850036843379,0.021534401230239
3490,37722074875,0,0.693144025334864,-0.568305793190650,-0.442850036843379,0.021534401230239
3491,37722074875,1,0.693144025334864,-0.568305793190650,-0.442850036843379,0.021534401230239
3492,37742074975,0,0.693144025334864,-0.568305793190650,-0.442850036843379,0.021534401230239
3493,37742074975,1,0.693144025334864,-0.568305793190650,-0.442850036843379,0.021534401230239
3494,37762075075,0,0.693144025334864,-0.568305793190650,-0.442850036843379,0.021534401230239
3495,37762075075,1,0.693144025334864,-0.568305793190650,-0.442850036843379,0.021534401230239
3496,37782075175,0,0.691674962494750,-0.569301086733434,-0.443869501896445,0.021491491065491
3497,37782075175,1,0.691431257223390,-0.569481464298535,-0.444011764751209,0.021615529542366
3498,37802075250,0,0.691431257223390,-0.569481464298535,-0.444011764751209,0.021615529542366
3499,37802075250,1,0.691431257223390,-0.569481464298535,-0.444011764751209,0.021615529542366
3500,37822075375,0,0.691431257223390,-0.569481464298535,-0.444011764751209,0.021615529542366
3501,37822075375,1,0.691431257223390,-0.569481464298535,-0.444011764751209,0.021615529542366
3502,37842075475,0,0.691431257223390,-0.569481464298535,-0.444011764751209,0.021615529542366
3503,37842075475,1,0.691431257223390,-0.569481464298535,-0.444011764751209,0.021615529542366
3504,37862075575,0,0.689961378134735,-0.570470778440770,-0.445029222848091,0.021572631708346
3505,37862075575,1,0.689716495429832,-0.570651581757434,-0.445170964638846,0.021696553003857
3506,37882075675,0,0.689716495429832,-0.570651581757434,-0.445170964638846,0.021696553003857
3507,37882075675,1,0.689716495429832,-0.570651581757434,-0.445170964638846,0.021696553003857
3508,37902075775,0,0.689716495429832,-0.570651581757434,-0.445170964638846,0.021696553003857
3509,37902075775,1,0.689716495429832,-0.570651581757434,-0.445170964638846,0.021696553003857
3510,37942075975,0,0.689716495429832,-0.570651581757434,-0.445170964638846,0.021696553003857
3511,37942075975,1,0.689716495429832,-0.570651581757434,-0.445170964638846,0.021696553003857
3512,37962076050,0,0.688247280572696,-0.571633810732129,-0.446185602314678,0.021653533181469
3513,37962076050,1,0.687995564187304,-0.571816474798605,-0.446333843306024,0.021774368582438
3514,37982076175,0,0.687995564187304,-0.571816474798605,-0.446333843306024,0.021774368582438
3515,37982076175,1,0.687995564187304,-0.571816474798605,-0.446333843306024,0.021774368582438
3516,38002076275,0,0.687995564187304,-0.571816474798605,-0.446333843306024,0.021774368582438
3517,38002076275,1,0.687995564187304,-0.571816474798605,-0.446333843306024,0.021774368582438
3518,38022076375,0,0.687995564187304,-0.571816474798605,-0.446333843306024,0.021774368582438
3519,38022076375,1,0.687995564187304,-0.571816474798605,-0.446333843306024,0.021774368582438
3520,38042076475,0,0.686521991259768,-0.572796180056293,-0.447347490846216,0.021732787746550
3521,38042076475,1,0.686264617767084,-0.572979604989314,-0.447501748590092,0.021850209978348
3522,38062076575,0,0.686264617767084,-0.572979604989314,-0.447501748590092,0.021850209978348
3523,38062076575,1,0.686264617767084,-0.572979604989314,-0.447501748590092,0.021850209978348
3524,38082076675,0,0.686264617767084,-0.572979604989314,-0.447501748590092,0.021850209978348
3525,38082076675,1,0.686264617767084,-0.572979604989314,-0.447501748590092,0.021850209978348
3526,38102076775,0,0.686264617767084,-0.572979604989314,-0.447501748590092,0.021850209978348
3527,38102076775,1,0.686264617767084,-0.572979604989314,-0.447501748590092,0.021850209978348
3528,38122076875,0,0.684788327269239,-0.573955290654567,-0.448513783203604,0.021809572252097
3529,38122076875,1,0.684527486617002,-0.574140414264812,-0.448669266519174,0.021927016550075
3530,38142076975,0,0.684527486617002,-0.574140414264812,-0.448669266519174,0.021927016550075
3531,38142076975,1,0.684527486617002,-0.574140414264812,-0.448669266519174,0.021927016550075
3532,38162077075,0,0.684527486617002,-0.574140414264812,-0.448669266519174,0.021927016550075
3533,38162077075,1,0.684527486617002,-0.574140414264812,-0.448669266519174,0.021927016550075
3534,38182077150,0,0.684527486617002,-0.574140414264812,-0.448669266519174,0.021927016550075
3535,38182077150,1,0.684527486617002,-0.574140414264812,-0.448669266519174,0.021927016550075
3536,38202077275,0,0.683041389384677,-0.575118799794742,-0.449681727806899,0.021889956297522
3537,38202077275,1,0.682773303566574,-0.575307564925036,-0.449841628553245,0.022007519109981
3538,38222077375,0,0.682773303566574,-0.575307564925036,-0.449841628553245,0.022007519109981
3539,38222077375,1,0.682773303566574,-0.575307564925036,-0.449841628553245,0.022007519109981
3540,38242077475,0,0.682773303566574,-0.575307564925036,-0.449841628553245,0.022007519109981
3541,38242077475,1,0.682773303566574,-0.575307564925036,-0.449841628553245,0.022007519109981
3542,38262077575,0,0.682773303566574,-0.575307564925036,-0.449841628553245,0.022007519109981
3543,38262077575,1,0.682773303566574,-0.575307564925036,-0.449841628553245,0.022007519109981
3544,38282077675,0,0.681288040071515,-0.576278527657439,-0.450851392821058,0.021970129899465
3545,38282077675,1,0.681018332840173,-0.576467982716944,-0.451010898720360,0.022087654318704
3546,38302077775,0,0.681018332840173,-0.576467982716944,-0.451010898720360,0.022087654318704
3547,38302077775,1,0.681018332840173,-0.576467982716944,-0.451010898720360,0.022087654318704
3548,38322077875,0,0.681018332840173,-0.576467982716944,-0.451010898720360,0.022087654318704
3549,38322077875,1,0.681018332840173,-0.576467982716944,-0.451010898720360,0.022087654318704
3550,38342077975,0,0.681018332840173,-0.576467982716944,-0.451010898720360,0.022087654318704
3551,38342077975,1,0.681018332840173,-0.576467982716944,-0.451010898720360,0.022087654318704
3552,38362078075,0,0.679537880177634,-0.577429897016603,-0.452014076048662,0.022051269554318
3553,38362078075,1,0.679265608938740,-0.577620464577233,-0.452174070389571,0.022168479469543
3554,38382078175,0,0.679265608938740,-0.577620464577233,-0.452174070389571,0.022168479469543
3555,38382078175,1,0.679265608938740,-0.577620464577233,-0.452174070389571,0.022168479469543
3556,38402078275,0,0.679265608938740,-0.577620464577233,-0.452174070389571,0.022168479469543
3557,38402078275,1,0.679265608938740,-0.577620464577233,-0.452174070389571,0.022168479469543
3558,38422078375,0,0.679265608938740,-0.577620464577233,-0.452174070389571,0.022168479469543
3559,38422078375,1,0.679265608938740,-0.577620464577233,-0.452174070389571,0.022168479469543
3560,38442078450,0,0.677779152464582,-0.578580514598232,-0.453177822130849,0.022133010196978
3561,38442078450,1,0.677506906759418,-0.578770458301713,-0.453336618578250,0.022249902169403
3562,38462078575,0,0.677506906759418,-0.578770458301713,-0.453336618578250,0.022249902169403
3563,38462078575,1,0.677506906759418,-0.578770458301713,-0.453336618578250,0.022249902169403
3564,38482078650,0,0.677506906759418,-0.578770458301713,-0.453336618578250,0.022249902169403
3565,38482078650,1,0.677506906759418,-0.578770458301713,-0.453336618578250,0.022249902169403
3566,38502078775,0,0.677506906759418,-0.578770458301713,-0.453336618578250,0.022249902169403
3567,38502078775,1,0.677506906759418,-0.578770458301713,-0.453336618578250,0.022249902169403
3568,38522078875,0,0.676017971674613,-0.579726321552211,-0.454338607567673,0.022215394346113
3569,38522078875,1,0.675742216267919,-0.579916730222248,-0.454500156296349,0.022330496820530
3570,38572079125,0,0.675742216267919,-0.579916730222248,-0.454500156296349,0.022330496820530
3571,38572079125,1,0.675742216267919,-0.579916730222248,-0.454500156296349,0.022330496820530
3572,38592079225,0,0.675742216267919,-0.579916730222248,-0.454500156296349,0.022330496820530
3573,38592079225,1,0.675742216267919,-0.579916730222248,-0.454500156296349,0.022330496820530
3574,38612079325,0,0.675742216267919,-0.579916730222248,-0.454500156296349,0.022330496820530
3575,38612079325,1,0.675742216267919,-0.579916730222248,-0.454500156296349,0.022330496820530
3576,38632079425,0,0.674249117846797,-0.580866400983273,-0.455505623147244,0.022293016233704
3577,38632079425,1,0.673964839806975,-0.581058689135628,-0.455675591436301,0.022404237392069
3578,38652079525,0,0.673964839806975,-0.581058689135628,-0.455675591436301,0.022404237392069
3579,38652079525,1,0.673964839806975,-0.581058689135628,-0.455675591436301,0.022404237392069
3580,38672079625,0,0.673964839806975,-0.581058689135628,-0.455675591436301,0.022404237392069
3581,38672079625,1,0.673964839806975,-0.581058689135628,-0.455675591436301,0.022404237392069
3582,38692079725,0,0.673964839806975,-0.581058689135628,-0.455675591436301,0.022404237392069
3583,38692079725,1,0.673964839806975,-0.581058689135628,-0.455675591436301,0.022404237392069
3584,38712079825,0,0.672470172374024,-0.582005083362586,-0.456676633668872,0.022369677427855
3585,38712079825,1,0.672184837912291,-0.582197093649778,-0.456846505691096,0.022480170471191
3586,38732079925,0,0.672184837912291,-0.582197093649778,-0.456846505691096,0.022480170471191
3587,38732079925,1,0.672184837912291,-0.582197093649778,-0.456846505691096,0.022480170471191
3588,38752080025,0,0.672184837912291,-0.582197093649778,-0.456846505691096,0.022480170471191
3589,38752080025,1,0.672184837912291,-0.582197093649778,-0.456846505691096,0.022480170471191
3590,38772080125,0,0.672184837912291,-0.582197093649778,-0.456846505691096,0.022480170471191
3591,38772080125,1,0.672184837912291,-0.582197093649778,-0.456846505691096,0.022480170471191
3592,38792080225,0,0.670685049220980,-0.583143035935922,-0.457844735074705,0.022449119253571
3593,38792080225,1,0.670399271679554,-0.583338974835930,-0.458007900762159,0.022565899236017
3594,38812080325,0,0.670399271679554,-0.583338974835930,-0.458007900762159,0.022565899236017
3595,38812080325,1,0.670399271679554,-0.583338974835930,-0.458007900762159,0.022565899236017
3596,38832080425,0,0.670399271679554,-0.583338974835930,-0.458007900762159,0.022565899236017
3597,38832080425,1,0.670399271679554,-0.583338974835930,-0.458007900762159,0.022565899236017
3598,38852080525,0,0.670399271679554,-0.583338974835930,-0.458007900762159,0.022565899236017
3599,38852080525,1,0.670399271679554,-0.583338974835930,-0.458007900762159,0.022565899236017
3600,38872080625,0,0.668898595150813,-0.584278681294914,-0.459004665200297,0.022534624778503
3601,38872080625,1,0.668611604374639,-0.584474979895757,-0.459167113076204,0.022651327570148
3602,38892080700,0,0.668611604374639,-0.584474979895757,-0.459167113076204,0.022651327570148
3603,38892080700,1,0.668611604374639,-0.584474979895757,-0.459167113076204,0.022651327570148
3604,38912080825,0,0.668611604374639,-0.584474979895757,-0.459167113076204,0.022651327570148
3605,38912080825,1,0.668611604374639,-0.584474979895757,-0.459167113076204,0.022651327570148
3606,38932080925,0,0.668611604374639,-0.584474979895757,-0.459167113076204,0.022651327570148
3607,38932080925,1,0.668611604374639,-0.584474979895757,-0.459167113076204,0.022651327570148
3608,38952081025,0,0.667115060579399,-0.585407230321903,-0.460156610433318,0.022622212745499
3609,38952081025,1,0.666825906089771,-0.585599340408823,-0.460325878330894,0.022731238839939
3610,38972081125,0,0.666825906089771,-0.585599340408823,-0.460325878330894,0.022731238839939
3611,38972081125,1,0.666825906089771,-0.585599340408823,-0.460325878330894,0.022731238839939
3612,38992081200,0,0.666825906089771,-0.585599340408823,-0.460325878330894,0.022731238839939
3613,38992081200,1,0.666825906089771,-0.585599340408823,-0.460325878330894,0.022731238839939
3614,39012081300,0,0.666825906089771,-0.585599340408823,-0.460325878330894,0.022731238839939
3615,39012081300,1,0.666825906089771,-0.585599340408823,-0.460325878330894,0.022731238839939
3616,39032081425,0,0.665324143278811,-0.586528706029711,-0.461316004499357,0.022702540963030
3617,39032081425,1,0.665035065435040,-0.586715458726682,-0.461490300598268,0.022804269044878
3618,39052081525,0,0.665035065435040,-0.586715458726682,-0.461490300598268,0.022804269044878
3619,39052081525,1,0.665035065435040,-0.586715458726682,-0.461490300598268,0.022804269044878
3620,39072081625,0,0.665035065435040,-0.586715458726682,-0.461490300598268,0.022804269044878
3621,39072081625,1,0.665035065435040,-0.586715458726682,-0.461490300598268,0.022804269044878
3622,39092081725,0,0.665035065435040,-0.586715458726682,-0.461490300598268,0.022804269044878
3623,39092081725,1,0.665035065435040,-0.586715458726682,-0.461490300598268,0.022804269044878
3624,39112081825,0,0.663531148596050,-0.587640471104928,-0.462478454007348,0.022776548056245
3625,39112081825,1,0.663241176537531,-0.587827138788801,-0.462652132131047,0.022877965011762
3626,39132081925,0,0.663241176537531,-0.587827138788801,-0.462652132131047,0.022877965011762
3627,39132081925,1,0.663241176537531,-0.587827138788801,-0.462652132131047,0.022877965011762
3628,39152082025,0,0.663241176537531,-0.587827138788801,-0.462652132131047,0.022877965011762
3629,39152082025,1,0.663241176537531,-0.587827138788801,-0.462652132131047,0.022877965011762
3630,39172082125,0,0.663241176537531,-0.587827138788801,-0.462652132131047,0.022877965011762
3631,39172082125,1,0.663241176537531,-0.587827138788801,-0.462652132131047,0.022877965011762
3632,39212082325,0,0.661735735325207,-0.588748384719548,-0.463636632013065,0.022852342096865
3633,39212082325,1,0.661433264810623,-0.588946593604494,-0.463811072773502,0.022961595247627
3634,39232082425,0,0.661433264810623,-0.588946593604494,-0.463811072773502,0.022961595247627
3635,39232082425,1,0.661433264810623,-0.588946593604494,-0.463811072773502,0.022961595247627
3636,39252082525,0,0.661433264810623,-0.588946593604494,-0.463811072773502,0.022961595247627
3637,39252082525,1,0.661433264810623,-0.588946593604494,-0.463811072773502,0.022961595247627
3638,39272082625,0,0.661433264810623,-0.588946593604494,-0.463811072773502,0.022961595247627
3639,39272082625,1,0.661433264810623,-0.588946593604494,-0.463811072773502,0.022961595247627
3640,39292082075,0,0.659925449107288,-0.589863146520677,-0.464794351244191,0.022936456761273
3641,39292082075,1,0.659622112680752,-0.590061313561162,-0.464967977707978,0.023045485614541
3642,39402085750,0,0.659622112680752,-0.590061313561162,-0.464967977707978,0.023045485614541
3643,39402085750,1,0.659622112680752,-0.590061313561162,-0.464967977707978,0.023045485614541
3644,39422085125,0,0.659622112680752,-0.590061313561162,-0.464967977707978,0.023045485614541
3645,39422085125,1,0.659622112680752,-0.590061313561162,-0.464967977707978,0.023045485614541
3646,39442084700,0,0.659622112680752,-0.590061313561162,-0.464967977707978,0.023045485614541
3647,39442084700,1,0.659622112680752,-0.590061313561162,-0.464967977707978,0.023045485614541
3648,39462084250,0,0.658107243617376,-0.590974972855395,-0.465954433449868,0.023019628696356
3649,39462084250,1,0.657804407154938,-0.591167663872899,-0.466132538941732,0.023121662101458
3650,39482083675,0,0.657804407154938,-0.591167663872899,-0.466132538941732,0.023121662101458
3651,39482083675,1,0.657804407154938,-0.591167663872899,-0.466132538941732,0.023121662101458
3652,39502083775,0,0.657804407154938,-0.591167663872899,-0.466132538941732,0.023121662101458
3653,39502083775,1,0.657804407154938,-0.591167663872899,-0.466132538941732,0.023121662101458
3654,39522083875,0,0.657804407154938,-0.591167663872899,-0.466132538941732,0.023121662101458
3655,39522083875,1,0.657804407154938,-0.591167663872899,-0.466132538941732,0.023121662101458
3656,39542083950,0,0.656290059658239,-0.592076070953277,-0.467114312709511,0.023097676511627
3657,39542083950,1,0.655994015391325,-0.592266309120366,-0.467283802006576,0.023201707566149
3658,39562084075,0,0.655994015391325,-0.592266309120366,-0.467283802006576,0.023201707566149
3659,39562084075,1,0.655994015391325,-0.592266309120366,-0.467283802006576,0.023201707566149
3660,39582084175,0,0.655994015391325,-0.592266309120366,-0.467283802006576,0.023201707566149
3661,39582084175,1,0.655994015391325,-0.592266309120366,-0.467283802006576,0.023201707566149
3662,39602084275,0,0.655994015391325,-0.592266309120366,-0.467283802006576,0.023201707566149
3663,39602084275,1,0.655994015391325,-0.592266309120366,-0.467283802006576,0.023201707566149
3664,39622084375,0,0.654483843732097,-0.593162962122538,-0.468264374042772,0.023174871348234
3665,39622084375,1,0.654210483288462,-0.593347142472202,-0.468407445105521,0.023286851338611
3666,39642084475,0,0.654210483288462,-0.593347142472202,-0.468407445105521,0.023286851338611
3667,39642084475,1,0.654210483288462,-0.593347142472202,-0.468407445105521,0.023286851338611
3668,39662084575,0,0.654210483288462,-0.593347142472202,-0.468407445105521,0.023286851338611
3669,39662084575,1,0.654210483288462,-0.593347142472202,-0.468407445105521,0.023286851338611
3670,39682084675,0,0.654210483288462,-0.593347142472202,-0.468407445105521,0.023286851338611
3671,39682084675,1,0.654210483288462,-0.593347142472202,-0.468407445105521,0.023286851338611
3672,39702084775,0,0.652695849008034,-0.594242695866549,-0.469385325096224,0.023262925036421
3673,39702084775,1,0.652422238073211,-0.594426115357319,-0.469527917946647,0.023374150624906
3674,39722084850,0,0.652422238073211,-0.594426115357319,-0.469527917946647,0.023374150624906
3675,39722084850,1,0.652422238073211,-0.594426115357319,-0.469527917946647,0.023374150624906
3676,39742084975,0,0.652422238073211,-0.594426115357319,-0.469527917946647,0.023374150624906
3677,39742084975,1,0.652422238073211,-0.594426115357319,-0.469527917946647,0.023374150624906
3678,39762085075,0,0.652422238073211,-0.594426115357319,-0.469527917946647,0.023374150624906
3679,39762085075,1,0.652422238073211,-0.594426115357319,-0.469527917946647,0.023374150624906
3680,39782085175,0,0.650903185705406,-0.595322731043095,-0.470500173437101,0.023355417735561
3681,39782085175,1,0.650637461967708,-0.595507434206721,-0.470628007889451,0.023474817970631
3682,39802085275,0,0.650637461967708,-0.595507434206721,-0.470628007889451,0.023474817970631
3683,39802085275,1,0.650637461967708,-0.595507434206721,-0.470628007889451,0.023474817970631
3684,39852085525,0,0.650637461967708,-0.595507434206721,-0.470628007889451,0.023474817970631
3685,39852085525,1,0.650637461967708,-0.595507434206721,-0.470628007889451,0.023474817970631
3686,39872085625,0,0.650637461967708,-0.595507434206721,-0.470628007889451,0.023474817970631
3687,39872085625,1,0.650637461967708,-0.595507434206721,-0.470628007889451,0.023474817970631
3688,39892085725,0,0.649118077153895,-0.596396836119683,-0.471599822753002,0.023455126471609
3689,39892085725,1,0.648853863712076,-0.596583016553427,-0.471721803704067,0.023577697430110
3690,39912085825,0,0.648853863712076,-0.596583016553427,-0.471721803704067,0.023577697430110
3691,39912085825,1,0.648853863712076,-0.596583016553427,-0.471721803704067,0.023577697430110
3692,39932085925,0,0.648853863712076,-0.596583016553427,-0.471721803704067,0.023577697430110
3693,39932085925,1,0.648853863712076,-0.596583016553427,-0.471721803704067,0.023577697430110
3694,39952086025,0,0.648853863712076,-0.596583016553427,-0.471721803704067,0.023577697430110
3695,39952086025,1,0.648853863712076,-0.596583016553427,-0.471721803704067,0.023577697430110
3696,39972086125,0,0.647328756786018,-0.597471132367188,-0.472692985581738,0.023559881314655
3697,39972086125,1,0.647064633867485,-0.597656599732137,-0.472814040209720,0.023681887068374
3698,39992086225,0,0.647064633867485,-0.597656599732137,-0.472814040209720,0.023681887068374
3699,39992086225,1,0.647064633867485,-0.597656599732137,-0.472814040209720,0.023681887068374
3700,40012086275,0,0.647064633867485,-0.597656599732137,-0.472814040209720,0.023681887068374
3701,40012086275,1,0.647064633867485,-0.597656599732137,-0.472814040209720,0.023681887068374
3702,40032086425,0,0.647064633867485,-0.597656599732137,-0.472814040209720,0.023681887068374
3703,40032086425,1,0.647064633867485,-0.597656599732137,-0.472814040209720,0.023681887068374
3704,40052086525,0,0.645539947178859,-0.598538619825346,-0.473782309183717,0.023664756039968
3705,40052086525,1,0.645274449930290,-0.598724499877010,-0.473903009091585,0.023786455980830
3706,40072087575,0,0.645274449930290,-0.598724499877010,-0.473903009091585,0.023786455980830
3707,40072087575,1,0.645274449930290,-0.598724499877010,-0.473903009091585,0.023786455980830
3708,40092086725,0,0.645274449930290,-0.598724499877010,-0.473903009091585,0.023786455980830
3709,40092086725,1,0.645274449930290,-0.598724499877010,-0.473903009091585,0.023786455980830
3710,40112086825,0,0.645274449930290,-0.598724499877010,-0.473903009091585,0.023786455980830
3711,40112086825,1,0.645274449930290,-0.598724499877010,-0.473903009091585,0.023786455980830
3712,40132086925,0,0.643748256882374,-0.599601969282585,-0.474869063833623,0.023770410327320
3713,40132086925,1,0.643478988160939,-0.599789548923209,-0.474991009241835,0.023892047574240
3714,40152087025,0,0.643478988160939,-0.599789548923209,-0.474991009241835,0.023892047574240
3715,40152087025,1,0.643478988160939,-0.599789548923209,-0.474991009241835,0.023892047574240
3716,40172087125,0,0.643478988160939,-0.599789548923209,-0.474991009241835,0.023892047574240
3717,40172087125,1,0.643478988160939,-0.599789548923209,-0.474991009241835,0.023892047574240
3718,40192087225,0,0.643478988160939,-0.599789548923209,-0.474991009241835,0.023892047574240
3719,40192087225,1,0.643478988160939,-0.599789548923209,-0.474991009241835,0.023892047574240
3720,40212087325,0,0.641945966813536,-0.600664481288772,-0.475959548068996,0.023876038446167
3721,40212087325,1,0.641668450752100,-0.600856516261218,-0.476085201472803,0.023998481502646
3722,40232087425,0,0.641668450752100,-0.600856516261218,-0.476085201472803,0.023998481502646
3723,40232087425,1,0.641668450752100,-0.600856516261218,-0.476085201472803,0.023998481502646
3724,40252087525,0,0.641668450752100,-0.600856516261218,-0.476085201472803,0.023998481502646
3725,40252087525,1,0.641668450752100,-0.600856516261218,-0.476085201472803,0.023998481502646
3726,40272087625,0,0.641668450752100,-0.600856516261218,-0.476085201472803,0.023998481502646
3727,40272087625,1,0.641668450752100,-0.600856516261218,-0.476085201472803,0.023998481502646
3728,40292087725,0,0.640136486373595,-0.601725927462840,-0.477049209976963,0.023984125846258
3729,40292087725,1,0.639857424201931,-0.601918229941673,-0.477174830884031,0.024106055843933
3730,40312087825,0,0.639857424201931,-0.601918229941673,-0.477174830884031,0.024106055843933
3731,40312087825,1,0.639857424201931,-0.601918229941673,-0.477174830884031,0.024106055843933
3732,40332087925,0,0.639857424201931,-0.601918229941673,-0.477174830884031,0.024106055843933
3733,40332087925,1,0.639857424201931,-0.601918229941673,-0.477174830884031,0.024106055843933
3734,40352088025,0,0.639857424201931,-0.601918229941673,-0.477174830884031,0.024106055843933
3735,40352088025,1,0.639857424201931,-0.601918229941673,-0.477174830884031,0.024106055843933
3736,40372088125,0,0.638330550484848,-0.602780504947264,-0.478130998792456,0.024093965363992
3737,40372088125,1,0.638049178567084,-0.602969665296028,-0.478262162841398,0.024210164330997
3738,40392088225,0,0.638049178567084,-0.602969665296028,-0.478262162841398,0.024210164330997
3739,40392088225,1,0.638049178567084,-0.602969665296028,-0.478262162841398,0.024210164330997
3740,40412088325,0,0.638049178567084,-0.602969665296028,-0.478262162841398,0.024210164330997
3741,40412088325,1,0.638049178567084,-0.602969665296028,-0.478262162841398,0.024210164330997
3742,40432088400,0,0.638049178567084,-0.602969665296028,-0.478262162841398,0.024210164330997
3743,40432088400,1,0.638049178567084,-0.602969665296028,-0.478262162841398,0.024210164330997
3744,40452088525,0,0.636517835350173,-0.603828529637719,-0.479218717105914,0.024198620870669
3745,40452088525,1,0.636236314698038,-0.604016129417432,-0.479350344914603,0.024312838034539
3746,40492088725,0,0.636236314698038,-0.604016129417432,-0.479350344914603,0.024312838034539
3747,40492088725,1,0.636236314698038,-0.604016129417432,-0.479350344914603,0.024312838034539
3748,40512088825,0,0.636236314698038,-0.604016129417432,-0.479350344914603,0.024312838034539
3749,40512088825,1,0.636236314698038,-0.604016129417432,-0.479350344914603,0.024312838034539
3750,40532088925,0,0.636236314698038,-0.604016129417432,-0.479350344914603,0.024312838034539
3751,40532088925,1,0.636236314698038,-0.604016129417432,-0.479350344914603,0.024312838034539
3752,40552089025,0,0.634704409418990,-0.604870734574928,-0.480303097157505,0.024303126954909
3753,40552089025,1,0.634421876141638,-0.605055733981610,-0.480437744896247,0.024413421061117
3754,40572089125,0,0.634421876141638,-0.605055733981610,-0.480437744896247,0.024413421061117
3755,40572089125,1,0.634421876141638,-0.605055733981610,-0.480437744896247,0.024413421061117
3756,40592089225,0,0.634421876141638,-0.605055733981610,-0.480437744896247,0.024413421061117
3757,40592089225,1,0.634421876141638,-0.605055733981610,-0.480437744896247,0.024413421061117
3758,40612089325,0,0.634421876141638,-0.605055733981610,-0.480437744896247,0.024413421061117
3759,40612089325,1,0.634421876141638,-0.605055733981610,-0.480437744896247,0.024413421061117
3760,40632089425,0,0.632888343928072,-0.605905535674954,-0.481388874360498,0.024404458616468
3761,40632089425,1,0.632605057274216,-0.606088020456724,-0.481526074668513,0.024511066567348
3762,40652089525,0,0.632605057274216,-0.606088020456724,-0.481526074668513,0.024511066567348
3763,40652089525,1,0.632605057274216,-0.606088020456724,-0.481526074668513,0.024511066567348
3764,40672089625,0,0.632605057274216,-0.606088020456724,-0.481526074668513,0.024511066567348
3765,40672089625,1,0.632605057274216,-0.606088020456724,-0.481526074668513,0.024511066567348
3766,40692089725,0,0.632605057274216,-0.606088020456724,-0.481526074668513,0.024511066567348
3767,40692089725,1,0.632605057274216,-0.606088020456724,-0.481526074668513,0.024511066567348
3768,40712089825,0,0.631070319238103,-0.606933180939712,-0.482474827411152,0.024503203172245
3769,40712089825,1,0.630786053130202,-0.607115681704562,-0.482611520987777,0.024609429385743
3770,40732089925,0,0.630786053130202,-0.607115681704562,-0.482611520987777,0.024609429385743
3771,40732089925,1,0.630786053130202,-0.607115681704562,-0.482611520987777,0.024609429385743
3772,40752090025,0,0.630786053130202,-0.607115681704562,-0.482611520987777,0.024609429385743
3773,40752090025,1,0.630786053130202,-0.607115681704562,-0.482611520987777,0.024609429385743
3774,40772090125,0,0.630786053130202,-0.607115681704562,-0.482611520987777,0.024609429385743
3775,40772090125,1,0.630786053130202,-0.607115681704562,-0.482611520987777,0.024609429385743
3776,40792090225,0,0.629248603920542,-0.607953900691729,-0.483562916609466,0.024599893859673
3777,40792090225,1,0.628951826226383,-0.608148468169618,-0.483698504003775,0.024714331347520
3778,40812090325,0,0.628951826226383,-0.608148468169618,-0.483698504003775,0.024714331347520
3779,40812090325,1,0.628951826226383,-0.608148468169618,-0.483698504003775,0.024714331347520
3780,40832090425,0,0.628951826226383,-0.608148468169618,-0.483698504003775,0.024714331347520
3781,40832090425,1,0.628951826226383,-0.608148468169618,-0.483698504003775,0.024714331347520
3782,40852090525,0,0.628951826226383,-0.608148468169618,-0.483698504003775,0.024714331347520
3783,40852090525,1,0.628951826226383,-0.608148468169618,-0.483698504003775,0.024714331347520
3784,40872090600,0,0.627413923809453,-0.608983170841986,-0.484645039044487,0.024707326258292
3785,40872090600,1,0.627115964459322,-0.609177504062434,-0.484780620731326,0.024821068225752
3786,40892090725,0,0.627115964459322,-0.609177504062434,-0.484780620731326,0.024821068225752
3787,40892090725,1,0.627115964459322,-0.609177504062434,-0.484780620731326,0.024821068225752
3788,40912090825,0,0.627115964459322,-0.609177504062434,-0.484780620731326,0.024821068225752
3789,40912090825,1,0.627115964459322,-0.609177504062434,-0.484780620731326,0.024821068225752
3790,40932090925,0,0.627115964459322,-0.609177504062434,-0.484780620731326,0.024821068225752
3791,40932090925,1,0.627115964459322,-0.609177504062434,-0.484780620731326,0.024821068225752
3792,40952091025,0,0.625575945089509,-0.610012049272272,-0.485720157684029,0.024818643947902
3793,40952091025,1,0.625277340158299,-0.610202816013656,-0.485859413047204,0.024927935473952
3794,40972091425,0,0.625277340158299,-0.610202816013656,-0.485859413047204,0.024927935473952
3795,40972091425,1,0.625277340158299,-0.610202816013656,-0.485859413047204,0.024927935473952
3796,40992091525,0,0.625277340158299,-0.610202816013656,-0.485859413047204,0.024927935473952
3797,40992091525,1,0.625277340158299,-0.610202816013656,-0.485859413047204,0.024927935473952
3798,41012091625,0,0.625277340158299,-0.610202816013656,-0.485859413047204,0.024927935473952
3799,41012091625,1,0.625277340158299,-0.610202816013656,-0.485859413047204,0.024927935473952
3800,41032091700,0,0.623736832376708,-0.611030391105017,-0.486798695966962,0.024924981195294
3801,41032091700,1,0.623437195214023,-0.611219054210012,-0.486940228170925,0.025030892575730
3802,41052091825,0,0.623437195214023,-0.611219054210012,-0.486940228170925,0.025030892575730
3803,41052091825,1,0.623437195214023,-0.611219054210012,-0.486940228170925,0.025030892575730
3804,41072091925,0,0.623437195214023,-0.611219054210012,-0.486940228170925,0.025030892575730
3805,41072091925,1,0.623437195214023,-0.611219054210012,-0.486940228170925,0.025030892575730
3806,41092092025,0,0.623437195214023,-0.611219054210012,-0.486940228170925,0.025030892575730
3807,41092092025,1,0.623437195214023,-0.611219054210012,-0.486940228170925,0.025030892575730
3808,41132092225,0,0.621895738123811,-0.612041865884282,-0.487877024925786,0.025029060267833
3809,41132092225,1,0.621595051828107,-0.612230536003744,-0.488018048174113,0.025134577452399
3810,41152092325,0,0.621595051828107,-0.612230536003744,-0.488018048174113,0.025134577452399
3811,41152092325,1,0.621595051828107,-0.612230536003744,-0.488018048174113,0.025134577452399
3812,41172092425,0,0.621595051828107,-0.612230536003744,-0.488018048174113,0.025134577452399
3813,41172092425,1,0.621595051828107,-0.612230536003744,-0.488018048174113,0.025134577452399
3814,41192092525,0,0.621595051828107,-0.612230536003744,-0.488018048174113,0.025134577452399
3815,41192092525,1,0.621595051828107,-0.612230536003744,-0.488018048174113,0.025134577452399
3816,41212092625,0,0.620053059389173,-0.613042616117651,-0.488959588606975,0.025129167814531
3817,41212092625,1,0.619751226615666,-0.613232568830651,-0.489098574763771,0.025235249112805
3818,41232092725,0,0.619751226615666,-0.613232568830651,-0.489098574763771,0.025235249112805
3819,41232092725,1,0.619751226615666,-0.613232568830651,-0.489098574763771,0.025235249112805
3820,41252092825,0,0.619751226615666,-0.613232568830651,-0.489098574763771,0.025235249112805
3821,41252092825,1,0.619751226615666,-0.613232568830651,-0.489098574763771,0.025235249112805
3822,41272092925,0,0.619751226615666,-0.613232568830651,-0.489098574763771,0.025235249112805
3823,41272092925,1,0.619751226615666,-0.613232568830651,-0.489098574763771,0.025235249112805
3824,41292093025,0,0.618208194860630,-0.614042812953065,-0.490034009986053,0.025233325679299
3825,41292093025,1,0.617905344926181,-0.614232146043110,-0.490173249828717,0.025338520700462
3826,41312093125,0,0.617905344926181,-0.614232146043110,-0.490173249828717,0.025338520700462
3827,41312093125,1,0.617905344926181,-0.614232146043110,-0.490173249828717,0.025338520700462
3828,41332093225,0,0.617905344926181,-0.614232146043110,-0.490173249828717,0.025338520700462
3829,41332093225,1,0.617905344926181,-0.614232146043110,-0.490173249828717,0.025338520700462
3830,41352093325,0,0.617905344926181,-0.614232146043110,-0.490173249828717,0.025338520700462
3831,41352093325,1,0.617905344926181,-0.614232146043110,-0.490173249828717,0.025338520700462
3832,41372093425,0,0.616365744942637,-0.615039844291817,-0.491097828796139,0.025341289361927
3833,41372093425,1,0.616052178837698,-0.615229571932654,-0.491248430336158,0.025441431979147
3834,41392093500,0,0.616052178837698,-0.615229571932654,-0.491248430336158,0.025441431979147
3835,41392093500,1,0.616052178837698,-0.615229571932654,-0.491248430336158,0.025441431979147
3836,41412093600,0,0.616052178837698,-0.615229571932654,-0.491248430336158,0.025441431979147
3837,41412093600,1,0.616052178837698,-0.615229571932654,-0.491248430336158,0.025441431979147
3838,41432093725,0,0.616052178837698,-0.615229571932654,-0.491248430336158,0.025441431979147
3839,41432093725,1,0.616052178837698,-0.615229571932654,-0.491248430336158,0.025441431979147
3840,41452093800,0,0.614509695865334,-0.616031427973534,-0.492174495459333,0.025443652562752
3841,41452093800,1,0.614192655610170,-0.616221585218179,-0.492327049614108,0.025542433791437
3842,41472093925,0,0.614192655610170,-0.616221585218179,-0.492327049614108,0.025542433791437
3843,41472093925,1,0.614192655610170,-0.616221585218179,-0.492327049614108,0.025542433791437
3844,41492094025,0,0.614192655610170,-0.616221585218179,-0.492327049614108,0.025542433791437
3845,41492094025,1,0.614192655610170,-0.616221585218179,-0.492327049614108,0.025542433791437
3846,41512094125,0,0.614192655610170,-0.616221585218179,-0.492327049614108,0.025542433791437
3847,41512094125,1,0.614192655610170,-0.616221585218179,-0.492327049614108,0.025542433791437
3848,41532094225,0,0.612649409163348,-0.617018646146033,-0.493250548563644,0.025545803991692
3849,41532094225,1,0.612328312785339,-0.617210337995428,-0.493404291312370,0.025644518860128
3850,41552094325,0,0.612328312785339,-0.617210337995428,-0.493404291312370,0.025644518860128
3851,41552094325,1,0.612328312785339,-0.617210337995428,-0.493404291312370,0.025644518860128
3852,41572094425,0,0.612328312785339,-0.617210337995428,-0.493404291312370,0.025644518860128
3853,41572094425,1,0.612328312785339,-0.617210337995428,-0.493404291312370,0.025644518860128
3854,41592094525,0,0.612328312785339,-0.617210337995428,-0.493404291312370,0.025644518860128
3855,41592094525,1,0.612328312785339,-0.617210337995428,-0.493404291312370,0.025644518860128
3856,41612094625,0,0.610783262984565,-0.618003308710800,-0.494325637568846,0.025649173916234
3857,41612094625,1,0.610452423940986,-0.618199468777490,-0.494483844291196,0.025748449328156
3858,41632094725,0,0.610452423940986,-0.618199468777490,-0.494483844291196,0.025748449328156
3859,41632094725,1,0.610452423940986,-0.618199468777490,-0.494483844291196,0.025748449328156
3860,41652094825,0,0.610452423940986,-0.618199468777490,-0.494483844291196,0.025748449328156
3861,41652094825,1,0.610452423940986,-0.618199468777490,-0.494483844291196,0.025748449328156
3862,41672094925,0,0.610452423940986,-0.618199468777490,-0.494483844291196,0.025748449328156
3863,41672094925,1,0.610452423940986,-0.618199468777490,-0.494483844291196,0.025748449328156
3864,41692095025,0,0.608907240725118,-0.618987270609825,-0.495402311475766,0.025754238485939
3865,41692095025,1,0.608575132187847,-0.619183459035185,-0.495560055729785,0.025853117894374
3866,41712095125,0,0.608575132187847,-0.619183459035185,-0.495560055729785,0.025853117894374
3867,41712095125,1,0.608575132187847,-0.619183459035185,-0.495560055729785,0.025853117894374
3868,41732095225,0,0.608575132187847,-0.619183459035185,-0.495560055729785,0.025853117894374
3869,41732095225,1,0.608575132187847,-0.619183459035185,-0.495560055729785,0.025853117894374
3870,41772095425,0,0.608575132187847,-0.619183459035185,-0.495560055729785,0.025853117894374
3871,41772095425,1,0.608575132187847,-0.619183459035185,-0.495560055729785,0.025853117894374
3872,41792095525,0,0.607023996291608,-0.619968017757102,-0.496480433066627,0.025859320688480
3873,41792095525,1,0.606692218861782,-0.620159765870295,-0.496641574769723,0.025953084181233
3874,41812095625,0,0.606692218861782,-0.620159765870295,-0.496641574769723,0.025953084181233
3875,41812095625,1,0.606692218861782,-0.620159765870295,-0.496641574769723,0.025953084181233
3876,41832095725,0,0.606692218861782,-0.620159765870295,-0.496641574769723,0.025953084181233
3877,41832095725,1,0.606692218861782,-0.620159765870295,-0.496641574769723,0.025953084181233
3878,41852095825,0,0.606692218861782,-0.620159765870295,-0.496641574769723,0.025953084181233
3879,41852095825,1,0.606692218861782,-0.620159765870295,-0.496641574769723,0.025953084181233
3880,41872095925,0,0.605143197025179,-0.620938643194076,-0.497556978143501,0.025960854823222
3881,41872095925,1,0.604809690985951,-0.621129227448852,-0.497719786617600,0.026052533611944
3882,41892096025,0,0.604809690985951,-0.621129227448852,-0.497719786617600,0.026052533611944
3883,41892096025,1,0.604809690985951,-0.621129227448852,-0.497719786617600,0.026052533611944
3884,41912096125,0,0.604809690985951,-0.621129227448852,-0.497719786617600,0.026052533611944
3885,41912096125,1,0.604809690985951,-0.621129227448852,-0.497719786617600,0.026052533611944
3886,41932096225,0,0.604809690985951,-0.621129227448852,-0.497719786617600,0.026052533611944
3887,41932096225,1,0.604809690985951,-0.621129227448852,-0.497719786617600,0.026052533611944
3888,41952096325,0,0.603263166080746,-0.621902973866045,-0.498629118473065,0.026062343670095
3889,41952096325,1,0.602927638874155,-0.622096259692265,-0.498788867616658,0.026156672193213
3890,41972096425,0,0.602927638874155,-0.622096259692265,-0.498788867616658,0.026156672193213
3891,41972096425,1,0.602927638874155,-0.622096259692265,-0.498788867616658,0.026156672193213
3892,41992096525,0,0.602927638874155,-0.622096259692265,-0.498788867616658,0.026156672193213
3893,41992096525,1,0.602927638874155,-0.622096259692265,-0.498788867616658,0.026156672193213
3894,42012096625,0,0.602927638874155,-0.622096259692265,-0.498788867616658,0.026156672193213
3895,42012096625,1,0.602927638874155,-0.622096259692265,-0.498788867616658,0.026156672193213
3896,42032096400,0,0.601379708763860,-0.622866804323120,-0.499694506401760,0.026168496924726
3897,42032096400,1,0.601043097703074,-0.623062328574919,-0.499850632983244,0.026265454889331
3898,42142099900,0,0.601043097703074,-0.623062328574919,-0.499850632983244,0.026265454889331
3899,42142099900,1,0.601043097703074,-0.623062328574919,-0.499850632983244,0.026265454889331
3900,42162099200,0,0.601043097703074,-0.623062328574919,-0.499850632983244,0.026265454889331
3901,42162099200,1,0.601043097703074,-0.623062328574919,-0.499850632983244,0.026265454889331
3902,42182098725,0,0.601043097703074,-0.623062328574919,-0.499850632983244,0.026265454889331
3903,42182098725,1,0.601043097703074,-0.623062328574919,-0.499850632983244,0.026265454889331
3904,42202098275,0,0.599495242243206,-0.623824162491129,-0.500757864523282,0.026276033530259
3905,42202098275,1,0.599157615921422,-0.624015128397455,-0.500919223965642,0.026366681173887
3906,42222097675,0,0.599157615921422,-0.624015128397455,-0.500919223965642,0.026366681173887
3907,42222097675,1,0.599157615921422,-0.624015128397455,-0.500919223965642,0.026366681173887
3908,42242097750,0,0.599157615921422,-0.624015128397455,-0.500919223965642,0.026366681173887
3909,42242097750,1,0.599157615921422,-0.624015128397455,-0.500919223965642,0.026366681173887
3910,42262097875,0,0.599157615921422,-0.624015128397455,-0.500919223965642,0.026366681173887
3911,42262097875,1,0.599157615921422,-0.624015128397455,-0.500919223965642,0.026366681173887
3912,42282097975,0,0.597609145308953,-0.624773528928987,-0.501822156485936,0.026379352769310
3913,42282097975,1,0.597270396106271,-0.624964126172003,-0.501983351366122,0.026469414129515
3914,42302098075,0,0.597270396106271,-0.624964126172003,-0.501983351366122,0.026469414129515
3915,42302098075,1,0.597270396106271,-0.624964126172003,-0.501983351366122,0.026469414129515
3916,42322098175,0,0.597270396106271,-0.624964126172003,-0.501983351366122,0.026469414129515
3917,42322098175,1,0.597270396106271,-0.624964126172003,-0.501983351366122,0.026469414129515
3918,42342098275,0,0.597270396106271,-0.624964126172003,-0.501983351366122,0.026469414129515
3919,42342098275,1,0.597270396106271,-0.624964126172003,-0.501983351366122,0.026469414129515
3920,42362098375,0,0.595722664811319,-0.625718910301733,-0.502880628272147,0.026484441272632
3921,42362098375,1,0.595406104275180,-0.625905109954576,-0.503018714317414,0.026580770700988
3922,42412098625,0,0.595406104275180,-0.625905109954576,-0.503018714317414,0.026580770700988
3923,42412098625,1,0.595406104275180,-0.625905109954576,-0.503018714317414,0.026580770700988
3924,42432098725,0,0.595406104275180,-0.625905109954576,-0.503018714317414,0.026580770700988
3925,42432098725,1,0.595406104275180,-0.625905109954576,-0.503018714317414,0.026580770700988
3926,42452098800,0,0.595406104275180,-0.625905109954576,-0.503018714317414,0.026580770700988
3927,42452098800,1,0.595406104275180,-0.625905109954576,-0.503018714317414,0.026580770700988
3928,42472098925,0,0.593857895177128,-0.626654268174325,-0.503914535394978,0.026596419540152
3929,42472098925,1,0.593563914844589,-0.626836604133895,-0.504028667017071,0.026699317168172
3930,42492099025,0,0.593563914844589,-0.626836604133895,-0.504028667017071,0.026699317168172
3931,42492099025,1,0.593563914844589,-0.626836604133895,-0.504028667017071,0.026699317168172
3932,42512099125,0,0.593563914844589,-0.626836604133895,-0.504028667017071,0.026699317168172
3933,42512099125,1,0.593563914844589,-0.626836604133895,-0.504028667017071,0.026699317168172
3934,42532099225,0,0.593563914844589,-0.626836604133895,-0.504028667017071,0.026699317168172
3935,42532099225,1,0.593563914844589,-0.626836604133895,-0.504028667017071,0.026699317168172
3936,42552099325,0,0.592015757836108,-0.627580816634207,-0.504921685075981,0.026716156282517
3937,42552099325,1,0.591726585656227,-0.627761577371752,-0.505030456470846,0.026819542132605
3938,42572099425,0,0.591726585656227,-0.627761577371752,-0.505030456470846,0.026819542132605
3939,42572099425,1,0.591726585656227,-0.627761577371752,-0.505030456470846,0.026819542132605
3940,42592099525,0,0.591726585656227,-0.627761577371752,-0.505030456470846,0.026819542132605
3941,42592099525,1,0.591726585656227,-0.627761577371752,-0.505030456470846,0.026819542132605
3942,42612099625,0,0.591726585656227,-0.627761577371752,-0.505030456470846,0.026819542132605
3943,42612099625,1,0.591726585656227,-0.627761577371752,-0.505030456470846,0.026819542132605
3944,42632099725,0,0.590178613229043,-0.628499443114093,-0.505922370006176,0.026836728929822
3945,42632099725,1,0.589906189633510,-0.628675654253018,-0.506015519109121,0.026942598284873
3946,42652099825,0,0.589906189633510,-0.628675654253018,-0.506015519109121,0.026942598284873
3947,42652099825,1,0.589906189633510,-0.628675654253018,-0.506015519109121,0.026942598284873
3948,42672099900,0,0.589906189633510,-0.628675654253018,-0.506015519109121,0.026942598284873
3949,42672099900,1,0.589906189633510,-0.628675654253018,-0.506015519109121,0.026942598284873
3950,42692100025,0,0.589906189633510,-0.628675654253018,-0.506015519109121,0.026942598284873
3951,42692100025,1,0.589906189633510,-0.628675654253018,-0.506015519109121,0.026942598284873
3952,42712100125,0,0.588358221379251,-0.629409399913755,-0.506903829268595,0.026961426306589
3953,42712100125,1,0.588084718463477,-0.629585582185879,-0.506996794134775,0.027066757294898
3954,42732100225,0,0.588084718463477,-0.629585582185879,-0.506996794134775,0.027066757294898
3955,42732100225,1,0.588084718463477,-0.629585582185879,-0.506996794134775,0.027066757294898
3956,42752100325,0,0.588084718463477,-0.629585582185879,-0.506996794134775,0.027066757294898
3957,42752100325,1,0.588084718463477,-0.629585582185879,-0.506996794134775,0.027066757294898
3958,42772100425,0,0.588084718463477,-0.629585582185879,-0.506996794134775,0.027066757294898
3959,42772100425,1,0.588084718463477,-0.629585582185879,-0.506996794134775,0.027066757294898
3960,42792100525,0,0.586537661639925,-0.630313318478049,-0.507882883139572,0.027086325719698
3961,42792100525,1,0.586244890986412,-0.630494763702980,-0.507990218888089,0.027188568360343
3962,42812100625,0,0.586244890986412,-0.630494763702980,-0.507990218888089,0.027188568360343
3963,42812100625,1,0.586244890986412,-0.630494763702980,-0.507990218888089,0.027188568360343
3964,42832100725,0,0.586244890986412,-0.630494763702980,-0.507990218888089,0.027188568360343
3965,42832100725,1,0.586244890986412,-0.630494763702980,-0.507990218888089,0.027188568360343
3966,42852100825,0,0.586244890986412,-0.630494763702980,-0.507990218888089,0.027188568360343
3967,42852100825,1,0.586244890986412,-0.630494763702980,-0.507990218888089,0.027188568360343
3968,42872100875,0,0.584697316328638,-0.631218383639208,-0.508873300169650,0.027209645503811
3969,42872100875,1,0.584397557955270,-0.631401355594541,-0.508985226196110,0.027310472778553
3970,42892101000,0,0.584397557955270,-0.631401355594541,-0.508985226196110,0.027310472778553
3971,42892101000,1,0.584397557955270,-0.631401355594541,-0.508985226196110,0.027310472778553
3972,42912101125,0,0.584397557955270,-0.631401355594541,-0.508985226196110,0.027310472778553
3973,42912101125,1,0.584397557955270,-0.631401355594541,-0.508985226196110,0.027310472778553
3974,42932101225,0,0.584397557955270,-0.631401355594541,-0.508985226196110,0.027310472778553
3975,42932101225,1,0.584397557955270,-0.631401355594541,-0.508985226196110,0.027310472778553
3976,42952101325,0,0.582850041484081,-0.632120173746380,-0.509865504423192,0.027332809664149
3977,42952101325,1,0.582549150237089,-0.632303196746646,-0.509977034399100,0.027433179318440
3978,42972101375,0,0.582549150237089,-0.632303196746646,-0.509977034399100,0.027433179318440
3979,42972101375,1,0.582549150237089,-0.632303196746646,-0.509977034399100,0.027433179318440
3980,42992101525,0,0.582549150237089,-0.632303196746646,-0.509977034399100,0.027433179318440
3981,42992101525,1,0.582549150237089,-0.632303196746646,-0.509977034399100,0.027433179318440
3982,43012101625,0,0.582549150237089,-0.632303196746646,-0.509977034399100,0.027433179318440
3983,43012101625,1,0.582549150237089,-0.632303196746646,-0.509977034399100,0.027433179318440
3984,43052101825,0,0.581001712001154,-0.633016117757953,-0.510855913617181,0.027456162017540
3985,43052101825,1,0.580699687163611,-0.633199424520874,-0.510966748774071,0.027556192802607
3986,43072101925,0,0.580699687163611,-0.633199424520874,-0.510966748774071,0.027556192802607
3987,43072101925,1,0.580699687163611,-0.633199424520874,-0.510966748774071,0.027556192802607
3988,43092102025,0,0.580699687163611,-0.633199424520874,-0.510966748774071,0.027556192802607
3989,43092102025,1,0.580699687163611,-0.633199424520874,-0.510966748774071,0.027556192802607
3990,43112102125,0,0.580699687163611,-0.633199424520874,-0.510966748774071,0.027556192802607
3991,43112102125,1,0.580699687163611,-0.633199424520874,-0.510966748774071,0.027556192802607
3992,43132102225,0,0.579152500722645,-0.633908014728496,-0.511842077673693,0.027580741330892
3993,43132102225,1,0.578849306151331,-0.634091271322538,-0.511952677580686,0.027680251419678
3994,43152102325,0,0.578849306151331,-0.634091271322538,-0.511952677580686,0.027680251419678
3995,43152102325,1,0.578849306151331,-0.634091271322538,-0.511952677580686,0.027680251419678
3996,43172102425,0,0.578849306151331,-0.634091271322538,-0.511952677580686,0.027680251419678
3997,43172102425,1,0.578849306151331,-0.634091271322538,-0.511952677580686,0.027680251419678
3998,43192102525,0,0.578849306151331,-0.634091271322538,-0.511952677580686,0.027680251419678
3999,43192102525,1,0.578849306151331,-0.634091271322538,-0.511952677580686,0.027680251419678
4000,43212103050,0,0.577296027757691,-0.634800710824431,-0.512825153057812,0.027707693213610
4001,43212103050,1,0.576993183649930,-0.634982719742720,-0.512935293609488,0.027806406085730
4002,43232102725,0,0.576993183649930,-0.634982719742720,-0.512935293609488,0.027806406085730
4003,43232102725,1,0.576993183649930,-0.634982719742720,-0.512935293609488,0.027806406085730
4004,43252102825,0,0.576993183649930,-0.634982719742720,-0.512935293609488,0.027806406085730
4005,43252102825,1,0.576993183649930,-0.634982719742720,-0.512935293609488,0.027806406085730
4006,43272102925,0,0.576993183649930,-0.634982719742720,-0.512935293609488,0.027806406085730
4007,43272102925,1,0.576993183649930,-0.634982719742720,-0.512935293609488,0.027806406085730
4008,43292103000,0,0.575443294563294,-0.635684510536015,-0.513804893090308,0.027834324909834
4009,43292103000,1,0.575138537584781,-0.635867215504644,-0.513914690347416,0.027932738432339
4010,43312103125,0,0.575138537584781,-0.635867215504644,-0.513914690347416,0.027932738432339
4011,43312103125,1,0.575138537584781,-0.635867215504644,-0.513914690347416,0.027932738432339
4012,43332103225,0,0.575138537584781,-0.635867215504644,-0.513914690347416,0.027932738432339
4013,43332103225,1,0.575138537584781,-0.635867215504644,-0.513914690347416,0.027932738432339
4014,43352103325,0,0.575138537584781,-0.635867215504644,-0.513914690347416,0.027932738432339
4015,43352103325,1,0.575138537584781,-0.635867215504644,-0.513914690347416,0.027932738432339
4016,43372103425,0,0.573597871497760,-0.636557809104087,-0.514779414061438,0.027960549715747
4017,43372103425,1,0.573283829480411,-0.636742211264580,-0.514895957015594,0.028056384285294
4018,43392103500,0,0.573283829480411,-0.636742211264580,-0.514895957015594,0.028056384285294
4019,43392103500,1,0.573283829480411,-0.636742211264580,-0.514895957015594,0.028056384285294
4020,43412103625,0,0.573283829480411,-0.636742211264580,-0.514895957015594,0.028056384285294
4021,43412103625,1,0.573283829480411,-0.636742211264580,-0.514895957015594,0.028056384285294
4022,43432103700,0,0.573283829480411,-0.636742211264580,-0.514895957015594,0.028056384285294
4023,43432103700,1,0.573283829480411,-0.636742211264580,-0.514895957015594,0.028056384285294
4024,43452103825,0,0.571739242091998,-0.637431040305552,-0.515758738499449,0.028086145490375
4025,43452103825,1,0.571419040702051,-0.637614911388822,-0.515881236290395,0.028178976937895
4026,43472103925,0,0.571419040702051,-0.637614911388822,-0.515881236290395,0.028178976937895
4027,43472103925,1,0.571419040702051,-0.637614911388822,-0.515881236290395,0.028178976937895
4028,43492104025,0,0.571419040702051,-0.637614911388822,-0.515881236290395,0.028178976937895
4029,43492104025,1,0.571419040702051,-0.637614911388822,-0.515881236290395,0.028178976937895
4030,43512104125,0,0.571419040702051,-0.637614911388822,-0.515881236290395,0.028178976937895
4031,43512104125,1,0.571419040702051,-0.637614911388822,-0.515881236290395,0.028178976937895
4032,43532104225,0,0.569874795724144,-0.638298932266204,-0.516741119400241,0.028210029903837
4033,43532104225,1,0.569553400720903,-0.638482813662849,-0.516863226143816,0.028302399980094
4034,43552104325,0,0.569553400720903,-0.638482813662849,-0.516863226143816,0.028302399980094
4035,43552104325,1,0.569553400720903,-0.638482813662849,-0.516863226143816,0.028302399980094
4036,43572104400,0,0.569553400720903,-0.638482813662849,-0.516863226143816,0.028302399980094
4037,43572104400,1,0.569553400720903,-0.638482813662849,-0.516863226143816,0.028302399980094
4038,43592104525,0,0.569553400720903,-0.638482813662849,-0.516863226143816,0.028302399980094
4039,43592104525,1,0.569553400720903,-0.638482813662849,-0.516863226143816,0.028302399980094
4040,43612104625,0,0.568005015495944,-0.639167963427400,-0.517717727449787,0.028336753232350
4041,43612104625,1,0.567683503602014,-0.639350522581169,-0.517839920096974,0.028428263529256
4042,43632104725,0,0.567683503602014,-0.639350522581169,-0.517839920096974,0.028428263529256
4043,43632104725,1,0.567683503602014,-0.639350522581169,-0.517839920096974,0.028428263529256
4044,43682104950,0,0.567683503602014,-0.639350522581169,-0.517839920096974,0.028428263529256
4045,43682104950,1,0.567683503602014,-0.639350522581169,-0.517839920096974,0.028428263529256
4046,43702105075,0,0.567683503602014,-0.639350522581169,-0.517839920096974,0.028428263529256
4047,43702105075,1,0.567683503602014,-0.639350522581169,-0.517839920096974,0.028428263529256
4048,43722105175,0,0.566137924141180,-0.640027841403164,-0.518692660647230,0.028462903376475
4049,43722105175,1,0.565814637603982,-0.640211084700637,-0.518814247323415,0.028554153353706
4050,43742105275,0,0.565814637603982,-0.640211084700637,-0.518814247323415,0.028554153353706
4051,43742105275,1,0.565814637603982,-0.640211084700637,-0.518814247323415,0.028554153353706
4052,43762105375,0,0.565814637603982,-0.640211084700637,-0.518814247323415,0.028554153353706
4053,43762105375,1,0.565814637603982,-0.640211084700637,-0.518814247323415,0.028554153353706
4054,43782105475,0,0.565814637603982,-0.640211084700637,-0.518814247323415,0.028554153353706
4055,43782105475,1,0.565814637603982,-0.640211084700637,-0.518814247323415,0.028554153353706
4056,43802105575,0,0.564271868501994,-0.640880091347866,-0.519665895323925,0.028588881901936
4057,43802105575,1,0.563946811662052,-0.641064121537832,-0.519786733918797,0.028679904727225
4058,43822105675,0,0.563946811662052,-0.641064121537832,-0.519786733918797,0.028679904727225
4059,43822105675,1,0.563946811662052,-0.641064121537832,-0.519786733918797,0.028679904727225
4060,43842105775,0,0.563946811662052,-0.641064121537832,-0.519786733918797,0.028679904727225
4061,43842105775,1,0.563946811662052,-0.641064121537832,-0.519786733918797,0.028679904727225
4062,43862105875,0,0.563946811662052,-0.641064121537832,-0.519786733918797,0.028679904727225
4063,43862105875,1,0.563946811662052,-0.641064121537832,-0.519786733918797,0.028679904727225
4064,43882105975,0,0.562403631673520,-0.641729905119736,-0.520634465260813,0.028716502886606
4065,43882105975,1,0.562077580786569,-0.641913589885544,-0.520755121038470,0.028806947245074
4066,43902106025,0,0.562077580786569,-0.641913589885544,-0.520755121038470,0.028806947245074
4067,43902106025,1,0.562077580786569,-0.641913589885544,-0.520755121038470,0.028806947245074
4068,43922106175,0,0.562077580786569,-0.641913589885544,-0.520755121038470,0.028806947245074
4069,43922106175,1,0.562077580786569,-0.641913589885544,-0.520755121038470,0.028806947245074
4070,43942106275,0,0.562077580786569,-0.641913589885544,-0.520755121038470,0.028806947245074
4071,43942106275,1,0.562077580786569,-0.641913589885544,-0.520755121038470,0.028806947245074
4072,43962106375,0,0.560527600031466,-0.642578804420813,-0.521602555553657,0.028845515283632
4073,43962106375,1,0.560189679568400,-0.642767149762981,-0.521728459550264,0.028936630521466
4074,43982106475,0,0.560189679568400,-0.642767149762981,-0.521728459550264,0.028936630521466
4075,43982106475,1,0.560189679568400,-0.642767149762981,-0.521728459550264,0.028936630521466
4076,44002106575,0,0.560189679568400,-0.642767149762981,-0.521728459550264,0.028936630521466
4077,44002106575,1,0.560189679568400,-0.642767149762981,-0.521728459550264,0.028936630521466
4078,44022106675,0,0.560189679568400,-0.642767149762981,-0.521728459550264,0.028936630521466
4079,44022106675,1,0.560189679568400,-0.642767149762981,-0.521728459550264,0.028936630521466
4080,44042106775,0,0.558643974293690,-0.643425397814955,-0.522571571605267,0.028976196817743
4081,44042106775,1,0.558291495076734,-0.643619863718510,-0.522703661252792,0.029068196794409
4082,44062121550,0,0.558291495076734,-0.643619863718510,-0.522703661252792,0.029068196794409
4083,44062121550,1,0.558291495076734,-0.643619863718510,-0.522703661252792,0.029068196794409
4084,44082105675,0,0.558291495076734,-0.643619863718510,-0.522703661252792,0.029068196794409
4085,44082105675,1,0.558291495076734,-0.643619863718510,-0.522703661252792,0.029068196794409
4086,44102107075,0,0.558291495076734,-0.643619863718510,-0.522703661252792,0.029068196794409
4087,44102107075,1,0.558291495076734,-0.643619863718510,-0.522703661252792,0.029068196794409
4088,44122107175,0,0.556746543255151,-0.644273176072422,-0.523543715285111,0.029109093982054
4089,44122107175,1,0.556392751045829,-0.644467614190027,-0.523675400446627,0.029200613194485
4090,44142107275,0,0.556392751045829,-0.644467614190027,-0.523675400446627,0.029200613194485
4091,44142107275,1,0.556392751045829,-0.644467614190027,-0.523675400446627,0.029200613194485
4092,44162107375,0,0.556392751045829,-0.644467614190027,-0.523675400446627,0.029200613194485
4093,44162107375,1,0.556392751045829,-0.644467614190027,-0.523675400446627,0.029200613194485
4094,44182107475,0,0.556392751045829,-0.644467614190027,-0.523675400446627,0.029200613194485
4095,44182107475,1,0.556392751045829,-0.644467614190027,-0.523675400446627,0.029200613194485
4096,44202107575,0,0.554850333730792,-0.645113457969089,-0.524513713306866,0.029242059760494
4097,44202107575,1,0.554495119673448,-0.645302845126956,-0.524651605979865,0.029327336601427
4098,44222107900,0,0.554495119673448,-0.645302845126956,-0.524651605979865,0.029327336601427
4099,44222107900,1,0.554495119673448,-0.645302845126956,-0.524651605979865,0.029327336601427
4100,44242107775,0,0.554495119673448,-0.645302845126956,-0.524651605979865,0.029327336601427
4101,44242107775,1,0.554495119673448,-0.645302845126956,-0.524651605979865,0.029327336601427
4102,44262107875,0,0.554495119673448,-0.645302845126956,-0.524651605979865,0.029327336601427
4103,44262107875,1,0.554495119673448,-0.645302845126956,-0.524651605979865,0.029327336601427
4104,44312108125,0,0.552952789301043,-0.645944955504660,-0.525486157458261,0.029370488283831
4105,44312108125,1,0.552596433499187,-0.646134040339146,-0.525623794660459,0.029455221705654
4106,44332108225,0,0.552596433499187,-0.646134040339146,-0.525623794660459,0.029455221705654
4107,44332108225,1,0.552596433499187,-0.646134040339146,-0.525623794660459,0.029455221705654
4108,44352108325,0,0.552596433499187,-0.646134040339146,-0.525623794660459,0.029455221705654
4109,44352108325,1,0.552596433499187,-0.646134040339146,-0.525623794660459,0.029455221705654
4110,44372108425,0,0.552596433499187,-0.646134040339146,-0.525623794660459,0.029455221705654
4111,44372108425,1,0.552596433499187,-0.646134040339146,-0.525623794660459,0.029455221705654
4112,44392108525,0,0.551054515717157,-0.646773048055489,-0.526453487441414,0.029500348769371
4113,44392108525,1,0.550697181704874,-0.646957491497042,-0.526596274798812,0.029580088339590
4114,44412108625,0,0.550697181704874,-0.646957491497042,-0.526596274798812,0.029580088339590
4115,44412108625,1,0.550697181704874,-0.646957491497042,-0.526596274798812,0.029580088339590
4116,44432108725,0,0.550697181704874,-0.646957491497042,-0.526596274798812,0.029580088339590
4117,44432108725,1,0.550697181704874,-0.646957491497042,-0.526596274798812,0.029580088339590
4118,44452108825,0,0.550697181704874,-0.646957491497042,-0.526596274798812,0.029580088339590
4119,44452108825,1,0.550697181704874,-0.646957491497042,-0.526596274798812,0.029580088339590
4120,44472108925,0,0.549156508756212,-0.647590651529097,-0.527423704861693,0.029626212933385
4121,44472108925,1,0.548797845439226,-0.647773847073865,-0.527567659064150,0.029704090593086
4122,44492109025,0,0.548797845439226,-0.647773847073865,-0.527567659064150,0.029704090593086
4123,44492109025,1,0.548797845439226,-0.647773847073865,-0.527567659064150,0.029704090593086
4124,44512109125,0,0.548797845439226,-0.647773847073865,-0.527567659064150,0.029704090593086
4125,44512109125,1,0.548797845439226,-0.647773847073865,-0.527567659064150,0.029704090593086
4126,44532109225,0,0.548797845439226,-0.647773847073865,-0.527567659064150,0.029704090593086
4127,44532109225,1,0.548797845439226,-0.647773847073865,-0.527567659064150,0.029704090593086
4128,44552109325,0,0.547258211938526,-0.648402060764649,-0.528391960337640,0.029751526222198
4129,44552109325,1,0.546894980931624,-0.648587998363339,-0.528535349825872,0.029830725691451
4130,44572109425,0,0.546894980931624,-0.648587998363339,-0.528535349825872,0.029830725691451
4131,44572109425,1,0.546894980931624,-0.648587998363339,-0.528535349825872,0.029830725691451
4132,44592109525,0,0.546894980931624,-0.648587998363339,-0.528535349825872,0.029830725691451
4133,44592109525,1,0.546894980931624,-0.648587998363339,-0.528535349825872,0.029830725691451
4134,44612109600,0,0.546894980931624,-0.648587998363339,-0.528535349825872,0.029830725691451
4135,44612109600,1,0.546894980931624,-0.648587998363339,-0.528535349825872,0.029830725691451
4136,44632109725,0,0.545359607177205,-0.649211553497030,-0.529352856441813,0.029879943815043
4137,44632109725,1,0.544984594976184,-0.649405765032155,-0.529496087635407,0.029963924316484
4138,44652109825,0,0.544984594976184,-0.649405765032155,-0.529496087635407,0.029963924316484
4139,44652109825,1,0.544984594976184,-0.649405765032155,-0.529496087635407,0.029963924316484
4140,44672109925,0,0.544984594976184,-0.649405765032155,-0.529496087635407,0.029963924316484
4141,44672109925,1,0.544984594976184,-0.649405765032155,-0.529496087635407,0.029963924316484
4142,44692110025,0,0.544984594976184,-0.649405765032155,-0.529496087635407,0.029963924316484
4143,44692110025,1,0.544984594976184,-0.649405765032155,-0.529496087635407,0.029963924316484
4144,44712110125,0,0.543448740914130,-0.650024255227452,-0.530312245480401,0.030014261749678
4145,44712110125,1,0.543072722870110,-0.650218406298116,-0.530454676984133,0.030097798112866
4146,44732109800,0,0.543072722870110,-0.650218406298116,-0.530454676984133,0.030097798112866
4147,44732109800,1,0.543072722870110,-0.650218406298116,-0.530454676984133,0.030097798112866
4148,44842113300,0,0.543072722870110,-0.650218406298116,-0.530454676984133,0.030097798112866
4149,44842113300,1,0.543072722870110,-0.650218406298116,-0.530454676984133,0.030097798112866
4150,44862112550,0,0.543072722870110,-0.650218406298116,-0.530454676984133,0.030097798112866
4151,44862112550,1,0.543072722870110,-0.650218406298116,-0.530454676984133,0.030097798112866
4152,44882112150,0,0.541537020122942,-0.650830821904317,-0.531270114771499,0.030149000752835
4153,44882112150,1,0.541160090870810,-0.651020890582864,-0.531416819029766,0.030227810467789
4154,44902111675,0,0.541160090870810,-0.651020890582864,-0.531416819029766,0.030227810467789
4155,44902111675,1,0.541160090870810,-0.651020890582864,-0.531416819029766,0.030227810467789
4156,44942111275,0,0.541160090870810,-0.651020890582864,-0.531416819029766,0.030227810467789
4157,44942111275,1,0.541160090870810,-0.651020890582864,-0.531416819029766,0.030227810467789
4158,44962111375,0,0.541160090870810,-0.651020890582864,-0.531416819029766,0.030227810467789
4159,44962111375,1,0.541160090870810,-0.651020890582864,-0.531416819029766,0.030227810467789
4160,44982111475,0,0.539633378401027,-0.651623046669152,-0.532227753589315,0.030279370442229
4161,44982111475,1,0.539265645505736,-0.651811690196339,-0.532364897498475,0.030359512712043
4162,45002111575,0,0.539265645505736,-0.651811690196339,-0.532364897498475,0.030359512712043
4163,45002111575,1,0.539265645505736,-0.651811690196339,-0.532364897498475,0.030359512712043
4164,45022111675,0,0.539265645505736,-0.651811690196339,-0.532364897498475,0.030359512712043
4165,45022111675,1,0.539265645505736,-0.651811690196339,-0.532364897498475,0.030359512712043
4166,45042111775,0,0.539265645505736,-0.651811690196339,-0.532364897498475,0.030359512712043
4167,45042111775,1,0.539265645505736,-0.651811690196339,-0.532364897498475,0.030359512712043
4168,45062111875,0,0.537736806646474,-0.652411739068355,-0.533172672134198,0.030413010254411
4169,45062111875,1,0.537381057938979,-0.652595714227940,-0.533301628109096,0.030492717095999
4170,45082111950,0,0.537381057938979,-0.652595714227940,-0.533301628109096,0.030492717095999
4171,45082111950,1,0.537381057938979,-0.652595714227940,-0.533301628109096,0.030492717095999
4172,45102112075,0,0.537381057938979,-0.652595714227940,-0.533301628109096,0.030492717095999
4173,45102112075,1,0.537381057938979,-0.652595714227940,-0.533301628109096,0.030492717095999
4174,45122112175,0,0.537381057938979,-0.652595714227940,-0.533301628109096,0.030492717095999
4175,45122112175,1,0.537381057938979,-0.652595714227940,-0.533301628109096,0.030492717095999
4176,45142112275,0,0.535853592186342,-0.653190864410392,-0.534106233705367,0.030547561422585
4177,45142112275,1,0.535496305530382,-0.653377664748911,-0.534231372086709,0.030629643303892
4178,45162112375,0,0.535496305530382,-0.653377664748911,-0.534231372086709,0.030629643303892
4179,45162112375,1,0.535496305530382,-0.653377664748911,-0.534231372086709,0.030629643303892
4180,45182112475,0,0.535496305530382,-0.653377664748911,-0.534231372086709,0.030629643303892
4181,45182112475,1,0.535496305530382,-0.653377664748911,-0.534231372086709,0.030629643303892
4182,45202112575,0,0.535496305530382,-0.653377664748911,-0.534231372086709,0.030629643303892
4183,45202112575,1,0.535496305530382,-0.653377664748911,-0.534231372086709,0.030629643303892
4184,45222112650,0,0.533966030189037,-0.653971016737334,-0.535033205171982,0.030686434056344
4185,45222112650,1,0.533645889794328,-0.654149561748119,-0.535129386184776,0.030772637388908
4186,45242112775,0,0.533645889794328,-0.654149561748119,-0.535129386184776,0.030772637388908
4187,45242112775,1,0.533645889794328,-0.654149561748119,-0.535129386184776,0.030772637388908
4188,45262112875,0,0.533645889794328,-0.654149561748119,-0.535129386184776,0.030772637388908
4189,45262112875,1,0.533645889794328,-0.654149561748119,-0.535129386184776,0.030772637388908
4190,45282112975,0,0.533645889794328,-0.654149561748119,-0.535129386184776,0.030772637388908
4191,45282112975,1,0.533645889794328,-0.654149561748119,-0.535129386184776,0.030772637388908
4192,45302113050,0,0.532119341433825,-0.654736451332565,-0.535927856818666,0.030830472818684
4193,45302113050,1,0.531797344057752,-0.654915434549050,-0.536023828422929,0.030916238538618
4194,45322113175,0,0.531797344057752,-0.654915434549050,-0.536023828422929,0.030916238538618
4195,45322113175,1,0.531797344057752,-0.654915434549050,-0.536023828422929,0.030916238538618
4196,45342113275,0,0.531797344057752,-0.654915434549050,-0.536023828422929,0.030916238538618
4197,45342113275,1,0.531797344057752,-0.654915434549050,-0.536023828422929,0.030916238538618
4198,45362113375,0,0.531797344057752,-0.654915434549050,-0.536023828422929,0.030916238538618
4199,45362113375,1,0.531797344057752,-0.654915434549050,-0.536023828422929,0.030916238538618
4200,45382113475,0,0.530275782717794,-0.655498214616826,-0.536814848365404,0.030975853040931
4201,45382113475,1,0.529951468873798,-0.655680004647367,-0.536908006104300,0.031063887799790
4202,45402113550,0,0.529951468873798,-0.655680004647367,-0.536908006104300,0.031063887799790
4203,45402113550,1,0.529951468873798,-0.655680004647367,-0.536908006104300,0.031063887799790
4204,45422113675,0,0.529951468873798,-0.655680004647367,-0.536908006104300,0.031063887799790
4205,45422113675,1,0.529951468873798,-0.655680004647367,-0.536908006104300,0.031063887799790
4206,45442113775,0,0.529951468873798,-0.655680004647367,-0.536908006104300,0.031063887799790
4207,45442113775,1,0.529951468873798,-0.655680004647367,-0.536908006104300,0.031063887799790
4208,45462113875,0,0.528429678541054,-0.656257669627930,-0.537698058237252,0.031124653562802
4209,45462113875,1,0.528104297132320,-0.656442427836453,-0.537786958475709,0.031215021704431
4210,45482113975,0,0.528104297132320,-0.656442427836453,-0.537786958475709,0.031215021704431
4211,45482113975,1,0.528104297132320,-0.656442427836453,-0.537786958475709,0.031215021704431
4212,45502114075,0,0.528104297132320,-0.656442427836453,-0.537786958475709,0.031215021704431
4213,45502114075,1,0.528104297132320,-0.656442427836453,-0.537786958475709,0.031215021704431
4214,45522114175,0,0.528104297132320,-0.656442427836453,-0.537786958475709,0.031215021704431
4215,45522114175,1,0.528104297132320,-0.656442427836453,-0.537786958475709,0.031215021704431
4216,45572114425,0,0.526584004544162,-0.657015332747387,-0.538573929891868,0.031277159939867
4217,45572114425,1,0.526254211409216,-0.657200025191218,-0.538665769139919,0.031365921310019
4218,45592114525,0,0.526254211409216,-0.657200025191218,-0.538665769139919,0.031365921310019
4219,45592114525,1,0.526254211409216,-0.657200025191218,-0.538665769139919,0.031365921310019
4220,45612114625,0,0.526254211409216,-0.657200025191218,-0.538665769139919,0.031365921310019
4221,45612114625,1,0.526254211409216,-0.657200025191218,-0.538665769139919,0.031365921310019
4222,45632114725,0,0.526254211409216,-0.657200025191218,-0.538665769139919,0.031365921310019
4223,45632114725,1,0.526254211409216,-0.657200025191218,-0.538665769139919,0.031365921310019
4224,45652114825,0,0.524728619340923,-0.657768247254129,-0.539456226145082,0.031429111061352
4225,45652114825,1,0.524389820620750,-0.657952512865761,-0.539555990476990,0.031514123553785
4226,45672114925,0,0.524389820620750,-0.657952512865761,-0.539555990476990,0.031514123553785
4227,45672114925,1,0.524389820620750,-0.657952512865761,-0.539555990476990,0.031514123553785
4228,45692115025,0,0.524389820620750,-0.657952512865761,-0.539555990476990,0.031514123553785
4229,45692115025,1,0.524389820620750,-0.657952512865761,-0.539555990476990,0.031514123553785
4230,45712115125,0,0.524389820620750,-0.657952512865761,-0.539555990476990,0.031514123553785
4231,45712115125,1,0.524389820620750,-0.657952512865761,-0.539555990476990,0.031514123553785
4232,45732115225,0,0.522869083384206,-0.658515972937920,-0.540340086955410,0.031578876731211
4233,45732115225,1,0.522528157141802,-0.658700289346546,-0.540440269949047,0.031663360942427
4234,45752115325,0,0.522528157141802,-0.658700289346546,-0.540440269949047,0.031663360942427
4235,45752115325,1,0.522528157141802,-0.658700289346546,-0.540440269949047,0.031663360942427
4236,45772115425,0,0.522528157141802,-0.658700289346546,-0.540440269949047,0.031663360942427
4237,45772115425,1,0.522528157141802,-0.658700289346546,-0.540440269949047,0.031663360942427
4238,45792115525,0,0.522528157141802,-0.658700289346546,-0.540440269949047,0.031663360942427
4239,45792115525,1,0.522528157141802,-0.658700289346546,-0.540440269949047,0.031663360942427
4240,45812115625,0,0.521009116997967,-0.659255598581173,-0.541225315664071,0.031728747669965
4241,45812115625,1,0.520666821539241,-0.659440656590094,-0.541324325337188,0.031812830469593
4242,45832115725,0,0.520666821539241,-0.659440656590094,-0.541324325337188,0.031812830469593
4243,45832115725,1,0.520666821539241,-0.659440656590094,-0.541324325337188,0.031812830469593
4244,45852115825,0,0.520666821539241,-0.659440656590094,-0.541324325337188,0.031812830469593
4245,45852115825,1,0.520666821539241,-0.659440656590094,-0.541324325337188,0.031812830469593
4246,45872115925,0,0.520666821539241,-0.659440656590094,-0.541324325337188,0.031812830469593
4247,45872115925,1,0.520666821539241,-0.659440656590094,-0.541324325337188,0.031812830469593
4248,45892116025,0,0.519149494636346,-0.659992831263338,-0.542104169187720,0.031880003907168
4249,45892116025,1,0.518805832450405,-0.660177553630232,-0.542203320116118,0.031963503457918
4250,45912116125,0,0.518805832450405,-0.660177553630232,-0.542203320116118,0.031963503457918
4251,45912116125,1,0.518805832450405,-0.660177553630232,-0.542203320116118,0.031963503457918
4252,45932116225,0,0.518805832450405,-0.660177553630232,-0.542203320116118,0.031963503457918
4253,45932116225,1,0.518805832450405,-0.660177553630232,-0.542203320116118,0.031963503457918
4254,45952116325,0,0.518805832450405,-0.660177553630232,-0.542203320116118,0.031963503457918
4255,45952116325,1,0.518805832450405,-0.660177553630232,-0.542203320116118,0.031963503457918
4256,45972116425,0,0.517293758126797,-0.660725882821927,-0.542975507299592,0.032032390560036
4257,45972116425,1,0.516941476254480,-0.660913043537997,-0.543078284911556,0.032115969029489
4258,45992116525,0,0.516941476254480,-0.660913043537997,-0.543078284911556,0.032115969029489
4259,45992116525,1,0.516941476254480,-0.660913043537997,-0.543078284911556,0.032115969029489
4260,46012116600,0,0.516941476254480,-0.660913043537997,-0.543078284911556,0.032115969029489
4261,46012116600,1,0.516941476254480,-0.660913043537997,-0.543078284911556,0.032115969029489
4262,46032116700,0,0.516941476254480,-0.660913043537997,-0.543078284911556,0.032115969029489
4263,46032116700,1,0.516941476254480,-0.660913043537997,-0.543078284911556,0.032115969029489
4264,46052116825,0,0.515429467837182,-0.661456152596110,-0.543849496884461,0.032186124593518
4265,46052116825,1,0.515069789308720,-0.661645962709247,-0.543954401768032,0.032269815140584
4266,46072116900,0,0.515069789308720,-0.661645962709247,-0.543954401768032,0.032269815140584
4267,46072116900,1,0.515069789308720,-0.661645962709247,-0.543954401768032,0.032269815140584
4268,46092117025,0,0.515069789308720,-0.661645962709247,-0.543954401768032,0.032269815140584
4269,46092117025,1,0.515069789308720,-0.661645962709247,-0.543954401768032,0.032269815140584
4270,46112117125,0,0.515069789308720,-0.661645962709247,-0.543954401768032,0.032269815140584
4271,46112117125,1,0.515069789308720,-0.661645962709247,-0.543954401768032,0.032269815140584
4272,46132117225,0,0.513559567927235,-0.662184308923666,-0.544722447997715,0.032341395348006
4273,46132117225,1,0.513198496129102,-0.662374101769313,-0.544827037802778,0.032424554818453
4274,46152117325,0,0.513198496129102,-0.662374101769313,-0.544827037802778,0.032424554818453
4275,46152117325,1,0.513198496129102,-0.662374101769313,-0.544827037802778,0.032424554818453
4276,46172117425,0,0.513198496129102,-0.662374101769313,-0.544827037802778,0.032424554818453
4277,46172117425,1,0.513198496129102,-0.662374101769313,-0.544827037802778,0.032424554818453
4278,46212117625,0,0.513198496129102,-0.662374101769313,-0.544827037802778,0.032424554818453
4279,46212117625,1,0.513198496129102,-0.662374101769313,-0.544827037802778,0.032424554818453
4280,46232117725,0,0.511691206074669,-0.662911090293950,-0.545586715201541,0.032498187437621
4281,46232117725,1,0.511315943307103,-0.663099435137802,-0.545704970154531,0.032576537393304
4282,46252117825,0,0.511315943307103,-0.663099435137802,-0.545704970154531,0.032576537393304
4283,46252117825,1,0.511315943307103,-0.663099435137802,-0.545704970154531,0.032576537393304
4284,46272117925,0,0.511315943307103,-0.663099435137802,-0.545704970154531,0.032576537393304
4285,46272117925,1,0.511315943307103,-0.663099435137802,-0.545704970154531,0.032576537393304
4286,46292118025,0,0.511315943307103,-0.663099435137802,-0.545704970154531,0.032576537393304
4287,46292118025,1,0.511315943307103,-0.663099435137802,-0.545704970154531,0.032576537393304
4288,46312118125,0,0.509810001735625,-0.663629996720726,-0.546463982264125,0.032651273647517
4289,46312118125,1,0.509433437903477,-0.663818639730781,-0.546581365348439,0.032729145202041
4290,46332118225,0,0.509433437903477,-0.663818639730781,-0.546581365348439,0.032729145202041
4291,46332118225,1,0.509433437903477,-0.663818639730781,-0.546581365348439,0.032729145202041
4292,46352118325,0,0.509433437903477,-0.663818639730781,-0.546581365348439,0.032729145202041
4293,46352118325,1,0.509433437903477,-0.663818639730781,-0.546581365348439,0.032729145202041
4294,46372118425,0,0.509433437903477,-0.663818639730781,-0.546581365348439,0.032729145202041
4295,46372118425,1,0.509433437903477,-0.663818639730781,-0.546581365348439,0.032729145202041
4296,46392118525,0,0.507925452358617,-0.664343289346788,-0.547342264865661,0.032805088597862
4297,46392118525,1,0.507558085250726,-0.664528288848106,-0.547453879622615,0.032881500929430
4298,46412118625,0,0.507558085250726,-0.664528288848106,-0.547453879622615,0.032881500929430
4299,46412118625,1,0.507558085250726,-0.664528288848106,-0.547453879622615,0.032881500929430
4300,46432118725,0,0.507558085250726,-0.664528288848106,-0.547453879622615,0.032881500929430
4301,46432118725,1,0.507558085250726,-0.664528288848106,-0.547453879622615,0.032881500929430
4302,46452118825,0,0.507558085250726,-0.664528288848106,-0.547453879622615,0.032881500929430
4303,46452118825,1,0.507558085250726,-0.664528288848106,-0.547453879622615,0.032881500929430
4304,46472118925,0,0.506054158739159,-0.665048696902870,-0.548209016963432,0.032958957668363
4305,46472118925,1,0.505688101930805,-0.665232314931541,-0.548319459652793,0.033034541051940
4306,46492119025,0,0.505688101930805,-0.665232314931541,-0.548319459652793,0.033034541051940
4307,46492119025,1,0.505688101930805,-0.665232314931541,-0.548319459652793,0.033034541051940
4308,46512119125,0,0.505688101930805,-0.665232314931541,-0.548319459652793,0.033034541051940
4309,46512119125,1,0.505688101930805,-0.665232314931541,-0.548319459652793,0.033034541051940
4310,46532119225,0,0.505688101930805,-0.665232314931541,-0.548319459652793,0.033034541051940
4311,46532119225,1,0.505688101930805,-0.665232314931541,-0.548319459652793,0.033034541051940
4312,46552119300,0,0.504186297306758,-0.665747962086541,-0.549071334496013,0.033113414509624
4313,46552119300,1,0.503815556270718,-0.665932808375036,-0.549182924267195,0.033188788509026
4314,46572119425,0,0.503815556270718,-0.665932808375036,-0.549182924267195,0.033188788509026
4315,46572119425,1,0.503815556270718,-0.665932808375036,-0.549182924267195,0.033188788509026
4316,46592119500,0,0.503815556270718,-0.665932808375036,-0.549182924267195,0.033188788509026
4317,46592119500,1,0.503815556270718,-0.665932808375036,-0.549182924267195,0.033188788509026
4318,46612119625,0,0.503815556270718,-0.665932808375036,-0.549182924267195,0.033188788509026
4319,46612119625,1,0.503815556270718,-0.665932808375036,-0.549182924267195,0.033188788509026
4320,46632119700,0,0.502312529917986,-0.666445000984510,-0.549933030078133,0.033269285823914
4321,46632119700,1,0.501931417338513,-0.666633241032206,-0.550048256161619,0.033345016614345
4322,46652119825,0,0.501931417338513,-0.666633241032206,-0.550048256161619,0.033345016614345
4323,46652119825,1,0.501931417338513,-0.666633241032206,-0.550048256161619,0.033345016614345
4324,46672119925,0,0.501931417338513,-0.666633241032206,-0.550048256161619,0.033345016614345
4325,46672119925,1,0.501931417338513,-0.666633241032206,-0.550048256161619,0.033345016614345
4326,46692120025,0,0.501931417338513,-0.666633241032206,-0.550048256161619,0.033345016614345
4327,46692120025,1,0.501931417338513,-0.666633241032206,-0.550048256161619,0.033345016614345
4328,46712120100,0,0.500432081449620,-0.667140094216915,-0.550794400188704,0.033426864420876
4329,46712120100,1,0.500049131889777,-0.667328417745227,-0.550909483162607,0.033502088404173
4330,46732120225,0,0.500049131889777,-0.667328417745227,-0.550909483162607,0.033502088404173
4331,46732120225,1,0.500049131889777,-0.667328417745227,-0.550909483162607,0.033502088404173
4332,46752120325,0,0.500049131889777,-0.667328417745227,-0.550909483162607,0.033502088404173
4333,46752120325,1,0.500049131889777,-0.667328417745227,-0.550909483162607,0.033502088404173
4334,46772120400,0,0.500049131889777,-0.667328417745227,-0.550909483162607,0.033502088404173
4335,46772120400,1,0.500049131889777,-0.667328417745227,-0.550909483162607,0.033502088404173
4336,46792120500,0,0.498552251424366,-0.667831200825489,-0.551651300475597,0.033585450529418
4337,46792120500,1,0.498168034293633,-0.668014914141508,-0.551771644032276,0.033656157452256
4338,46832120725,0,0.498168034293633,-0.668014914141508,-0.551771644032276,0.033656157452256
4339,46832120725,1,0.498168034293633,-0.668014914141508,-0.551771644032276,0.033656157452256
4340,46852120825,0,0.498168034293633,-0.668014914141508,-0.551771644032276,0.033656157452256
4341,46852120825,1,0.498168034293633,-0.668014914141508,-0.551771644032276,0.033656157452256
4342,46872120925,0,0.498168034293633,-0.668014914141508,-0.551771644032276,0.033656157452256
4343,46872120925,1,0.498168034293633,-0.668014914141508,-0.551771644032276,0.033656157452256
4344,46892121025,0,0.496673291415208,-0.668512618460118,-0.552510697979267,0.033740912448292
4345,46892121025,1,0.496287709556500,-0.668694865924358,-0.552632413506824,0.033809779224217
4346,46912121125,0,0.496287709556500,-0.668694865924358,-0.552632413506824,0.033809779224217
4347,46912121125,1,0.496287709556500,-0.668694865924358,-0.552632413506824,0.033809779224217
4348,46932121225,0,0.496287709556500,-0.668694865924358,-0.552632413506824,0.033809779224217
4349,46932121225,1,0.496287709556500,-0.668694865924358,-0.552632413506824,0.033809779224217
4350,46952121325,0,0.496287709556500,-0.668694865924358,-0.552632413506824,0.033809779224217
4351,46952121325,1,0.496287709556500,-0.668694865924358,-0.552632413506824,0.033809779224217
4352,46972121425,0,0.494797105815178,-0.669189021626600,-0.553365102784378,0.033896023834553
4353,46972121425,1,0.494403083808477,-0.669373417283733,-0.553490015237718,0.033965011213239
4354,46992121525,0,0.494403083808477,-0.669373417283733,-0.553490015237718,0.033965011213239
4355,46992121525,1,0.494403083808477,-0.669373417283733,-0.553490015237718,0.033965011213239
4356,47012121625,0,0.494403083808477,-0.669373417283733,-0.553490015237718,0.033965011213239
4357,47012121625,1,0.494403083808477,-0.669373417283733,-0.553490015237718,0.033965011213239
4358,47032121725,0,0.494403083808477,-0.669373417283733,-0.553490015237718,0.033965011213239
4359,47032121725,1,0.494403083808477,-0.669373417283733,-0.553490015237718,0.033965011213239
4360,47052121825,0,0.492913862194597,-0.669862291324839,-0.554220941270710,0.034052655908898
4361,47052121825,1,0.492512043782822,-0.670049152518881,-0.554348020069517,0.034121731823040
4362,47072121925,0,0.492512043782822,-0.670049152518881,-0.554348020069517,0.034121731823040
4363,47072121925,1,0.492512043782822,-0.670049152518881,-0.554348020069517,0.034121731823040
4364,47092122025,0,0.492512043782822,-0.670049152518881,-0.554348020069517,0.034121731823040
4365,47092122025,1,0.492512043782822,-0.670049152518881,-0.554348020069517,0.034121731823040
4366,47112122125,0,0.492512043782822,-0.670049152518881,-0.554348020069517,0.034121731823040
4367,47112122125,1,0.492512043782822,-0.670049152518881,-0.554348020069517,0.034121731823040
4368,47132122225,0,0.491025138918770,-0.670533324522893,-0.555075664814676,0.034210816778119
4369,47132122225,1,0.490621816317985,-0.670720078759837,-0.555202426241404,0.034279369843940
4370,47152122325,0,0.490621816317985,-0.670720078759837,-0.555202426241404,0.034279369843940
4371,47152122325,1,0.490621816317985,-0.670720078759837,-0.555202426241404,0.034279369843940
4372,47172122375,0,0.490621816317985,-0.670720078759837,-0.555202426241404,0.034279369843940
4373,47172122375,1,0.490621816317985,-0.670720078759837,-0.555202426241404,0.034279369843940
4374,47192122525,0,0.490621816317985,-0.670720078759837,-0.555202426241404,0.034279369843940
4375,47192122525,1,0.490621816317985,-0.670720078759837,-0.555202426241404,0.034279369843940
4376,47212122625,0,0.489138273528993,-0.671196516765744,-0.555929592542349,0.034369657931175
4377,47212122625,1,0.488733567944935,-0.671377904013338,-0.556062598423433,0.034432487581520
4378,47232122725,0,0.488733567944935,-0.671377904013338,-0.556062598423433,0.034432487581520
4379,47232122725,1,0.488733567944935,-0.671377904013338,-0.556062598423433,0.034432487581520
4380,47252122825,0,0.488733567944935,-0.671377904013338,-0.556062598423433,0.034432487581520
4381,47252122825,1,0.488733567944935,-0.671377904013338,-0.556062598423433,0.034432487581520
4382,47272122925,0,0.488733567944935,-0.671377904013338,-0.556062598423433,0.034432487581520
4383,47272122925,1,0.488733567944935,-0.671377904013338,-0.556062598423433,0.034432487581520
4384,47292123000,0,0.487252036144104,-0.671851124988738,-0.556785048153678,0.034524328774058
4385,47292123000,1,0.486845911264896,-0.672032076407094,-0.556918047253371,0.034586639156114
4386,47312123125,0,0.486845911264896,-0.672032076407094,-0.556918047253371,0.034586639156114
4387,47312123125,1,0.486845911264896,-0.672032076407094,-0.556918047253371,0.034586639156114
4388,47332123225,0,0.486845911264896,-0.672032076407094,-0.556918047253371,0.034586639156114
4389,47332123225,1,0.486845911264896,-0.672032076407094,-0.556918047253371,0.034586639156114
4390,47352123325,0,0.486845911264896,-0.672032076407094,-0.556918047253371,0.034586639156114
4391,47352123325,1,0.486845911264896,-0.672032076407094,-0.556918047253371,0.034586639156114
4392,47372123425,0,0.485370259948335,-0.672500202123588,-0.557634741159587,0.034679739810161
4393,47372123425,1,0.484961796907320,-0.672681160273965,-0.557767992656255,0.034741596409873
4394,47392123525,0,0.484961796907320,-0.672681160273965,-0.557767992656255,0.034741596409873
4395,47392123525,1,0.484961796907320,-0.672681160273965,-0.557767992656255,0.034741596409873
4396,47412123000,0,0.484961796907320,-0.672681160273965,-0.557767992656255,0.034741596409873
4397,47412123000,1,0.484961796907320,-0.672681160273965,-0.557767992656255,0.034741596409873
4398,47522126675,0,0.484961796907320,-0.672681160273965,-0.557767992656255,0.034741596409873
4399,47522126675,1,0.484961796907320,-0.672681160273965,-0.557767992656255,0.034741596409873
4400,47542125950,0,0.483487051090304,-0.673144814081433,-0.558482558665586,0.034836222091587
4401,47542125950,1,0.483077443810390,-0.673325594462452,-0.558615242450218,0.034897536097700
4402,47562125475,0,0.483077443810390,-0.673325594462452,-0.558615242450218,0.034897536097700
4403,47562125475,1,0.483077443810390,-0.673325594462452,-0.558615242450218,0.034897536097700
4404,47582125000,0,0.483077443810390,-0.673325594462452,-0.558615242450218,0.034897536097700
4405,47582125000,1,0.483077443810390,-0.673325594462452,-0.558615242450218,0.034897536097700
4406,47602124575,0,0.483077443810390,-0.673325594462452,-0.558615242450218,0.034897536097700
4407,47602124575,1,0.483077443810390,-0.673325594462452,-0.558615242450218,0.034897536097700
4408,47622124675,0,0.481604806436570,-0.673784260292997,-0.559327299138597,0.034993619946128
4409,47622124675,1,0.481180259341418,-0.673975695846586,-0.559457829401153,0.035060755125709
4410,47642124775,0,0.481180259341418,-0.673975695846586,-0.559457829401153,0.035060755125709
4411,47642124775,1,0.481180259341418,-0.673975695846586,-0.559457829401153,0.035060755125709
4412,47662124850,0,0.481180259341418,-0.673975695846586,-0.559457829401153,0.035060755125709
4413,47662124850,1,0.481180259341418,-0.673975695846586,-0.559457829401153,0.035060755125709
4414,47682124975,0,0.481180259341418,-0.673975695846586,-0.559457829401153,0.035060755125709
4415,47682124975,1,0.481180259341418,-0.673975695846586,-0.559457829401153,0.035060755125709
4416,47702125075,0,0.479710386123731,-0.674429898879805,-0.560166180770783,0.035158311430881
4417,47702125075,1,0.479284237382523,-0.674621146948247,-0.560296469242214,0.035224912229763
4418,47722125175,0,0.479284237382523,-0.674621146948247,-0.560296469242214,0.035224912229763
4419,47722125175,1,0.479284237382523,-0.674621146948247,-0.560296469242214,0.035224912229763
4420,47742125275,0,0.479284237382523,-0.674621146948247,-0.560296469242214,0.035224912229763
4421,47742125275,1,0.479284237382523,-0.674621146948247,-0.560296469242214,0.035224912229763
4422,47762125375,0,0.479284237382523,-0.674621146948247,-0.560296469242214,0.035224912229763
4423,47762125375,1,0.479284237382523,-0.674621146948247,-0.560296469242214,0.035224912229763
4424,47782125475,0,0.477819988058079,-0.675066401037899,-0.561004143140674,0.035323711312850
4425,47782125475,1,0.477417336669187,-0.675257999959956,-0.561111856428207,0.035394981472969
4426,47802125575,0,0.477417336669187,-0.675257999959956,-0.561111856428207,0.035394981472969
4427,47802125575,1,0.477417336669187,-0.675257999959956,-0.561111856428207,0.035394981472969
4428,47822125650,0,0.477417336669187,-0.675257999959956,-0.561111856428207,0.035394981472969
4429,47822125650,1,0.477417336669187,-0.675257999959956,-0.561111856428207,0.035394981472969
4430,47842125775,0,0.477417336669187,-0.675257999959956,-0.561111856428207,0.035394981472969
4431,47842125775,1,0.477417336669187,-0.675257999959956,-0.561111856428207,0.035394981472969
4432,47862125850,0,0.475954574659029,-0.675700649503616,-0.561814874954094,0.035495371555323
4433,47862125850,1,0.475576484895632,-0.675891317243309,-0.561900898323140,0.035571263023231
4434,47882125950,0,0.475576484895632,-0.675891317243309,-0.561900898323140,0.035571263023231
4435,47882125950,1,0.475576484895632,-0.675891317243309,-0.561900898323140,0.035571263023231
4436,47902126075,0,0.475576484895632,-0.675891317243309,-0.561900898323140,0.035571263023231
4437,47902126075,1,0.475576484895632,-0.675891317243309,-0.561900898323140,0.035571263023231
4438,47922126175,0,0.475576484895632,-0.675891317243309,-0.561900898323140,0.035571263023231
4439,47922126175,1,0.475576484895632,-0.675891317243309,-0.561900898323140,0.035571263023231
4440,47942126275,0,0.474116619265749,-0.676329349354311,-0.562600630757609,0.035673138481655
4441,47942126275,1,0.473736994439758,-0.676519996310209,-0.562686415538979,0.035748460939103
4442,47962126375,0,0.473736994439758,-0.676519996310209,-0.562686415538979,0.035748460939103
4443,47962126375,1,0.473736994439758,-0.676519996310209,-0.562686415538979,0.035748460939103
4444,47982126450,0,0.473736994439758,-0.676519996310209,-0.562686415538979,0.035748460939103
4445,47982126450,1,0.473736994439758,-0.676519996310209,-0.562686415538979,0.035748460939103
4446,48002126575,0,0.473736994439758,-0.676519996310209,-0.562686415538979,0.035748460939103
4447,48002126575,1,0.473736994439758,-0.676519996310209,-0.562686415538979,0.035748460939103
4448,48022126675,0,0.472276000242397,-0.676955649938325,-0.563383577019839,0.035852095558773
4449,48022126675,1,0.471909405022295,-0.677135108411609,-0.563470737804372,0.035920551862391
4450,48042126750,0,0.471909405022295,-0.677135108411609,-0.563470737804372,0.035920551862391
4451,48042126750,1,0.471909405022295,-0.677135108411609,-0.563470737804372,0.035920551862391
4452,48062141550,0,0.471909405022295,-0.677135108411609,-0.563470737804372,0.035920551862391
4453,48062141550,1,0.471909405022295,-0.677135108411609,-0.563470737804372,0.035920551862391
4454,48102125775,0,0.471909405022295,-0.677135108411609,-0.563470737804372,0.035920551862391
4455,48102125775,1,0.471909405022295,-0.677135108411609,-0.563470737804372,0.035920551862391
4456,48122127175,0,0.470453146958496,-0.677565196371324,-0.564164339672687,0.036025532956756
4457,48122127175,1,0.470084607632638,-0.677744877219832,-0.564251366854673,0.036093463006152
4458,48142127275,0,0.470084607632638,-0.677744877219832,-0.564251366854673,0.036093463006152
4459,48142127275,1,0.470084607632638,-0.677744877219832,-0.564251366854673,0.036093463006152
4460,48162127375,0,0.470084607632638,-0.677744877219832,-0.564251366854673,0.036093463006152
4461,48162127375,1,0.470084607632638,-0.677744877219832,-0.564251366854673,0.036093463006152
4462,48182127475,0,0.470084607632638,-0.677744877219832,-0.564251366854673,0.036093463006152
4463,48182127475,1,0.470084607632638,-0.677744877219832,-0.564251366854673,0.036093463006152
4464,48202127575,0,0.468631826146966,-0.678174568827048,-0.564936319826900,0.036199727331098
4465,48202127575,1,0.468251715481624,-0.678356799518013,-0.565028323734710,0.036268124761813
4466,48222127675,0,0.468251715481624,-0.678356799518013,-0.565028323734710,0.036268124761813
4467,48222127675,1,0.468251715481624,-0.678356799518013,-0.565028323734710,0.036268124761813
4468,48242127775,0,0.468251715481624,-0.678356799518013,-0.565028323734710,0.036268124761813
4469,48242127775,1,0.468251715481624,-0.678356799518013,-0.565028323734710,0.036268124761813
4470,48262127875,0,0.468251715481624,-0.678356799518013,-0.565028323734710,0.036268124761813
4471,48262127875,1,0.468251715481624,-0.678356799518013,-0.565028323734710,0.036268124761813
4472,48282127975,0,0.466801369862100,-0.678780057690648,-0.565712739656819,0.036375961380063
4473,48282127975,1,0.466416543631348,-0.678963798228201,-0.565805266592122,0.036444050531465
4474,48302128075,0,0.466416543631348,-0.678963798228201,-0.565805266592122,0.036444050531465
4475,48302128075,1,0.466416543631348,-0.678963798228201,-0.565805266592122,0.036444050531465
4476,48322128175,0,0.466416543631348,-0.678963798228201,-0.565805266592122,0.036444050531465
4477,48322128175,1,0.466416543631348,-0.678963798228201,-0.565805266592122,0.036444050531465
4478,48342128275,0,0.466416543631348,-0.678963798228201,-0.565805266592122,0.036444050531465
4479,48342128275,1,0.466416543631348,-0.678963798228201,-0.565805266592122,0.036444050531465
4480,48362128375,0,0.464969042094041,-0.679382601340548,-0.566486471386970,0.036553366814014
4481,48362128375,1,0.464582717657801,-0.679566276965045,-0.566578753023563,0.036620899604262
4482,48382128475,0,0.464582717657801,-0.679566276965045,-0.566578753023563,0.036620899604262
4483,48382128475,1,0.464582717657801,-0.679566276965045,-0.566578753023563,0.036620899604262
4484,48402128575,0,0.464582717657801,-0.679566276965045,-0.566578753023563,0.036620899604262
4485,48402128575,1,0.464582717657801,-0.679566276965045,-0.566578753023563,0.036620899604262
4486,48422128675,0,0.464582717657801,-0.679566276965045,-0.566578753023563,0.036620899604262
4487,48422128675,1,0.464582717657801,-0.679566276965045,-0.566578753023563,0.036620899604262
4488,48442128750,0,0.463139027332263,-0.679979228579205,-0.567257677341357,0.036731696936628
4489,48442128750,1,0.462750978105835,-0.680163148424295,-0.567349524286481,0.036798655947570
4490,48462128850,0,0.462750978105835,-0.680163148424295,-0.567349524286481,0.036798655947570
4491,48462128850,1,0.462750978105835,-0.680163148424295,-0.567349524286481,0.036798655947570
4492,48482128975,0,0.462750978105835,-0.680163148424295,-0.567349524286481,0.036798655947570
4493,48482128975,1,0.462750978105835,-0.680163148424295,-0.567349524286481,0.036798655947570
4494,48502129075,0,0.462750978105835,-0.680163148424295,-0.567349524286481,0.036798655947570
4495,48502129075,1,0.462750978105835,-0.680163148424295,-0.567349524286481,0.036798655947570
4496,48522129175,0,0.461309791671115,-0.680572368858712,-0.568024743677271,0.036910939093496
4497,48522129175,1,0.460920335033297,-0.680756064112727,-0.568116450881400,0.036977346639047
4498,48542129250,0,0.460920335033297,-0.680756064112727,-0.568116450881400,0.036977346639047
4499,48542129250,1,0.460920335033297,-0.680756064112727,-0.568116450881400,0.036977346639047
4500,48562129375,0,0.460920335033297,-0.680756064112727,-0.568116450881400,0.036977346639047
4501,48562129375,1,0.460920335033297,-0.680756064112727,-0.568116450881400,0.036977346639047
4502,48582129475,0,0.460920335033297,-0.680756064112727,-0.568116450881400,0.036977346639047
4503,48582129475,1,0.460920335033297,-0.680756064112727,-0.568116450881400,0.036977346639047
4504,48602129575,0,0.459482706168447,-0.681159910625010,-0.568789123019857,0.037091136727673
4505,48602129575,1,0.459091298018679,-0.681348288097341,-0.568875010272605,0.037160638822418
4506,48622129675,0,0.459091298018679,-0.681348288097341,-0.568875010272605,0.037160638822418
4507,48622129675,1,0.459091298018679,-0.681348288097341,-0.568875010272605,0.037160638822418
4508,48642129775,0,0.459091298018679,-0.681348288097341,-0.568875010272605,0.037160638822418
4509,48642129775,1,0.459091298018679,-0.681348288097341,-0.568875010272605,0.037160638822418
4510,48662129875,0,0.459091298018679,-0.681348288097341,-0.568875010272605,0.037160638822418
4511,48662129875,1,0.459091298018679,-0.681348288097341,-0.568875010272605,0.037160638822418
4512,48682129975,0,0.457656402985339,-0.681748210494210,-0.569544115564703,0.037275926817248
4513,48682129975,1,0.457263441173043,-0.681937926146957,-0.569628019388501,0.037346081139912
4514,48732130225,0,0.457263441173043,-0.681937926146957,-0.569628019388501,0.037346081139912
4515,48732130225,1,0.457263441173043,-0.681937926146957,-0.569628019388501,0.037346081139912
4516,48752130325,0,0.457263441173043,-0.681937926146957,-0.569628019388501,0.037346081139912
4517,48752130325,1,0.457263441173043,-0.681937926146957,-0.569628019388501,0.037346081139912
4518,48772130425,0,0.457263441173043,-0.681937926146957,-0.569628019388501,0.037346081139912
4519,48772130425,1,0.457263441173043,-0.681937926146957,-0.569628019388501,0.037346081139912
4520,48792130525,0,0.455828228729079,-0.682337521678464,-0.570291738364518,0.037462855691728
4521,48792130525,1,0.455434745676560,-0.682523219521960,-0.570379472333371,0.037530051753378
4522,48812130625,0,0.455434745676560,-0.682523219521960,-0.570379472333371,0.037530051753378
4523,48812130625,1,0.455434745676560,-0.682523219521960,-0.570379472333371,0.037530051753378
4524,48832130725,0,0.455434745676560,-0.682523219521960,-0.570379472333371,0.037530051753378
4525,48832130725,1,0.455434745676560,-0.682523219521960,-0.570379472333371,0.037530051753378
4526,48852130825,0,0.455434745676560,-0.682523219521960,-0.570379472333371,0.037530051753378
4527,48852130825,1,0.455434745676560,-0.682523219521960,-0.570379472333371,0.037530051753378
4528,48872130925,0,0.454004264046462,-0.682916445787977,-0.571041030820856,0.037648338861123
4529,48872130925,1,0.453609058851613,-0.683099465006824,-0.571131953348195,0.037712524442404
4530,48892131025,0,0.453609058851613,-0.683099465006824,-0.571131953348195,0.037712524442404
4531,48892131025,1,0.453609058851613,-0.683099465006824,-0.571131953348195,0.037712524442404
4532,48912131125,0,0.453609058851613,-0.683099465006824,-0.571131953348195,0.037712524442404
4533,48912131125,1,0.453609058851613,-0.683099465006824,-0.571131953348195,0.037712524442404
4534,48932131225,0,0.453609058851613,-0.683099465006824,-0.571131953348195,0.037712524442404
4535,48932131225,1,0.453609058851613,-0.683099465006824,-0.571131953348195,0.037712524442404
4536,48952131325,0,0.452181728112028,-0.683488313401295,-0.571790282427936,0.037832302685065
4537,48952131325,1,0.451784983363972,-0.683671250034751,-0.571880974921588,0.037895925974571
4538,48972131425,0,0.451784983363972,-0.683671250034751,-0.571880974921588,0.037895925974571
4539,48972131425,1,0.451784983363972,-0.683671250034751,-0.571880974921588,0.037895925974571
4540,48992131525,0,0.451784983363972,-0.683671250034751,-0.571880974921588,0.037895925974571
4541,48992131525,1,0.451784983363972,-0.683671250034751,-0.571880974921588,0.037895925974571
4542,49012131625,0,0.451784983363972,-0.683671250034751,-0.571880974921588,0.037895925974571
4543,49012131625,1,0.451784983363972,-0.683671250034751,-0.571880974921588,0.037895925974571
4544,49032131725,0,0.450361273293803,-0.684051332434614,-0.572540962404201,0.038017686422048
4545,49032131725,1,0.449936506801786,-0.684237812166404,-0.572648069283727,0.038078143263020
4546,49052131825,0,0.449936506801786,-0.684237812166404,-0.572648069283727,0.038078143263020
4547,49052131825,1,0.449936506801786,-0.684237812166404,-0.572648069283727,0.038078143263020
4548,49072131925,0,0.449936506801786,-0.684237812166404,-0.572648069283727,0.038078143263020
4549,49072131925,1,0.449936506801786,-0.684237812166404,-0.572648069283727,0.038078143263020
4550,49092132025,0,0.449936506801786,-0.684237812166404,-0.572648069283727,0.038078143263020
4551,49092132025,1,0.449936506801786,-0.684237812166404,-0.572648069283727,0.038078143263020
4552,49112132125,0,0.448515595408025,-0.684615788211747,-0.573302408572299,0.038201198046575
4553,49112132125,1,0.448089344763618,-0.684801629327694,-0.573409757771611,0.038261171855427
4554,49132132225,0,0.448089344763618,-0.684801629327694,-0.573409757771611,0.038261171855427
4555,49132132225,1,0.448089344763618,-0.684801629327694,-0.573409757771611,0.038261171855427
4556,49152132325,0,0.448089344763618,-0.684801629327694,-0.573409757771611,0.038261171855427
4557,49152132325,1,0.448089344763618,-0.684801629327694,-0.573409757771611,0.038261171855427
4558,49172132425,0,0.448089344763618,-0.684801629327694,-0.573409757771611,0.038261171855427
4559,49172132425,1,0.448089344763618,-0.684801629327694,-0.573409757771611,0.038261171855427
4560,49192132525,0,0.446669983692519,-0.685177383879431,-0.574059595392705,0.038385664327031
4561,49192132525,1,0.446242551742478,-0.685362599243562,-0.574166932048019,0.038445113018902
4562,49212132625,0,0.446242551742478,-0.685362599243562,-0.574166932048019,0.038445113018902
4563,49212132625,1,0.446242551742478,-0.685362599243562,-0.574166932048019,0.038445113018902
4564,49232133225,0,0.446242551742478,-0.685362599243562,-0.574166932048019,0.038445113018902
4565,49232133225,1,0.446242551742478,-0.685362599243562,-0.574166932048019,0.038445113018902
4566,49252132825,0,0.446242551742478,-0.685362599243562,-0.574166932048019,0.038445113018902
4567,49252132825,1,0.446242551742478,-0.685362599243562,-0.574166932048019,0.038445113018902
4568,49272132925,0,0.444827328977462,-0.685732950414631,-0.574814085567737,0.038571169846781
4569,49272132925,1,0.444398101722595,-0.685918247286136,-0.574921043243932,0.038630030553677
4570,49292133025,0,0.444398101722595,-0.685918247286136,-0.574921043243932,0.038630030553677
4571,49292133025,1,0.444398101722595,-0.685918247286136,-0.574921043243932,0.038630030553677
4572,49312133125,0,0.444398101722595,-0.685918247286136,-0.574921043243932,0.038630030553677
4573,49312133125,1,0.444398101722595,-0.685918247286136,-0.574921043243932,0.038630030553677
4574,49352133325,0,0.444398101722595,-0.685918247286136,-0.574921043243932,0.038630030553677
4575,49352133325,1,0.444398101722595,-0.685918247286136,-0.574921043243932,0.038630030553677
4576,49372133425,0,0.442986226321443,-0.686284251507566,-0.575564919904503,0.038757610833369
4577,49372133425,1,0.442555501066007,-0.686467862934393,-0.575673448198990,0.038814722376796
4578,49392133525,0,0.442555501066007,-0.686467862934393,-0.575673448198990,0.038814722376796
4579,49392133525,1,0.442555501066007,-0.686467862934393,-0.575673448198990,0.038814722376796
4580,49412133625,0,0.442555501066007,-0.686467862934393,-0.575673448198990,0.038814722376796
4581,49412133625,1,0.442555501066007,-0.686467862934393,-0.575673448198990,0.038814722376796
4582,49432133725,0,0.442555501066007,-0.686467862934393,-0.575673448198990,0.038814722376796
4583,49432133725,1,0.442555501066007,-0.686467862934393,-0.575673448198990,0.038814722376796
4584,49452133825,0,0.441147915370702,-0.686830062969400,-0.576312741667860,0.038943615096807
4585,49452133825,1,0.440715680631626,-0.687008806913871,-0.576426791090059,0.038996699627019
4586,49472133925,0,0.440715680631626,-0.687008806913871,-0.576426791090059,0.038996699627019
4587,49472133925,1,0.440715680631626,-0.687008806913871,-0.576426791090059,0.038996699627019
4588,49492134025,0,0.440715680631626,-0.687008806913871,-0.576426791090059,0.038996699627019
4589,49492134025,1,0.440715680631626,-0.687008806913871,-0.576426791090059,0.038996699627019
4590,49512134125,0,0.440715680631626,-0.687008806913871,-0.576426791090059,0.038996699627019
4591,49512134125,1,0.440715680631626,-0.687008806913871,-0.576426791090059,0.038996699627019
4592,49532134200,0,0.439311051775414,-0.687366450328379,-0.577063449437361,0.039127203764110
4593,49532134200,1,0.438877320411275,-0.687545078040100,-0.577177108081859,0.039179703900291
4594,49552134325,0,0.438877320411275,-0.687545078040100,-0.577177108081859,0.039179703900291
4595,49552134325,1,0.438877320411275,-0.687545078040100,-0.577177108081859,0.039179703900291
4596,49572134425,0,0.438877320411275,-0.687545078040100,-0.577177108081859,0.039179703900291
4597,49572134425,1,0.438877320411275,-0.687545078040100,-0.577177108081859,0.039179703900291
4598,49592134525,0,0.438877320411275,-0.687545078040100,-0.577177108081859,0.039179703900291
4599,49592134525,1,0.438877320411275,-0.687545078040100,-0.577177108081859,0.039179703900291
4600,49612134600,0,0.437476310640509,-0.687896248960665,-0.577812934509202,0.039312097477501
4601,49612134600,1,0.437030499429448,-0.688082972049168,-0.577924132941283,0.039368295727637
4602,49632134725,0,0.437030499429448,-0.688082972049168,-0.577924132941283,0.039368295727637
4603,49632134725,1,0.437030499429448,-0.688082972049168,-0.577924132941283,0.039368295727637
4604,49652134825,0,0.437030499429448,-0.688082972049168,-0.577924132941283,0.039368295727637
4605,49652134825,1,0.437030499429448,-0.688082972049168,-0.577924132941283,0.039368295727637
4606,49672134900,0,0.437030499429448,-0.688082972049168,-0.577924132941283,0.039368295727637
4607,49672134900,1,0.437030499429448,-0.688082972049168,-0.577924132941283,0.039368295727637
4608,49692135025,0,0.435632802759838,-0.688430968394811,-0.578555486479480,0.039502050314933
4609,49692135025,1,0.435181923456308,-0.688619855647372,-0.578666103105695,0.039559183782404
4610,49712135125,0,0.435181923456308,-0.688619855647372,-0.578666103105695,0.039559183782404
4611,49712135125,1,0.435181923456308,-0.688619855647372,-0.578666103105695,0.039559183782404
4612,49732135225,0,0.435181923456308,-0.688619855647372,-0.578666103105695,0.039559183782404
4613,49732135225,1,0.435181923456308,-0.688619855647372,-0.578666103105695,0.039559183782404
4614,49752135325,0,0.435181923456308,-0.688619855647372,-0.578666103105695,0.039559183782404
4615,49752135325,1,0.435181923456308,-0.688619855647372,-0.578666103105695,0.039559183782404
4616,49772135425,0,0.433787725122015,-0.688963588490093,-0.579294165983717,0.039694489863838
4617,49772135425,1,0.433335319180777,-0.689150732654698,-0.579406347407658,0.039749885731962
4618,49792135525,0,0.433335319180777,-0.689150732654698,-0.579406347407658,0.039749885731962
4619,49792135525,1,0.433335319180777,-0.689150732654698,-0.579406347407658,0.039749885731962
4620,49812135625,0,0.433335319180777,-0.689150732654698,-0.579406347407658,0.039749885731962
4621,49812135625,1,0.433335319180777,-0.689150732654698,-0.579406347407658,0.039749885731962
4622,49832135725,0,0.433335319180777,-0.689150732654698,-0.579406347407658,0.039749885731962
4623,49832135725,1,0.433335319180777,-0.689150732654698,-0.579406347407658,0.039749885731962
4624,49852135775,0,0.431947865082278,-0.689494027935870,-0.580024290527162,0.039885457125308
4625,49852135775,1,0.431493376720507,-0.689675540046082,-0.580143202394558,0.039937201001911
4626,49872135925,0,0.431493376720507,-0.689675540046082,-0.580143202394558,0.039937201001911
4627,49872135925,1,0.431493376720507,-0.689675540046082,-0.580143202394558,0.039937201001911
4628,49892136025,0,0.431493376720507,-0.689675540046082,-0.580143202394558,0.039937201001911
4629,49892136025,1,0.431493376720507,-0.689675540046082,-0.580143202394558,0.039937201001911
4630,49912136125,0,0.431493376720507,-0.689675540046082,-0.580143202394558,0.039937201001911
4631,49912136125,1,0.431493376720507,-0.689675540046082,-0.580143202394558,0.039937201001911
4632,49932136225,0,0.430107966403130,-0.690012702131699,-0.580761232330797,0.040074919277386
4633,49932136225,1,0.429652205342724,-0.690194400068129,-0.580879146727453,0.040125920000869
4634,49992136525,0,0.429652205342724,-0.690194400068129,-0.580879146727453,0.040125920000869
4635,49992136525,1,0.429652205342724,-0.690194400068129,-0.580879146727453,0.040125920000869
4636,50012136600,0,0.429652205342724,-0.690194400068129,-0.580879146727453,0.040125920000869
4637,50012136600,1,0.429652205342724,-0.690194400068129,-0.580879146727453,0.040125920000869
4638,50032136725,0,0.429652205342724,-0.690194400068129,-0.580879146727453,0.040125920000869
4639,50032136725,1,0.429652205342724,-0.690194400068129,-0.580879146727453,0.040125920000869
4640,50052136825,0,0.428264596415854,-0.690524815237572,-0.581501085670090,0.040266640813339
4641,50052136825,1,0.427795454654582,-0.690704727865161,-0.581629494521974,0.040313260643440
4642,50072136925,0,0.427795454654582,-0.690704727865161,-0.581629494521974,0.040313260643440
4643,50072136925,1,0.427795454654582,-0.690704727865161,-0.581629494521974,0.040313260643440
4644,50092137025,0,0.427795454654582,-0.690704727865161,-0.581629494521974,0.040313260643440
4645,50092137025,1,0.427795454654582,-0.690704727865161,-0.581629494521974,0.040313260643440
4646,50112137100,0,0.427795454654582,-0.690704727865161,-0.581629494521974,0.040313260643440
4647,50112137100,1,0.427795454654582,-0.690704727865161,-0.581629494521974,0.040313260643440
4648,50132136675,0,0.426414226442092,-0.691032215411667,-0.582244616640512,0.040454803721919
4649,50132136675,1,0.425942766402992,-0.691211622228392,-0.582373520145416,0.040501062687260
4650,50242140350,0,0.425942766402992,-0.691211622228392,-0.582373520145416,0.040501062687260
4651,50242140350,1,0.425942766402992,-0.691211622228392,-0.582373520145416,0.040501062687260
4652,50262139650,0,0.425942766402992,-0.691211622228392,-0.582373520145416,0.040501062687260
4653,50262139650,1,0.425942766402992,-0.691211622228392,-0.582373520145416,0.040501062687260
4654,50282139200,0,0.425942766402992,-0.691211622228392,-0.582373520145416,0.040501062687260
4655,50282139200,1,0.425942766402992,-0.691211622228392,-0.582373520145416,0.040501062687260
4656,50302138725,0,0.424574001064156,-0.691536847400227,-0.582976769323557,0.040642253101881
4657,50302138725,1,0.424098776904948,-0.691715657665347,-0.583107301197159,0.040688470834987
4658,50322138175,0,0.424098776904948,-0.691715657665347,-0.583107301197159,0.040688470834987
4659,50322138175,1,0.424098776904948,-0.691715657665347,-0.583107301197159,0.040688470834987
4660,50342138275,0,0.424098776904948,-0.691715657665347,-0.583107301197159,0.040688470834987
4661,50342138275,1,0.424098776904948,-0.691715657665347,-0.583107301197159,0.040688470834987
4662,50362138375,0,0.424098776904948,-0.691715657665347,-0.583107301197159,0.040688470834987
4663,50362138375,1,0.424098776904948,-0.691715657665347,-0.583107301197159,0.040688470834987
4664,50382138475,0,0.422733441161665,-0.692029821906746,-0.583715540755342,0.040832962126610
4665,50382138475,1,0.422276354171817,-0.692213090072643,-0.583825563241804,0.040883130320860
4666,50402138575,0,0.422276354171817,-0.692213090072643,-0.583825563241804,0.040883130320860
4667,50402138575,1,0.422276354171817,-0.692213090072643,-0.583825563241804,0.040883130320860
4668,50422138675,0,0.422276354171817,-0.692213090072643,-0.583825563241804,0.040883130320860
4669,50422138675,1,0.422276354171817,-0.692213090072643,-0.583825563241804,0.040883130320860
4670,50442138775,0,0.422276354171817,-0.692213090072643,-0.583825563241804,0.040883130320860
4671,50442138775,1,0.422276354171817,-0.692213090072643,-0.583825563241804,0.040883130320860
4672,50462138875,0,0.420912928834406,-0.692525971208297,-0.584428548230190,0.041028740604624
4673,50462138875,1,0.420474388707745,-0.692711673257218,-0.584520295047228,0.041083462024696
4674,50482138975,0,0.420474388707745,-0.692711673257218,-0.584520295047228,0.041083462024696
4675,50482138975,1,0.420474388707745,-0.692711673257218,-0.584520295047228,0.041083462024696
4676,50502139075,0,0.420474388707745,-0.692711673257218,-0.584520295047228,0.041083462024696
4677,50502139075,1,0.420474388707745,-0.692711673257218,-0.584520295047228,0.041083462024696
4678,50522139175,0,0.420474388707745,-0.692711673257218,-0.584520295047228,0.041083462024696
4679,50522139175,1,0.420474388707745,-0.692711673257218,-0.584520295047228,0.041083462024696
4680,50542139275,0,0.419114812283173,-0.693020443976953,-0.585120051506577,0.041230615806327
4681,50542139275,1,0.418674631443927,-0.693205979550512,-0.585211579097597,0.041284750099802
4682,50562139375,0,0.418674631443927,-0.693205979550512,-0.585211579097597,0.041284750099802
4683,50562139375,1,0.418674631443927,-0.693205979550512,-0.585211579097597,0.041284750099802
4684,50582139475,0,0.418674631443927,-0.693205979550512,-0.585211579097597,0.041284750099802
4685,50582139475,1,0.418674631443927,-0.693205979550512,-0.585211579097597,0.041284750099802
4686,50622139675,0,0.418674631443927,-0.693205979550512,-0.585211579097597,0.041284750099802
4687,50622139675,1,0.418674631443927,-0.693205979550512,-0.585211579097597,0.041284750099802
4688,50642139775,0,0.417309517621356,-0.693512261072903,-0.585812838862511,0.041434624024197
4689,50642139775,1,0.416883573404287,-0.693693204531385,-0.585898179000873,0.041486721443269
4690,50662139875,0,0.416883573404287,-0.693693204531385,-0.585898179000873,0.041486721443269
4691,50662139875,1,0.416883573404287,-0.693693204531385,-0.585898179000873,0.041486721443269
4692,50682139975,0,0.416883573404287,-0.693693204531385,-0.585898179000873,0.041486721443269
4693,50682139975,1,0.416883573404287,-0.693693204531385,-0.585898179000873,0.041486721443269
4694,50702140075,0,0.416883573404287,-0.693693204531385,-0.585898179000873,0.041486721443269
4695,50702140075,1,0.416883573404287,-0.693693204531385,-0.585898179000873,0.041486721443269
4696,50722140175,0,0.415526830233505,-0.693994680066674,-0.586493946455713,0.041637581174386
4697,50722140175,1,0.415098189536661,-0.694175669019893,-0.586579611976142,0.041689235997914
4698,50742140275,0,0.415098189536661,-0.694175669019893,-0.586579611976142,0.041689235997914
4699,50742140275,1,0.415098189536661,-0.694175669019893,-0.586579611976142,0.041689235997914
4700,50762140375,0,0.415098189536661,-0.694175669019893,-0.586579611976142,0.041689235997914
4701,50762140375,1,0.415098189536661,-0.694175669019893,-0.586579611976142,0.041689235997914
4702,50782140475,0,0.415098189536661,-0.694175669019893,-0.586579611976142,0.041689235997914
4703,50782140475,1,0.415098189536661,-0.694175669019893,-0.586579611976142,0.041689235997914
4704,50802140550,0,0.413749189412887,-0.694474160915776,-0.587168296343361,0.041840648294967
4705,50802140550,1,0.413327580942560,-0.694661213222011,-0.587239890656766,0.041897738584863
4706,50822140675,0,0.413327580942560,-0.694661213222011,-0.587239890656766,0.041897738584863
4707,50822140675,1,0.413327580942560,-0.694661213222011,-0.587239890656766,0.041897738584863
4708,50842140775,0,0.413327580942560,-0.694661213222011,-0.587239890656766,0.041897738584863
4709,50842140775,1,0.413327580942560,-0.694661213222011,-0.587239890656766,0.041897738584863
4710,50862140875,0,0.413327580942560,-0.694661213222011,-0.587239890656766,0.041897738584863
4711,50862140875,1,0.413327580942560,-0.694661213222011,-0.587239890656766,0.041897738584863
4712,50882140950,0,0.411980555930355,-0.694955195992136,-0.587827350121231,0.042051201508395
4713,50882140950,1,0.411560992637537,-0.695144355096236,-0.587893415224279,0.042109467498155
4714,50902141075,0,0.411560992637537,-0.695144355096236,-0.587893415224279,0.042109467498155
4715,50902141075,1,0.411560992637537,-0.695144355096236,-0.587893415224279,0.042109467498155
4716,50922141175,0,0.411560992637537,-0.695144355096236,-0.587893415224279,0.042109467498155
4717,50922141175,1,0.411560992637537,-0.695144355096236,-0.587893415224279,0.042109467498155
4718,50942141275,0,0.411560992637537,-0.695144355096236,-0.587893415224279,0.042109467498155
4719,50942141275,1,0.411560992637537,-0.695144355096236,-0.587893415224279,0.042109467498155
4720,50962141375,0,0.410217769481831,-0.695434399870031,-0.588477772566478,0.042264503711238
4721,50962141375,1,0.409796854588220,-0.695620285572452,-0.588547344090369,0.042319972044820
4722,50982141475,0,0.409796854588220,-0.695620285572452,-0.588547344090369,0.042319972044820
4723,50982141475,1,0.409796854588220,-0.695620285572452,-0.588547344090369,0.042319972044820
4724,51002141575,0,0.409796854588220,-0.695620285572452,-0.588547344090369,0.042319972044820
4725,51002141575,1,0.409796854588220,-0.695620285572452,-0.588547344090369,0.042319972044820
4726,51022141675,0,0.409796854588220,-0.695620285572452,-0.588547344090369,0.042319972044820
4727,51022141675,1,0.409796854588220,-0.695620285572452,-0.588547344090369,0.042319972044820
4728,51042141775,0,0.408449826506471,-0.695909056011760,-0.589130730575493,0.042477138312754
4729,51042141775,1,0.408016143485930,-0.696088645940658,-0.589215514069370,0.042526481483172
4730,51062141850,0,0.408016143485930,-0.696088645940658,-0.589215514069370,0.042526481483172
4731,51062141850,1,0.408016143485930,-0.696088645940658,-0.589215514069370,0.042526481483172
4732,51082141975,0,0.408016143485930,-0.696088645940658,-0.589215514069370,0.042526481483172
4733,51082141975,1,0.408016143485930,-0.696088645940658,-0.589215514069370,0.042526481483172
4734,51102142075,0,0.408016143485930,-0.696088645940658,-0.589215514069370,0.042526481483172
4735,51102142075,1,0.408016143485930,-0.696088645940658,-0.589215514069370,0.042526481483172
4736,51122142175,0,0.406676595485784,-0.696372256158014,-0.589794729868657,0.042684940630702
4737,51122142175,1,0.406240450083666,-0.696551959097070,-0.589879556356933,0.042733756984405
4738,51142142275,0,0.406240450083666,-0.696551959097070,-0.589879556356933,0.042733756984405
4739,51142142275,1,0.406240450083666,-0.696551959097070,-0.589879556356933,0.042733756984405
4740,51162142375,0,0.406240450083666,-0.696551959097070,-0.589879556356933,0.042733756984405
4741,51162142375,1,0.406240450083666,-0.696551959097070,-0.589879556356933,0.042733756984405
4742,51182142450,0,0.406240450083666,-0.696551959097070,-0.589879556356933,0.042733756984405
4743,51182142450,1,0.406240450083666,-0.696551959097070,-0.589879556356933,0.042733756984405
4744,51202142575,0,0.404910151546839,-0.696828901333703,-0.590455232745513,0.042893700747578
4745,51202142575,1,0.404471469456645,-0.697004340055927,-0.590545551705273,0.042938696998165
4746,51222142650,0,0.404471469456645,-0.697004340055927,-0.590545551705273,0.042938696998165
4747,51222142650,1,0.404471469456645,-0.697004340055927,-0.590545551705273,0.042938696998165
4748,51262142875,0,0.404471469456645,-0.697004340055927,-0.590545551705273,0.042938696998165
4749,51262142875,1,0.404471469456645,-0.697004340055927,-0.590545551705273,0.042938696998165
4750,51282142975,0,0.404471469456645,-0.697004340055927,-0.590545551705273,0.042938696998165
4751,51282142975,1,0.404471469456645,-0.697004340055927,-0.590545551705273,0.042938696998165
4752,51302143075,0,0.403142531637882,-0.697278746797424,-0.591118278157976,0.043100228268113
4753,51302143075,1,0.402702975728522,-0.697452111285606,-0.591210198174057,0.043143567048116
4754,51322143150,0,0.402702975728522,-0.697452111285606,-0.591210198174057,0.043143567048116
4755,51322143150,1,0.402702975728522,-0.697452111285606,-0.591210198174057,0.043143567048116
4756,51342143275,0,0.402702975728522,-0.697452111285606,-0.591210198174057,0.043143567048116
4757,51342143275,1,0.402702975728522,-0.697452111285606,-0.591210198174057,0.043143567048116
4758,51362143375,0,0.402702975728522,-0.697452111285606,-0.591210198174057,0.043143567048116
4759,51362143375,1,0.402702975728522,-0.697452111285606,-0.591210198174057,0.043143567048116
4760,51382143475,0,0.401377952053580,-0.697722678927792,-0.591779804192109,0.043306653824206
4761,51382143475,1,0.400936686307883,-0.697897417745371,-0.591869667663664,0.043350483001947
4762,51402143575,0,0.400936686307883,-0.697897417745371,-0.591869667663664,0.043350483001947
4763,51402143575,1,0.400936686307883,-0.697897417745371,-0.591869667663664,0.043350483001947
4764,51422143675,0,0.400936686307883,-0.697897417745371,-0.591869667663664,0.043350483001947
4765,51422143675,1,0.400936686307883,-0.697897417745371,-0.591869667663664,0.043350483001947
4766,51442143775,0,0.400936686307883,-0.697897417745371,-0.591869667663664,0.043350483001947
4767,51442143775,1,0.400936686307883,-0.697897417745371,-0.591869667663664,0.043350483001947
4768,51462143875,0,0.399611773772019,-0.698166434381424,-0.592436072481882,0.043515057028012
4769,51462143875,1,0.399169477670971,-0.698345183777165,-0.592520148122999,0.043561524989611
4770,51482143975,0,0.399169477670971,-0.698345183777165,-0.592520148122999,0.043561524989611
4771,51482143975,1,0.399169477670971,-0.698345183777165,-0.592520148122999,0.043561524989611
4772,51502144075,0,0.399169477670971,-0.698345183777165,-0.592520148122999,0.043561524989611
4773,51502144075,1,0.399169477670971,-0.698345183777165,-0.592520148122999,0.043561524989611
4774,51522144175,0,0.399169477670971,-0.698345183777165,-0.592520148122999,0.043561524989611
4775,51522144175,1,0.399169477670971,-0.698345183777165,-0.592520148122999,0.043561524989611
4776,51542144275,0,0.397850459610003,-0.698609250046099,-0.593083480842611,0.043727706202684
4777,51542144275,1,0.397406101856855,-0.698788055286631,-0.593167361686634,0.043773565372105
4778,51562144375,0,0.397406101856855,-0.698788055286631,-0.593167361686634,0.043773565372105
4779,51562144375,1,0.397406101856855,-0.698788055286631,-0.593167361686634,0.043773565372105
4780,51582144475,0,0.397406101856855,-0.698788055286631,-0.593167361686634,0.043773565372105
4781,51582144475,1,0.397406101856855,-0.698788055286631,-0.593167361686634,0.043773565372105
4782,51602144575,0,0.397406101856855,-0.698788055286631,-0.593167361686634,0.043773565372105
4783,51602144575,1,0.397406101856855,-0.698788055286631,-0.593167361686634,0.043773565372105
4784,51622144675,0,0.396091824992194,-0.699046028751632,-0.593729746591854,0.043942051305081
4785,51622144675,1,0.395625023389761,-0.699230747226262,-0.593819996842302,0.043988798022483
4786,51642144775,0,0.395625023389761,-0.699230747226262,-0.593819996842302,0.043988798022483
4787,51642144775,1,0.395625023389761,-0.699230747226262,-0.593819996842302,0.043988798022483
4788,51662144850,0,0.395625023389761,-0.699230747226262,-0.593819996842302,0.043988798022483
4789,51662144850,1,0.395625023389761,-0.699230747226262,-0.593819996842302,0.043988798022483
4790,51682144975,0,0.395625023389761,-0.699230747226262,-0.593819996842302,0.043988798022483
4791,51682144975,1,0.395625023389761,-0.699230747226262,-0.593819996842302,0.043988798022483
4792,51702145050,0,0.394314361558787,-0.699486074779474,-0.594378196137330,0.044158525956204
4793,51702145050,1,0.393839133534182,-0.699672154580975,-0.594470775190950,0.044205321454910
4794,51722145175,0,0.393839133534182,-0.699672154580975,-0.594470775190950,0.044205321454910
4795,51722145175,1,0.393839133534182,-0.699672154580975,-0.594470775190950,0.044205321454910
4796,51742145275,0,0.393839133534182,-0.699672154580975,-0.594470775190950,0.044205321454910
4797,51742145275,1,0.393839133534182,-0.699672154580975,-0.594470775190950,0.044205321454910
4798,51762145375,0,0.393839133534182,-0.699672154580975,-0.594470775190950,0.044205321454910
4799,51762145375,1,0.393839133534182,-0.699672154580975,-0.594470775190950,0.044205321454910
4800,51782144175,0,0.392532560953438,-0.699923685192849,-0.595025828028547,0.044376654632133
4801,51782144175,1,0.392055919014455,-0.700106332215831,-0.595121901172087,0.044420746305612
4802,51802145575,0,0.392055919014455,-0.700106332215831,-0.595121901172087,0.044420746305612
4803,51802145575,1,0.392055919014455,-0.700106332215831,-0.595121901172087,0.044420746305612
4804,51822145650,0,0.392055919014455,-0.700106332215831,-0.595121901172087,0.044420746305612
4805,51822145650,1,0.392055919014455,-0.700106332215831,-0.595121901172087,0.044420746305612
4806,51842145775,0,0.392055919014455,-0.700106332215831,-0.595121901172087,0.044420746305612
4807,51842145775,1,0.392055919014455,-0.700106332215831,-0.595121901172087,0.044420746305612
4808,51892146025,0,0.390752601355688,-0.700356458277727,-0.595671646392728,0.044592886946448
4809,51892146025,1,0.390275226749698,-0.700528799132308,-0.595779137896584,0.044630346390350
4810,51912146100,0,0.390275226749698,-0.700528799132308,-0.595779137896584,0.044630346390350
4811,51912146100,1,0.390275226749698,-0.700528799132308,-0.595779137896584,0.044630346390350
4812,51932146225,0,0.390275226749698,-0.700528799132308,-0.595779137896584,0.044630346390350
4813,51932146225,1,0.390275226749698,-0.700528799132308,-0.595779137896584,0.044630346390350
4814,51952146325,0,0.390275226749698,-0.700528799132308,-0.595779137896584,0.044630346390350
4815,51952146325,1,0.390275226749698,-0.700528799132308,-0.595779137896584,0.044630346390350
4816,51972146400,0,0.388976543951709,-0.700773964824852,-0.596326806185524,0.044804449596159
4817,51972146400,1,0.388497281697789,-0.700947876326254,-0.596431981512412,0.044842259268707
4818,51992146525,0,0.388497281697789,-0.700947876326254,-0.596431981512412,0.044842259268707
4819,51992146525,1,0.388497281697789,-0.700947876326254,-0.596431981512412,0.044842259268707
4820,52012146625,0,0.388497281697789,-0.700947876326254,-0.596431981512412,0.044842259268707
4821,52012146625,1,0.388497281697789,-0.700947876326254,-0.596431981512412,0.044842259268707
4822,52032146725,0,0.388497281697789,-0.700947876326254,-0.596431981512412,0.044842259268707
4823,52032146725,1,0.388497281697789,-0.700947876326254,-0.596431981512412,0.044842259268707
4824,52052146825,0,0.387205182934117,-0.701186560795598,-0.596978123097511,0.045018594064794
4825,52052146825,1,0.386723331077152,-0.701365568214962,-0.597077143883443,0.045058730287104
4826,52072147875,0,0.386723331077152,-0.701365568214962,-0.597077143883443,0.045058730287104
4827,52072147875,1,0.386723331077152,-0.701365568214962,-0.597077143883443,0.045058730287104
4828,52092147025,0,0.386723331077152,-0.701365568214962,-0.597077143883443,0.045058730287104
4829,52092147025,1,0.386723331077152,-0.701365568214962,-0.597077143883443,0.045058730287104
4830,52112147125,0,0.386723331077152,-0.701365568214962,-0.597077143883443,0.045058730287104
4831,52112147125,1,0.386723331077152,-0.701365568214962,-0.597077143883443,0.045058730287104
4832,52132147225,0,0.385434320317474,-0.701601850115137,-0.597619362447482,0.045236337874420
4833,52132147225,1,0.384951077238567,-0.701780282898501,-0.597718319860023,0.045275962402552
4834,52152147325,0,0.384951077238567,-0.701780282898501,-0.597718319860023,0.045275962402552
4835,52152147325,1,0.384951077238567,-0.701780282898501,-0.597718319860023,0.045275962402552
4836,52172147425,0,0.384951077238567,-0.701780282898501,-0.597718319860023,0.045275962402552
4837,52172147425,1,0.384951077238567,-0.701780282898501,-0.597718319860023,0.045275962402552
4838,52192147525,0,0.384951077238567,-0.701780282898501,-0.597718319860023,0.045275962402552
4839,52192147525,1,0.384951077238567,-0.701780282898501,-0.597718319860023,0.045275962402552
4840,52212147625,0,0.383665031484041,-0.702015741360583,-0.598254930145083,0.045454164335106
4841,52212147625,1,0.383170039640203,-0.702195956224953,-0.598357610204768,0.045494286382889
4842,52232147725,0,0.383170039640203,-0.702195956224953,-0.598357610204768,0.045494286382889
4843,52232147725,1,0.383170039640203,-0.702195956224953,-0.598357610204768,0.045494286382889
4844,52252147825,0,0.383170039640203,-0.702195956224953,-0.598357610204768,0.045494286382889
4845,52252147825,1,0.383170039640203,-0.702195956224953,-0.598357610204768,0.045494286382889
4846,52272147925,0,0.383170039640203,-0.702195956224953,-0.598357610204768,0.045494286382889
4847,52272147925,1,0.383170039640203,-0.702195956224953,-0.598357610204768,0.045494286382889
4848,52292148000,0,0.381888842492953,-0.702426307128868,-0.598892333660539,0.045674585004433
4849,52292148000,1,0.381388568803505,-0.702607414715514,-0.598995649313322,0.045714248068936
4850,52312148125,0,0.381388568803505,-0.702607414715514,-0.598995649313322,0.045714248068936
4851,52312148125,1,0.381388568803505,-0.702607414715514,-0.598995649313322,0.045714248068936
4852,52332148225,0,0.381388568803505,-0.702607414715514,-0.598995649313322,0.045714248068936
4853,52332148225,1,0.381388568803505,-0.702607414715514,-0.598995649313322,0.045714248068936
4854,52352148325,0,0.381388568803505,-0.702607414715514,-0.598995649313322,0.045714248068936
4855,52352148325,1,0.381388568803505,-0.702607414715514,-0.598995649313322,0.045714248068936
4856,52372148425,0,0.380111693808381,-0.702834061428308,-0.599527251730340,0.045896151897293
4857,52372148425,1,0.379606506266380,-0.703012550507978,-0.599635198829977,0.045933457878054
4858,52392148525,0,0.379606506266380,-0.703012550507978,-0.599635198829977,0.045933457878054
4859,52392148525,1,0.379606506266380,-0.703012550507978,-0.599635198829977,0.045933457878054
4860,52412148625,0,0.379606506266380,-0.703012550507978,-0.599635198829977,0.045933457878054
4861,52412148625,1,0.379606506266380,-0.703012550507978,-0.599635198829977,0.045933457878054
4862,52432148725,0,0.379606506266380,-0.703012550507978,-0.599635198829977,0.045933457878054
4863,52432148725,1,0.379606506266380,-0.703012550507978,-0.599635198829977,0.045933457878054
4864,52452148825,0,0.378335885487613,-0.703237369741446,-0.600160400106095,0.046115655648911
4865,52452148825,1,0.377818869988258,-0.703408204365984,-0.600283440946758,0.046147481367238
4866,52472148925,0,0.377818869988258,-0.703408204365984,-0.600283440946758,0.046147481367238
4867,52472148925,1,0.377818869988258,-0.703408204365984,-0.600283440946758,0.046147481367238
4868,52522149175,0,0.377818869988258,-0.703408204365984,-0.600283440946758,0.046147481367238
4869,52522149175,1,0.377818869988258,-0.703408204365984,-0.600283440946758,0.046147481367238
4870,52542149275,0,0.377818869988258,-0.703408204365984,-0.600283440946758,0.046147481367238
4871,52542149275,1,0.377818869988258,-0.703408204365984,-0.600283440946758,0.046147481367238
4872,52562149375,0,0.376551647006119,-0.703628458060851,-0.600807127947837,0.046331902086574
4873,52562149375,1,0.376033160403208,-0.703799121123932,-0.600929557813937,0.046362980144744
4874,52582149475,0,0.376033160403208,-0.703799121123932,-0.600929557813937,0.046362980144744
4875,52582149475,1,0.376033160403208,-0.703799121123932,-0.600929557813937,0.046362980144744
4876,52602149575,0,0.376033160403208,-0.703799121123932,-0.600929557813937,0.046362980144744
4877,52602149575,1,0.376033160403208,-0.703799121123932,-0.600929557813937,0.046362980144744
4878,52622149675,0,0.376033160403208,-0.703799121123932,-0.600929557813937,0.046362980144744
4879,52622149675,1,0.376033160403208,-0.703799121123932,-0.600929557813937,0.046362980144744
4880,52642149775,0,0.374766362563288,-0.704014540408140,-0.601453866212603,0.046550480157679
4881,52642149775,1,0.374260533118250,-0.704187984570202,-0.601563225309537,0.046583491627277
4882,52662149875,0,0.374260533118250,-0.704187984570202,-0.601563225309537,0.046583491627277
4883,52662149875,1,0.374260533118250,-0.704187984570202,-0.601563225309537,0.046583491627277
4884,52682149975,0,0.374260533118250,-0.704187984570202,-0.601563225309537,0.046583491627277
4885,52682149975,1,0.374260533118250,-0.704187984570202,-0.601563225309537,0.046583491627277
4886,52702150075,0,0.374260533118250,-0.704187984570202,-0.601563225309537,0.046583491627277
4887,52702150075,1,0.374260533118250,-0.704187984570202,-0.601563225309537,0.046583491627277
4888,52722150150,0,0.373000227845050,-0.704400325310427,-0.602082557544155,0.046771846566007
4889,52722150150,1,0.372492209885920,-0.704573331254449,-0.602192093641879,0.046804452934763
4890,52742150250,0,0.372492209885920,-0.704573331254449,-0.602192093641879,0.046804452934763
4891,52742150250,1,0.372492209885920,-0.704573331254449,-0.602192093641879,0.046804452934763
4892,52762150375,0,0.372492209885920,-0.704573331254449,-0.602192093641879,0.046804452934763
4893,52762150375,1,0.372492209885920,-0.704573331254449,-0.602192093641879,0.046804452934763
4894,52782150475,0,0.372492209885920,-0.704573331254449,-0.602192093641879,0.046804452934763
4895,52782150475,1,0.372492209885920,-0.704573331254449,-0.602192093641879,0.046804452934763
4896,52802150550,0,0.371242341470656,-0.704779976659450,-0.602707115179267,0.046994060386130
4897,52802150550,1,0.370724482857826,-0.704951651468940,-0.602822696103865,0.047024716512484
4898,52822150675,0,0.370724482857826,-0.704951651468940,-0.602822696103865,0.047024716512484
4899,52822150675,1,0.370724482857826,-0.704951651468940,-0.602822696103865,0.047024716512484
4900,52842150525,0,0.370724482857826,-0.704951651468940,-0.602822696103865,0.047024716512484
4901,52842150525,1,0.370724482857826,-0.704951651468940,-0.602822696103865,0.047024716512484
4902,52952153925,0,0.370724482857826,-0.704951651468940,-0.602822696103865,0.047024716512484
4903,52952153925,1,0.370724482857826,-0.704951651468940,-0.602822696103865,0.047024716512484
4904,52972153300,0,0.369476147701796,-0.705155756549192,-0.603335210797447,0.047216085150901
4905,52972153300,1,0.368950443718304,-0.705326936335269,-0.603454496607516,0.047245671591571
4906,52992152800,0,0.368950443718304,-0.705326936335269,-0.603454496607516,0.047245671591571
4907,52992152800,1,0.368950443718304,-0.705326936335269,-0.603454496607516,0.047245671591571
4908,53012152350,0,0.368950443718304,-0.705326936335269,-0.603454496607516,0.047245671591571
4909,53012152350,1,0.368950443718304,-0.705326936335269,-0.603454496607516,0.047245671591571
4910,53032151725,0,0.368950443718304,-0.705326936335269,-0.603454496607516,0.047245671591571
4911,53032151725,1,0.368950443718304,-0.705326936335269,-0.603454496607516,0.047245671591571
4912,53052151825,0,0.367707239036906,-0.705526119847012,-0.603965067383422,0.047439202712657
4913,53052151825,1,0.367179293326772,-0.705702045052671,-0.604078219763701,0.047470986588101
4914,53072151925,0,0.367179293326772,-0.705702045052671,-0.604078219763701,0.047470986588101
4915,53072151925,1,0.367179293326772,-0.705702045052671,-0.604078219763701,0.047470986588101
4916,53092152000,0,0.367179293326772,-0.705702045052671,-0.604078219763701,0.047470986588101
4917,53092152000,1,0.367179293326772,-0.705702045052671,-0.604078219763701,0.047470986588101
4918,53112152125,0,0.367179293326772,-0.705702045052671,-0.604078219763701,0.047470986588101
4919,53112152125,1,0.367179293326772,-0.705702045052671,-0.604078219763701,0.047470986588101
4920,53152152325,0,0.365940276012250,-0.705898364660557,-0.604585129754900,0.047665858230821
4921,53152152325,1,0.365410696132680,-0.706073763056421,-0.604698147855568,0.047697109505930
4922,53172152425,0,0.365410696132680,-0.706073763056421,-0.604698147855568,0.047697109505930
4923,53172152425,1,0.365410696132680,-0.706073763056421,-0.604698147855568,0.047697109505930
4924,53192152500,0,0.365410696132680,-0.706073763056421,-0.604698147855568,0.047697109505930
4925,53192152500,1,0.365410696132680,-0.706073763056421,-0.604698147855568,0.047697109505930
4926,53212152600,0,0.365410696132680,-0.706073763056421,-0.604698147855568,0.047697109505930
4927,53212152600,1,0.365410696132680,-0.706073763056421,-0.604698147855568,0.047697109505930
4928,53232152725,0,0.364170840864472,-0.706267166476610,-0.605204426036397,0.047894581396221
4929,53232152725,1,0.363709169643477,-0.706444536741458,-0.605272131043253,0.047931240415395
4930,53252152800,0,0.363709169643477,-0.706444536741458,-0.605272131043253,0.047931240415395
4931,53252152800,1,0.363709169643477,-0.706444536741458,-0.605272131043253,0.047931240415395
4932,53272152925,0,0.363709169643477,-0.706444536741458,-0.605272131043253,0.047931240415395
4933,53272152925,1,0.363709169643477,-0.706444536741458,-0.605272131043253,0.047931240415395
4934,53292153025,0,0.363709169643477,-0.706444536741458,-0.605272131043253,0.047931240415395
4935,53292153025,1,0.363709169643477,-0.706444536741458,-0.605272131043253,0.047931240415395
4936,53312153125,0,0.362476914256615,-0.706634045397299,-0.605774159847654,0.048129822120183
4937,53312153125,1,0.362012869931382,-0.706811289026668,-0.605841993591485,0.048165989137551
4938,53332153200,0,0.362012869931382,-0.706811289026668,-0.605841993591485,0.048165989137551
4939,53332153200,1,0.362012869931382,-0.706811289026668,-0.605841993591485,0.048165989137551
4940,53352153325,0,0.362012869931382,-0.706811289026668,-0.605841993591485,0.048165989137551
4941,53352153325,1,0.362012869931382,-0.706811289026668,-0.605841993591485,0.048165989137551
4942,53372153425,0,0.362012869931382,-0.706811289026668,-0.605841993591485,0.048165989137551
4943,53372153425,1,0.362012869931382,-0.706811289026668,-0.605841993591485,0.048165989137551
4944,53392153525,0,0.360786919181891,-0.706999668015474,-0.606337486022025,0.048364464410763
4945,53392153525,1,0.360321073313185,-0.707172952413222,-0.606409697681628,0.048398533648016
4946,53412153625,0,0.360321073313185,-0.707172952413222,-0.606409697681628,0.048398533648016
4947,53412153625,1,0.360321073313185,-0.707172952413222,-0.606409697681628,0.048398533648016
4948,53432153725,0,0.360321073313185,-0.707172952413222,-0.606409697681628,0.048398533648016
4949,53432153725,1,0.360321073313185,-0.707172952413222,-0.606409697681628,0.048398533648016
4950,53452153825,0,0.360321073313185,-0.707172952413222,-0.606409697681628,0.048398533648016
4951,53452153825,1,0.360321073313185,-0.707172952413222,-0.606409697681628,0.048398533648016
4952,53472153925,0,0.359098673319154,-0.707356863156809,-0.606904032124582,0.048599452222302
4953,53472153925,1,0.358631690669121,-0.707526886401337,-0.606979457649517,0.048630787146994
4954,53492154025,0,0.358631690669121,-0.707526886401337,-0.606979457649517,0.048630787146994
4955,53492154025,1,0.358631690669121,-0.707526886401337,-0.606979457649517,0.048630787146994
4956,53512154125,0,0.358631690669121,-0.707526886401337,-0.606979457649517,0.048630787146994
4957,53512154125,1,0.358631690669121,-0.707526886401337,-0.606979457649517,0.048630787146994
4958,53532154225,0,0.358631690669121,-0.707526886401337,-0.606979457649517,0.048630787146994
4959,53532154225,1,0.358631690669121,-0.707526886401337,-0.606979457649517,0.048630787146994
4960,53552154325,0,0.357413733425295,-0.707707467496312,-0.607470881724468,0.048833302835729
4961,53552154325,1,0.356945146350376,-0.707877220623317,-0.607546137328601,0.048864036229247
4962,53572154425,0,0.356945146350376,-0.707877220623317,-0.607546137328601,0.048864036229247
4963,53572154425,1,0.356945146350376,-0.707877220623317,-0.607546137328601,0.048864036229247
4964,53592154525,0,0.356945146350376,-0.707877220623317,-0.607546137328601,0.048864036229247
4965,53592154525,1,0.356945146350376,-0.707877220623317,-0.607546137328601,0.048864036229247
4966,53612154625,0,0.356945146350376,-0.707877220623317,-0.607546137328601,0.048864036229247
4967,53612154625,1,0.356945146350376,-0.707877220623317,-0.607546137328601,0.048864036229247
4968,53632154725,0,0.355731002587778,-0.708054365610148,-0.608035165396341,0.049068388803274
4969,53632154725,1,0.355246942204425,-0.708227129217658,-0.608114446563273,0.049099525207126
4970,53652154825,0,0.355246942204425,-0.708227129217658,-0.608114446563273,0.049099525207126
4971,53652154825,1,0.355246942204425,-0.708227129217658,-0.608114446563273,0.049099525207126
4972,53672154925,0,0.355246942204425,-0.708227129217658,-0.608114446563273,0.049099525207126
4973,53672154925,1,0.355246942204425,-0.708227129217658,-0.608114446563273,0.049099525207126
4974,53692155025,0,0.355246942204425,-0.708227129217658,-0.608114446563273,0.049099525207126
4975,53692155025,1,0.355246942204425,-0.708227129217658,-0.608114446563273,0.049099525207126
4976,53712155125,0,0.354037533382897,-0.708401068541449,-0.608600305211215,0.049305370319100
4977,53712155125,1,0.353551792020911,-0.708573508966443,-0.608679455047854,0.049335927602842
4978,53732155225,0,0.353551792020911,-0.708573508966443,-0.608679455047854,0.049335927602842
4979,53732155225,1,0.353551792020911,-0.708573508966443,-0.608679455047854,0.049335927602842
4980,53752155325,0,0.353551792020911,-0.708573508966443,-0.608679455047854,0.049335927602842
4981,53752155325,1,0.353551792020911,-0.708573508966443,-0.608679455047854,0.049335927602842
4982,53792155525,0,0.353551792020911,-0.708573508966443,-0.608679455047854,0.049335927602842
4983,53792155525,1,0.353551792020911,-0.708573508966443,-0.608679455047854,0.049335927602842
4984,53812155625,0,0.352349963197193,-0.708742577010046,-0.609162457154099,0.049543554193024
4985,53812155625,1,0.351862129500349,-0.708911827925014,-0.609245205805486,0.049571577083308
4986,53832155725,0,0.351862129500349,-0.708911827925014,-0.609245205805486,0.049571577083308
4987,53832155725,1,0.351862129500349,-0.708911827925014,-0.609245205805486,0.049571577083308
4988,53852155825,0,0.351862129500349,-0.708911827925014,-0.609245205805486,0.049571577083308
4989,53852155825,1,0.351862129500349,-0.708911827925014,-0.609245205805486,0.049571577083308
4990,53872155925,0,0.351862129500349,-0.708911827925014,-0.609245205805486,0.049571577083308
4991,53872155925,1,0.351862129500349,-0.708911827925014,-0.609245205805486,0.049571577083308
4992,53892156025,0,0.350663379271950,-0.709078405829623,-0.609725256598186,0.049780722071632
4993,53892156025,1,0.350174534941028,-0.709243921586806,-0.609811599949132,0.049806298180873
4994,53912156125,0,0.350174534941028,-0.709243921586806,-0.609811599949132,0.049806298180873
4995,53912156125,1,0.350174534941028,-0.709243921586806,-0.609811599949132,0.049806298180873
4996,53932156200,0,0.350174534941028,-0.709243921586806,-0.609811599949132,0.049806298180873
4997,53932156200,1,0.350174534941028,-0.709243921586806,-0.609811599949132,0.049806298180873
4998,53952156325,0,0.350174534941028,-0.709243921586806,-0.609811599949132,0.049806298180873
4999,53952156325,1,0.350174534941028,-0.709243921586806,-0.609811599949132,0.049806298180873
5000,53972156425,0,0.348980328843351,-0.709407267355290,-0.610288746672036,0.050017044988299
5001,53972156425,1,0.348489729919830,-0.709574088016474,-0.610373020812363,0.050042953753586
5002,53992156525,0,0.348489729919830,-0.709574088016474,-0.610373020812363,0.050042953753586
5003,53992156525,1,0.348489729919830,-0.709574088016474,-0.610373020812363,0.050042953753586
5004,54012156625,0,0.348489729919830,-0.709574088016474,-0.610373020812363,0.050042953753586
5005,54012156625,1,0.348489729919830,-0.709574088016474,-0.610373020812363,0.050042953753586
5006,54032156725,0,0.348489729919830,-0.709574088016474,-0.610373020812363,0.050042953753586
5007,54032156725,1,0.348489729919830,-0.709574088016474,-0.610373020812363,0.050042953753586
5008,54052156825,0,0.347293105495757,-0.709734825569063,-0.610850418859023,0.050256761030931
5009,54052156825,1,0.346774007841709,-0.709912345934082,-0.610936582306482,0.050286588425167
5010,54072156925,0,0.346774007841709,-0.709912345934082,-0.610936582306482,0.050286588425167
5011,54072156925,1,0.346774007841709,-0.709912345934082,-0.610936582306482,0.050286588425167
5012,54092157025,0,0.346774007841709,-0.709912345934082,-0.610936582306482,0.050286588425167
5013,54092157025,1,0.346774007841709,-0.709912345934082,-0.610936582306482,0.050286588425167
5014,54112157125,0,0.346774007841709,-0.709912345934082,-0.610936582306482,0.050286588425167
5015,54112157125,1,0.346774007841709,-0.709912345934082,-0.610936582306482,0.050286588425167
5016,54132157225,0,0.345585252273805,-0.710069613672172,-0.611409512483648,0.050501338544751
5017,54132157225,1,0.345063715210096,-0.710246829076703,-0.611495806426517,0.050530712984069
5018,54152157325,0,0.345063715210096,-0.710246829076703,-0.611495806426517,0.050530712984069
5019,54152157325,1,0.345063715210096,-0.710246829076703,-0.611495806426517,0.050530712984069
5020,54172157425,0,0.345063715210096,-0.710246829076703,-0.611495806426517,0.050530712984069
5021,54172157425,1,0.345063715210096,-0.710246829076703,-0.611495806426517,0.050530712984069
5022,54192157525,0,0.345063715210096,-0.710246829076703,-0.611495806426517,0.050530712984069
5023,54192157525,1,0.345063715210096,-0.710246829076703,-0.611495806426517,0.050530712984069
5024,54212157625,0,0.343888170221754,-0.710396278475947,-0.611966268550604,0.050747808477898
5025,54212157625,1,0.343370374061744,-0.710567714367194,-0.612055881757523,0.050773094466468
5026,54232157700,0,0.343370374061744,-0.710567714367194,-0.612055881757523,0.050773094466468
5027,54232157700,1,0.343370374061744,-0.710567714367194,-0.612055881757523,0.050773094466468
5028,54252157825,0,0.343370374061744,-0.710567714367194,-0.612055881757523,0.050773094466468
5029,54252157825,1,0.343370374061744,-0.710567714367194,-0.612055881757523,0.050773094466468
5030,54272157925,0,0.343370374061744,-0.710567714367194,-0.612055881757523,0.050773094466468
5031,54272157925,1,0.343370374061744,-0.710567714367194,-0.612055881757523,0.050773094466468
5032,54292158025,0,0.342195477145718,-0.710716182815769,-0.612523168765334,0.050991476056994
5033,54292158025,1,0.341684170659352,-0.710883570248275,-0.612612411491143,0.051014805291240
5034,54312158125,0,0.341684170659352,-0.710883570248275,-0.612612411491143,0.051014805291240
5035,54312158125,1,0.341684170659352,-0.710883570248275,-0.612612411491143,0.051014805291240
5036,54332158225,0,0.341684170659352,-0.710883570248275,-0.612612411491143,0.051014805291240
5037,54332158225,1,0.341684170659352,-0.710883570248275,-0.612612411491143,0.051014805291240
5038,54352158325,0,0.341684170659352,-0.710883570248275,-0.612612411491143,0.051014805291240
5039,54352158325,1,0.341684170659352,-0.710883570248275,-0.612612411491143,0.051014805291240
5040,54372158425,0,0.340513963051494,-0.711028880293591,-0.613076802317598,0.051234820341612
5041,54372158425,1,0.340001006278112,-0.711195906046531,-0.613165853373942,0.051257538067393
5042,54422158675,0,0.340001006278112,-0.711195906046531,-0.613165853373942,0.051257538067393
5043,54422158675,1,0.340001006278112,-0.711195906046531,-0.613165853373942,0.051257538067393
5044,54442158775,0,0.340001006278112,-0.711195906046531,-0.613165853373942,0.051257538067393
5045,54442158775,1,0.340001006278112,-0.711195906046531,-0.613165853373942,0.051257538067393
5046,54462158875,0,0.340001006278112,-0.711195906046531,-0.613165853373942,0.051257538067393
5047,54462158875,1,0.340001006278112,-0.711195906046531,-0.613165853373942,0.051257538067393
5048,54482158975,0,0.338830925860963,-0.711344317827919,-0.613622899963140,0.051476225725674
5049,54482158975,1,0.338289175943469,-0.711515715147367,-0.613720987167043,0.051501169389932
5050,54502159075,0,0.338289175943469,-0.711515715147367,-0.613720987167043,0.051501169389932
5051,54502159075,1,0.338289175943469,-0.711515715147367,-0.613720987167043,0.051501169389932
5052,54522159175,0,0.338289175943469,-0.711515715147367,-0.613720987167043,0.051501169389932
5053,54522159175,1,0.338289175943469,-0.711515715147367,-0.613720987167043,0.051501169389932
5054,54542159275,0,0.338289175943469,-0.711515715147367,-0.613720987167043,0.051501169389932
5055,54542159275,1,0.338289175943469,-0.711515715147367,-0.613720987167043,0.051501169389932
5056,54562159375,0,0.337125901355510,-0.711657955201678,-0.614177348828987,0.051722969934048
5057,54562159375,1,0.336581976019286,-0.711829595077303,-0.614274740763247,0.051746921176829
5058,54582159475,0,0.336581976019286,-0.711829595077303,-0.614274740763247,0.051746921176829
5059,54582159475,1,0.336581976019286,-0.711829595077303,-0.614274740763247,0.051746921176829
5060,54602159575,0,0.336581976019286,-0.711829595077303,-0.614274740763247,0.051746921176829
5061,54602159575,1,0.336581976019286,-0.711829595077303,-0.614274740763247,0.051746921176829
5062,54622159675,0,0.336581976019286,-0.711829595077303,-0.614274740763247,0.051746921176829
5063,54622159675,1,0.336581976019286,-0.711829595077303,-0.614274740763247,0.051746921176829
5064,54642159775,0,0.335425327135977,-0.711966276885847,-0.614729884374047,0.051971528267884
5065,54642159775,1,0.334893409846271,-0.712135013219201,-0.614822576083508,0.051993527740147
5066,54662159875,0,0.334893409846271,-0.712135013219201,-0.614822576083508,0.051993527740147
5067,54662159875,1,0.334893409846271,-0.712135013219201,-0.614822576083508,0.051993527740147
5068,54682159975,0,0.334893409846271,-0.712135013219201,-0.614822576083508,0.051993527740147
5069,54682159975,1,0.334893409846271,-0.712135013219201,-0.614822576083508,0.051993527740147
5070,54702160075,0,0.334893409846271,-0.712135013219201,-0.614822576083508,0.051993527740147
5071,54702160075,1,0.334893409846271,-0.712135013219201,-0.614822576083508,0.051993527740147
5072,54722160175,0,0.333740806008319,-0.712269724851977,-0.615273979027288,0.052219193752242
5073,54722160175,1,0.333207394221023,-0.712437812277606,-0.615366640977524,0.052240724014649
5074,54742160250,0,0.333207394221023,-0.712437812277606,-0.615366640977524,0.052240724014649
5075,54742160250,1,0.333207394221023,-0.712437812277606,-0.615366640977524,0.052240724014649
5076,54762160375,0,0.333207394221023,-0.712437812277606,-0.615366640977524,0.052240724014649
5077,54762160375,1,0.333207394221023,-0.712437812277606,-0.615366640977524,0.052240724014649
5078,54782160475,0,0.333207394221023,-0.712437812277606,-0.615366640977524,0.052240724014649
5079,54782160475,1,0.333207394221023,-0.712437812277606,-0.615366640977524,0.052240724014649
5080,54802160575,0,0.332058119989500,-0.712570600793808,-0.615814657947838,0.052467617536703
5081,54802160575,1,0.331516590970801,-0.712736231665666,-0.615913052714390,0.052487383990503
5082,54822160675,0,0.331516590970801,-0.712736231665666,-0.615913052714390,0.052487383990503
5083,54822160675,1,0.331516590970801,-0.712736231665666,-0.615913052714390,0.052487383990503
5084,54842160775,0,0.331516590970801,-0.712736231665666,-0.615913052714390,0.052487383990503
5085,54842160775,1,0.331516590970801,-0.712736231665666,-0.615913052714390,0.052487383990503
5086,54862160875,0,0.331516590970801,-0.712736231665666,-0.615913052714390,0.052487383990503
5087,54862160875,1,0.331516590970801,-0.712736231665666,-0.615913052714390,0.052487383990503
5088,54882160975,0,0.330372812367143,-0.712865399464582,-0.616358449095119,0.052716120152052
5089,54882160975,1,0.329822644025799,-0.713028923506976,-0.616462412104464,0.052733975695569
5090,54902161075,0,0.329822644025799,-0.713028923506976,-0.616462412104464,0.052733975695569
5091,54902161075,1,0.329822644025799,-0.713028923506976,-0.616462412104464,0.052733975695569
5092,54922161175,0,0.329822644025799,-0.713028923506976,-0.616462412104464,0.052733975695569
5093,54922161175,1,0.329822644025799,-0.713028923506976,-0.616462412104464,0.052733975695569
5094,54942161275,0,0.329822644025799,-0.713028923506976,-0.616462412104464,0.052733975695569
5095,54942161275,1,0.329822644025799,-0.713028923506976,-0.616462412104464,0.052733975695569
5096,54962161375,0,0.328683691871426,-0.713155043287148,-0.616904929752340,0.052964351965602
5097,54962161375,1,0.328131843116211,-0.713318124536547,-0.617008668620923,0.052981596686562
5098,54982161450,0,0.328131843116211,-0.713318124536547,-0.617008668620923,0.052981596686562
5099,54982161450,1,0.328131843116211,-0.713318124536547,-0.617008668620923,0.052981596686562
5100,55002161575,0,0.328131843116211,-0.713318124536547,-0.617008668620923,0.052981596686562
5101,55002161575,1,0.328131843116211,-0.713318124536547,-0.617008668620923,0.052981596686562
5102,55052161825,0,0.328131843116211,-0.713318124536547,-0.617008668620923,0.052981596686562
5103,55052161825,1,0.328131843116211,-0.713318124536547,-0.617008668620923,0.052981596686562
5104,55072161925,0,0.326998872864758,-0.713439256243565,-0.617449881776889,0.053214737521778
5105,55072161925,1,0.326445072177456,-0.713602320339841,-0.617553070287730,0.053231087109400
5106,55092162000,0,0.326445072177456,-0.713602320339841,-0.617553070287730,0.053231087109400
5107,55092162000,1,0.326445072177456,-0.713602320339841,-0.617553070287730,0.053231087109400
5108,55112162125,0,0.326445072177456,-0.713602320339841,-0.617553070287730,0.053231087109400
5109,55112162125,1,0.326445072177456,-0.713602320339841,-0.617553070287730,0.053231087109400
5110,55132162225,0,0.326445072177456,-0.713602320339841,-0.617553070287730,0.053231087109400
5111,55132162225,1,0.326445072177456,-0.713602320339841,-0.617553070287730,0.053231087109400
5112,55152162325,0,0.325316460327874,-0.713721398470408,-0.617990635622738,0.053465318551299
5113,55152162325,1,0.324761098987867,-0.713883803989601,-0.618093767028438,0.053481194322159
5114,55172162425,0,0.324761098987867,-0.713883803989601,-0.618093767028438,0.053481194322159
5115,55172162425,1,0.324761098987867,-0.713883803989601,-0.618093767028438,0.053481194322159
5116,55192162525,0,0.324761098987867,-0.713883803989601,-0.618093767028438,0.053481194322159
5117,55192162525,1,0.324761098987867,-0.713883803989601,-0.618093767028438,0.053481194322159
5118,55212162625,0,0.324761098987867,-0.713883803989601,-0.618093767028438,0.053481194322159
5119,55212162625,1,0.324761098987867,-0.713883803989601,-0.618093767028438,0.053481194322159
5120,55232162725,0,0.323639107504520,-0.714001785532291,-0.618525554270428,0.053715147443138
5121,55232162725,1,0.323081219542521,-0.714168281753444,-0.618623394725865,0.053733475730672
5122,55252162825,0,0.323081219542521,-0.714168281753444,-0.618623394725865,0.053733475730672
5123,55252162825,1,0.323081219542521,-0.714168281753444,-0.618623394725865,0.053733475730672
5124,55272162925,0,0.323081219542521,-0.714168281753444,-0.618623394725865,0.053733475730672
5125,55272162925,1,0.323081219542521,-0.714168281753444,-0.618623394725865,0.053733475730672
5126,55292163025,0,0.323081219542521,-0.714168281753444,-0.618623394725865,0.053733475730672
5127,55292163025,1,0.323081219542521,-0.714168281753444,-0.618623394725865,0.053733475730672
5128,55312163125,0,0.321963311783843,-0.714282351500609,-0.619053781570135,0.053970026159495
5129,55312163125,1,0.321403792228933,-0.714450241490944,-0.619149184072002,0.053988356498107
5130,55332163225,0,0.321403792228933,-0.714450241490944,-0.619149184072002,0.053988356498107
5131,55332163225,1,0.321403792228933,-0.714450241490944,-0.619149184072002,0.053988356498107
5132,55352163325,0,0.321403792228933,-0.714450241490944,-0.619149184072002,0.053988356498107
5133,55352163325,1,0.321403792228933,-0.714450241490944,-0.619149184072002,0.053988356498107
5134,55372163425,0,0.321403792228933,-0.714450241490944,-0.619149184072002,0.053988356498107
5135,55372163425,1,0.321403792228933,-0.714450241490944,-0.619149184072002,0.053988356498107
5136,55392163500,0,0.320290806222645,-0.714561357541912,-0.619576747093131,0.054226563772767
5137,55392163500,1,0.319726336708142,-0.714726199549408,-0.619676727340709,0.054242814133848
5138,55412163625,0,0.319726336708142,-0.714726199549408,-0.619676727340709,0.054242814133848
5139,55412163625,1,0.319726336708142,-0.714726199549408,-0.619676727340709,0.054242814133848
5140,55432163725,0,0.319726336708142,-0.714726199549408,-0.619676727340709,0.054242814133848
5141,55432163725,1,0.319726336708142,-0.714726199549408,-0.619676727340709,0.054242814133848
5142,55452163825,0,0.319726336708142,-0.714726199549408,-0.619676727340709,0.054242814133848
5143,55452163825,1,0.319726336708142,-0.714726199549408,-0.619676727340709,0.054242814133848
5144,55472163925,0,0.318617925514365,-0.714833327296826,-0.620102788327350,0.054483608868331
5145,55472163925,1,0.318042058920173,-0.714990123294045,-0.620216658034611,0.054494673557716
5146,55492164025,0,0.318042058920173,-0.714990123294045,-0.620216658034611,0.054494673557716
5147,55492164025,1,0.318042058920173,-0.714990123294045,-0.620216658034611,0.054494673557716
5148,55512163625,0,0.318042058920173,-0.714990123294045,-0.620216658034611,0.054494673557716
5149,55512163625,1,0.318042058920173,-0.714990123294045,-0.620216658034611,0.054494673557716
5150,55622167050,0,0.318042058920173,-0.714990123294045,-0.620216658034611,0.054494673557716
5151,55622167050,1,0.318042058920173,-0.714990123294045,-0.620216658034611,0.054494673557716
5152,55672165650,0,0.316937593185609,-0.715094041427086,-0.620640687559874,0.054737655105031
5153,55672165650,1,0.316353158022498,-0.715251790130981,-0.620756119652188,0.054748479777782
5154,55692165050,0,0.316353158022498,-0.715251790130981,-0.620756119652188,0.054748479777782
5155,55692165050,1,0.316353158022498,-0.715251790130981,-0.620756119652188,0.054748479777782
5156,55712165125,0,0.316353158022498,-0.715251790130981,-0.620756119652188,0.054748479777782
5157,55712165125,1,0.316353158022498,-0.715251790130981,-0.620756119652188,0.054748479777782
5158,55732165225,0,0.316353158022498,-0.715251790130981,-0.620756119652188,0.054748479777782
5159,55732165225,1,0.316353158022498,-0.715251790130981,-0.620756119652188,0.054748479777782
5160,55752165325,0,0.315254205230955,-0.715353236908907,-0.621176580024840,0.054992626385655
5161,55752165325,1,0.314660820027056,-0.715511763018528,-0.621293895560747,0.055003460445416
5162,55772165425,0,0.314660820027056,-0.715511763018528,-0.621293895560747,0.055003460445416
5163,55772165425,1,0.314660820027056,-0.715511763018528,-0.621293895560747,0.055003460445416
5164,55792165525,0,0.314660820027056,-0.715511763018528,-0.621293895560747,0.055003460445416
5165,55792165525,1,0.314660820027056,-0.715511763018528,-0.621293895560747,0.055003460445416
5166,55812165625,0,0.314660820027056,-0.715511763018528,-0.621293895560747,0.055003460445416
5167,55812165625,1,0.314660820027056,-0.715511763018528,-0.621293895560747,0.055003460445416
5168,55832165725,0,0.313561857477741,-0.715614753699336,-0.621709125098202,0.055247168186035
5169,55832165725,1,0.313020068709157,-0.715776369648892,-0.621794798891140,0.055261680299230
5170,55852165825,0,0.313020068709157,-0.715776369648892,-0.621794798891140,0.055261680299230
5171,55852165825,1,0.313020068709157,-0.715776369648892,-0.621794798891140,0.055261680299230
5172,55872165925,0,0.313020068709157,-0.715776369648892,-0.621794798891140,0.055261680299230
5173,55872165925,1,0.313020068709157,-0.715776369648892,-0.621794798891140,0.055261680299230
5174,55892166025,0,0.313020068709157,-0.715776369648892,-0.621794798891140,0.055261680299230
5175,55892166025,1,0.313020068709157,-0.715776369648892,-0.621794798891140,0.055261680299230
5176,55912166125,0,0.311928898638757,-0.715874229654241,-0.622208409460841,0.055508059839723
5177,55912166125,1,0.311402156747340,-0.716037491764172,-0.622283062473112,0.055522944088575
5178,55932166225,0,0.311402156747340,-0.716037491764172,-0.622283062473112,0.055522944088575
5179,55932166225,1,0.311402156747340,-0.716037491764172,-0.622283062473112,0.055522944088575
5180,55952166325,0,0.311402156747340,-0.716037491764172,-0.622283062473112,0.055522944088575
5181,55952166325,1,0.311402156747340,-0.716037491764172,-0.622283062473112,0.055522944088575
5182,55972166425,0,0.311402156747340,-0.716037491764172,-0.622283062473112,0.055522944088575
5183,55972166425,1,0.311402156747340,-0.716037491764172,-0.622283062473112,0.055522944088575
5184,55992166525,0,0.310316049072559,-0.716132521800500,-0.622693954262965,0.055770962265380
5185,55992166525,1,0.309791062743464,-0.716296375972218,-0.622765560066387,0.055785808307683
5186,56012166625,0,0.309791062743464,-0.716296375972218,-0.622765560066387,0.055785808307683
5187,56012166625,1,0.309791062743464,-0.716296375972218,-0.622765560066387,0.055785808307683
5188,56032166725,0,0.309791062743464,-0.716296375972218,-0.622765560066387,0.055785808307683
5189,56032166725,1,0.309791062743464,-0.716296375972218,-0.622765560066387,0.055785808307683
5190,56052166825,0,0.309791062743464,-0.716296375972218,-0.622765560066387,0.055785808307683
5191,56052166825,1,0.309791062743464,-0.716296375972218,-0.622765560066387,0.055785808307683
5192,56072167875,0,0.308717071074890,-0.716383790363736,-0.623175615190578,0.056037376480995
5193,56072167875,1,0.308199001563179,-0.716551297951533,-0.623238069934597,0.056052841351993
5194,56092167025,0,0.308199001563179,-0.716551297951533,-0.623238069934597,0.056052841351993
5195,56092167025,1,0.308199001563179,-0.716551297951533,-0.623238069934597,0.056052841351993
5196,56112167125,0,0.308199001563179,-0.716551297951533,-0.623238069934597,0.056052841351993
5197,56112167125,1,0.308199001563179,-0.716551297951533,-0.623238069934597,0.056052841351993
5198,56132167225,0,0.308199001563179,-0.716551297951533,-0.623238069934597,0.056052841351993
5199,56132167225,1,0.308199001563179,-0.716551297951533,-0.623238069934597,0.056052841351993
5200,56152167325,0,0.307126439863758,-0.716638380154329,-0.623644543165087,0.056305113504926
5201,56152167325,1,0.306607592641338,-0.716804974025191,-0.623707022163599,0.056320190440419
5202,56172167425,0,0.306607592641338,-0.716804974025191,-0.623707022163599,0.056320190440419
5203,56172167425,1,0.306607592641338,-0.716804974025191,-0.623707022163599,0.056320190440419
5204,56192167525,0,0.306607592641338,-0.716804974025191,-0.623707022163599,0.056320190440419
5205,56192167525,1,0.306607592641338,-0.716804974025191,-0.623707022163599,0.056320190440419
5206,56212167625,0,0.306607592641338,-0.716804974025191,-0.623707022163599,0.056320190440419
5207,56212167625,1,0.306607592641338,-0.716804974025191,-0.623707022163599,0.056320190440419
5208,56232167725,0,0.305544899301047,-0.716887521438025,-0.624110533157508,0.056574185980968
5209,56232167725,1,0.305002282477120,-0.717053136206173,-0.624184463826635,0.056587654643880
5210,56252167825,0,0.305002282477120,-0.717053136206173,-0.624184463826635,0.056587654643880
5211,56252167825,1,0.305002282477120,-0.717053136206173,-0.624184463826635,0.056587654643880
5212,56272167925,0,0.305002282477120,-0.717053136206173,-0.624184463826635,0.056587654643880
5213,56272167925,1,0.305002282477120,-0.717053136206173,-0.624184463826635,0.056587654643880
5214,56312168125,0,0.305002282477120,-0.717053136206173,-0.624184463826635,0.056587654643880
5215,56312168125,1,0.305002282477120,-0.717053136206173,-0.624184463826635,0.056587654643880
5216,56332168225,0,0.303941870002704,-0.717133982536980,-0.624585488086248,0.056843282997842
5217,56332168225,1,0.303391267755594,-0.717298591503522,-0.624663017529109,0.056855815957075
5218,56352168325,0,0.303391267755594,-0.717298591503522,-0.624663017529109,0.056855815957075
5219,56352168325,1,0.303391267755594,-0.717298591503522,-0.624663017529109,0.056855815957075
5220,56372168425,0,0.303391267755594,-0.717298591503522,-0.624663017529109,0.056855815957075
5221,56372168425,1,0.303391267755594,-0.717298591503522,-0.624663017529109,0.056855815957075
5222,56392168525,0,0.303391267755594,-0.717298591503522,-0.624663017529109,0.056855815957075
5223,56392168525,1,0.303391267755594,-0.717298591503522,-0.624663017529109,0.056855815957075
5224,56412168625,0,0.302328617106129,-0.717379987820259,-0.625061214266425,0.057112509780987
5225,56412168625,1,0.301785254319880,-0.717542113548866,-0.625136637196572,0.057124078928884
5226,56432168725,0,0.301785254319880,-0.717542113548866,-0.625136637196572,0.057124078928884
5227,56432168725,1,0.301785254319880,-0.717542113548866,-0.625136637196572,0.057124078928884
5228,56452168825,0,0.301785254319880,-0.717542113548866,-0.625136637196572,0.057124078928884
5229,56452168825,1,0.301785254319880,-0.717542113548866,-0.625136637196572,0.057124078928884
5230,56472168925,0,0.301785254319880,-0.717542113548866,-0.625136637196572,0.057124078928884
5231,56472168925,1,0.301785254319880,-0.717542113548866,-0.625136637196572,0.057124078928884
5232,56492169025,0,0.300731055301273,-0.717619287201087,-0.625532263284614,0.057382737860918
5233,56492169025,1,0.300192391441851,-0.717780037562485,-0.625605607710195,0.057393112816588
5234,56512169125,0,0.300192391441851,-0.717780037562485,-0.625605607710195,0.057393112816588
5235,56512169125,1,0.300192391441851,-0.717780037562485,-0.625605607710195,0.057393112816588
5236,56532169225,0,0.300192391441851,-0.717780037562485,-0.625605607710195,0.057393112816588
5237,56532169225,1,0.300192391441851,-0.717780037562485,-0.625605607710195,0.057393112816588
5238,56552169325,0,0.300192391441851,-0.717780037562485,-0.625605607710195,0.057393112816588
5239,56552169325,1,0.300192391441851,-0.717780037562485,-0.625605607710195,0.057393112816588
5240,56572169425,0,0.299143235942316,-0.717854561403501,-0.625998590542814,0.057653427483172
5241,56572169425,1,0.298602938861454,-0.718014888564677,-0.626071770920550,0.057663180272710
5242,56592169525,0,0.298602938861454,-0.718014888564677,-0.626071770920550,0.057663180272710
5243,56592169525,1,0.298602938861454,-0.718014888564677,-0.626071770920550,0.057663180272710
5244,56612169625,0,0.298602938861454,-0.718014888564677,-0.626071770920550,0.057663180272710
5245,56612169625,1,0.298602938861454,-0.718014888564677,-0.626071770920550,0.057663180272710
5246,56632169725,0,0.298602938861454,-0.718014888564677,-0.626071770920550,0.057663180272710
5247,56632169725,1,0.298602938861454,-0.718014888564677,-0.626071770920550,0.057663180272710
5248,56652169825,0,0.297557827295247,-0.718087545512831,-0.626461759819824,0.057924777756487
5249,56652169825,1,0.297001812908387,-0.718249822858532,-0.626538628886474,0.057934977396014
5250,56672169900,0,0.297001812908387,-0.718249822858532,-0.626538628886474,0.057934977396014
5251,56672169900,1,0.297001812908387,-0.718249822858532,-0.626538628886474,0.057934977396014
5252,56692170000,0,0.297001812908387,-0.718249822858532,-0.626538628886474,0.057934977396014
5253,56692170000,1,0.297001812908387,-0.718249822858532,-0.626538628886474,0.057934977396014
5254,56712170125,0,0.297001812908387,-0.718249822858532,-0.626538628886474,0.057934977396014
5255,56712170125,1,0.297001812908387,-0.718249822858532,-0.626538628886474,0.057934977396014
5256,56732170225,0,0.295962017595347,-0.718319562908881,-0.626926177417383,0.058198434275441
5257,56732170225,1,0.295404300336228,-0.718481448851841,-0.627002823490431,0.058207957648841
5258,56752170325,0,0.295404300336228,-0.718481448851841,-0.627002823490431,0.058207957648841
5259,56752170325,1,0.295404300336228,-0.718481448851841,-0.627002823490431,0.058207957648841
5260,56772170425,0,0.295404300336228,-0.718481448851841,-0.627002823490431,0.058207957648841
5261,56772170425,1,0.295404300336228,-0.718481448851841,-0.627002823490431,0.058207957648841
5262,56792170525,0,0.295404300336228,-0.718481448851841,-0.627002823490431,0.058207957648841
5263,56792170525,1,0.295404300336228,-0.718481448851841,-0.627002823490431,0.058207957648841
5264,56812170600,0,0.294365914517484,-0.718547692709885,-0.627390299473098,0.058475069890020
5265,56812170600,1,0.293807743025937,-0.718705951263428,-0.627470024871038,0.058481908697270
5266,56832170725,0,0.293807743025937,-0.718705951263428,-0.627470024871038,0.058481908697270
5267,56832170725,1,0.293807743025937,-0.718705951263428,-0.627470024871038,0.058481908697270
5268,56852170825,0,0.293807743025937,-0.718705951263428,-0.627470024871038,0.058481908697270
5269,56852170825,1,0.293807743025937,-0.718705951263428,-0.627470024871038,0.058481908697270
5270,56872170925,0,0.293807743025937,-0.718705951263428,-0.627470024871038,0.058481908697270
5271,56872170925,1,0.293807743025937,-0.718705951263428,-0.627470024871038,0.058481908697270
5272,56892171000,0,0.292776123861320,-0.718770100976352,-0.627853608574730,0.058749718628059
5273,56892171000,1,0.292216223078757,-0.718924452394515,-0.627937263196263,0.058754610103553
5274,56912171125,0,0.292216223078757,-0.718924452394515,-0.627937263196263,0.058754610103553
5275,56912171125,1,0.292216223078757,-0.718924452394515,-0.627937263196263,0.058754610103553
5276,56952171325,0,0.292216223078757,-0.718924452394515,-0.627937263196263,0.058754610103553
5277,56952171325,1,0.292216223078757,-0.718924452394515,-0.627937263196263,0.058754610103553
5278,56972171425,0,0.292216223078757,-0.718924452394515,-0.627937263196263,0.058754610103553
5279,56972171425,1,0.292216223078757,-0.718924452394515,-0.627937263196263,0.058754610103553
5280,56992171525,0,0.291189651804089,-0.718986063860667,-0.628318218616485,0.059024086701664
5281,56992171525,1,0.290628124555438,-0.719139939665965,-0.628401697498434,0.059028357386159
5282,57012171600,0,0.290628124555438,-0.719139939665965,-0.628401697498434,0.059028357386159
5283,57012171600,1,0.290628124555438,-0.719139939665965,-0.628401697498434,0.059028357386159
5284,57032171725,0,0.290628124555438,-0.719139939665965,-0.628401697498434,0.059028357386159
5285,57032171725,1,0.290628124555438,-0.719139939665965,-0.628401697498434,0.059028357386159
5286,57052171825,0,0.290628124555438,-0.719139939665965,-0.628401697498434,0.059028357386159
5287,57052171825,1,0.290628124555438,-0.719139939665965,-0.628401697498434,0.059028357386159
5288,57072171900,0,0.289607192637976,-0.719200317546921,-0.628778429492274,0.059298092869738
5289,57072171900,1,0.289043900496014,-0.719353440299949,-0.628862078409688,0.059302089785491
5290,57092172025,0,0.289043900496014,-0.719353440299949,-0.628862078409688,0.059302089785491
5291,57092172025,1,0.289043900496014,-0.719353440299949,-0.628862078409688,0.059302089785491
5292,57112172125,0,0.289043900496014,-0.719353440299949,-0.628862078409688,0.059302089785491
5293,57112172125,1,0.289043900496014,-0.719353440299949,-0.628862078409688,0.059302089785491
5294,57132172225,0,0.289043900496014,-0.719353440299949,-0.628862078409688,0.059302089785491
5295,57132172225,1,0.289043900496014,-0.719353440299949,-0.628862078409688,0.059302089785491
5296,57152172325,0,0.288027703821425,-0.719410689915573,-0.629237011574767,0.059574191820059
5297,57152172325,1,0.287462867160602,-0.719563464968365,-0.629320310877812,0.059577396747258
5298,57172172400,0,0.287462867160602,-0.719563464968365,-0.629320310877812,0.059577396747258
5299,57172172400,1,0.287462867160602,-0.719563464968365,-0.629320310877812,0.059577396747258
5300,57192172525,0,0.287462867160602,-0.719563464968365,-0.629320310877812,0.059577396747258
5301,57192172525,1,0.287462867160602,-0.719563464968365,-0.629320310877812,0.059577396747258
5302,57212172625,0,0.287462867160602,-0.719563464968365,-0.629320310877812,0.059577396747258
5303,57212172625,1,0.287462867160602,-0.719563464968365,-0.629320310877812,0.059577396747258
5304,57232172725,0,0.286461904262345,-0.719614621014474,-0.629692135489637,0.059851392056376
5305,57232172725,1,0.285882236867483,-0.719769545827537,-0.629778191835075,0.059854629159402
5306,57252173425,0,0.285882236867483,-0.719769545827537,-0.629778191835075,0.059854629159402
5307,57252173425,1,0.285882236867483,-0.719769545827537,-0.629778191835075,0.059854629159402
5308,57272172925,0,0.285882236867483,-0.719769545827537,-0.629778191835075,0.059854629159402
5309,57272172925,1,0.285882236867483,-0.719769545827537,-0.629778191835075,0.059854629159402
5310,57292173025,0,0.285882236867483,-0.719769545827537,-0.629778191835075,0.059854629159402
5311,57292173025,1,0.285882236867483,-0.719769545827537,-0.629778191835075,0.059854629159402
5312,57312173125,0,0.284881278543108,-0.719820047359390,-0.630147694574297,0.060130188573365
5313,57312173125,1,0.284297600352626,-0.719974648726090,-0.630234395664366,0.060133070327843
5314,57332173200,0,0.284297600352626,-0.719974648726090,-0.630234395664366,0.060133070327843
5315,57332173200,1,0.284297600352626,-0.719974648726090,-0.630234395664366,0.060133070327843
5316,57352173325,0,0.284297600352626,-0.719974648726090,-0.630234395664366,0.060133070327843
5317,57352173325,1,0.284297600352626,-0.719974648726090,-0.630234395664366,0.060133070327843
5318,57372173425,0,0.284297600352626,-0.719974648726090,-0.630234395664366,0.060133070327843
5319,57372173425,1,0.284297600352626,-0.719974648726090,-0.630234395664366,0.060133070327843
5320,57392173525,0,0.283301608622503,-0.720022747523198,-0.630601328431373,0.060410315192322
5321,57392173525,1,0.282716330632111,-0.720176821473120,-0.630687833920447,0.060412567827589
5322,57412173625,0,0.282716330632111,-0.720176821473120,-0.630687833920447,0.060412567827589
5323,57412173625,1,0.282716330632111,-0.720176821473120,-0.630687833920447,0.060412567827589
5324,57432173725,0,0.282716330632111,-0.720176821473120,-0.630687833920447,0.060412567827589
5325,57432173725,1,0.282716330632111,-0.720176821473120,-0.630687833920447,0.060412567827589
5326,57452173825,0,0.282716330632111,-0.720176821473120,-0.630687833920447,0.060412567827589
5327,57452173825,1,0.282716330632111,-0.720176821473120,-0.630687833920447,0.060412567827589
5328,57472173925,0,0.281721224429662,-0.720222871728117,-0.631053553127457,0.060692502261551
5329,57472173925,1,0.281135324914978,-0.720376322809015,-0.631139552915696,0.060693882446977
5330,57492174025,0,0.281135324914978,-0.720376322809015,-0.631139552915696,0.060693882446977
5331,57492174025,1,0.281135324914978,-0.720376322809015,-0.631139552915696,0.060693882446977
5332,57512174125,0,0.281135324914978,-0.720376322809015,-0.631139552915696,0.060693882446977
5333,57512174125,1,0.281135324914978,-0.720376322809015,-0.631139552915696,0.060693882446977
5334,57532174225,0,0.281135324914978,-0.720376322809015,-0.631139552915696,0.060693882446977
5335,57532174225,1,0.281135324914978,-0.720376322809015,-0.631139552915696,0.060693882446977
5336,57552174325,0,0.280147350270408,-0.720419802984858,-0.631502032852084,0.060975012155908
5337,57552174325,1,0.279559339767092,-0.720572772675649,-0.631587996017592,0.060975881412220
5338,57592174525,0,0.279559339767092,-0.720572772675649,-0.631587996017592,0.060975881412220
5339,57592174525,1,0.279559339767092,-0.720572772675649,-0.631587996017592,0.060975881412220
5340,57612174625,0,0.279559339767092,-0.720572772675649,-0.631587996017592,0.060975881412220
5341,57612174625,1,0.279559339767092,-0.720572772675649,-0.631587996017592,0.060975881412220
5342,57632174725,0,0.279559339767092,-0.720572772675649,-0.631587996017592,0.060975881412220
5343,57632174725,1,0.279559339767092,-0.720572772675649,-0.631587996017592,0.060975881412220
5344,57652174825,0,0.278572981403336,-0.720617178403357,-0.631945899242230,0.061256482538344
5345,57652174825,1,0.277984832534372,-0.720762157073920,-0.632039758415212,0.061254302652366
5346,57672174925,0,0.277984832534372,-0.720762157073920,-0.632039758415212,0.061254302652366
5347,57672174925,1,0.277984832534372,-0.720762157073920,-0.632039758415212,0.061254302652366
5348,57692175025,0,0.277984832534372,-0.720762157073920,-0.632039758415212,0.061254302652366
5349,57692175025,1,0.277984832534372,-0.720762157073920,-0.632039758415212,0.061254302652366
5350,57712175125,0,0.277984832534372,-0.720762157073920,-0.632039758415212,0.061254302652366
5351,57712175125,1,0.277984832534372,-0.720762157073920,-0.632039758415212,0.061254302652366
5352,57732175200,0,0.277005295551366,-0.720802568399947,-0.632396108685561,0.061537674183390
5353,57732175200,1,0.276415119695534,-0.720947370867763,-0.632489574794406,0.061534606677509
5354,57752175325,0,0.276415119695534,-0.720947370867763,-0.632489574794406,0.061534606677509
5355,57752175325,1,0.276415119695534,-0.720947370867763,-0.632489574794406,0.061534606677509
5356,57772175425,0,0.276415119695534,-0.720947370867763,-0.632489574794406,0.061534606677509
5357,57772175425,1,0.276415119695534,-0.720947370867763,-0.632489574794406,0.061534606677509
5358,57792175525,0,0.276415119695534,-0.720947370867763,-0.632489574794406,0.061534606677509
5359,57792175525,1,0.276415119695534,-0.720947370867763,-0.632489574794406,0.061534606677509
5360,57812175625,0,0.275442243630895,-0.720983873027141,-0.632844387043629,0.061820765489733
5361,57812175625,1,0.274842540948367,-0.721132986349390,-0.632935412855683,0.061818741794556
5362,57832175725,0,0.274842540948367,-0.721132986349390,-0.632935412855683,0.061818741794556
5363,57832175725,1,0.274842540948367,-0.721132986349390,-0.632935412855683,0.061818741794556
5364,57852175825,0,0.274842540948367,-0.721132986349390,-0.632935412855683,0.061818741794556
5365,57852175825,1,0.274842540948367,-0.721132986349390,-0.632935412855683,0.061818741794556
5366,57872175925,0,0.274842540948367,-0.721132986349390,-0.632935412855683,0.061818741794556
5367,57872175925,1,0.274842540948367,-0.721132986349390,-0.632935412855683,0.061818741794556
5368,57892176025,0,0.273874009324843,-0.721167942787550,-0.633287189927227,0.062106041461248
5369,57892176025,1,0.273265324409919,-0.721320827027270,-0.633376065119200,0.062105451499489
5370,57912176125,0,0.273265324409919,-0.721320827027270,-0.633376065119200,0.062105451499489
5371,57912176125,1,0.273265324409919,-0.721320827027270,-0.633376065119200,0.062105451499489
5372,57932176225,0,0.273265324409919,-0.721320827027270,-0.633376065119200,0.062105451499489
5373,57932176225,1,0.273265324409919,-0.721320827027270,-0.633376065119200,0.062105451499489
5374,57952176325,0,0.273265324409919,-0.721320827027270,-0.633376065119200,0.062105451499489
5375,57952176325,1,0.273265324409919,-0.721320827027270,-0.633376065119200,0.062105451499489
5376,57972176425,0,0.272301894280014,-0.721353487538776,-0.633725300735415,0.062394451636090
5377,57972176425,1,0.271691590152420,-0.721505797849256,-0.633813970295947,0.062393225337750
5378,57992176500,0,0.271691590152420,-0.721505797849256,-0.633813970295947,0.062393225337750
5379,57992176500,1,0.271691590152420,-0.721505797849256,-0.633813970295947,0.062393225337750
5380,58012176600,0,0.271691590152420,-0.721505797849256,-0.633813970295947,0.062393225337750
5381,58012176600,1,0.271691590152420,-0.721505797849256,-0.633813970295947,0.062393225337750
5382,58032176725,0,0.271691590152420,-0.721505797849256,-0.633813970295947,0.062393225337750
5383,58032176725,1,0.271691590152420,-0.721505797849256,-0.633813970295947,0.062393225337750
5384,58052176825,0,0.270729794184208,-0.721535613773741,-0.634162628213493,0.062685704705957
5385,58052176825,1,0.270104926137704,-0.721682907335714,-0.634261890189613,0.062681454902669
5386,58072176925,0,0.270104926137704,-0.721682907335714,-0.634261890189613,0.062681454902669
5387,58072176925,1,0.270104926137704,-0.721682907335714,-0.634261890189613,0.062681454902669
5388,58092177025,0,0.270104926137704,-0.721682907335714,-0.634261890189613,0.062681454902669
5389,58092177025,1,0.270104926137704,-0.721682907335714,-0.634261890189613,0.062681454902669
5390,58112177100,0,0.270104926137704,-0.721682907335714,-0.634261890189613,0.062681454902669
5391,58112177100,1,0.270104926137704,-0.721682907335714,-0.634261890189613,0.062681454902669
5392,58132177200,0,0.269149966244963,-0.721710740183372,-0.634607029084999,0.062974771220025
5393,58132177200,1,0.268523062946357,-0.721857368768420,-0.634706286863240,0.062970097958622
5394,58152177325,0,0.268523062946357,-0.721857368768420,-0.634706286863240,0.062970097958622
5395,58152177325,1,0.268523062946357,-0.721857368768420,-0.634706286863240,0.062970097958622
5396,58172177325,0,0.268523062946357,-0.721857368768420,-0.634706286863240,0.062970097958622
5397,58172177325,1,0.268523062946357,-0.721857368768420,-0.634706286863240,0.062970097958622
5398,58282180600,0,0.268523062946357,-0.721857368768420,-0.634706286863240,0.062970097958622
5399,58282180600,1,0.268523062946357,-0.721857368768420,-0.634706286863240,0.062970097958622
5400,58302179900,0,0.267571527288031,-0.721886319037792,-0.635046088009393,0.063262044503671
5401,58302179900,1,0.266943743130098,-0.722028218630584,-0.635149556783684,0.063256067079199
5402,58322179425,0,0.266943743130098,-0.722028218630584,-0.635149556783684,0.063256067079199
5403,58322179425,1,0.266943743130098,-0.722028218630584,-0.635149556783684,0.063256067079199
5404,58342178950,0,0.266943743130098,-0.722028218630584,-0.635149556783684,0.063256067079199
5405,58342178950,1,0.266943743130098,-0.722028218630584,-0.635149556783684,0.063256067079199
5406,58362178375,0,0.266943743130098,-0.722028218630584,-0.635149556783684,0.063256067079199
5407,58362178375,1,0.266943743130098,-0.722028218630584,-0.635149556783684,0.063256067079199
5408,58382178475,0,0.265998335311489,-0.722053237065303,-0.635488197782209,0.063551230787094
5409,58382178475,1,0.265369033202858,-0.722191505874375,-0.635595006967311,0.063542837347002
5410,58402178575,0,0.265369033202858,-0.722191505874375,-0.635595006967311,0.063542837347002
5411,58402178575,1,0.265369033202858,-0.722191505874375,-0.635595006967311,0.063542837347002
5412,58422178675,0,0.265369033202858,-0.722191505874375,-0.635595006967311,0.063542837347002
5413,58422178675,1,0.265369033202858,-0.722191505874375,-0.635595006967311,0.063542837347002
5414,58442178775,0,0.265369033202858,-0.722191505874375,-0.635595006967311,0.063542837347002
5415,58442178775,1,0.265369033202858,-0.722191505874375,-0.635595006967311,0.063542837347002
5416,58462178875,0,0.264432370702006,-0.722211219328554,-0.635932926986251,0.063841901409504
5417,58462178875,1,0.263828173419346,-0.722358837530136,-0.636016786054467,0.063836138740286
5418,58482178975,0,0.263828173419346,-0.722358837530136,-0.636016786054467,0.063836138740286
5419,58482178975,1,0.263828173419346,-0.722358837530136,-0.636016786054467,0.063836138740286
5420,58502179075,0,0.263828173419346,-0.722358837530136,-0.636016786054467,0.063836138740286
5421,58502179075,1,0.263828173419346,-0.722358837530136,-0.636016786054467,0.063836138740286
5422,58522179175,0,0.263828173419346,-0.722358837530136,-0.636016786054467,0.063836138740286
5423,58522179175,1,0.263828173419346,-0.722358837530136,-0.636016786054467,0.063836138740286
5424,58542179275,0,0.262895189009032,-0.722377816577230,-0.636351324452743,0.064135805758250
5425,58542179275,1,0.262289741962483,-0.722524551798537,-0.636435187161428,0.064129679964708
5426,58562179350,0,0.262289741962483,-0.722524551798537,-0.636435187161428,0.064129679964708
5427,58562179350,1,0.262289741962483,-0.722524551798537,-0.636435187161428,0.064129679964708
5428,58582179475,0,0.262289741962483,-0.722524551798537,-0.636435187161428,0.064129679964708
5429,58582179475,1,0.262289741962483,-0.722524551798537,-0.636435187161428,0.064129679964708
5430,58602179550,0,0.262289741962483,-0.722524551798537,-0.636435187161428,0.064129679964708
5431,58602179550,1,0.262289741962483,-0.722524551798537,-0.636435187161428,0.064129679964708
5432,58622179675,0,0.261363567572357,-0.722541429644228,-0.636766589632439,0.064430414567952
5433,58622179675,1,0.260769922713936,-0.722692282633985,-0.636839260418207,0.064425681362632
5434,58642179775,0,0.260769922713936,-0.722692282633985,-0.636839260418207,0.064425681362632
5435,58642179775,1,0.260769922713936,-0.722692282633985,-0.636839260418207,0.064425681362632
5436,58662179875,0,0.260769922713936,-0.722692282633985,-0.636839260418207,0.064425681362632
5437,58662179875,1,0.260769922713936,-0.722692282633985,-0.636839260418207,0.064425681362632
5438,58682179975,0,0.260769922713936,-0.722692282633985,-0.636839260418207,0.064425681362632
5439,58682179975,1,0.260769922713936,-0.722692282633985,-0.636839260418207,0.064425681362632
5440,58702180075,0,0.259848147790293,-0.722706980755513,-0.637168573286511,0.064728427087616
5441,58702180075,1,0.259266894116045,-0.722862013112557,-0.637229850656019,0.064724841036417
5442,58722180175,0,0.259266894116045,-0.722862013112557,-0.637229850656019,0.064724841036417
5443,58722180175,1,0.259266894116045,-0.722862013112557,-0.637229850656019,0.064724841036417
5444,58742180275,0,0.259266894116045,-0.722862013112557,-0.637229850656019,0.064724841036417
5445,58742180275,1,0.259266894116045,-0.722862013112557,-0.637229850656019,0.064724841036417
5446,58762180375,0,0.259266894116045,-0.722862013112557,-0.637229850656019,0.064724841036417
5447,58762180375,1,0.259266894116045,-0.722862013112557,-0.637229850656019,0.064724841036417
5448,58782180450,0,0.258350286520524,-0.722874592901628,-0.637556776961025,0.065029289886465
5449,58782180450,1,0.257767450621415,-0.723029109698259,-0.637617901939740,0.065025064821529
5450,58802180575,0,0.257767450621415,-0.723029109698259,-0.637617901939740,0.065025064821529
5451,58802180575,1,0.257767450621415,-0.723029109698259,-0.637617901939740,0.065025064821529
5452,58822180675,0,0.257767450621415,-0.723029109698259,-0.637617901939740,0.065025064821529
5453,58822180675,1,0.257767450621415,-0.723029109698259,-0.637617901939740,0.065025064821529
5454,58862180875,0,0.257767450621415,-0.723029109698259,-0.637617901939740,0.065025064821529
5455,58862180875,1,0.257767450621415,-0.723029109698259,-0.637617901939740,0.065025064821529
5456,58882180975,0,0.256851544697727,-0.723042268764584,-0.637941373614556,0.065329667050494
5457,58882180975,1,0.256268195001965,-0.723195670400800,-0.638002550710467,0.065325185272685
5458,58902181075,0,0.256268195001965,-0.723195670400800,-0.638002550710467,0.065325185272685
5459,58902181075,1,0.256268195001965,-0.723195670400800,-0.638002550710467,0.065325185272685
5460,58922181150,0,0.256268195001965,-0.723195670400800,-0.638002550710467,0.065325185272685
5461,58922181150,1,0.256268195001965,-0.723195670400800,-0.638002550710467,0.065325185272685
5462,58942181275,0,0.256268195001965,-0.723195670400800,-0.638002550710467,0.065325185272685
5463,58942181275,1,0.256268195001965,-0.723195670400800,-0.638002550710467,0.065325185272685
5464,58962181375,0,0.255359483386570,-0.723205472525757,-0.638324200680330,0.065632260201509
5465,58962181375,1,0.254774073111828,-0.723358634585824,-0.638385119398624,0.065626951556101
5466,58982181475,0,0.254774073111828,-0.723358634585824,-0.638385119398624,0.065626951556101
5467,58982181475,1,0.254774073111828,-0.723358634585824,-0.638385119398624,0.065626951556101
5468,59002181575,0,0.254774073111828,-0.723358634585824,-0.638385119398624,0.065626951556101
5469,59002181575,1,0.254774073111828,-0.723358634585824,-0.638385119398624,0.065626951556101
5470,59022181675,0,0.254774073111828,-0.723358634585824,-0.638385119398624,0.065626951556101
5471,59022181675,1,0.254774073111828,-0.723358634585824,-0.638385119398624,0.065626951556101
5472,59042181775,0,0.253878366438074,-0.723361324793629,-0.638706681700737,0.065938938407996
5473,59042181775,1,0.253289512634670,-0.723515082196163,-0.638767010175772,0.065932202565027
5474,59062181875,0,0.253289512634670,-0.723515082196163,-0.638767010175772,0.065932202565027
5475,59062181875,1,0.253289512634670,-0.723515082196163,-0.638767010175772,0.065932202565027
5476,59082181975,0,0.253289512634670,-0.723515082196163,-0.638767010175772,0.065932202565027
5477,59082181975,1,0.253289512634670,-0.723515082196163,-0.638767010175772,0.065932202565027
5478,59102182075,0,0.253289512634670,-0.723515082196163,-0.638767010175772,0.065932202565027
5479,59102182075,1,0.253289512634670,-0.723515082196163,-0.638767010175772,0.065932202565027
5480,59122182175,0,0.252395032748695,-0.723518253882126,-0.639085107478823,0.066244314034687
5481,59122182175,1,0.251805549193473,-0.723670923627934,-0.639145504806512,0.066237326157505
5482,59142182275,0,0.251805549193473,-0.723670923627934,-0.639145504806512,0.066237326157505
5483,59142182275,1,0.251805549193473,-0.723670923627934,-0.639145504806512,0.066237326157505
5484,59162182375,0,0.251805549193473,-0.723670923627934,-0.639145504806512,0.066237326157505
5485,59162182375,1,0.251805549193473,-0.723670923627934,-0.639145504806512,0.066237326157505
5486,59182182450,0,0.251805549193473,-0.723670923627934,-0.639145504806512,0.066237326157505
5487,59182182450,1,0.251805549193473,-0.723670923627934,-0.639145504806512,0.066237326157505
5488,59202182575,0,0.250916082685367,-0.723672125107026,-0.639461272431616,0.066551152154185
5489,59202182575,1,0.250328876698553,-0.723822059280382,-0.639522601972534,0.066542629616118
5490,59222182675,0,0.250328876698553,-0.723822059280382,-0.639522601972534,0.066542629616118
5491,59222182675,1,0.250328876698553,-0.723822059280382,-0.639522601972534,0.066542629616118
5492,59242182775,0,0.250328876698553,-0.723822059280382,-0.639522601972534,0.066542629616118
5493,59242182775,1,0.250328876698553,-0.723822059280382,-0.639522601972534,0.066542629616118
5494,59262182875,0,0.250328876698553,-0.723822059280382,-0.639522601972534,0.066542629616118
5495,59262182875,1,0.250328876698553,-0.723822059280382,-0.639522601972534,0.066542629616118
5496,59282182975,0,0.249440193280976,-0.723824857611738,-0.639833982390991,0.066855369694441
5497,59282182975,1,0.248863902132048,-0.723966903530439,-0.639898843126019,0.066844232168087
5498,59302183075,0,0.248863902132048,-0.723966903530439,-0.639898843126019,0.066844232168087
5499,59302183075,1,0.248863902132048,-0.723966903530439,-0.639898843126019,0.066844232168087
5500,59322183175,0,0.248863902132048,-0.723966903530439,-0.639898843126019,0.066844232168087
5501,59322183175,1,0.248863902132048,-0.723966903530439,-0.639898843126019,0.066844232168087
5502,59342183275,0,0.248863902132048,-0.723966903530439,-0.639898843126019,0.066844232168087
5503,59342183275,1,0.248863902132048,-0.723966903530439,-0.639898843126019,0.066844232168087
5504,59362183375,0,0.247982417188729,-0.723965979280448,-0.640208957502672,0.067160050201577
5505,59362183375,1,0.247404091012098,-0.724107894844380,-0.640273476767142,0.067147950996542
5506,59382183475,0,0.247404091012098,-0.724107894844380,-0.640273476767142,0.067147950996542
5507,59382183475,1,0.247404091012098,-0.724107894844380,-0.640273476767142,0.067147950996542
5508,59402183575,0,0.247404091012098,-0.724107894844380,-0.640273476767142,0.067147950996542
5509,59402183575,1,0.247404091012098,-0.724107894844380,-0.640273476767142,0.067147950996542
5510,59422183675,0,0.247404091012098,-0.724107894844380,-0.640273476767142,0.067147950996542
5511,59422183675,1,0.247404091012098,-0.724107894844380,-0.640273476767142,0.067147950996542
5512,59442183775,0,0.246531085743803,-0.724101230908858,-0.640583932568668,0.067468929835279
5513,59442183775,1,0.245928612465656,-0.724246308514812,-0.640652789481164,0.067456693540281
5514,59462183875,0,0.245928612465656,-0.724246308514812,-0.640652789481164,0.067456693540281
5515,59462183875,1,0.245928612465656,-0.724246308514812,-0.640652789481164,0.067456693540281
5516,59502184075,0,0.245928612465656,-0.724246308514812,-0.640652789481164,0.067456693540281
5517,59502184075,1,0.245928612465656,-0.724246308514812,-0.640652789481164,0.067456693540281
5518,59522184150,0,0.245928612465656,-0.724246308514812,-0.640652789481164,0.067456693540281
5519,59522184150,1,0.245928612465656,-0.724246308514812,-0.640652789481164,0.067456693540281
5520,59542184275,0,0.245058840329462,-0.724239653240960,-0.640959651914527,0.067777681189325
5521,59542184275,1,0.244447997627797,-0.724384682243143,-0.641030282323769,0.067765667791073
5522,59562184375,0,0.244447997627797,-0.724384682243143,-0.641030282323769,0.067765667791073
5523,59562184375,1,0.244447997627797,-0.724384682243143,-0.641030282323769,0.067765667791073
5524,59582184475,0,0.244447997627797,-0.724384682243143,-0.641030282323769,0.067765667791073
5525,59582184475,1,0.244447997627797,-0.724384682243143,-0.641030282323769,0.067765667791073
5526,59602184550,0,0.244447997627797,-0.724384682243143,-0.641030282323769,0.067765667791073
5527,59602184550,1,0.244447997627797,-0.724384682243143,-0.641030282323769,0.067765667791073
5528,59622184675,0,0.243583919793379,-0.724377741801912,-0.641333017123633,0.068086139170566
5529,59622184675,1,0.242971753724213,-0.724518425697031,-0.641407733565378,0.068072733456216
5530,59642184775,0,0.242971753724213,-0.724518425697031,-0.641407733565378,0.068072733456216
5531,59642184775,1,0.242971753724213,-0.724518425697031,-0.641407733565378,0.068072733456216
5532,59662184875,0,0.242971753724213,-0.724518425697031,-0.641407733565378,0.068072733456216
5533,59662184875,1,0.242971753724213,-0.724518425697031,-0.641407733565378,0.068072733456216
5534,59682184975,0,0.242971753724213,-0.724518425697031,-0.641407733565378,0.068072733456216
5535,59682184975,1,0.242971753724213,-0.724518425697031,-0.641407733565378,0.068072733456216
5536,59702185050,0,0.242112451207654,-0.724508808203496,-0.641709070571178,0.068396027314793
5537,59702185050,1,0.241499189135743,-0.724645657858266,-0.641787292652032,0.068380429834237
5538,59722185175,0,0.241499189135743,-0.724645657858266,-0.641787292652032,0.068380429834237
5539,59722185175,1,0.241499189135743,-0.724645657858266,-0.641787292652032,0.068380429834237
5540,59742185275,0,0.241499189135743,-0.724645657858266,-0.641787292652032,0.068380429834237
5541,59742185275,1,0.241499189135743,-0.724645657858266,-0.641787292652032,0.068380429834237
5542,59762185375,0,0.241499189135743,-0.724645657858266,-0.641787292652032,0.068380429834237
5543,59762185375,1,0.241499189135743,-0.724645657858266,-0.641787292652032,0.068380429834237
5544,59782185475,0,0.240644982539979,-0.724634171137125,-0.642086343838075,0.068705439780256
5545,59782185475,1,0.240030187147782,-0.724770431057857,-0.642164405469816,0.068689212177797
5546,59802185575,0,0.240030187147782,-0.724770431057857,-0.642164405469816,0.068689212177797
5547,59802185575,1,0.240030187147782,-0.724770431057857,-0.642164405469816,0.068689212177797
5548,59822185675,0,0.240030187147782,-0.724770431057857,-0.642164405469816,0.068689212177797
5549,59822185675,1,0.240030187147782,-0.724770431057857,-0.642164405469816,0.068689212177797
5550,59842185775,0,0.240030187147782,-0.724770431057857,-0.642164405469816,0.068689212177797
5551,59842185775,1,0.240030187147782,-0.724770431057857,-0.642164405469816,0.068689212177797
5552,59862185875,0,0.239176372320329,-0.724759441427145,-0.642460423055368,0.069014634632220
5553,59862185875,1,0.238561168876666,-0.724894584459442,-0.642538460061433,0.068998097564017
5554,59882185975,0,0.238561168876666,-0.724894584459442,-0.642538460061433,0.068998097564017
5555,59882185975,1,0.238561168876666,-0.724894584459442,-0.642538460061433,0.068998097564017
5556,59902186075,0,0.238561168876666,-0.724894584459442,-0.642538460061433,0.068998097564017
5557,59902186075,1,0.238561168876666,-0.724894584459442,-0.642538460061433,0.068998097564017
5558,59922186175,0,0.238561168876666,-0.724894584459442,-0.642538460061433,0.068998097564017
5559,59922186175,1,0.238561168876666,-0.724894584459442,-0.642538460061433,0.068998097564017
5560,59942186250,0,0.237714757793914,-0.724880605559820,-0.642832578747807,0.069325877640709
5561,59942186250,1,0.237097475418088,-0.725015409477971,-0.642910388374701,0.069308554232147
5562,59962186350,0,0.237097475418088,-0.725015409477971,-0.642910388374701,0.069308554232147
5563,59962186350,1,0.237097475418088,-0.725015409477971,-0.642910388374701,0.069308554232147
5564,59982186450,0,0.237097475418088,-0.725015409477971,-0.642910388374701,0.069308554232147
5565,59982186450,1,0.237097475418088,-0.725015409477971,-0.642910388374701,0.069308554232147
5566,60002186575,0,0.237097475418088,-0.725015409477971,-0.642910388374701,0.069308554232147
5567,60002186575,1,0.237097475418088,-0.725015409477971,-0.642910388374701,0.069308554232147
5568,60022186675,0,0.236258095605211,-0.724998254447496,-0.643202951470422,0.069639116370187
5569,60022186675,1,0.235631537802932,-0.725133643637567,-0.643282089334777,0.069621338672966
5570,60042186775,0,0.235631537802932,-0.725133643637567,-0.643282089334777,0.069621338672966
5571,60042186775,1,0.235631537802932,-0.725133643637567,-0.643282089334777,0.069621338672966
5572,60062201550,0,0.235631537802932,-0.725133643637567,-0.643282089334777,0.069621338672966
5573,60062201550,1,0.235631537802932,-0.725133643637567,-0.643282089334777,0.069621338672966
5574,60082185675,0,0.235631537802932,-0.725133643637567,-0.643282089334777,0.069621338672966
5575,60082185675,1,0.235631537802932,-0.725133643637567,-0.643282089334777,0.069621338672966
5576,60132187225,0,0.234796316201832,-0.725115362163383,-0.643572036492770,0.069953093550358
5577,60132187225,1,0.234161164404138,-0.725250862033835,-0.643652699512186,0.069935245868965
5578,60152187325,0,0.234161164404138,-0.725250862033835,-0.643652699512186,0.069935245868965
5579,60152187325,1,0.234161164404138,-0.725250862033835,-0.643652699512186,0.069935245868965
5580,60172187425,0,0.234161164404138,-0.725250862033835,-0.643652699512186,0.069935245868965
5581,60172187425,1,0.234161164404138,-0.725250862033835,-0.643652699512186,0.069935245868965
5582,60192187525,0,0.234161164404138,-0.725250862033835,-0.643652699512186,0.069935245868965
5583,60192187525,1,0.234161164404138,-0.725250862033835,-0.643652699512186,0.069935245868965
5584,60212187600,0,0.233329704545559,-0.725230881275728,-0.643940733846640,0.070269119204419
5585,60212187600,1,0.232689696977114,-0.725366158454976,-0.644021950076315,0.070250757354418
5586,60232187725,0,0.232689696977114,-0.725366158454976,-0.644021950076315,0.070250757354418
5587,60232187725,1,0.232689696977114,-0.725366158454976,-0.644021950076315,0.070250757354418
5588,60252187825,0,0.232689696977114,-0.725366158454976,-0.644021950076315,0.070250757354418
5589,60252187825,1,0.232689696977114,-0.725366158454976,-0.644021950076315,0.070250757354418
5590,60272187925,0,0.232689696977114,-0.725366158454976,-0.644021950076315,0.070250757354418
5591,60272187925,1,0.232689696977114,-0.725366158454976,-0.644021950076315,0.070250757354418
5592,60292188025,0,0.231866396856428,-0.725344265220935,-0.644306888824759,0.070585437116152
5593,60292188025,1,0.231213185531725,-0.725480226204727,-0.644390533308115,0.070567306913989
5594,60312188125,0,0.231213185531725,-0.725480226204727,-0.644390533308115,0.070567306913989
5595,60312188125,1,0.231213185531725,-0.725480226204727,-0.644390533308115,0.070567306913989
5596,60332188225,0,0.231213185531725,-0.725480226204727,-0.644390533308115,0.070567306913989
5597,60332188225,1,0.231213185531725,-0.725480226204727,-0.644390533308115,0.070567306913989
5598,60352188325,0,0.231213185531725,-0.725480226204727,-0.644390533308115,0.070567306913989
5599,60352188325,1,0.231213185531725,-0.725480226204727,-0.644390533308115,0.070567306913989
5600,60372187125,0,0.230393864333789,-0.725456631803467,-0.644673524313108,0.070904088030449
5601,60372187125,1,0.229739390274677,-0.725591913733442,-0.644756909030136,0.070885227930548
5602,60392188525,0,0.229739390274677,-0.725591913733442,-0.644756909030136,0.070885227930548
5603,60392188525,1,0.229739390274677,-0.725591913733442,-0.644756909030136,0.070885227930548
5604,60412188625,0,0.229739390274677,-0.725591913733442,-0.644756909030136,0.070885227930548
5605,60412188625,1,0.229739390274677,-0.725591913733442,-0.644756909030136,0.070885227930548
5606,60432188725,0,0.229739390274677,-0.725591913733442,-0.644756909030136,0.070885227930548
5607,60432188725,1,0.229739390274677,-0.725591913733442,-0.644756909030136,0.070885227930548
5608,60452188825,0,0.228921993156912,-0.725567759422086,-0.645037504169291,0.071223351166119
5609,60452188825,1,0.228278270878279,-0.725695701352315,-0.645124119826877,0.071201475414433
5610,60472188925,0,0.228278270878279,-0.725695701352315,-0.645124119826877,0.071201475414433
5611,60472188925,1,0.228278270878279,-0.725695701352315,-0.645124119826877,0.071201475414433
5612,60492189025,0,0.228278270878279,-0.725695701352315,-0.645124119826877,0.071201475414433
5613,60492189025,1,0.228278270878279,-0.725695701352315,-0.645124119826877,0.071201475414433
5614,60512189125,0,0.228278270878279,-0.725695701352315,-0.645124119826877,0.071201475414433
5615,60512189125,1,0.228278270878279,-0.725695701352315,-0.645124119826877,0.071201475414433
5616,60532189225,0,0.227467725858354,-0.725669217418692,-0.645402534100423,0.071541523331024
5617,60532189225,1,0.226825910892349,-0.725794514103066,-0.645490111454163,0.071518147771335
5618,60552189325,0,0.226825910892349,-0.725794514103066,-0.645490111454163,0.071518147771335
5619,60552189325,1,0.226825910892349,-0.725794514103066,-0.645490111454163,0.071518147771335
5620,60572189425,0,0.226825910892349,-0.725794514103066,-0.645490111454163,0.071518147771335
5621,60572189425,1,0.226825910892349,-0.725794514103066,-0.645490111454163,0.071518147771335
5622,60592189525,0,0.226825910892349,-0.725794514103066,-0.645490111454163,0.071518147771335
5623,60592189525,1,0.226825910892349,-0.725794514103066,-0.645490111454163,0.071518147771335
5624,60612189625,0,0.226020576607545,-0.725766313126488,-0.645766296562089,0.071859918628270
5625,60612189625,1,0.225373570597858,-0.725891375633963,-0.645854499963590,0.071836128326815
5626,60632189725,0,0.225373570597858,-0.725891375633963,-0.645854499963590,0.071836128326815
5627,60632189725,1,0.225373570597858,-0.725891375633963,-0.645854499963590,0.071836128326815
5628,60652189825,0,0.225373570597858,-0.725891375633963,-0.645854499963590,0.071836128326815
5629,60652189825,1,0.225373570597858,-0.725891375633963,-0.645854499963590,0.071836128326815
5630,60672189925,0,0.225373570597858,-0.725891375633963,-0.645854499963590,0.071836128326815
5631,60672189925,1,0.225373570597858,-0.725891375633963,-0.645854499963590,0.071836128326815
5632,60692190025,0,0.224570407697693,-0.725862312779844,-0.646128578459566,0.072179602175460
5633,60692190025,1,0.223911626880053,-0.725987743691455,-0.646218938112701,0.072155827084244
5634,60712190125,0,0.223911626880053,-0.725987743691455,-0.646218938112701,0.072155827084244
5635,60712190125,1,0.223911626880053,-0.725987743691455,-0.646218938112701,0.072155827084244
5636,60762190375,0,0.223911626880053,-0.725987743691455,-0.646218938112701,0.072155827084244
5637,60762190375,1,0.223911626880053,-0.725987743691455,-0.646218938112701,0.072155827084244
5638,60782190475,0,0.223911626880053,-0.725987743691455,-0.646218938112701,0.072155827084244
5639,60782190475,1,0.223911626880053,-0.725987743691455,-0.646218938112701,0.072155827084244
5640,60802190575,0,0.223115024755213,-0.725956623369533,-0.646490730063180,0.072501052797624
5641,60802190575,1,0.222454381303961,-0.726081462336052,-0.646580926983072,0.072476638666015
5642,60822190675,0,0.222454381303961,-0.726081462336052,-0.646580926983072,0.072476638666015
5643,60822190675,1,0.222454381303961,-0.726081462336052,-0.646580926983072,0.072476638666015
5644,60842190775,0,0.222454381303961,-0.726081462336052,-0.646580926983072,0.072476638666015
5645,60842190775,1,0.222454381303961,-0.726081462336052,-0.646580926983072,0.072476638666015
5646,60862190650,0,0.222454381303961,-0.726081462336052,-0.646580926983072,0.072476638666015
5647,60862190650,1,0.222454381303961,-0.726081462336052,-0.646580926983072,0.072476638666015
5648,60982193900,0,0.221665330423997,-0.726049111765745,-0.646849372366671,0.072822098713488
5649,60982193900,1,0.221002590070119,-0.726173185709431,-0.646939638774059,0.072797412878527
5650,61002193250,0,0.221002590070119,-0.726173185709431,-0.646939638774059,0.072797412878527
5651,61002193250,1,0.221002590070119,-0.726173185709431,-0.646939638774059,0.072797412878527
5652,61022192750,0,0.221002590070119,-0.726173185709431,-0.646939638774059,0.072797412878527
5653,61022192750,1,0.221002590070119,-0.726173185709431,-0.646939638774059,0.072797412878527
5654,61042192250,0,0.221002590070119,-0.726173185709431,-0.646939638774059,0.072797412878527
5655,61042192250,1,0.221002590070119,-0.726173185709431,-0.646939638774059,0.072797412878527
5656,61062191875,0,0.220219516036357,-0.726137781808413,-0.647207001041951,0.073146321775979
5657,61062191875,1,0.219555059810955,-0.726261480451405,-0.647296854233474,0.073120586864366
5658,61082191975,0,0.219555059810955,-0.726261480451405,-0.647296854233474,0.073120586864366
5659,61082191975,1,0.219555059810955,-0.726261480451405,-0.647296854233474,0.073120586864366
5660,61102192050,0,0.219555059810955,-0.726261480451405,-0.647296854233474,0.073120586864366
5661,61102192050,1,0.219555059810955,-0.726261480451405,-0.647296854233474,0.073120586864366
5662,61122192175,0,0.219555059810955,-0.726261480451405,-0.647296854233474,0.073120586864366
5663,61122192175,1,0.219555059810955,-0.726261480451405,-0.647296854233474,0.073120586864366
5664,61142192275,0,0.218776226617531,-0.726225043884728,-0.647561732106004,0.073470752095587
5665,61142192275,1,0.218110470594873,-0.726347926746101,-0.647651462898179,0.073444499687674
5666,61162192375,0,0.218110470594873,-0.726347926746101,-0.647651462898179,0.073444499687674
5667,61162192375,1,0.218110470594873,-0.726347926746101,-0.647651462898179,0.073444499687674
5668,61182192475,0,0.218110470594873,-0.726347926746101,-0.647651462898179,0.073444499687674
5669,61182192475,1,0.218110470594873,-0.726347926746101,-0.647651462898179,0.073444499687674
5670,61202192575,0,0.218110470594873,-0.726347926746101,-0.647651462898179,0.073444499687674
5671,61202192575,1,0.218110470594873,-0.726347926746101,-0.647651462898179,0.073444499687674
5672,61222192650,0,0.217340400714236,-0.726310014596006,-0.647912982650888,0.073794849599116
5673,61222192650,1,0.216693050465542,-0.726440263107175,-0.647986551367901,0.073770558240070
5674,61242192775,0,0.216693050465542,-0.726440263107175,-0.647986551367901,0.073770558240070
5675,61242192775,1,0.216693050465542,-0.726440263107175,-0.647986551367901,0.073770558240070
5676,61262192875,0,0.216693050465542,-0.726440263107175,-0.647986551367901,0.073770558240070
5677,61262192875,1,0.216693050465542,-0.726440263107175,-0.647986551367901,0.073770558240070
5678,61282192975,0,0.216693050465542,-0.726440263107175,-0.647986551367901,0.073770558240070
5679,61282192975,1,0.216693050465542,-0.726440263107175,-0.647986551367901,0.073770558240070
5680,61302193075,0,0.215926507488790,-0.726400674788346,-0.648246499505086,0.074123403255194
5681,61302193075,1,0.215298825707174,-0.726538393943052,-0.648303551069446,0.074100495588819
5682,61322193175,0,0.215298825707174,-0.726538393943052,-0.648303551069446,0.074100495588819
5683,61322193175,1,0.215298825707174,-0.726538393943052,-0.648303551069446,0.074100495588819
5684,61342193275,0,0.215298825707174,-0.726538393943052,-0.648303551069446,0.074100495588819
5685,61342193275,1,0.215298825707174,-0.726538393943052,-0.648303551069446,0.074100495588819
5686,61392193525,0,0.215298825707174,-0.726538393943052,-0.648303551069446,0.074100495588819
5687,61392193525,1,0.215298825707174,-0.726538393943052,-0.648303551069446,0.074100495588819
5688,61412193625,0,0.214537457682228,-0.726497233882236,-0.648561400611806,0.074455074032320
5689,61412193625,1,0.213908472816947,-0.726632620110246,-0.648620253725105,0.074430955296979
5690,61432193725,0,0.213908472816947,-0.726632620110246,-0.648620253725105,0.074430955296979
5691,61432193725,1,0.213908472816947,-0.726632620110246,-0.648620253725105,0.074430955296979
5692,61452193825,0,0.213908472816947,-0.726632620110246,-0.648620253725105,0.074430955296979
5693,61452193825,1,0.213908472816947,-0.726632620110246,-0.648620253725105,0.074430955296979
5694,61472193925,0,0.213908472816947,-0.726632620110246,-0.648620253725105,0.074430955296979
5695,61472193925,1,0.213908472816947,-0.726632620110246,-0.648620253725105,0.074430955296979
5696,61492194025,0,0.213145447862699,-0.726591319194728,-0.648876611879030,0.074787803034089
5697,61492194025,1,0.212517193715372,-0.726720585358292,-0.648940978174438,0.074761220146863
5698,61512194125,0,0.212517193715372,-0.726720585358292,-0.648940978174438,0.074761220146863
5699,61512194125,1,0.212517193715372,-0.726720585358292,-0.648940978174438,0.074761220146863
5700,61532194200,0,0.212517193715372,-0.726720585358292,-0.648940978174438,0.074761220146863
5701,61532194200,1,0.212517193715372,-0.726720585358292,-0.648940978174438,0.074761220146863
5702,61552194325,0,0.212517193715372,-0.726720585358292,-0.648940978174438,0.074761220146863
5703,61552194325,1,0.212517193715372,-0.726720585358292,-0.648940978174438,0.074761220146863
5704,61572194425,0,0.211762439849220,-0.726677114558684,-0.649194959297571,0.075119538526240
5705,61572194425,1,0.211131952126729,-0.726805911386127,-0.649259269911802,0.075092385758687
5706,61592194525,0,0.211131952126729,-0.726805911386127,-0.649259269911802,0.075092385758687
5707,61592194525,1,0.211131952126729,-0.726805911386127,-0.649259269911802,0.075092385758687
5708,61612194625,0,0.211131952126729,-0.726805911386127,-0.649259269911802,0.075092385758687
5709,61612194625,1,0.211131952126729,-0.726805911386127,-0.649259269911802,0.075092385758687
5710,61632194725,0,0.211131952126729,-0.726805911386127,-0.649259269911802,0.075092385758687
5711,61632194725,1,0.211131952126729,-0.726805911386127,-0.649259269911802,0.075092385758687
5712,61652194825,0,0.210385741644916,-0.726757444220699,-0.649513505086101,0.075456369466624
5713,61652194825,1,0.209752357751756,-0.726891572581277,-0.649571404032379,0.075429312546927
5714,61672194900,0,0.209752357751756,-0.726891572581277,-0.649571404032379,0.075429312546927
5715,61672194900,1,0.209752357751756,-0.726891572581277,-0.649571404032379,0.075429312546927
5716,61692195025,0,0.209752357751756,-0.726891572581277,-0.649571404032379,0.075429312546927
5717,61692195025,1,0.209752357751756,-0.726891572581277,-0.649571404032379,0.075429312546927
5718,61712195100,0,0.209752357751756,-0.726891572581277,-0.649571404032379,0.075429312546927
5719,61712195100,1,0.209752357751756,-0.726891572581277,-0.649571404032379,0.075429312546927
5720,61732195225,0,0.209009477458507,-0.726843364252989,-0.649822412848219,0.075793099514649
5721,61732195225,1,0.208374839922317,-0.726978218566479,-0.649878484020731,0.075766429400977
5722,61752195325,0,0.208374839922317,-0.726978218566479,-0.649878484020731,0.075766429400977
5723,61752195325,1,0.208374839922317,-0.726978218566479,-0.649878484020731,0.075766429400977
5724,61772195425,0,0.208374839922317,-0.726978218566479,-0.649878484020731,0.075766429400977
5725,61772195425,1,0.208374839922317,-0.726978218566479,-0.649878484020731,0.075766429400977
5726,61792195525,0,0.208374839922317,-0.726978218566479,-0.649878484020731,0.075766429400977
5727,61792195525,1,0.208374839922317,-0.726978218566479,-0.649878484020731,0.075766429400977
5728,61812195625,0,0.207636952108416,-0.726928569258231,-0.650127429665296,0.076131967740916
5729,61812195625,1,0.207004739439063,-0.727060712331067,-0.650184554809719,0.076103896886385
5730,61832195725,0,0.207004739439063,-0.727060712331067,-0.650184554809719,0.076103896886385
5731,61832195725,1,0.207004739439063,-0.727060712331067,-0.650184554809719,0.076103896886385
5732,61852195825,0,0.207004739439063,-0.727060712331067,-0.650184554809719,0.076103896886385
5733,61852195825,1,0.207004739439063,-0.727060712331067,-0.650184554809719,0.076103896886385
5734,61872195925,0,0.207004739439063,-0.727060712331067,-0.650184554809719,0.076103896886385
5735,61872195925,1,0.207004739439063,-0.727060712331067,-0.650184554809719,0.076103896886385
5736,61892196025,0,0.206269175173574,-0.727010124763659,-0.650431717349965,0.076471477882399
5737,61892196025,1,0.205647776684552,-0.727135298298034,-0.650492205199747,0.076440440135440
5738,61912196125,0,0.205647776684552,-0.727135298298034,-0.650492205199747,0.076440440135440
5739,61912196125,1,0.205647776684552,-0.727135298298034,-0.650492205199747,0.076440440135440
5740,61932196200,0,0.205647776684552,-0.727135298298034,-0.650492205199747,0.076440440135440
5741,61932196200,1,0.205647776684552,-0.727135298298034,-0.650492205199747,0.076440440135440
5742,61952196325,0,0.205647776684552,-0.727135298298034,-0.650492205199747,0.076440440135440
5743,61952196325,1,0.205647776684552,-0.727135298298034,-0.650492205199747,0.076440440135440
5744,61972196375,0,0.204918573141915,-0.727083038433831,-0.650737209170064,0.076809623126703
5745,61972196375,1,0.204295416334826,-0.727207660474226,-0.650797619699233,0.076777989072361
5746,62022196675,0,0.204295416334826,-0.727207660474226,-0.650797619699233,0.076777989072361
5747,62022196675,1,0.204295416334826,-0.727207660474226,-0.650797619699233,0.076777989072361
5748,62042196775,0,0.204295416334826,-0.727207660474226,-0.650797619699233,0.076777989072361
5749,62042196775,1,0.204295416334826,-0.727207660474226,-0.650797619699233,0.076777989072361
5750,62062196875,0,0.204295416334826,-0.727207660474226,-0.650797619699233,0.076777989072361
5751,62062196875,1,0.204295416334826,-0.727207660474226,-0.650797619699233,0.076777989072361
5752,62082196975,0,0.203574838303071,-0.727153996904973,-0.651039642193383,0.077147484001179
5753,62082196975,1,0.202934700408684,-0.727279357784568,-0.651103146892133,0.077116374510639
5754,62102197075,0,0.202934700408684,-0.727279357784568,-0.651103146892133,0.077116374510639
5755,62102197075,1,0.202934700408684,-0.727279357784568,-0.651103146892133,0.077116374510639
5756,62122197175,0,0.202934700408684,-0.727279357784568,-0.651103146892133,0.077116374510639
5757,62122197175,1,0.202934700408684,-0.727279357784568,-0.651103146892133,0.077116374510639
5758,62142197275,0,0.202934700408684,-0.727279357784568,-0.651103146892133,0.077116374510639
5759,62142197275,1,0.202934700408684,-0.727279357784568,-0.651103146892133,0.077116374510639
5760,62162197375,0,0.202217218880858,-0.727224333808981,-0.651343629083092,0.077488331747701
5761,62162197375,1,0.201576101235505,-0.727349043839544,-0.651406898459080,0.077456416624555
5762,62182197475,0,0.201576101235505,-0.727349043839544,-0.651406898459080,0.077456416624555
5763,62182197475,1,0.201576101235505,-0.727349043839544,-0.651406898459080,0.077456416624555
5764,62202197575,0,0.201576101235505,-0.727349043839544,-0.651406898459080,0.077456416624555
5765,62202197575,1,0.201576101235505,-0.727349043839544,-0.651406898459080,0.077456416624555
5766,62222197675,0,0.201576101235505,-0.727349043839544,-0.651406898459080,0.077456416624555
5767,62222197675,1,0.201576101235505,-0.727349043839544,-0.651406898459080,0.077456416624555
5768,62242197775,0,0.200863266770688,-0.727295333006612,-0.651642970987704,0.077825991874998
5769,62242197775,1,0.200221420266217,-0.727413614941619,-0.651712429158034,0.077792836078125
5770,62262199075,0,0.200221420266217,-0.727413614941619,-0.651712429158034,0.077792836078125
5771,62262199075,1,0.200221420266217,-0.727413614941619,-0.651712429158034,0.077792836078125
5772,62282197975,0,0.200221420266217,-0.727413614941619,-0.651712429158034,0.077792836078125
5773,62282197975,1,0.200221420266217,-0.727413614941619,-0.651712429158034,0.077792836078125
5774,62302198075,0,0.200221420266217,-0.727413614941619,-0.651712429158034,0.077792836078125
5775,62302198075,1,0.200221420266217,-0.727413614941619,-0.651712429158034,0.077792836078125
5776,62322198175,0,0.199513724143517,-0.727357222718572,-0.651947689434332,0.078166199080844
5777,62322198175,1,0.198870626476098,-0.727473409847198,-0.652018709511210,0.078131391499392
5778,62342198275,0,0.198870626476098,-0.727473409847198,-0.652018709511210,0.078131391499392
5779,62342198275,1,0.198870626476098,-0.727473409847198,-0.652018709511210,0.078131391499392
5780,62362198350,0,0.198870626476098,-0.727473409847198,-0.652018709511210,0.078131391499392
5781,62362198350,1,0.198870626476098,-0.727473409847198,-0.652018709511210,0.078131391499392
5782,62382198475,0,0.198870626476098,-0.727473409847198,-0.652018709511210,0.078131391499392
5783,62382198475,1,0.198870626476098,-0.727473409847198,-0.652018709511210,0.078131391499392
5784,62402198575,0,0.198167910575426,-0.727415673852640,-0.652251980679747,0.078506498782120
5785,62402198575,1,0.197519927477607,-0.727529793703877,-0.652325548402058,0.078470736102000
5786,62422198675,0,0.197519927477607,-0.727529793703877,-0.652325548402058,0.078470736102000
5787,62422198675,1,0.197519927477607,-0.727529793703877,-0.652325548402058,0.078470736102000
5788,62442198775,0,0.197519927477607,-0.727529793703877,-0.652325548402058,0.078470736102000
5789,62442198775,1,0.197519927477607,-0.727529793703877,-0.652325548402058,0.078470736102000
5790,62462198850,0,0.197519927477607,-0.727529793703877,-0.652325548402058,0.078470736102000
5791,62462198850,1,0.197519927477607,-0.727529793703877,-0.652325548402058,0.078470736102000
5792,62482198975,0,0.196821885118730,-0.727468101867721,-0.652559322470350,0.078851994016144
5793,62482198975,1,0.196162162282606,-0.727577853466440,-0.652640248911848,0.078813569479251
5794,62502199075,0,0.196162162282606,-0.727577853466440,-0.652640248911848,0.078813569479251
5795,62502199075,1,0.196162162282606,-0.727577853466440,-0.652640248911848,0.078813569479251
5796,62522199175,0,0.196162162282606,-0.727577853466440,-0.652640248911848,0.078813569479251
5797,62522199175,1,0.196162162282606,-0.727577853466440,-0.652640248911848,0.078813569479251
5798,62542199275,0,0.196162162282606,-0.727577853466440,-0.652640248911848,0.078813569479251
5799,62542199275,1,0.196162162282606,-0.727577853466440,-0.652640248911848,0.078813569479251
5800,62562199375,0,0.195469187499333,-0.727516176884871,-0.652870780556413,0.079194400085049
5801,62562199375,1,0.194808024200132,-0.727624960721514,-0.652951834315827,0.079155873476660
5802,62582199475,0,0.194808024200132,-0.727624960721514,-0.652951834315827,0.079155873476660
5803,62582199475,1,0.194808024200132,-0.727624960721514,-0.652951834315827,0.079155873476660
5804,62602199575,0,0.194808024200132,-0.727624960721514,-0.652951834315827,0.079155873476660
5805,62602199575,1,0.194808024200132,-0.727624960721514,-0.652951834315827,0.079155873476660
5806,62652199825,0,0.194808024200132,-0.727624960721514,-0.652951834315827,0.079155873476660
5807,62652199825,1,0.194808024200132,-0.727624960721514,-0.652951834315827,0.079155873476660
5808,62672199925,0,0.194118712243632,-0.727564253847767,-0.653178631653811,0.079535257783400
5809,62672199925,1,0.193444776831859,-0.727677990810907,-0.653256278683168,0.079499021169402
5810,62692200025,0,0.193444776831859,-0.727677990810907,-0.653256278683168,0.079499021169402
5811,62692200025,1,0.193444776831859,-0.727677990810907,-0.653256278683168,0.079499021169402
5812,62712200100,0,0.193444776831859,-0.727677990810907,-0.653256278683168,0.079499021169402
5813,62712200100,1,0.193444776831859,-0.727677990810907,-0.653256278683168,0.079499021169402
5814,62732200225,0,0.193444776831859,-0.727677990810907,-0.653256278683168,0.079499021169402
5815,62732200225,1,0.193444776831859,-0.727677990810907,-0.653256278683168,0.079499021169402
5816,62752200325,0,0.192761092977607,-0.727614893318855,-0.653481930740863,0.079881751669972
5817,62752200325,1,0.192081691733287,-0.727730205197007,-0.653558042396226,0.079845208773058
5818,62772200425,0,0.192081691733287,-0.727730205197007,-0.653558042396226,0.079845208773058
5819,62772200425,1,0.192081691733287,-0.727730205197007,-0.653558042396226,0.079845208773058
5820,62792200525,0,0.192081691733287,-0.727730205197007,-0.653558042396226,0.079845208773058
5821,62792200525,1,0.192081691733287,-0.727730205197007,-0.653558042396226,0.079845208773058
5822,62812200600,0,0.192081691733287,-0.727730205197007,-0.653558042396226,0.079845208773058
5823,62812200600,1,0.192081691733287,-0.727730205197007,-0.653558042396226,0.079845208773058
5824,62832200725,0,0.191404599010294,-0.727662768182139,-0.653784096139283,0.080234225331563
5825,62832200725,1,0.190716036264140,-0.727778620709587,-0.653861008850338,0.080196345645956
5826,62852200825,0,0.190716036264140,-0.727778620709587,-0.653861008850338,0.080196345645956
5827,62852200825,1,0.190716036264140,-0.727778620709587,-0.653861008850338,0.080196345645956
5828,62872200925,0,0.190716036264140,-0.727778620709587,-0.653861008850338,0.080196345645956
5829,62872200925,1,0.190716036264140,-0.727778620709587,-0.653861008850338,0.080196345645956
5830,62892201025,0,0.190716036264140,-0.727778620709587,-0.653861008850338,0.080196345645956
5831,62892201025,1,0.190716036264140,-0.727778620709587,-0.653861008850338,0.080196345645956
5832,62912201125,0,0.190043215196117,-0.727711450365953,-0.654083858164400,0.080584910826882
5833,62912201125,1,0.189346037968855,-0.727826822445768,-0.654162307437093,0.080547315055012
5834,62932201225,0,0.189346037968855,-0.727826822445768,-0.654162307437093,0.080547315055012
5835,62932201225,1,0.189346037968855,-0.727826822445768,-0.654162307437093,0.080547315055012
5836,62952201325,0,0.189346037968855,-0.727826822445768,-0.654162307437093,0.080547315055012
5837,62952201325,1,0.189346037968855,-0.727826822445768,-0.654162307437093,0.080547315055012
5838,62972201425,0,0.189346037968855,-0.727826822445768,-0.654162307437093,0.080547315055012
5839,62972201425,1,0.189346037968855,-0.727826822445768,-0.654162307437093,0.080547315055012
5840,62992201525,0,0.188678251342142,-0.727758422959889,-0.654383136830694,0.080937664366028
5841,62992201525,1,0.187979639386211,-0.727873047383666,-0.654461431898745,0.080899420428644
5842,63012201600,0,0.187979639386211,-0.727873047383666,-0.654461431898745,0.080899420428644
5843,63012201600,1,0.187979639386211,-0.727873047383666,-0.654461431898745,0.080899420428644
5844,63032201725,0,0.187979639386211,-0.727873047383666,-0.654461431898745,0.080899420428644
5845,63032201725,1,0.187979639386211,-0.727873047383666,-0.654461431898745,0.080899420428644
5846,63052201800,0,0.187979639386211,-0.727873047383666,-0.654461431898745,0.080899420428644
5847,63052201800,1,0.187979639386211,-0.727873047383666,-0.654461431898745,0.080899420428644
5848,63072201925,0,0.187314085606698,-0.727804045823841,-0.654680358083257,0.081291653665999
5849,63072201925,1,0.186614710245682,-0.727917781034368,-0.654758464137023,0.081252739122131
5850,63092202025,0,0.186614710245682,-0.727917781034368,-0.654758464137023,0.081252739122131
5851,63092202025,1,0.186614710245682,-0.727917781034368,-0.654758464137023,0.081252739122131
5852,63112202100,0,0.186614710245682,-0.727917781034368,-0.654758464137023,0.081252739122131
5853,63112202100,1,0.186614710245682,-0.727917781034368,-0.654758464137023,0.081252739122131
5854,63132202225,0,0.186614710245682,-0.727917781034368,-0.654758464137023,0.081252739122131
5855,63132202225,1,0.186614710245682,-0.727917781034368,-0.654758464137023,0.081252739122131
5856,63152202325,0,0.185955643357041,-0.727847255726711,-0.654975330872542,0.081646720590413
5857,63152202325,1,0.185254491168314,-0.727960311405319,-0.655053302328768,0.081607166528539
5858,63172202425,0,0.185254491168314,-0.727960311405319,-0.655053302328768,0.081607166528539
5859,63172202425,1,0.185254491168314,-0.727960311405319,-0.655053302328768,0.081607166528539
5860,63192202525,0,0.185254491168314,-0.727960311405319,-0.655053302328768,0.081607166528539
5861,63192202525,1,0.185254491168314,-0.727960311405319,-0.655053302328768,0.081607166528539
5862,63212202625,0,0.185254491168314,-0.727960311405319,-0.655053302328768,0.081607166528539
5863,63212202625,1,0.185254491168314,-0.727960311405319,-0.655053302328768,0.081607166528539
5864,63232202725,0,0.184603472951138,-0.727890412807558,-0.655265858834683,0.081998530248212
5865,63232202725,1,0.183900607795820,-0.727998841907159,-0.655348054442606,0.081958405136112
5866,63282202975,0,0.183900607795820,-0.727998841907159,-0.655348054442606,0.081958405136112
5867,63282202975,1,0.183900607795820,-0.727998841907159,-0.655348054442606,0.081958405136112
5868,63302203075,0,0.183900607795820,-0.727998841907159,-0.655348054442606,0.081958405136112
5869,63302203075,1,0.183900607795820,-0.727998841907159,-0.655348054442606,0.081958405136112
5870,63322203175,0,0.183900607795820,-0.727998841907159,-0.655348054442606,0.081958405136112
5871,63322203175,1,0.183900607795820,-0.727998841907159,-0.655348054442606,0.081958405136112
5872,63342203275,0,0.183253230336078,-0.727926844763857,-0.655559780103418,0.082353730664045
5873,63342203275,1,0.182549715098465,-0.728031224272014,-0.655645453786056,0.082311462944953
5874,63362203375,0,0.182549715098465,-0.728031224272014,-0.655645453786056,0.082311462944953
5875,63362203375,1,0.182549715098465,-0.728031224272014,-0.655645453786056,0.082311462944953
5876,63382203475,0,0.182549715098465,-0.728031224272014,-0.655645453786056,0.082311462944953
5877,63382203475,1,0.182549715098465,-0.728031224272014,-0.655645453786056,0.082311462944953
5878,63402203575,0,0.182549715098465,-0.728031224272014,-0.655645453786056,0.082311462944953
5879,63402203575,1,0.182549715098465,-0.728031224272014,-0.655645453786056,0.082311462944953
5880,63422203675,0,0.181907378545098,-0.727958059713273,-0.655855213319017,0.082708573265437
5881,63422203675,1,0.181198756927611,-0.728061945593147,-0.655941437965161,0.082665856477798
5882,63442203750,0,0.181198756927611,-0.728061945593147,-0.655941437965161,0.082665856477798
5883,63442203750,1,0.181198756927611,-0.728061945593147,-0.655941437965161,0.082665856477798
5884,63462203875,0,0.181198756927611,-0.728061945593147,-0.655941437965161,0.082665856477798
5885,63462203875,1,0.181198756927611,-0.728061945593147,-0.655941437965161,0.082665856477798
5886,63482203975,0,0.181198756927611,-0.728061945593147,-0.655941437965161,0.082665856477798
5887,63482203975,1,0.181198756927611,-0.728061945593147,-0.655941437965161,0.082665856477798
5888,63502204075,0,0.180558073758819,-0.727987047759522,-0.656150500703420,0.083067206053488
5889,63502204075,1,0.179837782505420,-0.728091058309972,-0.656238391280867,0.083023831528658
5890,63522204150,0,0.179837782505420,-0.728091058309972,-0.656238391280867,0.083023831528658
5891,63522204150,1,0.179837782505420,-0.728091058309972,-0.656238391280867,0.083023831528658
5892,63542204275,0,0.179837782505420,-0.728091058309972,-0.656238391280867,0.083023831528658
5893,63542204275,1,0.179837782505420,-0.728091058309972,-0.656238391280867,0.083023831528658
5894,63562203675,0,0.179837782505420,-0.728091058309972,-0.656238391280867,0.083023831528658
5895,63562203675,1,0.179837782505420,-0.728091058309972,-0.656238391280867,0.083023831528658
5896,63662207475,0,0.179203769889918,-0.728015332645097,-0.656444838775183,0.083425763025071
5897,63662207475,1,0.178477979380210,-0.728118743482857,-0.656533404558775,0.083382222108595
5898,63682206650,0,0.178477979380210,-0.728118743482857,-0.656533404558775,0.083382222108595
5899,63682206650,1,0.178477979380210,-0.728118743482857,-0.656533404558775,0.083382222108595
5900,63702206175,0,0.178477979380210,-0.728118743482857,-0.656533404558775,0.083382222108595
5901,63702206175,1,0.178477979380210,-0.728118743482857,-0.656533404558775,0.083382222108595
5902,63722205725,0,0.178477979380210,-0.728118743482857,-0.656533404558775,0.083382222108595
5903,63722205725,1,0.178477979380210,-0.728118743482857,-0.656533404558775,0.083382222108595
5904,63742205275,0,0.177852315655620,-0.728042609679421,-0.656736532379524,0.083783287982923
5905,63742205275,1,0.177113247683132,-0.728145822805374,-0.656827313068875,0.083740307098434
5906,63762205375,0,0.177113247683132,-0.728145822805374,-0.656827313068875,0.083740307098434
5907,63762205375,1,0.177113247683132,-0.728145822805374,-0.656827313068875,0.083740307098434
5908,63782205475,0,0.177113247683132,-0.728145822805374,-0.656827313068875,0.083740307098434
5909,63782205475,1,0.177113247683132,-0.728145822805374,-0.656827313068875,0.083740307098434
5910,63802205575,0,0.177113247683132,-0.728145822805374,-0.656827313068875,0.083740307098434
5911,63802205575,1,0.177113247683132,-0.728145822805374,-0.656827313068875,0.083740307098434
5912,63822205675,0,0.176491064547237,-0.728068228164901,-0.657029119848826,0.084144488485467
5913,63822205675,1,0.175765480919769,-0.728171469397596,-0.657114871053571,0.084100256317310
5914,63842205775,0,0.175765480919769,-0.728171469397596,-0.657114871053571,0.084100256317310
5915,63842205775,1,0.175765480919769,-0.728171469397596,-0.657114871053571,0.084100256317310
5916,63862205875,0,0.175765480919769,-0.728171469397596,-0.657114871053571,0.084100256317310
5917,63862205875,1,0.175765480919769,-0.728171469397596,-0.657114871053571,0.084100256317310
5918,63882205975,0,0.175765480919769,-0.728171469397596,-0.657114871053571,0.084100256317310
5919,63882205975,1,0.175765480919769,-0.728171469397596,-0.657114871053571,0.084100256317310
5920,63922206150,0,0.175148759851673,-0.728092094245058,-0.657315240309028,0.084507331502956
5921,63922206150,1,0.174465268207876,-0.728197068477051,-0.657386632231846,0.084461324956783
5922,63942206275,0,0.174465268207876,-0.728197068477051,-0.657386632231846,0.084461324956783
5923,63942206275,1,0.174465268207876,-0.728197068477051,-0.657386632231846,0.084461324956783
5924,63962206375,0,0.174465268207876,-0.728197068477051,-0.657386632231846,0.084461324956783
5925,63962206375,1,0.174465268207876,-0.728197068477051,-0.657386632231846,0.084461324956783
5926,63982206475,0,0.174465268207876,-0.728197068477051,-0.657386632231846,0.084461324956783
5927,63982206475,1,0.174465268207876,-0.728197068477051,-0.657386632231846,0.084461324956783
5928,64002206550,0,0.173853689459360,-0.728116880027698,-0.657584861103010,0.084869630187928
5929,64002206550,1,0.173168774827570,-0.728221083626971,-0.657656192007921,0.084823121255457
5930,64022206675,0,0.173168774827570,-0.728221083626971,-0.657656192007921,0.084823121255457
5931,64022206675,1,0.173168774827570,-0.728221083626971,-0.657656192007921,0.084823121255457
5932,64042206775,0,0.173168774827570,-0.728221083626971,-0.657656192007921,0.084823121255457
5933,64042206775,1,0.173168774827570,-0.728221083626971,-0.657656192007921,0.084823121255457
5934,64062221550,0,0.173168774827570,-0.728221083626971,-0.657656192007921,0.084823121255457
5935,64062221550,1,0.173168774827570,-0.728221083626971,-0.657656192007921,0.084823121255457
5936,64082205675,0,0.172562753102823,-0.728139351977398,-0.657852847753761,0.085233860910888
5937,64082205675,1,0.171904036592662,-0.728255113447127,-0.657903009860120,0.085188740795106
5938,64102207075,0,0.171904036592662,-0.728255113447127,-0.657903009860120,0.085188740795106
5939,64102207075,1,0.171904036592662,-0.728255113447127,-0.657903009860120,0.085188740795106
5940,64122207175,0,0.171904036592662,-0.728255113447127,-0.657903009860120,0.085188740795106
5941,64122207175,1,0.171904036592662,-0.728255113447127,-0.657903009860120,0.085188740795106
5942,64142207275,0,0.171904036592662,-0.728255113447127,-0.657903009860120,0.085188740795106
5943,64142207275,1,0.171904036592662,-0.728255113447127,-0.657903009860120,0.085188740795106
5944,64162207375,0,0.171302742630246,-0.728172553537480,-0.658097699779085,0.085600935669761
5945,64162207375,1,0.170642709947240,-0.728287602749343,-0.658147803306744,0.085555258318733
5946,64182207475,0,0.170642709947240,-0.728287602749343,-0.658147803306744,0.085555258318733
5947,64182207475,1,0.170642709947240,-0.728287602749343,-0.658147803306744,0.085555258318733
5948,64202207575,0,0.170642709947240,-0.728287602749343,-0.658147803306744,0.085555258318733
5949,64202207575,1,0.170642709947240,-0.728287602749343,-0.658147803306744,0.085555258318733
5950,64222207675,0,0.170642709947240,-0.728287602749343,-0.658147803306744,0.085555258318733
5951,64222207675,1,0.170642709947240,-0.728287602749343,-0.658147803306744,0.085555258318733
5952,64242207750,0,0.170048057756693,-0.728203489118966,-0.658340781464960,0.085969482656617
5953,64242207750,1,0.169379326109647,-0.728314925409799,-0.658396023909787,0.085922575681506
5954,64262207875,0,0.169379326109647,-0.728314925409799,-0.658396023909787,0.085922575681506
5955,64262207875,1,0.169379326109647,-0.728314925409799,-0.658396023909787,0.085922575681506
5956,64282207975,0,0.169379326109647,-0.728314925409799,-0.658396023909787,0.085922575681506
5957,64282207975,1,0.169379326109647,-0.728314925409799,-0.658396023909787,0.085922575681506
5958,64302208075,0,0.169379326109647,-0.728314925409799,-0.658396023909787,0.085922575681506
5959,64302208075,1,0.169379326109647,-0.728314925409799,-0.658396023909787,0.085922575681506
5960,64322208175,0,0.168788519102611,-0.728230098633784,-0.658587145661469,0.086338466702019
5961,64322208175,1,0.168111757745118,-0.728337712979850,-0.658647535043607,0.086290424382487
5962,64342208275,0,0.168111757745118,-0.728337712979850,-0.658647535043607,0.086290424382487
5963,64342208275,1,0.168111757745118,-0.728337712979850,-0.658647535043607,0.086290424382487
5964,64362208375,0,0.168111757745118,-0.728337712979850,-0.658647535043607,0.086290424382487
5965,64362208375,1,0.168111757745118,-0.728337712979850,-0.658647535043607,0.086290424382487
5966,64382208475,0,0.168111757745118,-0.728337712979850,-0.658647535043607,0.086290424382487
5967,64382208475,1,0.168111757745118,-0.728337712979850,-0.658647535043607,0.086290424382487
5968,64402208575,0,0.167525700287149,-0.728251919750624,-0.658836842693236,0.086708107076787
5969,64402208575,1,0.166847622395126,-0.728358828084032,-0.658897133061642,0.086659428202000
5970,64422208675,0,0.166847622395126,-0.728358828084032,-0.658897133061642,0.086659428202000
5971,64422208675,1,0.166847622395126,-0.728358828084032,-0.658897133061642,0.086659428202000
5972,64442208775,0,0.166847622395126,-0.728358828084032,-0.658897133061642,0.086659428202000
5973,64442208775,1,0.166847622395126,-0.728358828084032,-0.658897133061642,0.086659428202000
5974,64462208875,0,0.166847622395126,-0.728358828084032,-0.658897133061642,0.086659428202000
5975,64462208875,1,0.166847622395126,-0.728358828084032,-0.658897133061642,0.086659428202000
5976,64482208975,0,0.166261431422738,-0.728272383992595,-0.659085328547114,0.087080427358552
5977,64482208975,1,0.165569352145723,-0.728372323897712,-0.659155805979333,0.087029712475843
5978,64502209050,0,0.165569352145723,-0.728372323897712,-0.659155805979333,0.087029712475843
5979,64502209050,1,0.165569352145723,-0.728372323897712,-0.659155805979333,0.087029712475843
5980,64552209325,0,0.165569352145723,-0.728372323897712,-0.659155805979333,0.087029712475843
5981,64552209325,1,0.165569352145723,-0.728372323897712,-0.659155805979333,0.087029712475843
5982,64572209400,0,0.165569352145723,-0.728372323897712,-0.659155805979333,0.087029712475843
5983,64572209400,1,0.165569352145723,-0.728372323897712,-0.659155805979333,0.087029712475843
5984,64592209525,0,0.164990311853909,-0.728284798364236,-0.659341822651634,0.087451760235770
5985,64592209525,1,0.164296344593257,-0.728384034333987,-0.659412273944108,0.087400587254896
5986,64612209625,0,0.164296344593257,-0.728384034333987,-0.659412273944108,0.087400587254896
5987,64612209625,1,0.164296344593257,-0.728384034333987,-0.659412273944108,0.087400587254896
5988,64632209700,0,0.164296344593257,-0.728384034333987,-0.659412273944108,0.087400587254896
5989,64632209700,1,0.164296344593257,-0.728384034333987,-0.659412273944108,0.087400587254896
5990,64652209825,0,0.164296344593257,-0.728384034333987,-0.659412273944108,0.087400587254896
5991,64652209825,1,0.164296344593257,-0.728384034333987,-0.659412273944108,0.087400587254896
5992,64672209925,0,0.163720889083184,-0.728295534472601,-0.659596730214804,0.087825044463520
5993,64672209925,1,0.163024016757907,-0.728408090111183,-0.659651496552585,0.087776576127303
5994,64692210000,0,0.163024016757907,-0.728408090111183,-0.659651496552585,0.087776576127303
5995,64692210000,1,0.163024016757907,-0.728408090111183,-0.659651496552585,0.087776576127303
5996,64712210125,0,0.163024016757907,-0.728408090111183,-0.659651496552585,0.087776576127303
5997,64712210125,1,0.163024016757907,-0.728408090111183,-0.659651496552585,0.087776576127303
5998,64732210225,0,0.163024016757907,-0.728408090111183,-0.659651496552585,0.087776576127303
5999,64732210225,1,0.163024016757907,-0.728408090111183,-0.659651496552585,0.087776576127303
6000,64752210325,0,0.162454073318226,-0.728318664850181,-0.659833999270261,0.088202550417662
6001,64752210325,1,0.161755701401351,-0.728430482906993,-0.659888691007722,0.088153503141716
6002,64772210400,0,0.161755701401351,-0.728430482906993,-0.659888691007722,0.088153503141716
6003,64772210400,1,0.161755701401351,-0.728430482906993,-0.659888691007722,0.088153503141716
6004,64792210525,0,0.161755701401351,-0.728430482906993,-0.659888691007722,0.088153503141716
6005,64792210525,1,0.161755701401351,-0.728430482906993,-0.659888691007722,0.088153503141716
6006,64812210625,0,0.161755701401351,-0.728430482906993,-0.659888691007722,0.088153503141716
6007,64812210625,1,0.161755701401351,-0.728430482906993,-0.659888691007722,0.088153503141716
6008,64832210725,0,0.161196688058282,-0.728339059441332,-0.660069153461144,0.088580781777117
6009,64832210725,1,0.160496469151873,-0.728443352281238,-0.660131574483460,0.088529488177907
6010,64852210825,0,0.160496469151873,-0.728443352281238,-0.660131574483460,0.088529488177907
6011,64852210825,1,0.160496469151873,-0.728443352281238,-0.660131574483460,0.088529488177907
6012,64872210900,0,0.160496469151873,-0.728443352281238,-0.660131574483460,0.088529488177907
6013,64872210900,1,0.160496469151873,-0.728443352281238,-0.660131574483460,0.088529488177907
6014,64892211025,0,0.160496469151873,-0.728443352281238,-0.660131574483460,0.088529488177907
6015,64892211025,1,0.160496469151873,-0.728443352281238,-0.660131574483460,0.088529488177907
6016,64912211125,0,0.159939354959987,-0.728351540770649,-0.660310352582600,0.088958833536905
6017,64912211125,1,0.159239455456737,-0.728447943804164,-0.660380395334045,0.088905131751646
6018,64932211225,0,0.159239455456737,-0.728447943804164,-0.660380395334045,0.088905131751646
6019,64932211225,1,0.159239455456737,-0.728447943804164,-0.660380395334045,0.088905131751646
6020,64952211300,0,0.159239455456737,-0.728447943804164,-0.660380395334045,0.088905131751646
6021,64952211300,1,0.159239455456737,-0.728447943804164,-0.660380395334045,0.088905131751646
6022,64972211425,0,0.159239455456737,-0.728447943804164,-0.660380395334045,0.088905131751646
6023,64972211425,1,0.159239455456737,-0.728447943804164,-0.660380395334045,0.088905131751646
6024,64992211525,0,0.158687128242120,-0.728355248042481,-0.660557382270161,0.089336289981380
6025,64992211525,1,0.157985916333861,-0.728450906694185,-0.660627323387357,0.089281948738959
6026,65012211600,0,0.157985916333861,-0.728450906694185,-0.660627323387357,0.089281948738959
6027,65012211600,1,0.157985916333861,-0.728450906694185,-0.660627323387357,0.089281948738959
6028,65032211725,0,0.157985916333861,-0.728450906694185,-0.660627323387357,0.089281948738959
6029,65032211725,1,0.157985916333861,-0.728450906694185,-0.660627323387357,0.089281948738959
6030,65052211825,0,0.157985916333861,-0.728450906694185,-0.660627323387357,0.089281948738959
6031,65052211825,1,0.157985916333861,-0.728450906694185,-0.660627323387357,0.089281948738959
6032,65072211925,0,0.157433641446610,-0.728358383727315,-0.660802506256821,0.089714887948981
6033,65072211925,1,0.156731293337809,-0.728460101034549,-0.660864571201539,0.089661593896148
6034,65092212025,0,0.156731293337809,-0.728460101034549,-0.660864571201539,0.089661593896148
6035,65092212025,1,0.156731293337809,-0.728460101034549,-0.660864571201539,0.089661593896148
6036,65112212125,0,0.156731293337809,-0.728460101034549,-0.660864571201539,0.089661593896148
6037,65112212125,1,0.156731293337809,-0.728460101034549,-0.660864571201539,0.089661593896148
6038,65132212225,0,0.156731293337809,-0.728460101034549,-0.660864571201539,0.089661593896148
6039,65132212225,1,0.156731293337809,-0.728460101034549,-0.660864571201539,0.089661593896148
6040,65182212475,0,0.156186167533875,-0.728366196815422,-0.661037977766936,0.090096372610216
6041,65182212475,1,0.155481943134640,-0.728467281799410,-0.661099951448297,0.090042428343058
6042,65202212575,0,0.155481943134640,-0.728467281799410,-0.661099951448297,0.090042428343058
6043,65202212575,1,0.155481943134640,-0.728467281799410,-0.661099951448297,0.090042428343058
6044,65222212675,0,0.155481943134640,-0.728467281799410,-0.661099951448297,0.090042428343058
6045,65222212675,1,0.155481943134640,-0.728467281799410,-0.661099951448297,0.090042428343058
6046,65242212775,0,0.155481943134640,-0.728467281799410,-0.661099951448297,0.090042428343058
6047,65242212775,1,0.155481943134640,-0.728467281799410,-0.661099951448297,0.090042428343058
6048,65262212875,0,0.154940617341813,-0.728375260370200,-0.661269514948807,0.090473829242226
6049,65262212875,1,0.154235314745397,-0.728475006173896,-0.661331814020454,0.090420488993069
6050,65282212975,0,0.154235314745397,-0.728475006173896,-0.661331814020454,0.090420488993069
6051,65282212975,1,0.154235314745397,-0.728475006173896,-0.661331814020454,0.090420488993069
6052,65302213075,0,0.154235314745397,-0.728475006173896,-0.661331814020454,0.090420488993069
6053,65302213075,1,0.154235314745397,-0.728475006173896,-0.661331814020454,0.090420488993069
6054,65322213175,0,0.154235314745397,-0.728475006173896,-0.661331814020454,0.090420488993069
6055,65322213175,1,0.154235314745397,-0.728475006173896,-0.661331814020454,0.090420488993069
6056,65342213275,0,0.153699307740475,-0.728380782027332,-0.661500639519151,0.090856277103482
6057,65342213275,1,0.152992571567009,-0.728480073204813,-0.661562628360587,0.090801678098238
6058,65362213375,0,0.152992571567009,-0.728480073204813,-0.661562628360587,0.090801678098238
6059,65362213375,1,0.152992571567009,-0.728480073204813,-0.661562628360587,0.090801678098238
6060,65382213475,0,0.152992571567009,-0.728480073204813,-0.661562628360587,0.090801678098238
6061,65382213475,1,0.152992571567009,-0.728480073204813,-0.661562628360587,0.090801678098238
6062,65402213575,0,0.152992571567009,-0.728480073204813,-0.661562628360587,0.090801678098238
6063,65402213575,1,0.152992571567009,-0.728480073204813,-0.661562628360587,0.090801678098238
6064,65422213675,0,0.152461367591669,-0.728385013626179,-0.661729700162177,0.091239285618334
6065,65422213675,1,0.151749861790904,-0.728481954111554,-0.661794178072349,0.091183813529578
6066,65442213775,0,0.151749861790904,-0.728481954111554,-0.661794178072349,0.091183813529578
6067,65442213775,1,0.151749861790904,-0.728481954111554,-0.661794178072349,0.091183813529578
6068,65462213875,0,0.151749861790904,-0.728481954111554,-0.661794178072349,0.091183813529578
6069,65462213875,1,0.151749861790904,-0.728481954111554,-0.661794178072349,0.091183813529578
6070,65482213975,0,0.151749861790904,-0.728481954111554,-0.661794178072349,0.091183813529578
6071,65482213975,1,0.151749861790904,-0.728481954111554,-0.661794178072349,0.091183813529578
6072,65502214075,0,0.151229289586276,-0.728384053889803,-0.661960159847779,0.091624880816246
6073,65502214075,1,0.150504707691447,-0.728475862839210,-0.662032180183663,0.091567694219339
6074,65522214175,0,0.150504707691447,-0.728475862839210,-0.662032180183663,0.091567694219339
6075,65522214175,1,0.150504707691447,-0.728475862839210,-0.662032180183663,0.091567694219339
6076,65542214250,0,0.150504707691447,-0.728475862839210,-0.662032180183663,0.091567694219339
6077,65542214250,1,0.150504707691447,-0.728475862839210,-0.662032180183663,0.091567694219339
6078,65562214375,0,0.150504707691447,-0.728475862839210,-0.662032180183663,0.091567694219339
6079,65562214375,1,0.150504707691447,-0.728475862839210,-0.662032180183663,0.091567694219339
6080,65582214475,0,0.149986009099858,-0.728378173537678,-0.662196071161313,0.092009764301055
6081,65582214475,1,0.149260819470865,-0.728468979194334,-0.662268042130162,0.091952131544263
6082,65602214575,0,0.149260819470865,-0.728468979194334,-0.662268042130162,0.091952131544263
6083,65602214575,1,0.149260819470865,-0.728468979194334,-0.662268042130162,0.091952131544263
6084,65622214675,0,0.149260819470865,-0.728468979194334,-0.662268042130162,0.091952131544263
6085,65622214675,1,0.149260819470865,-0.728468979194334,-0.662268042130162,0.091952131544263
6086,65642214750,0,0.149260819470865,-0.728468979194334,-0.662268042130162,0.091952131544263
6087,65642214750,1,0.149260819470865,-0.728468979194334,-0.662268042130162,0.091952131544263
6088,65662214875,0,0.148741050212630,-0.728368785076865,-0.662432499975837,0.092402358644455
6089,65662214875,1,0.148005587097250,-0.728454318212921,-0.662511604047253,0.092341902556115
6090,65682214975,0,0.148005587097250,-0.728454318212921,-0.662511604047253,0.092341902556115
6091,65682214975,1,0.148005587097250,-0.728454318212921,-0.662511604047253,0.092341902556115
6092,65702215075,0,0.148005587097250,-0.728454318212921,-0.662511604047253,0.092341902556115
6093,65702215075,1,0.148005587097250,-0.728454318212921,-0.662511604047253,0.092341902556115
6094,65722215175,0,0.148005587097250,-0.728454318212921,-0.662511604047253,0.092341902556115
6095,65722215175,1,0.148005587097250,-0.728454318212921,-0.662511604047253,0.092341902556115
6096,65742215275,0,0.147493423176286,-0.728354230931699,-0.662673120815469,0.092790836575182
6097,65742215275,1,0.146752527754700,-0.728437147803322,-0.662754943755828,0.092730263803010
6098,65762215375,0,0.146752527754700,-0.728437147803322,-0.662754943755828,0.092730263803010
6099,65762215375,1,0.146752527754700,-0.728437147803322,-0.662754943755828,0.092730263803010
6100,65782215450,0,0.146752527754700,-0.728437147803322,-0.662754943755828,0.092730263803010
6101,65782215450,1,0.146752527754700,-0.728437147803322,-0.662754943755828,0.092730263803010
6102,65822215675,0,0.146752527754700,-0.728437147803322,-0.662754943755828,0.092730263803010
6103,65822215675,1,0.146752527754700,-0.728437147803322,-0.662754943755828,0.092730263803010
6104,65842215775,0,0.146247917098551,-0.728337840373367,-0.662913029660687,0.093176456954981
6105,65842215775,1,0.145505060815876,-0.728419613914523,-0.662995091642860,0.093116334759596
6106,65862215875,0,0.145505060815876,-0.728419613914523,-0.662995091642860,0.093116334759596
6107,65862215875,1,0.145505060815876,-0.728419613914523,-0.662995091642860,0.093116334759596
6108,65882215975,0,0.145505060815876,-0.728419613914523,-0.662995091642860,0.093116334759596
6109,65882215975,1,0.145505060815876,-0.728419613914523,-0.662995091642860,0.093116334759596
6110,65902216075,0,0.145505060815876,-0.728419613914523,-0.662995091642860,0.093116334759596
6111,65902216075,1,0.145505060815876,-0.728419613914523,-0.662995091642860,0.093116334759596
6112,65922216175,0,0.145003987355896,-0.728318783455079,-0.663152229502429,0.093566627722514
6113,65922216175,1,0.144260135719377,-0.728399906109127,-0.663234005149761,0.093505317685401
6114,65942216275,0,0.144260135719377,-0.728399906109127,-0.663234005149761,0.093505317685401
6115,65942216275,1,0.144260135719377,-0.728399906109127,-0.663234005149761,0.093505317685401
6116,65962216350,0,0.144260135719377,-0.728399906109127,-0.663234005149761,0.093505317685401
6117,65962216350,1,0.144260135719377,-0.728399906109127,-0.663234005149761,0.093505317685401
6118,65982216475,0,0.144260135719377,-0.728399906109127,-0.663234005149761,0.093505317685401
6119,65982216475,1,0.144260135719377,-0.728399906109127,-0.663234005149761,0.093505317685401
6120,66002216575,0,0.143763873886271,-0.728298337461211,-0.663389385785972,0.093957453365660
6121,66002216575,1,0.143018723153899,-0.728378642134313,-0.663471050083560,0.093895496223314
6122,66022216675,0,0.143018723153899,-0.728378642134313,-0.663471050083560,0.093895496223314
6123,66022216675,1,0.143018723153899,-0.728378642134313,-0.663471050083560,0.093895496223314
6124,66042216750,0,0.143018723153899,-0.728378642134313,-0.663471050083560,0.093895496223314
6125,66042216750,1,0.143018723153899,-0.728378642134313,-0.663471050083560,0.093895496223314
6126,66062216875,0,0.143018723153899,-0.728378642134313,-0.663471050083560,0.093895496223314
6127,66062216875,1,0.143018723153899,-0.728378642134313,-0.663471050083560,0.093895496223314
6128,66082216975,0,0.142524694995996,-0.728275940456149,-0.663625382199562,0.094351565803092
6129,66082216975,1,0.141778863915375,-0.728355508779729,-0.663706782175716,0.094288460964449
6130,66102217075,0,0.141778863915375,-0.728355508779729,-0.663706782175716,0.094288460964449
6131,66102217075,1,0.141778863915375,-0.728355508779729,-0.663706782175716,0.094288460964449
6132,66122217175,0,0.141778863915375,-0.728355508779729,-0.663706782175716,0.094288460964449
6133,66122217175,1,0.141778863915375,-0.728355508779729,-0.663706782175716,0.094288460964449
6134,66142217275,0,0.141778863915375,-0.728355508779729,-0.663706782175716,0.094288460964449
6135,66142217275,1,0.141778863915375,-0.728355508779729,-0.663706782175716,0.094288460964449
6136,66162217375,0,0.141290918145331,-0.728252299747994,-0.663859010036185,0.094745338435114
6137,66162217375,1,0.140543487884095,-0.728331002549354,-0.663940380586874,0.094681834398067
6138,66182217475,0,0.140543487884095,-0.728331002549354,-0.663940380586874,0.094681834398067
6139,66182217475,1,0.140543487884095,-0.728331002549354,-0.663940380586874,0.094681834398067
6140,66202217575,0,0.140543487884095,-0.728331002549354,-0.663940380586874,0.094681834398067
6141,66202217575,1,0.140543487884095,-0.728331002549354,-0.663940380586874,0.094681834398067
6142,66222217550,0,0.140543487884095,-0.728331002549354,-0.663940380586874,0.094681834398067
6143,66222217550,1,0.140543487884095,-0.728331002549354,-0.663940380586874,0.094681834398067
6144,66342220800,0,0.140068269094739,-0.728227098086358,-0.664089714307734,0.095136874849860
6145,66342220800,1,0.139310237307224,-0.728305223692395,-0.664172495482127,0.095073945793885
6146,66362220025,0,0.139310237307224,-0.728305223692395,-0.664172495482127,0.095073945793885
6147,66362220025,1,0.139310237307224,-0.728305223692395,-0.664172495482127,0.095073945793885
6148,66382219525,0,0.139310237307224,-0.728305223692395,-0.664172495482127,0.095073945793885
6149,66382219525,1,0.139310237307224,-0.728305223692395,-0.664172495482127,0.095073945793885
6150,66402219100,0,0.139310237307224,-0.728305223692395,-0.664172495482127,0.095073945793885
6151,66402219100,1,0.139310237307224,-0.728305223692395,-0.664172495482127,0.095073945793885
6152,66452218825,0,0.138835931945725,-0.728200624439741,-0.664320666080164,0.095532649838373
6153,66452218825,1,0.138077284702052,-0.728279680640836,-0.664401263175285,0.095469009139485
6154,66472218925,0,0.138077284702052,-0.728279680640836,-0.664401263175285,0.095469009139485
6155,66472218925,1,0.138077284702052,-0.728279680640836,-0.664401263175285,0.095469009139485
6156,66492219025,0,0.138077284702052,-0.728279680640836,-0.664401263175285,0.095469009139485
6157,66492219025,1,0.138077284702052,-0.728279680640836,-0.664401263175285,0.095469009139485
6158,66512219125,0,0.138077284702052,-0.728279680640836,-0.664401263175285,0.095469009139485
6159,66512219125,1,0.138077284702052,-0.728279680640836,-0.664401263175285,0.095469009139485
6160,66532219225,0,0.137602937687874,-0.728173260960393,-0.664549257604736,0.095934445216355
6161,66532219225,1,0.136865651325841,-0.728256373381985,-0.664619868860353,0.095869067126568
6162,66552219325,0,0.136865651325841,-0.728256373381985,-0.664619868860353,0.095869067126568
6163,66552219325,1,0.136865651325841,-0.728256373381985,-0.664619868860353,0.095869067126568
6164,66572219425,0,0.136865651325841,-0.728256373381985,-0.664619868860353,0.095869067126568
6165,66572219425,1,0.136865651325841,-0.728256373381985,-0.664619868860353,0.095869067126568
6166,66592219525,0,0.136865651325841,-0.728256373381985,-0.664619868860353,0.095869067126568
6167,66592219525,1,0.136865651325841,-0.728256373381985,-0.664619868860353,0.095869067126568
6168,66612219625,0,0.136398533676710,-0.728149843411293,-0.664765385907856,0.096333936127061
6169,66612219625,1,0.135659381648757,-0.728232036975045,-0.664836077880137,0.096268489355606
6170,66632219725,0,0.135659381648757,-0.728232036975045,-0.664836077880137,0.096268489355606
6171,66632219725,1,0.135659381648757,-0.728232036975045,-0.664836077880137,0.096268489355606
6172,66652219825,0,0.135659381648757,-0.728232036975045,-0.664836077880137,0.096268489355606
6173,66652219825,1,0.135659381648757,-0.728232036975045,-0.664836077880137,0.096268489355606
6174,66672219925,0,0.135659381648757,-0.728232036975045,-0.664836077880137,0.096268489355606
6175,66672219925,1,0.135659381648757,-0.728232036975045,-0.664836077880137,0.096268489355606
6176,66692220025,0,0.135195038788318,-0.728125597491672,-0.664979600004800,0.096734416532466
6177,66692220025,1,0.134497552614337,-0.728219786753712,-0.665027354108179,0.096669378859109
6178,66712220100,0,0.134497552614337,-0.728219786753712,-0.665027354108179,0.096669378859109
6179,66712220100,1,0.134497552614337,-0.728219786753712,-0.665027354108179,0.096669378859109
6180,66732220200,0,0.134497552614337,-0.728219786753712,-0.665027354108179,0.096669378859109
6181,66732220200,1,0.134497552614337,-0.728219786753712,-0.665027354108179,0.096669378859109
6182,66752220325,0,0.134497552614337,-0.728219786753712,-0.665027354108179,0.096669378859109
6183,66752220325,1,0.134497552614337,-0.728219786753712,-0.665027354108179,0.096669378859109
6184,66772220425,0,0.134039074977797,-0.728112282322263,-0.665169399300074,0.097137536232607
6185,66772220425,1,0.133340057521824,-0.728205837238920,-0.665217077137199,0.097071767040073
6186,66792220500,0,0.133340057521824,-0.728205837238920,-0.665217077137199,0.097071767040073
6187,66792220500,1,0.133340057521824,-0.728205837238920,-0.665217077137199,0.097071767040073
6188,66812220625,0,0.133340057521824,-0.728205837238920,-0.665217077137199,0.097071767040073
6189,66812220625,1,0.133340057521824,-0.728205837238920,-0.665217077137199,0.097071767040073
6190,66832220725,0,0.133340057521824,-0.728205837238920,-0.665217077137199,0.097071767040073
6191,66832220725,1,0.133340057521824,-0.728205837238920,-0.665217077137199,0.097071767040073
6192,66852220825,0,0.132887832685982,-0.728099031734822,-0.665356289008416,0.097537852076957
6193,66852220825,1,0.132179767422275,-0.728191759046062,-0.665405395768170,0.097472716306667
6194,66872220925,0,0.132179767422275,-0.728191759046062,-0.665405395768170,0.097472716306667
6195,66872220925,1,0.132179767422275,-0.728191759046062,-0.665405395768170,0.097472716306667
6196,66892221025,0,0.132179767422275,-0.728191759046062,-0.665405395768170,0.097472716306667
6197,66892221025,1,0.132179767422275,-0.728191759046062,-0.665405395768170,0.097472716306667
6198,66912221125,0,0.132179767422275,-0.728191759046062,-0.665405395768170,0.097472716306667
6199,66912221125,1,0.132179767422275,-0.728191759046062,-0.665405395768170,0.097472716306667
6200,66932221225,0,0.131731199783401,-0.728083696265441,-0.665543591466121,0.097942585704362
6201,66932221225,1,0.131014709184414,-0.728175995262975,-0.665593736208644,0.097876678631413
6202,66952221325,0,0.131014709184414,-0.728175995262975,-0.665593736208644,0.097876678631413
6203,66952221325,1,0.131014709184414,-0.728175995262975,-0.665593736208644,0.097876678631413
6204,66972221425,0,0.131014709184414,-0.728175995262975,-0.665593736208644,0.097876678631413
6205,66972221425,1,0.131014709184414,-0.728175995262975,-0.665593736208644,0.097876678631413
6206,66992221525,0,0.131014709184414,-0.728175995262975,-0.665593736208644,0.097876678631413
6207,66992221525,1,0.131014709184414,-0.728175995262975,-0.665593736208644,0.097876678631413
6208,67012221625,0,0.130570633101060,-0.728067344919546,-0.665730307856953,0.098348402295500
6209,67012221625,1,0.129852940433842,-0.728158883560290,-0.665780393115202,0.098281851306757
6210,67032221725,0,0.129852940433842,-0.728158883560290,-0.665780393115202,0.098281851306757
6211,67032221725,1,0.129852940433842,-0.728158883560290,-0.665780393115202,0.098281851306757
6212,67082221975,0,0.129852940433842,-0.728158883560290,-0.665780393115202,0.098281851306757
6213,67082221975,1,0.129852940433842,-0.728158883560290,-0.665780393115202,0.098281851306757
6214,67102222075,0,0.129852940433842,-0.728158883560290,-0.665780393115202,0.098281851306757
6215,67102222075,1,0.129852940433842,-0.728158883560290,-0.665780393115202,0.098281851306757
6216,67122222175,0,0.129412286787150,-0.728048442886176,-0.665916370955551,0.098758856478411
6217,67122222175,1,0.128679852082035,-0.728132704514115,-0.665976365829858,0.098690123321240
6218,67142222275,0,0.128679852082035,-0.728132704514115,-0.665976365829858,0.098690123321240
6219,67142222275,1,0.128679852082035,-0.728132704514115,-0.665976365829858,0.098690123321240
6220,67162222375,0,0.128679852082035,-0.728132704514115,-0.665976365829858,0.098690123321240
6221,67162222375,1,0.128679852082035,-0.728132704514115,-0.665976365829858,0.098690123321240
6222,67182222475,0,0.128679852082035,-0.728132704514115,-0.665976365829858,0.098690123321240
6223,67182222475,1,0.128679852082035,-0.728132704514115,-0.665976365829858,0.098690123321240
6224,67202222575,0,0.128244235349569,-0.728022307738144,-0.666110188843698,0.099167292258305
6225,67202222575,1,0.127510471161429,-0.728105647933370,-0.666170224749573,0.099098319101896
6226,67222222675,0,0.127510471161429,-0.728105647933370,-0.666170224749573,0.099098319101896
6227,67222222675,1,0.127510471161429,-0.728105647933370,-0.666170224749573,0.099098319101896
6228,67242222775,0,0.127510471161429,-0.728105647933370,-0.666170224749573,0.099098319101896
6229,67242222775,1,0.127510471161429,-0.728105647933370,-0.666170224749573,0.099098319101896
6230,67262222875,0,0.127510471161429,-0.728105647933370,-0.666170224749573,0.099098319101896
6231,67262222875,1,0.127510471161429,-0.728105647933370,-0.666170224749573,0.099098319101896
6232,67282222975,0,0.127080005821287,-0.727995935720192,-0.666301434136731,0.099574035584977
6233,67282222975,1,0.126343824638450,-0.728085316129503,-0.666353850520827,0.099506564147286
6234,67302223075,0,0.126343824638450,-0.728085316129503,-0.666353850520827,0.099506564147286
6235,67302223075,1,0.126343824638450,-0.728085316129503,-0.666353850520827,0.099506564147286
6236,67322223175,0,0.126343824638450,-0.728085316129503,-0.666353850520827,0.099506564147286
6237,67322223175,1,0.126343824638450,-0.728085316129503,-0.666353850520827,0.099506564147286
6238,67342223275,0,0.126343824638450,-0.728085316129503,-0.666353850520827,0.099506564147286
6239,67342223275,1,0.126343824638450,-0.728085316129503,-0.666353850520827,0.099506564147286
6240,67362223375,0,0.125917687261803,-0.727974424995212,-0.666483919507642,0.099985787116273
6241,67362223375,1,0.125180347548390,-0.728063150372587,-0.666536171606236,0.099917273770402
6242,67382223475,0,0.125180347548390,-0.728063150372587,-0.666536171606236,0.099917273770402
6243,67382223475,1,0.125180347548390,-0.728063150372587,-0.666536171606236,0.099917273770402
6244,67402223575,0,0.125180347548390,-0.728063150372587,-0.666536171606236,0.099917273770402
6245,67402223575,1,0.125180347548390,-0.728063150372587,-0.666536171606236,0.099917273770402
6246,67422223675,0,0.125180347548390,-0.728063150372587,-0.666536171606236,0.099917273770402
6247,67422223675,1,0.125180347548390,-0.728063150372587,-0.666536171606236,0.099917273770402
6248,67442223775,0,0.124758343968438,-0.727948973579864,-0.666666642247225,0.100405356376466
6249,67442223775,1,0.124027861323262,-0.728033820363843,-0.666721102902065,0.100333528628571
6250,67462223875,0,0.124027861323262,-0.728033820363843,-0.666721102902065,0.100333528628571
6251,67462223875,1,0.124027861323262,-0.728033820363843,-0.666721102902065,0.100333528628571
6252,67482223975,0,0.124027861323262,-0.728033820363843,-0.666721102902065,0.100333528628571
6253,67482223975,1,0.124027861323262,-0.728033820363843,-0.666721102902065,0.100333528628571
6254,67502224075,0,0.124027861323262,-0.728033820363843,-0.666721102902065,0.100333528628571
6255,67502224075,1,0.124027861323262,-0.728033820363843,-0.666721102902065,0.100333528628571
6256,67522224175,0,0.123610671244311,-0.727920460832556,-0.666848954092196,0.100820023219566
6257,67522224175,1,0.122886884753757,-0.728000565536703,-0.666906255022181,0.100747392750617
6258,67542224250,0,0.122886884753757,-0.728000565536703,-0.666906255022181,0.100747392750617
6259,67542224250,1,0.122886884753757,-0.728000565536703,-0.666906255022181,0.100747392750617
6260,67562224350,0,0.122886884753757,-0.728000565536703,-0.666906255022181,0.100747392750617
6261,67562224350,1,0.122886884753757,-0.728000565536703,-0.666906255022181,0.100747392750617
6262,67582224450,0,0.122886884753757,-0.728000565536703,-0.666906255022181,0.100747392750617
6263,67582224450,1,0.122886884753757,-0.728000565536703,-0.666906255022181,0.100747392750617
6264,67602224575,0,0.122474254948722,-0.727886678794116,-0.667032504895462,0.101235750215581
6265,67602224575,1,0.121749265794344,-0.727966014434537,-0.667089762265879,0.101162479145616
6266,67622224650,0,0.121749265794344,-0.727966014434537,-0.667089762265879,0.101162479145616
6267,67622224650,1,0.121749265794344,-0.727966014434537,-0.667089762265879,0.101162479145616
6268,67642224775,0,0.121749265794344,-0.727966014434537,-0.667089762265879,0.101162479145616
6269,67642224775,1,0.121749265794344,-0.727966014434537,-0.667089762265879,0.101162479145616
6270,67662224850,0,0.121749265794344,-0.727966014434537,-0.667089762265879,0.101162479145616
6271,67662224850,1,0.121749265794344,-0.727966014434537,-0.667089762265879,0.101162479145616
6272,67702225075,0,0.121344883311895,-0.727853148439657,-0.667212935448370,0.101646998828644
6273,67702225075,1,0.120602946520084,-0.727931588943907,-0.667272830859065,0.101575096877149
6274,67722225175,0,0.120602946520084,-0.727931588943907,-0.667272830859065,0.101575096877149
6275,67722225175,1,0.120602946520084,-0.727931588943907,-0.667272830859065,0.101575096877149
6276,67742225275,0,0.120602946520084,-0.727931588943907,-0.667272830859065,0.101575096877149
6277,67742225275,1,0.120602946520084,-0.727931588943907,-0.667272830859065,0.101575096877149
6278,67762225375,0,0.120602946520084,-0.727931588943907,-0.667272830859065,0.101575096877149
6279,67762225375,1,0.120602946520084,-0.727931588943907,-0.667272830859065,0.101575096877149
6280,67782225475,0,0.120201143756010,-0.727817479765937,-0.667395141883789,0.102064321762424
6281,67782225475,1,0.119458479246132,-0.727895283162310,-0.667454825938514,0.101991096756774
6282,67802225575,0,0.119458479246132,-0.727895283162310,-0.667454825938514,0.101991096756774
6283,67802225575,1,0.119458479246132,-0.727895283162310,-0.667454825938514,0.101991096756774
6284,67822225675,0,0.119458479246132,-0.727895283162310,-0.667454825938514,0.101991096756774
6285,67822225675,1,0.119458479246132,-0.727895283162310,-0.667454825938514,0.101991096756774
6286,67842225775,0,0.119458479246132,-0.727895283162310,-0.667454825938514,0.101991096756774
6287,67842225775,1,0.119458479246132,-0.727895283162310,-0.667454825938514,0.101991096756774
6288,67862225875,0,0.119058802361552,-0.727780328941532,-0.667576035965852,0.102484294358249
6289,67862225875,1,0.118316338288695,-0.727852074638873,-0.667641373980964,0.102408970733299
6290,67882225975,0,0.118316338288695,-0.727852074638873,-0.667641373980964,0.102408970733299
6291,67882225975,1,0.118316338288695,-0.727852074638873,-0.667641373980964,0.102408970733299
6292,67902226075,0,0.118316338288695,-0.727852074638873,-0.667641373980964,0.102408970733299
6293,67902226075,1,0.118316338288695,-0.727852074638873,-0.667641373980964,0.102408970733299
6294,67922226175,0,0.118316338288695,-0.727852074638873,-0.667641373980964,0.102408970733299
6295,67922226175,1,0.118316338288695,-0.727852074638873,-0.667641373980964,0.102408970733299
6296,67942226275,0,0.117922319503978,-0.727736824779150,-0.667760743546638,0.102903011623585
6297,67942226275,1,0.117178670831351,-0.727805952479173,-0.667828022401874,0.102826976678710
6298,67962226375,0,0.117178670831351,-0.727805952479173,-0.667828022401874,0.102826976678710
6299,67962226375,1,0.117178670831351,-0.727805952479173,-0.667828022401874,0.102826976678710
6300,67982226475,0,0.117178670831351,-0.727805952479173,-0.667828022401874,0.102826976678710
6301,67982226475,1,0.117178670831351,-0.727805952479173,-0.667828022401874,0.102826976678710
6302,68002226575,0,0.117178670831351,-0.727805952479173,-0.667828022401874,0.102826976678710
6303,68002226575,1,0.117178670831351,-0.727805952479173,-0.667828022401874,0.102826976678710
6304,68022226650,0,0.116789164031726,-0.727690233957996,-0.667945801978712,0.103322892845405
6305,68022226650,1,0.116040616382147,-0.727758593277722,-0.668013616227760,0.103246374243331
6306,68042226775,0,0.116040616382147,-0.727758593277722,-0.668013616227760,0.103246374243331
6307,68042226775,1,0.116040616382147,-0.727758593277722,-0.668013616227760,0.103246374243331
6308,68062241550,0,0.116040616382147,-0.727758593277722,-0.668013616227760,0.103246374243331
6309,68062241550,1,0.116040616382147,-0.727758593277722,-0.668013616227760,0.103246374243331
6310,68082225675,0,0.116040616382147,-0.727758593277722,-0.668013616227760,0.103246374243331
6311,68082225675,1,0.116040616382147,-0.727758593277722,-0.668013616227760,0.103246374243331
6312,68102227075,0,0.115656512343497,-0.727643183474064,-0.668129197693892,0.103741717188334
6313,68102227075,1,0.114895416757239,-0.727710658228966,-0.668198833501975,0.103665616357331
6314,68122227175,0,0.114895416757239,-0.727710658228966,-0.668198833501975,0.103665616357331
6315,68122227175,1,0.114895416757239,-0.727710658228966,-0.668198833501975,0.103665616357331
6316,68142227275,0,0.114895416757239,-0.727710658228966,-0.668198833501975,0.103665616357331
6317,68142227275,1,0.114895416757239,-0.727710658228966,-0.668198833501975,0.103665616357331
6318,68162227375,0,0.114895416757239,-0.727710658228966,-0.668198833501975,0.103665616357331
6319,68162227375,1,0.114895416757239,-0.727710658228966,-0.668198833501975,0.103665616357331
6320,68182227475,0,0.114515298491518,-0.727594441515534,-0.668313117760612,0.104164061538458
6321,68182227475,1,0.113753147973831,-0.727661163941332,-0.668382632722882,0.104087021727107
6322,68202227575,0,0.113753147973831,-0.727661163941332,-0.668382632722882,0.104087021727107
6323,68202227575,1,0.113753147973831,-0.727661163941332,-0.668382632722882,0.104087021727107
6324,68222227675,0,0.113753147973831,-0.727661163941332,-0.668382632722882,0.104087021727107
6325,68222227675,1,0.113753147973831,-0.727661163941332,-0.668382632722882,0.104087021727107
6326,68242227775,0,0.113753147973831,-0.727661163941332,-0.668382632722882,0.104087021727107
6327,68242227775,1,0.113753147973831,-0.727661163941332,-0.668382632722882,0.104087021727107
6328,68262227875,0,0.113376079255493,-0.727544181860586,-0.668495680259346,0.104588974409624
6329,68262227875,1,0.112601944188081,-0.727610206285099,-0.668566798056542,0.104511369770198
6330,68282227975,0,0.112601944188081,-0.727610206285099,-0.668566798056542,0.104511369770198
6331,68282227975,1,0.112601944188081,-0.727610206285099,-0.668566798056542,0.104511369770198
6332,68332228225,0,0.112601944188081,-0.727610206285099,-0.668566798056542,0.104511369770198
6333,68332228225,1,0.112601944188081,-0.727610206285099,-0.668566798056542,0.104511369770198
6334,68352228325,0,0.112601944188081,-0.727610206285099,-0.668566798056542,0.104511369770198
6335,68352228325,1,0.112601944188081,-0.727610206285099,-0.668566798056542,0.104511369770198
6336,68372228425,0,0.112230052249652,-0.727492985100165,-0.668678057073041,0.105014418015402
6337,68372228425,1,0.111450859163290,-0.727558133509912,-0.668749727298135,0.104936507441439
6338,68392228525,0,0.111450859163290,-0.727558133509912,-0.668749727298135,0.104936507441439
6339,68392228525,1,0.111450859163290,-0.727558133509912,-0.668749727298135,0.104936507441439
6340,68412228625,0,0.111450859163290,-0.727558133509912,-0.668749727298135,0.104936507441439
6341,68412228625,1,0.111450859163290,-0.727558133509912,-0.668749727298135,0.104936507441439
6342,68432228725,0,0.111450859163290,-0.727558133509912,-0.668749727298135,0.104936507441439
6343,68432228725,1,0.111450859163290,-0.727558133509912,-0.668749727298135,0.104936507441439
6344,68452228825,0,0.111088626458002,-0.727440783566995,-0.668858753496880,0.105438092479477
6345,68452228825,1,0.110307585497461,-0.727501451805951,-0.668934376108216,0.105359739287194
6346,68472228925,0,0.110307585497461,-0.727501451805951,-0.668934376108216,0.105359739287194
6347,68472228925,1,0.110307585497461,-0.727501451805951,-0.668934376108216,0.105359739287194
6348,68492229025,0,0.110307585497461,-0.727501451805951,-0.668934376108216,0.105359739287194
6349,68492229025,1,0.110307585497461,-0.727501451805951,-0.668934376108216,0.105359739287194
6350,68512229100,0,0.110307585497461,-0.727501451805951,-0.668934376108216,0.105359739287194
6351,68512229100,1,0.110307585497461,-0.727501451805951,-0.668934376108216,0.105359739287194
6352,68532229225,0,0.109947397385213,-0.727383552912450,-0.669042124149792,0.105864880266369
6353,68532229225,1,0.109166335219544,-0.727439828196726,-0.669121486773861,0.105784892803226
6354,68552229325,0,0.109166335219544,-0.727439828196726,-0.669121486773861,0.105784892803226
6355,68552229325,1,0.109166335219544,-0.727439828196726,-0.669121486773861,0.105784892803226
6356,68572229425,0,0.109166335219544,-0.727439828196726,-0.669121486773861,0.105784892803226
6357,68572229425,1,0.109166335219544,-0.727439828196726,-0.669121486773861,0.105784892803226
6358,68592229525,0,0.109166335219544,-0.727439828196726,-0.669121486773861,0.105784892803226
6359,68592229525,1,0.109166335219544,-0.727439828196726,-0.669121486773861,0.105784892803226
6360,68612229600,0,0.108810632689582,-0.727321543721326,-0.669227647034183,0.106291931479357
6361,68612229600,1,0.108028405561706,-0.727376955476988,-0.669306947056603,0.106211293441863
6362,68632229725,0,0.108028405561706,-0.727376955476988,-0.669306947056603,0.106211293441863
6363,68632229725,1,0.108028405561706,-0.727376955476988,-0.669306947056603,0.106211293441863
6364,68652229825,0,0.108028405561706,-0.727376955476988,-0.669306947056603,0.106211293441863
6365,68652229825,1,0.108028405561706,-0.727376955476988,-0.669306947056603,0.106211293441863
6366,68672229925,0,0.108028405561706,-0.727376955476988,-0.669306947056603,0.106211293441863
6367,68672229925,1,0.108028405561706,-0.727376955476988,-0.669306947056603,0.106211293441863
6368,68692230025,0,0.107674974014533,-0.727256820360497,-0.669412651598666,0.106725437875667
6369,68692230025,1,0.106878372783520,-0.727304553137657,-0.669501684056954,0.106642371791341
6370,68712230125,0,0.106878372783520,-0.727304553137657,-0.669501684056954,0.106642371791341
6371,68712230125,1,0.106878372783520,-0.727304553137657,-0.669501684056954,0.106642371791341
6372,68732230200,0,0.106878372783520,-0.727304553137657,-0.669501684056954,0.106642371791341
6373,68732230200,1,0.106878372783520,-0.727304553137657,-0.669501684056954,0.106642371791341
6374,68752230325,0,0.106878372783520,-0.727304553137657,-0.669501684056954,0.106642371791341
6375,68752230325,1,0.106878372783520,-0.727304553137657,-0.669501684056954,0.106642371791341
6376,68772230425,0,0.106530465171396,-0.727184809817258,-0.669605210293450,0.107155843094386
6377,68772230425,1,0.105732454395992,-0.727231484833644,-0.669694291524911,0.107072739074892
6378,68792230525,0,0.105732454395992,-0.727231484833644,-0.669694291524911,0.107072739074892
6379,68792230525,1,0.105732454395992,-0.727231484833644,-0.669694291524911,0.107072739074892
6380,68812230625,0,0.105732454395992,-0.727231484833644,-0.669694291524911,0.107072739074892
6381,68812230625,1,0.105732454395992,-0.727231484833644,-0.669694291524911,0.107072739074892
6382,68832230725,0,0.105732454395992,-0.727231484833644,-0.669694291524911,0.107072739074892
6383,68832230725,1,0.105732454395992,-0.727231484833644,-0.669694291524911,0.107072739074892
6384,68852230825,0,0.105381927804143,-0.727113468849753,-0.669795416001897,0.107586027960921
6385,68852230825,1,0.104577010967154,-0.727158779488235,-0.669885697005984,0.107503075012593
6386,68872230925,0,0.104577010967154,-0.727158779488235,-0.669885697005984,0.107503075012593
6387,68872230925,1,0.104577010967154,-0.727158779488235,-0.669885697005984,0.107503075012593
6388,68892231025,0,0.104577010967154,-0.727158779488235,-0.669885697005984,0.107503075012593
6389,68892231025,1,0.104577010967154,-0.727158779488235,-0.669885697005984,0.107503075012593
6390,68912230600,0,0.104577010967154,-0.727158779488235,-0.669885697005984,0.107503075012593
6391,68912230600,1,0.104577010967154,-0.727158779488235,-0.669885697005984,0.107503075012593
6392,69022234100,0,0.104234499479255,-0.727039410475254,-0.669985591072504,0.108019315353003
6393,69022234100,1,0.103423862140022,-0.727084015981000,-0.670076296193217,0.107935609161028
6394,69042233450,0,0.103423862140022,-0.727084015981000,-0.670076296193217,0.107935609161028
6395,69042233450,1,0.103423862140022,-0.727084015981000,-0.670076296193217,0.107935609161028
6396,69062232875,0,0.103423862140022,-0.727084015981000,-0.670076296193217,0.107935609161028
6397,69062232875,1,0.103423862140022,-0.727084015981000,-0.670076296193217,0.107935609161028
6398,69082232425,0,0.103423862140022,-0.727084015981000,-0.670076296193217,0.107935609161028
6399,69082232425,1,0.103423862140022,-0.727084015981000,-0.670076296193217,0.107935609161028
6400,69102230775,0,0.103086610033820,-0.726965419137278,-0.670173835623566,0.108450266278578
6401,69102230775,1,0.102285792431830,-0.727008917794885,-0.670262932174175,0.108366285654624
6402,69122232175,0,0.102285792431830,-0.727008917794885,-0.670262932174175,0.108366285654624
6403,69122232175,1,0.102285792431830,-0.727008917794885,-0.670262932174175,0.108366285654624
6404,69142232275,0,0.102285792431830,-0.727008917794885,-0.670262932174175,0.108366285654624
6405,69142232275,1,0.102285792431830,-0.727008917794885,-0.670262932174175,0.108366285654624
6406,69162232375,0,0.102285792431830,-0.727008917794885,-0.670262932174175,0.108366285654624
6407,69162232375,1,0.102285792431830,-0.727008917794885,-0.670262932174175,0.108366285654624
6408,69182232475,0,0.101952843736830,-0.726889423343105,-0.670359254997803,0.108884586258535
6409,69182232475,1,0.101150917685641,-0.726932146665900,-0.670448213025196,0.108799538815108
6410,69202232575,0,0.101150917685641,-0.726932146665900,-0.670448213025196,0.108799538815108
6411,69202232575,1,0.101150917685641,-0.726932146665900,-0.670448213025196,0.108799538815108
6412,69222232650,0,0.101150917685641,-0.726932146665900,-0.670448213025196,0.108799538815108
6413,69222232650,1,0.101150917685641,-0.726932146665900,-0.670448213025196,0.108799538815108
6414,69242232775,0,0.101150917685641,-0.726932146665900,-0.670448213025196,0.108799538815108
6415,69242232775,1,0.101150917685641,-0.726932146665900,-0.670448213025196,0.108799538815108
6416,69262232875,0,0.100823819033987,-0.726812097071320,-0.670543011540752,0.109319727131249
6417,69262232875,1,0.100055013791189,-0.726870292000913,-0.670608900961296,0.109234952159254
6418,69282232975,0,0.100055013791189,-0.726870292000913,-0.670608900961296,0.109234952159254
6419,69282232975,1,0.100055013791189,-0.726870292000913,-0.670608900961296,0.109234952159254
6420,69302233075,0,0.100055013791189,-0.726870292000913,-0.670608900961296,0.109234952159254
6421,69302233075,1,0.100055013791189,-0.726870292000913,-0.670608900961296,0.109234952159254
6422,69322233175,0,0.100055013791189,-0.726870292000913,-0.670608900961296,0.109234952159254
6423,69322233175,1,0.100055013791189,-0.726870292000913,-0.670608900961296,0.109234952159254
6424,69342233275,0,0.099731931320407,-0.726749988687566,-0.670702158111031,0.109757054091892
6425,69342233275,1,0.098998428041962,-0.726812982058289,-0.670756651254825,0.109670940335947
6426,69362233375,0,0.098998428041962,-0.726812982058289,-0.670756651254825,0.109670940335947
6427,69362233375,1,0.098998428041962,-0.726812982058289,-0.670756651254825,0.109670940335947
6428,69382233475,0,0.098998428041962,-0.726812982058289,-0.670756651254825,0.109670940335947
6429,69382233475,1,0.098998428041962,-0.726812982058289,-0.670756651254825,0.109670940335947
6430,69402233575,0,0.098998428041962,-0.726812982058289,-0.670756651254825,0.109670940335947
6431,69402233575,1,0.098998428041962,-0.726812982058289,-0.670756651254825,0.109670940335947
6432,69422233675,0,0.098679853082321,-0.726692312685899,-0.670848452200845,0.110194933906246
6433,69422233675,1,0.097945195297392,-0.726754546567616,-0.670902939945843,0.110108187404388
6434,69442233775,0,0.097945195297392,-0.726754546567616,-0.670902939945843,0.110108187404388
6435,69442233775,1,0.097945195297392,-0.726754546567616,-0.670902939945843,0.110108187404388
6436,69462233875,0,0.097945195297392,-0.726754546567616,-0.670902939945843,0.110108187404388
6437,69462233875,1,0.097945195297392,-0.726754546567616,-0.670902939945843,0.110108187404388
6438,69482233975,0,0.097945195297392,-0.726754546567616,-0.670902939945843,0.110108187404388
6439,69482233975,1,0.097945195297392,-0.726754546567616,-0.670902939945843,0.110108187404388
6440,69502234075,0,0.097629592052428,-0.726632371238257,-0.670994061713115,0.110638279858652
6441,69502234075,1,0.096879260480426,-0.726693944083400,-0.671050601987302,0.110550486628316
6442,69522234175,0,0.096879260480426,-0.726693944083400,-0.671050601987302,0.110550486628316
6443,69522234175,1,0.096879260480426,-0.726693944083400,-0.671050601987302,0.110550486628316
6444,69542234275,0,0.096879260480426,-0.726693944083400,-0.671050601987302,0.110550486628316
6445,69542234275,1,0.096879260480426,-0.726693944083400,-0.671050601987302,0.110550486628316
6446,69592234525,0,0.096879260480426,-0.726693944083400,-0.671050601987302,0.110550486628316
6447,69592234525,1,0.096879260480426,-0.726693944083400,-0.671050601987302,0.110550486628316
6448,69612234625,0,0.096568384295950,-0.726572098304349,-0.671139833099656,0.111080410275849
6449,69612234625,1,0.095816845048934,-0.726632736818348,-0.671196445964774,0.110992472325836
6450,69632234700,0,0.095816845048934,-0.726632736818348,-0.671196445964774,0.110992472325836
6451,69632234700,1,0.095816845048934,-0.726632736818348,-0.671196445964774,0.110992472325836
6452,69652234825,0,0.095816845048934,-0.726632736818348,-0.671196445964774,0.110992472325836
6453,69652234825,1,0.095816845048934,-0.726632736818348,-0.671196445964774,0.110992472325836
6454,69672234925,0,0.095816845048934,-0.726632736818348,-0.671196445964774,0.110992472325836
6455,69672234925,1,0.095816845048934,-0.726632736818348,-0.671196445964774,0.110992472325836
6456,69692235025,0,0.095511663141150,-0.726511088213820,-0.671283832558260,0.111522092216191
6457,69692235025,1,0.094758686850122,-0.726570823122979,-0.671340512992786,0.111434042677368
6458,69712235125,0,0.094758686850122,-0.726570823122979,-0.671340512992786,0.111434042677368
6459,69712235125,1,0.094758686850122,-0.726570823122979,-0.671340512992786,0.111434042677368
6460,69732235225,0,0.094758686850122,-0.726570823122979,-0.671340512992786,0.111434042677368
6461,69732235225,1,0.094758686850122,-0.726570823122979,-0.671340512992786,0.111434042677368
6462,69752235325,0,0.094758686850122,-0.726570823122979,-0.671340512992786,0.111434042677368
6463,69752235325,1,0.094758686850122,-0.726570823122979,-0.671340512992786,0.111434042677368
6464,69772235425,0,0.094457036828973,-0.726448657979947,-0.671426599653764,0.111966677141052
6465,69772235425,1,0.093703143082641,-0.726507644027206,-0.671483238145130,0.111877723594123
6466,69792235500,0,0.093703143082641,-0.726507644027206,-0.671483238145130,0.111877723594123
6467,69792235500,1,0.093703143082641,-0.726507644027206,-0.671483238145130,0.111877723594123
6468,69812235625,0,0.093703143082641,-0.726507644027206,-0.671483238145130,0.111877723594123
6469,69812235625,1,0.093703143082641,-0.726507644027206,-0.671483238145130,0.111877723594123
6470,69832235725,0,0.093703143082641,-0.726507644027206,-0.671483238145130,0.111877723594123
6471,69832235725,1,0.093703143082641,-0.726507644027206,-0.671483238145130,0.111877723594123
6472,69852235825,0,0.093412232712053,-0.726382452162969,-0.671569122639321,0.112417087166119
6473,69852235825,1,0.092655107378197,-0.726444808468275,-0.671621658697872,0.112326839598312
6474,69872235925,0,0.092655107378197,-0.726444808468275,-0.671621658697872,0.112326839598312
6475,69872235925,1,0.092655107378197,-0.726444808468275,-0.671621658697872,0.112326839598312
6476,69892236000,0,0.092655107378197,-0.726444808468275,-0.671621658697872,0.112326839598312
6477,69892236000,1,0.092655107378197,-0.726444808468275,-0.671621658697872,0.112326839598312
6478,69912236125,0,0.092655107378197,-0.726444808468275,-0.671621658697872,0.112326839598312
6479,69912236125,1,0.092655107378197,-0.726444808468275,-0.671621658697872,0.112326839598312
6480,69932236200,0,0.092365222584933,-0.726320717077067,-0.671705444694401,0.112865748433206
6481,69932236200,1,0.091607175020244,-0.726385554968583,-0.671754228731988,0.112775915861879
6482,69952236325,0,0.091607175020244,-0.726385554968583,-0.671754228731988,0.112775915861879
6483,69952236325,1,0.091607175020244,-0.726385554968583,-0.671754228731988,0.112775915861879
6484,69972236425,0,0.091607175020244,-0.726385554968583,-0.671754228731988,0.112775915861879
6485,69972236425,1,0.091607175020244,-0.726385554968583,-0.671754228731988,0.112775915861879
6486,69992236525,0,0.091607175020244,-0.726385554968583,-0.671754228731988,0.112775915861879
6487,69992236525,1,0.091607175020244,-0.726385554968583,-0.671754228731988,0.112775915861879
6488,70012236625,0,0.091321437942874,-0.726261226914950,-0.671836541418905,0.113316754570189
6489,70012236625,1,0.090562325203759,-0.726325257607421,-0.671885329530121,0.113226275119352
6490,70032236725,0,0.090562325203759,-0.726325257607421,-0.671885329530121,0.113226275119352
6491,70032236725,1,0.090562325203759,-0.726325257607421,-0.671885329530121,0.113226275119352
6492,70052236825,0,0.090562325203759,-0.726325257607421,-0.671885329530121,0.113226275119352
6493,70052236825,1,0.090562325203759,-0.726325257607421,-0.671885329530121,0.113226275119352
6494,70072236925,0,0.090562325203759,-0.726325257607421,-0.671885329530121,0.113226275119352
6495,70072236925,1,0.090562325203759,-0.726325257607421,-0.671885329530121,0.113226275119352
6496,70092237025,0,0.090276897796329,-0.726202518401238,-0.671965317294381,0.113765532326063
6497,70092237025,1,0.089489054976074,-0.726257674050618,-0.672026335047308,0.113675436770475
6498,70112237125,0,0.089489054976074,-0.726257674050618,-0.672026335047308,0.113675436770475
6499,70112237125,1,0.089489054976074,-0.726257674050618,-0.672026335047308,0.113675436770475
6500,70132237225,0,0.089489054976074,-0.726257674050618,-0.672026335047308,0.113675436770475
6501,70132237225,1,0.089489054976074,-0.726257674050618,-0.672026335047308,0.113675436770475
6502,70152237325,0,0.089489054976074,-0.726257674050618,-0.672026335047308,0.113675436770475
6503,70152237325,1,0.089489054976074,-0.726257674050618,-0.672026335047308,0.113675436770475
6504,70172237425,0,0.089209558105394,-0.726133856942749,-0.672105228116511,0.114218382419558
6505,70172237425,1,0.088420229251399,-0.726188338107764,-0.672166154636006,0.114127215059597
6506,70222237650,0,0.088420229251399,-0.726188338107764,-0.672166154636006,0.114127215059597
6507,70222237650,1,0.088420229251399,-0.726188338107764,-0.672166154636006,0.114127215059597
6508,70242237775,0,0.088420229251399,-0.726188338107764,-0.672166154636006,0.114127215059597
6509,70242237775,1,0.088420229251399,-0.726188338107764,-0.672166154636006,0.114127215059597
6510,70262237875,0,0.088420229251399,-0.726188338107764,-0.672166154636006,0.114127215059597
6511,70262237875,1,0.088420229251399,-0.726188338107764,-0.672166154636006,0.114127215059597
6512,70282237975,0,0.088148138880109,-0.726062853529290,-0.672244225729663,0.114674928864172
6513,70282237975,1,0.087379320091801,-0.726117224452718,-0.672301787718032,0.114581573581944
6514,70302238075,0,0.087379320091801,-0.726117224452718,-0.672301787718032,0.114581573581944
6515,70302238075,1,0.087379320091801,-0.726117224452718,-0.672301787718032,0.114581573581944
6516,70322238175,0,0.087379320091801,-0.726117224452718,-0.672301787718032,0.114581573581944
6517,70322238175,1,0.087379320091801,-0.726117224452718,-0.672301787718032,0.114581573581944
6518,70342238275,0,0.087379320091801,-0.726117224452718,-0.672301787718032,0.114581573581944
6519,70342238275,1,0.087379320091801,-0.726117224452718,-0.672301787718032,0.114581573581944
6520,70362238375,0,0.087110075383558,-0.725992208665581,-0.672378070948141,0.115129828591893
6521,70362238375,1,0.086347959172693,-0.726045764954793,-0.672434624757687,0.115035875121239
6522,70382238475,0,0.086347959172693,-0.726045764954793,-0.672434624757687,0.115035875121239
6523,70382238475,1,0.086347959172693,-0.726045764954793,-0.672434624757687,0.115035875121239
6524,70402238575,0,0.086347959172693,-0.726045764954793,-0.672434624757687,0.115035875121239
6525,70402238575,1,0.086347959172693,-0.726045764954793,-0.672434624757687,0.115035875121239
6526,70422238650,0,0.086347959172693,-0.726045764954793,-0.672434624757687,0.115035875121239
6527,70422238650,1,0.086347959172693,-0.726045764954793,-0.672434624757687,0.115035875121239
6528,70442238775,0,0.086082886194616,-0.725920538142022,-0.672509457110789,0.115586067951779
6529,70442238775,1,0.085312569474964,-0.725971333379005,-0.672569027460854,0.115491523073558
6530,70462238875,0,0.085312569474964,-0.725971333379005,-0.672569027460854,0.115491523073558
6531,70462238875,1,0.085312569474964,-0.725971333379005,-0.672569027460854,0.115491523073558
6532,70482238975,0,0.085312569474964,-0.725971333379005,-0.672569027460854,0.115491523073558
6533,70482238975,1,0.085312569474964,-0.725971333379005,-0.672569027460854,0.115491523073558
6534,70502239075,0,0.085312569474964,-0.725971333379005,-0.672569027460854,0.115491523073558
6535,70502239075,1,0.085312569474964,-0.725971333379005,-0.672569027460854,0.115491523073558
6536,70522239175,0,0.085049107532383,-0.725847069686349,-0.672641865687171,0.116041377364142
6537,70522239175,1,0.084256920510371,-0.725890910401394,-0.672710542172759,0.115946901607485
6538,70542239275,0,0.084256920510371,-0.725890910401394,-0.672710542172759,0.115946901607485
6539,70542239275,1,0.084256920510371,-0.725890910401394,-0.672710542172759,0.115946901607485
6540,70562239375,0,0.084256920510371,-0.725890910401394,-0.672710542172759,0.115946901607485
6541,70562239375,1,0.084256920510371,-0.725890910401394,-0.672710542172759,0.115946901607485
6542,70582239475,0,0.084256920510371,-0.725890910401394,-0.672710542172759,0.115946901607485
6543,70582239475,1,0.084256920510371,-0.725890910401394,-0.672710542172759,0.115946901607485
6544,70602239575,0,0.083998700168955,-0.725765936597581,-0.672782142425339,0.116499838961829
6545,70602239575,1,0.083205203020949,-0.725809027698118,-0.672850767841645,0.116404440280706
6546,70622239675,0,0.083205203020949,-0.725809027698118,-0.672850767841645,0.116404440280706
6547,70622239675,1,0.083205203020949,-0.725809027698118,-0.672850767841645,0.116404440280706
6548,70642239775,0,0.083205203020949,-0.725809027698118,-0.672850767841645,0.116404440280706
6549,70642239775,1,0.083205203020949,-0.725809027698118,-0.672850767841645,0.116404440280706
6550,70662239875,0,0.083205203020949,-0.725809027698118,-0.672850767841645,0.116404440280706
6551,70662239875,1,0.083205203020949,-0.725809027698118,-0.672850767841645,0.116404440280706
6552,70682239975,0,0.082949707564455,-0.725683815398492,-0.672920953938283,0.116960402848357
6553,70682239975,1,0.082155502030051,-0.725726055940911,-0.672989560478938,0.116864095003575
6554,70702240075,0,0.082155502030051,-0.725726055940911,-0.672989560478938,0.116864095003575
6555,70702240075,1,0.082155502030051,-0.725726055940911,-0.672989560478938,0.116864095003575
6556,70722240175,0,0.082155502030051,-0.725726055940911,-0.672989560478938,0.116864095003575
6557,70722240175,1,0.082155502030051,-0.725726055940911,-0.672989560478938,0.116864095003575
6558,70742240250,0,0.082155502030051,-0.725726055940911,-0.672989560478938,0.116864095003575
6559,70742240250,1,0.082155502030051,-0.725726055940911,-0.672989560478938,0.116864095003575
6560,70762240350,0,0.081904942513690,-0.725600715795020,-0.673058226903713,0.117421483668085
6561,70762240350,1,0.081109501573528,-0.725642081996726,-0.673126841155158,0.117324649185196
6562,70782240475,0,0.081109501573528,-0.725642081996726,-0.673126841155158,0.117324649185196
6563,70782240475,1,0.081109501573528,-0.725642081996726,-0.673126841155158,0.117324649185196
6564,70802240575,0,0.081109501573528,-0.725642081996726,-0.673126841155158,0.117324649185196
6565,70802240575,1,0.081109501573528,-0.725642081996726,-0.673126841155158,0.117324649185196
6566,70822240675,0,0.081109501573528,-0.725642081996726,-0.673126841155158,0.117324649185196
6567,70822240675,1,0.081109501573528,-0.725642081996726,-0.673126841155158,0.117324649185196
6568,70862240875,0,0.080863146499169,-0.725516586030378,-0.673194027436770,0.117883995336685
6569,70862240875,1,0.080062921155647,-0.725556984179672,-0.673263170889292,0.117786646476664
6570,70882240975,0,0.080062921155647,-0.725556984179672,-0.673263170889292,0.117786646476664
6571,70882240975,1,0.080062921155647,-0.725556984179672,-0.673263170889292,0.117786646476664
6572,70902241075,0,0.080062921155647,-0.725556984179672,-0.673263170889292,0.117786646476664
6573,70902241075,1,0.080062921155647,-0.725556984179672,-0.673263170889292,0.117786646476664
6574,70922241175,0,0.080062921155647,-0.725556984179672,-0.673263170889292,0.117786646476664
6575,70922241175,1,0.080062921155647,-0.725556984179672,-0.673263170889292,0.117786646476664
6576,70942241275,0,0.079823662461473,-0.725431314160327,-0.673328841723737,0.118346365596193
6577,70942241275,1,0.079010511826950,-0.725470529684662,-0.673399574127185,0.118249157059260
6578,70962241350,0,0.079010511826950,-0.725470529684662,-0.673399574127185,0.118249157059260
6579,70962241350,1,0.079010511826950,-0.725470529684662,-0.673399574127185,0.118249157059260
6580,70982241475,0,0.079010511826950,-0.725470529684662,-0.673399574127185,0.118249157059260
6581,70982241475,1,0.079010511826950,-0.725470529684662,-0.673399574127185,0.118249157059260
6582,71002241575,0,0.079010511826950,-0.725470529684662,-0.673399574127185,0.118249157059260
6583,71002241575,1,0.079010511826950,-0.725470529684662,-0.673399574127185,0.118249157059260
6584,71022241675,0,0.078773963171013,-0.725344753392759,-0.673463768707955,0.118811631120898
6585,71022241675,1,0.077960111797231,-0.725383069326385,-0.673534491163067,0.118713575116343
6586,71042241750,0,0.077960111797231,-0.725383069326385,-0.673534491163067,0.118713575116343
6587,71042241750,1,0.077960111797231,-0.725383069326385,-0.673534491163067,0.118713575116343
6588,71062241875,0,0.077960111797231,-0.725383069326385,-0.673534491163067,0.118713575116343
6589,71062241875,1,0.077960111797231,-0.725383069326385,-0.673534491163067,0.118713575116343
6590,71082241975,0,0.077960111797231,-0.725383069326385,-0.673534491163067,0.118713575116343
6591,71082241975,1,0.077960111797231,-0.725383069326385,-0.673534491163067,0.118713575116343
6592,71102242075,0,0.077724631615215,-0.725257761270049,-0.673596952626982,0.119277855318912
6593,71102242075,1,0.076911742437896,-0.725287878690941,-0.673675439367263,0.119178350770961
6594,71122242125,0,0.076911742437896,-0.725287878690941,-0.673675439367263,0.119178350770961
6595,71122242125,1,0.076911742437896,-0.725287878690941,-0.673675439367263,0.119178350770961
6596,71142242275,0,0.076911742437896,-0.725287878690941,-0.673675439367263,0.119178350770961
6597,71142242275,1,0.076911742437896,-0.725287878690941,-0.673675439367263,0.119178350770961
6598,71162242375,0,0.076911742437896,-0.725287878690941,-0.673675439367263,0.119178350770961
6599,71162242375,1,0.076911742437896,-0.725287878690941,-0.673675439367263,0.119178350770961
6600,71182242475,0,0.076681987260519,-0.725162166293399,-0.673736533254162,0.119744683243586
6601,71182242475,1,0.075867685294715,-0.725191447689414,-0.673814998018477,0.119644502470921
6602,71202242575,0,0.075867685294715,-0.725191447689414,-0.673814998018477,0.119644502470921
6603,71202242575,1,0.075867685294715,-0.725191447689414,-0.673814998018477,0.119644502470921
6604,71222242675,0,0.075867685294715,-0.725191447689414,-0.673814998018477,0.119644502470921
6605,71222242675,1,0.075867685294715,-0.725191447689414,-0.673814998018477,0.119644502470921
6606,71242242750,0,0.075867685294715,-0.725191447689414,-0.673814998018477,0.119644502470921
6607,71242242750,1,0.075867685294715,-0.725191447689414,-0.673814998018477,0.119644502470921
6608,71262242875,0,0.075644962195557,-0.725063870112204,-0.673875400926940,0.120217170062775
6609,71262242875,1,0.074821488493754,-0.725092388689433,-0.673954764342829,0.120115562454799
6610,71282244700,0,0.074821488493754,-0.725092388689433,-0.673954764342829,0.120115562454799
6611,71282244700,1,0.074821488493754,-0.725092388689433,-0.673954764342829,0.120115562454799
6612,71302243075,0,0.074821488493754,-0.725092388689433,-0.673954764342829,0.120115562454799
6613,71302243075,1,0.074821488493754,-0.725092388689433,-0.673954764342829,0.120115562454799
6614,71322243175,0,0.074821488493754,-0.725092388689433,-0.673954764342829,0.120115562454799
6615,71322243175,1,0.074821488493754,-0.725092388689433,-0.673954764342829,0.120115562454799
6616,71342243275,0,0.074601532178422,-0.724965590537260,-0.674013278342383,0.120688046432722
6617,71342243275,1,0.073769900091562,-0.724992757806129,-0.674093749794994,0.120586564162304
6618,71362243375,0,0.073769900091562,-0.724992757806129,-0.674093749794994,0.120586564162304
6619,71362243375,1,0.073769900091562,-0.724992757806129,-0.674093749794994,0.120586564162304
6620,71382243475,0,0.073769900091562,-0.724992757806129,-0.674093749794994,0.120586564162304
6621,71382243475,1,0.073769900091562,-0.724992757806129,-0.674093749794994,0.120586564162304
6622,71402243575,0,0.073769900091562,-0.724992757806129,-0.674093749794994,0.120586564162304
6623,71402243575,1,0.073769900091562,-0.724992757806129,-0.674093749794994,0.120586564162304
6624,71422243675,0,0.073554078796263,-0.724865892779398,-0.674150754632959,0.121161029235360
6625,71422243675,1,0.072721416324885,-0.724892128679316,-0.674231224530885,0.121058883416527
6626,71442243775,0,0.072721416324885,-0.724892128679316,-0.674231224530885,0.121058883416527
6627,71442243775,1,0.072721416324885,-0.724892128679316,-0.674231224530885,0.121058883416527
6628,71492244025,0,0.072721416324885,-0.724892128679316,-0.674231224530885,0.121058883416527
6629,71492244025,1,0.072721416324885,-0.724892128679316,-0.674231224530885,0.121058883416527
6630,71512244125,0,0.072721416324885,-0.724892128679316,-0.674231224530885,0.121058883416527
6631,71512244125,1,0.072721416324885,-0.724892128679316,-0.674231224530885,0.121058883416527
6632,71532244225,0,0.072507716803015,-0.724766229702609,-0.674286270939555,0.121632923623122
6633,71532244225,1,0.071690704561977,-0.724784663054008,-0.674372482221805,0.121529380411060
6634,71552244325,0,0.071690704561977,-0.724784663054008,-0.674372482221805,0.121529380411060
6635,71552244325,1,0.071690704561977,-0.724784663054008,-0.674372482221805,0.121529380411060
6636,71572244100,0,0.071690704561977,-0.724784663054008,-0.674372482221805,0.121529380411060
6637,71572244100,1,0.071690704561977,-0.724784663054008,-0.674372482221805,0.121529380411060
6638,71682247550,0,0.071690704561977,-0.724784663054008,-0.674372482221805,0.121529380411060
6639,71682247550,1,0.071690704561977,-0.724784663054008,-0.674372482221805,0.121529380411060
6640,71702246800,0,0.071482438853607,-0.724658113474509,-0.674426308528779,0.122106649595139
6641,71702246800,1,0.070656643699408,-0.724675494063194,-0.674513511036313,0.122002419791031
6642,71722246325,0,0.070656643699408,-0.724675494063194,-0.674513511036313,0.122002419791031
6643,71722246325,1,0.070656643699408,-0.724675494063194,-0.674513511036313,0.122002419791031
6644,71742245800,0,0.070656643699408,-0.724675494063194,-0.674513511036313,0.122002419791031
6645,71742245800,1,0.070656643699408,-0.724675494063194,-0.674513511036313,0.122002419791031
6646,71762245375,0,0.070656643699408,-0.724675494063194,-0.674513511036313,0.122002419791031
6647,71762245375,1,0.070656643699408,-0.724675494063194,-0.674513511036313,0.122002419791031
6648,71782245475,0,0.070452401175914,-0.724548908571726,-0.674565843534938,0.122581650307321
6649,71782245475,1,0.069618159347453,-0.724565084636684,-0.674654079104073,0.122477032796937
6650,71802245575,0,0.069618159347453,-0.724565084636684,-0.674654079104073,0.122477032796937
6651,71802245575,1,0.069618159347453,-0.724565084636684,-0.674654079104073,0.122477032796937
6652,71822245675,0,0.069618159347453,-0.724565084636684,-0.674654079104073,0.122477032796937
6653,71822245675,1,0.069618159347453,-0.724565084636684,-0.674654079104073,0.122477032796937
6654,71842245775,0,0.069618159347453,-0.724565084636684,-0.674654079104073,0.122477032796937
6655,71842245775,1,0.069618159347453,-0.724565084636684,-0.674654079104073,0.122477032796937
6656,71862245875,0,0.069419092383178,-0.724440234670694,-0.674704191072702,0.123051170461298
6657,71862245875,1,0.068604625656393,-0.724463153606728,-0.674781779094738,0.122947529485060
6658,71882245975,0,0.068604625656393,-0.724463153606728,-0.674781779094738,0.122947529485060
6659,71882245975,1,0.068604625656393,-0.724463153606728,-0.674781779094738,0.122947529485060
6660,71902246075,0,0.068604625656393,-0.724463153606728,-0.674781779094738,0.122947529485060
6661,71902246075,1,0.068604625656393,-0.724463153606728,-0.674781779094738,0.122947529485060
6662,71922246175,0,0.068604625656393,-0.724463153606728,-0.674781779094738,0.122947529485060
6663,71922246175,1,0.068604625656393,-0.724463153606728,-0.674781779094738,0.122947529485060
6664,71942246275,0,0.068409286355873,-0.724337331779103,-0.674830824756489,0.123527152035037
6665,71942246275,1,0.067614941032275,-0.724367642395475,-0.674897590645184,0.123421961339742
6666,71962246375,0,0.067614941032275,-0.724367642395475,-0.674897590645184,0.123421961339742
6667,71962246375,1,0.067614941032275,-0.724367642395475,-0.674897590645184,0.123421961339742
6668,71982246450,0,0.067614941032275,-0.724367642395475,-0.674897590645184,0.123421961339742
6669,71982246450,1,0.067614941032275,-0.724367642395475,-0.674897590645184,0.123421961339742
6670,72002246575,0,0.067614941032275,-0.724367642395475,-0.674897590645184,0.123421961339742
6671,72002246575,1,0.067614941032275,-0.724367642395475,-0.674897590645184,0.123421961339742
6672,72022246675,0,0.067423752882766,-0.724241725732973,-0.674945239565397,0.124003563829988
6673,72022246675,1,0.066628380782120,-0.724271193403627,-0.675012037575127,0.123897725599437
6674,72042246775,0,0.066628380782120,-0.724271193403627,-0.675012037575127,0.123897725599437
6675,72042246775,1,0.066628380782120,-0.724271193403627,-0.675012037575127,0.123897725599437
6676,72062261550,0,0.066628380782120,-0.724271193403627,-0.675012037575127,0.123897725599437
6677,72062261550,1,0.066628380782120,-0.724271193403627,-0.675012037575127,0.123897725599437
6678,72082245675,0,0.066628380782120,-0.724271193403627,-0.675012037575127,0.123897725599437
6679,72082245675,1,0.066628380782120,-0.724271193403627,-0.675012037575127,0.123897725599437
6680,72112247100,0,0.066438407323127,-0.724144864428106,-0.675058370063646,0.124484337817172
6681,72112247100,1,0.065656292233292,-0.724181376808832,-0.675115448167467,0.124377314728535
6682,72132247225,0,0.065656292233292,-0.724181376808832,-0.675115448167467,0.124377314728535
6683,72132247225,1,0.065656292233292,-0.724181376808832,-0.675115448167467,0.124377314728535
6684,72152247325,0,0.065656292233292,-0.724181376808832,-0.675115448167467,0.124377314728535
6685,72152247325,1,0.065656292233292,-0.724181376808832,-0.675115448167467,0.124377314728535
6686,72172247425,0,0.065656292233292,-0.724181376808832,-0.675115448167467,0.124377314728535
6687,72172247425,1,0.065656292233292,-0.724181376808832,-0.675115448167467,0.124377314728535
6688,72192247525,0,0.065471679141395,-0.724055155080585,-0.675160344264909,0.124964399585343
6689,72192247525,1,0.064688246716500,-0.724090803695240,-0.675217479922275,0.124857092502342
6690,72212247625,0,0.064688246716500,-0.724090803695240,-0.675217479922275,0.124857092502342
6691,72212247625,1,0.064688246716500,-0.724090803695240,-0.675217479922275,0.124857092502342
6692,72232247725,0,0.064688246716500,-0.724090803695240,-0.675217479922275,0.124857092502342
6693,72232247725,1,0.064688246716500,-0.724090803695240,-0.675217479922275,0.124857092502342
6694,72252247825,0,0.064688246716500,-0.724090803695240,-0.675217479922275,0.124857092502342
6695,72252247825,1,0.064688246716500,-0.724090803695240,-0.675217479922275,0.124857092502342
6696,72272247925,0,0.064505530693386,-0.723963789623827,-0.675261217459756,0.125450213304882
6697,72272247925,1,0.063735516011992,-0.724004823359533,-0.675310565922215,0.125341291299532
6698,72292248025,0,0.063735516011992,-0.724004823359533,-0.675310565922215,0.125341291299532
6699,72292248025,1,0.063735516011992,-0.724004823359533,-0.675310565922215,0.125341291299532
6700,72312248125,0,0.063735516011992,-0.724004823359533,-0.675310565922215,0.125341291299532
6701,72312248125,1,0.063735516011992,-0.724004823359533,-0.675310565922215,0.125341291299532
6702,72332248225,0,0.063735516011992,-0.724004823359533,-0.675310565922215,0.125341291299532
6703,72332248225,1,0.063735516011992,-0.724004823359533,-0.675310565922215,0.125341291299532
6704,72352248325,0,0.063557738659115,-0.723878110243908,-0.675352814925134,0.125934390612513
6705,72352248325,1,0.062801077812154,-0.723920733506370,-0.675398308801364,0.125824960534423
6706,72372248425,0,0.062801077812154,-0.723920733506370,-0.675398308801364,0.125824960534423
6707,72372248425,1,0.062801077812154,-0.723920733506370,-0.675398308801364,0.125824960534423
6708,72392248525,0,0.062801077812154,-0.723920733506370,-0.675398308801364,0.125824960534423
6709,72392248525,1,0.062801077812154,-0.723920733506370,-0.675398308801364,0.125824960534423
6710,72412248625,0,0.062801077812154,-0.723920733506370,-0.675398308801364,0.125824960534423
6711,72412248625,1,0.062801077812154,-0.723920733506370,-0.675398308801364,0.125824960534423
6712,72432248725,0,0.062627206543111,-0.723793946077894,-0.675439211845905,0.126420044781591
6713,72432248725,1,0.061869576637719,-0.723835794358375,-0.675484779825867,0.126309977895058
6714,72452248800,0,0.061869576637719,-0.723835794358375,-0.675484779825867,0.126309977895058
6715,72452248800,1,0.061869576637719,-0.723835794358375,-0.675484779825867,0.126309977895058
6716,72472248925,0,0.061869576637719,-0.723835794358375,-0.675484779825867,0.126309977895058
6717,72472248925,1,0.061869576637719,-0.723835794358375,-0.675484779825867,0.126309977895058
6718,72492249025,0,0.061869576637719,-0.723835794358375,-0.675484779825867,0.126309977895058
6719,72492249025,1,0.061869576637719,-0.723835794358375,-0.675484779825867,0.126309977895058
6720,72512249125,0,0.061705272351633,-0.723707670827575,-0.675524948897560,0.126908273829116
6721,72512249125,1,0.060916864361721,-0.723740411422704,-0.675582200449779,0.126797645662156
6722,72532249225,0,0.060916864361721,-0.723740411422704,-0.675582200449779,0.126797645662156
6723,72532249225,1,0.060916864361721,-0.723740411422704,-0.675582200449779,0.126797645662156
6724,72552249325,0,0.060916864361721,-0.723740411422704,-0.675582200449779,0.126797645662156
6725,72552249325,1,0.060916864361721,-0.723740411422704,-0.675582200449779,0.126797645662156
6726,72572249425,0,0.060916864361721,-0.723740411422704,-0.675582200449779,0.126797645662156
6727,72572249425,1,0.060916864361721,-0.723740411422704,-0.675582200449779,0.126797645662156
6728,72592249525,0,0.060753324931047,-0.723612935753306,-0.675620656732556,0.127397334809546
6729,72592249525,1,0.059964702148597,-0.723644703626613,-0.675678029748594,0.127286203197519
6730,72612249600,0,0.059964702148597,-0.723644703626613,-0.675678029748594,0.127286203197519
6731,72612249600,1,0.059964702148597,-0.723644703626613,-0.675678029748594,0.127286203197519
6732,72632249725,0,0.059964702148597,-0.723644703626613,-0.675678029748594,0.127286203197519
6733,72632249725,1,0.059964702148597,-0.723644703626613,-0.675678029748594,0.127286203197519
6734,72652249825,0,0.059964702148597,-0.723644703626613,-0.675678029748594,0.127286203197519
6735,72652249825,1,0.059964702148597,-0.723644703626613,-0.675678029748594,0.127286203197519
6736,72672249925,0,0.059802107429809,-0.723518505591242,-0.675714567301826,0.127884727587294
6737,72672249925,1,0.059013226301698,-0.723549165019921,-0.675772095839455,0.127773703887733
6738,72692250025,0,0.059013226301698,-0.723549165019921,-0.675772095839455,0.127773703887733
6739,72692250025,1,0.059013226301698,-0.723549165019921,-0.675772095839455,0.127773703887733
6740,72742250275,0,0.059013226301698,-0.723549165019921,-0.675772095839455,0.127773703887733
6741,72742250275,1,0.059013226301698,-0.723549165019921,-0.675772095839455,0.127773703887733
6742,72762250375,0,0.059013226301698,-0.723549165019921,-0.675772095839455,0.127773703887733
6743,72762250375,1,0.059013226301698,-0.723549165019921,-0.675772095839455,0.127773703887733
6744,72782250475,0,0.058855840314608,-0.723422323512441,-0.675807505815194,0.128375803750433
6745,72782250475,1,0.058065688511360,-0.723452285700732,-0.675865056297803,0.128263758746014
6746,72802250575,0,0.058065688511360,-0.723452285700732,-0.675865056297803,0.128263758746014
6747,72802250575,1,0.058065688511360,-0.723452285700732,-0.675865056297803,0.128263758746014
6748,72822250675,0,0.058065688511360,-0.723452285700732,-0.675865056297803,0.128263758746014
6749,72822250675,1,0.058065688511360,-0.723452285700732,-0.675865056297803,0.128263758746014
6750,72842250775,0,0.058065688511360,-0.723452285700732,-0.675865056297803,0.128263758746014
6751,72842250775,1,0.058065688511360,-0.723452285700732,-0.675865056297803,0.128263758746014
6752,72862250875,0,0.057910856280609,-0.723324557848194,-0.675899310033209,0.128872182549971
6753,72862250875,1,0.057112616537933,-0.723353494727890,-0.675957886943237,0.128758711458187
6754,72882250950,0,0.057112616537933,-0.723353494727890,-0.675957886943237,0.128758711458187
6755,72882250950,1,0.057112616537933,-0.723353494727890,-0.675957886943237,0.128758711458187
6756,72902251075,0,0.057112616537933,-0.723353494727890,-0.675957886943237,0.128758711458187
6757,72902251075,1,0.057112616537933,-0.723353494727890,-0.675957886943237,0.128758711458187
6758,72922251175,0,0.057112616537933,-0.723353494727890,-0.675957886943237,0.128758711458187
6759,72922251175,1,0.057112616537933,-0.723353494727890,-0.675957886943237,0.128758711458187
6760,72942251275,0,0.056962184376496,-0.723226220318416,-0.675990620909930,0.129367013712160
6761,72942251275,1,0.056155413222102,-0.723253821299427,-0.676050273988857,0.129253652100139
6762,72962251375,0,0.056155413222102,-0.723253821299427,-0.676050273988857,0.129253652100139
6763,72962251375,1,0.056155413222102,-0.723253821299427,-0.676050273988857,0.129253652100139
6764,72982251475,0,0.056155413222102,-0.723253821299427,-0.676050273988857,0.129253652100139
6765,72982251475,1,0.056155413222102,-0.723253821299427,-0.676050273988857,0.129253652100139
6766,73002251575,0,0.056155413222102,-0.723253821299427,-0.676050273988857,0.129253652100139
6767,73002251575,1,0.056155413222102,-0.723253821299427,-0.676050273988857,0.129253652100139
6768,73022251675,0,0.056008783282511,-0.723126574571501,-0.676081594399805,0.129863971360484
6769,73022251675,1,0.055201078726259,-0.723153311032662,-0.676141315481568,0.129749956257451
6770,73042251775,0,0.055201078726259,-0.723153311032662,-0.676141315481568,0.129749956257451
6771,73042251775,1,0.055201078726259,-0.723153311032662,-0.676141315481568,0.129749956257451
6772,73062251875,0,0.055201078726259,-0.723153311032662,-0.676141315481568,0.129749956257451
6773,73062251875,1,0.055201078726259,-0.723153311032662,-0.676141315481568,0.129749956257451
6774,73082251975,0,0.055201078726259,-0.723153311032662,-0.676141315481568,0.129749956257451
6775,73082251975,1,0.055201078726259,-0.723153311032662,-0.676141315481568,0.129749956257451
6776,73102252075,0,0.055061786435812,-0.723026300341124,-0.676171335039630,0.130359097727193
6777,73102252075,1,0.054252304858642,-0.723052125873890,-0.676231099801988,0.130245193183347
6778,73122252175,0,0.054252304858642,-0.723052125873890,-0.676231099801988,0.130245193183347
6779,73122252175,1,0.054252304858642,-0.723052125873890,-0.676231099801988,0.130245193183347
6780,73142252275,0,0.054252304858642,-0.723052125873890,-0.676231099801988,0.130245193183347
6781,73142252275,1,0.054252304858642,-0.723052125873890,-0.676231099801988,0.130245193183347
6782,73162252375,0,0.054252304858642,-0.723052125873890,-0.676231099801988,0.130245193183347
6783,73162252375,1,0.054252304858642,-0.723052125873890,-0.676231099801988,0.130245193183347
6784,73182252475,0,0.054115137894496,-0.722925030891395,-0.676259676171811,0.130857945671376
6785,73182252475,1,0.053305126149763,-0.722950021261219,-0.676319522253933,0.130743007854235
6786,73202252550,0,0.053305126149763,-0.722950021261219,-0.676319522253933,0.130743007854235
6787,73202252550,1,0.053305126149763,-0.722950021261219,-0.676319522253933,0.130743007854235
6788,73222252675,0,0.053305126149763,-0.722950021261219,-0.676319522253933,0.130743007854235
6789,73222252675,1,0.053305126149763,-0.722950021261219,-0.676319522253933,0.130743007854235
6790,73242252775,0,0.053305126149763,-0.722950021261219,-0.676319522253933,0.130743007854235
6791,73242252775,1,0.053305126149763,-0.722950021261219,-0.676319522253933,0.130743007854235
6792,73262252875,0,0.053170601609163,-0.722822804562178,-0.676346682794744,0.131359221229170
6793,73262252875,1,0.052353184256434,-0.722842943540309,-0.676411437204692,0.131243250077395
6794,73282252975,0,0.052353184256434,-0.722842943540309,-0.676411437204692,0.131243250077395
6795,73282252975,1,0.052353184256434,-0.722842943540309,-0.676411437204692,0.131243250077395
6796,73302253075,0,0.052353184256434,-0.722842943540309,-0.676411437204692,0.131243250077395
6797,73302253075,1,0.052353184256434,-0.722842943540309,-0.676411437204692,0.131243250077395
6798,73322253175,0,0.052353184256434,-0.722842943540309,-0.676411437204692,0.131243250077395
6799,73322253175,1,0.052353184256434,-0.722842943540309,-0.676411437204692,0.131243250077395
6800,73372253425,0,0.052222988077943,-0.722715862574617,-0.676437192011513,0.131860785538454
6801,73372253425,1,0.051397768085451,-0.722731072949413,-0.676506841394338,0.131744294661593
6802,73392253525,0,0.051397768085451,-0.722731072949413,-0.676506841394338,0.131744294661593
6803,73392253525,1,0.051397768085451,-0.722731072949413,-0.676506841394338,0.131744294661593
6804,73412253625,0,0.051397768085451,-0.722731072949413,-0.676506841394338,0.131744294661593
6805,73412253625,1,0.051397768085451,-0.722731072949413,-0.676506841394338,0.131744294661593
6806,73432253725,0,0.051397768085451,-0.722731072949413,-0.676506841394338,0.131744294661593
6807,73432253725,1,0.051397768085451,-0.722731072949413,-0.676506841394338,0.131744294661593
6808,73452253825,0,0.051271364628489,-0.722604056908767,-0.676531175676694,0.132363863821039
6809,73452253825,1,0.050445224159610,-0.722618374823070,-0.676600894359872,0.132246714435453
6810,73472253925,0,0.050445224159610,-0.722618374823070,-0.676600894359872,0.132246714435453
6811,73472253925,1,0.050445224159610,-0.722618374823070,-0.676600894359872,0.132246714435453
6812,73492254025,0,0.050445224159610,-0.722618374823070,-0.676600894359872,0.132246714435453
6813,73492254025,1,0.050445224159610,-0.722618374823070,-0.676600894359872,0.132246714435453
6814,73512254125,0,0.050445224159610,-0.722618374823070,-0.676600894359872,0.132246714435453
6815,73512254125,1,0.050445224159610,-0.722618374823070,-0.676600894359872,0.132246714435453
6816,73532254225,0,0.050320853070804,-0.722492894468730,-0.676623352429667,0.132863343835921
6817,73532254225,1,0.049494209594691,-0.722506006076394,-0.676693211144118,0.132746722715088
6818,73552254325,0,0.049494209594691,-0.722506006076394,-0.676693211144118,0.132746722715088
6819,73552254325,1,0.049494209594691,-0.722506006076394,-0.676693211144118,0.132746722715088
6820,73572254425,0,0.049494209594691,-0.722506006076394,-0.676693211144118,0.132746722715088
6821,73572254425,1,0.049494209594691,-0.722506006076394,-0.676693211144118,0.132746722715088
6822,73592254525,0,0.049494209594691,-0.722506006076394,-0.676693211144118,0.132746722715088
6823,73592254525,1,0.049494209594691,-0.722506006076394,-0.676693211144118,0.132746722715088
6824,73612254625,0,0.049374534637328,-0.722379866228221,-0.676714489569272,0.133367851465207
6825,73612254625,1,0.048546759259511,-0.722392242973438,-0.676784382815887,0.133249985492395
6826,73632254725,0,0.048546759259511,-0.722392242973438,-0.676784382815887,0.133249985492395
6827,73632254725,1,0.048546759259511,-0.722392242973438,-0.676784382815887,0.133249985492395
6828,73652254825,0,0.048546759259511,-0.722392242973438,-0.676784382815887,0.133249985492395
6829,73652254825,1,0.048546759259511,-0.722392242973438,-0.676784382815887,0.133249985492395
6830,73672254925,0,0.048546759259511,-0.722392242973438,-0.676784382815887,0.133249985492395
6831,73672254925,1,0.048546759259511,-0.722392242973438,-0.676784382815887,0.133249985492395
6832,73692255000,0,0.048432867683303,-0.722265175220741,-0.676804605996808,0.133876059446152
6833,73692255000,1,0.047592524320771,-0.722276184412186,-0.676875967405417,0.133757204698405
6834,73712255125,0,0.047592524320771,-0.722276184412186,-0.676875967405417,0.133757204698405
6835,73712255125,1,0.047592524320771,-0.722276184412186,-0.676875967405417,0.133757204698405
6836,73732255225,0,0.047592524320771,-0.722276184412186,-0.676875967405417,0.133757204698405
6837,73732255225,1,0.047592524320771,-0.722276184412186,-0.676875967405417,0.133757204698405
6838,73752255325,0,0.047592524320771,-0.722276184412186,-0.676875967405417,0.133757204698405
6839,73752255325,1,0.047592524320771,-0.722276184412186,-0.676875967405417,0.133757204698405
6840,73772255425,0,0.047481429906483,-0.722149708236303,-0.676894589269560,0.134383881942186
6841,73772255425,1,0.046636681003603,-0.722159463180108,-0.676966532195360,0.134264827902824
6842,73792255525,0,0.046636681003603,-0.722159463180108,-0.676966532195360,0.134264827902824
6843,73792255525,1,0.046636681003603,-0.722159463180108,-0.676966532195360,0.134264827902824
6844,73812255625,0,0.046636681003603,-0.722159463180108,-0.676966532195360,0.134264827902824
6845,73812255625,1,0.046636681003603,-0.722159463180108,-0.676966532195360,0.134264827902824
6846,73832255725,0,0.046636681003603,-0.722159463180108,-0.676966532195360,0.134264827902824
6847,73832255725,1,0.046636681003603,-0.722159463180108,-0.676966532195360,0.134264827902824
6848,73852255825,0,0.046529388940973,-0.722033089714773,-0.676983724386035,0.134893551506851
6849,73852255825,1,0.045687808632979,-0.722040358230336,-0.677057180004971,0.134773588780001
6850,73872255900,0,0.045687808632979,-0.722040358230336,-0.677057180004971,0.134773588780001
6851,73872255900,1,0.045687808632979,-0.722040358230336,-0.677057180004971,0.134773588780001
6852,73892256025,0,0.045687808632979,-0.722040358230336,-0.677057180004971,0.134773588780001
6853,73892256025,1,0.045687808632979,-0.722040358230336,-0.677057180004971,0.134773588780001
6854,73912256125,0,0.045687808632979,-0.722040358230336,-0.677057180004971,0.134773588780001
6855,73912256125,1,0.045687808632979,-0.722040358230336,-0.677057180004971,0.134773588780001
6856,73932256225,0,0.045583018721376,-0.721914222428182,-0.677072827730274,0.135404689023275
6857,73932256225,1,0.044753093837643,-0.721915863142350,-0.677150710855801,0.135283265494587
6858,73952256325,0,0.044753093837643,-0.721915863142350,-0.677150710855801,0.135283265494587
6859,73952256325,1,0.044753093837643,-0.721915863142350,-0.677150710855801,0.135283265494587
6860,74002256550,0,0.044753093837643,-0.721915863142350,-0.677150710855801,0.135283265494587
6861,74002256550,1,0.044753093837643,-0.721915863142350,-0.677150710855801,0.135283265494587
6862,74022256675,0,0.044753093837643,-0.721915863142350,-0.677150710855801,0.135283265494587
6863,74022256675,1,0.044753093837643,-0.721915863142350,-0.677150710855801,0.135283265494587
6864,74042256775,0,0.044652802746600,-0.721789740392777,-0.677165024679768,0.135916250761455
6865,74042256775,1,0.043814351191238,-0.721790012869533,-0.677243935780277,0.135794445395718
6866,74062256875,0,0.043814351191238,-0.721790012869533,-0.677243935780277,0.135794445395718
6867,74062256875,1,0.043814351191238,-0.721790012869533,-0.677243935780277,0.135794445395718
6868,74082256975,0,0.043814351191238,-0.721790012869533,-0.677243935780277,0.135794445395718
6869,74082256975,1,0.043814351191238,-0.721790012869533,-0.677243935780277,0.135794445395718
6870,74102257075,0,0.043814351191238,-0.721790012869533,-0.677243935780277,0.135794445395718
6871,74102257075,1,0.043814351191238,-0.721790012869533,-0.677243935780277,0.135794445395718
6872,74122257150,0,0.043715126264166,-0.721664050053737,-0.677256606609218,0.136431211238162
6873,74122257150,1,0.042854065180733,-0.721661911044055,-0.677338512893956,0.136309039305295
6874,74142257250,0,0.042854065180733,-0.721661911044055,-0.677338512893956,0.136309039305295
6875,74142257250,1,0.042854065180733,-0.721661911044055,-0.677338512893956,0.136309039305295
6876,74162257350,0,0.042854065180733,-0.721661911044055,-0.677338512893956,0.136309039305295
6877,74162257350,1,0.042854065180733,-0.721661911044055,-0.677338512893956,0.136309039305295
6878,74182257475,0,0.042854065180733,-0.721661911044055,-0.677338512893956,0.136309039305295
6879,74182257475,1,0.042854065180733,-0.721661911044055,-0.677338512893956,0.136309039305295
6880,74202257550,0,0.042759802914430,-0.721536092936526,-0.677349822833448,0.136947009285014
6881,74202257550,1,0.041897557880565,-0.721532997832441,-0.677431781524017,0.136824373061864
6882,74222257525,0,0.041897557880565,-0.721532997832441,-0.677431781524017,0.136824373061864
6883,74222257525,1,0.041897557880565,-0.721532997832441,-0.677431781524017,0.136824373061864
6884,74342260775,0,0.041897557880565,-0.721532997832441,-0.677431781524017,0.136824373061864
6885,74342260775,1,0.041897557880565,-0.721532997832441,-0.677431781524017,0.136824373061864
6886,74362260050,0,0.041897557880565,-0.721532997832441,-0.677431781524017,0.136824373061864
6887,74362260050,1,0.041897557880565,-0.721532997832441,-0.677431781524017,0.136824373061864
6888,74382259525,0,0.041807792166165,-0.721408361409980,-0.677441555970278,0.137459167924612
6889,74382259525,1,0.040945570827574,-0.721398677288477,-0.677529348230859,0.137336779203197
6890,74402259050,0,0.040945570827574,-0.721398677288477,-0.677529348230859,0.137336779203197
6891,74402259050,1,0.040945570827574,-0.721398677288477,-0.677529348230859,0.137336779203197
6892,74422258650,0,0.040945570827574,-0.721398677288477,-0.677529348230859,0.137336779203197
6893,74422258650,1,0.040945570827574,-0.721398677288477,-0.677529348230859,0.137336779203197
6894,74442258775,0,0.040945570827574,-0.721398677288477,-0.677529348230859,0.137336779203197
6895,74442258775,1,0.040945570827574,-0.721398677288477,-0.677529348230859,0.137336779203197
6896,74462258875,0,0.040861577550053,-0.721273428966703,-0.677537968844967,0.137975624369566
6897,74462258875,1,0.040019238211678,-0.721269934566251,-0.677617181130299,0.137851724330097
6898,74482258975,0,0.040019238211678,-0.721269934566251,-0.677617181130299,0.137851724330097
6899,74482258975,1,0.040019238211678,-0.721269934566251,-0.677617181130299,0.137851724330097
6900,74502259075,0,0.040019238211678,-0.721269934566251,-0.677617181130299,0.137851724330097
6901,74502259075,1,0.040019238211678,-0.721269934566251,-0.677617181130299,0.137851724330097
6902,74522259175,0,0.040019238211678,-0.721269934566251,-0.677617181130299,0.137851724330097
6903,74522259175,1,0.040019238211678,-0.721269934566251,-0.677617181130299,0.137851724330097
6904,74542259275,0,0.039938046673010,-0.721144895033028,-0.677624306114636,0.138492933243562
6905,74542259275,1,0.039115920063126,-0.721149282829996,-0.677693104755087,0.138368032575474
6906,74562259375,0,0.039115920063126,-0.721149282829996,-0.677693104755087,0.138368032575474
6907,74562259375,1,0.039115920063126,-0.721149282829996,-0.677693104755087,0.138368032575474
6908,74582259475,0,0.039115920063126,-0.721149282829996,-0.677693104755087,0.138368032575474
6909,74582259475,1,0.039115920063126,-0.721149282829996,-0.677693104755087,0.138368032575474
6910,74622259675,0,0.039115920063126,-0.721149282829996,-0.677693104755087,0.138368032575474
6911,74622259675,1,0.039115920063126,-0.721149282829996,-0.677693104755087,0.138368032575474
6912,74642259750,0,0.039038523879777,-0.721024332985283,-0.677698874567654,0.139011295606335
6913,74642259750,1,0.038218476445715,-0.721031734832546,-0.677763461026654,0.138885839161913
6914,74662259875,0,0.038218476445715,-0.721031734832546,-0.677763461026654,0.138885839161913
6915,74662259875,1,0.038218476445715,-0.721031734832546,-0.677763461026654,0.138885839161913
6916,74682259975,0,0.038218476445715,-0.721031734832546,-0.677763461026654,0.138885839161913
6917,74682259975,1,0.038218476445715,-0.721031734832546,-0.677763461026654,0.138885839161913
6918,74702260075,0,0.038218476445715,-0.721031734832546,-0.677763461026654,0.138885839161913
6919,74702260075,1,0.038218476445715,-0.721031734832546,-0.677763461026654,0.138885839161913
6920,74722260175,0,0.038141738521069,-0.720907195660872,-0.677767541176413,0.139532014801787
6921,74722260175,1,0.037330478789039,-0.720925321049192,-0.677819366880816,0.139405963662929
6922,74742260275,0,0.037330478789039,-0.720925321049192,-0.677819366880816,0.139405963662929
6923,74742260275,1,0.037330478789039,-0.720925321049192,-0.677819366880816,0.139405963662929
6924,74762260375,0,0.037330478789039,-0.720925321049192,-0.677819366880816,0.139405963662929
6925,74762260375,1,0.037330478789039,-0.720925321049192,-0.677819366880816,0.139405963662929
6926,74782260475,0,0.037330478789039,-0.720925321049192,-0.677819366880816,0.139405963662929
6927,74782260475,1,0.037330478789039,-0.720925321049192,-0.677819366880816,0.139405963662929
6928,74802260575,0,0.037258847806681,-0.720800742386183,-0.677822254451324,0.140053773266454
6929,74802260575,1,0.036446361878261,-0.720818052015829,-0.677874165541879,0.139927174933409
6930,74822260675,0,0.036446361878261,-0.720818052015829,-0.677874165541879,0.139927174933409
6931,74822260675,1,0.036446361878261,-0.720818052015829,-0.677874165541879,0.139927174933409
6932,74842260775,0,0.036446361878261,-0.720818052015829,-0.677874165541879,0.139927174933409
6933,74842260775,1,0.036446361878261,-0.720818052015829,-0.677874165541879,0.139927174933409
6934,74862260875,0,0.036446361878261,-0.720818052015829,-0.677874165541879,0.139927174933409
6935,74862260875,1,0.036446361878261,-0.720818052015829,-0.677874165541879,0.139927174933409
6936,74882260975,0,0.036382883706006,-0.720693035778162,-0.677876219488660,0.140576189327548
6937,74882260975,1,0.035558395317035,-0.720703358134084,-0.677935315948956,0.140449198950798
6938,74902261075,0,0.035558395317035,-0.720703358134084,-0.677935315948956,0.140449198950798
6939,74902261075,1,0.035558395317035,-0.720703358134084,-0.677935315948956,0.140449198950798
6940,74922261175,0,0.035558395317035,-0.720703358134084,-0.677935315948956,0.140449198950798
6941,74922261175,1,0.035558395317035,-0.720703358134084,-0.677935315948956,0.140449198950798
6942,74942261275,0,0.035558395317035,-0.720703358134084,-0.677935315948956,0.140449198950798
6943,74942261275,1,0.035558395317035,-0.720703358134084,-0.677935315948956,0.140449198950798
6944,74962261375,0,0.035496168416525,-0.720578756980950,-0.677935741735052,0.141100698416698
6945,74962261375,1,0.034668030475443,-0.720586068735409,-0.677997394128954,0.140972971741926
6946,74982261475,0,0.034668030475443,-0.720586068735409,-0.677997394128954,0.140972971741926
6947,74982261475,1,0.034668030475443,-0.720586068735409,-0.677997394128954,0.140972971741926
6948,75002261575,0,0.034668030475443,-0.720586068735409,-0.677997394128954,0.140972971741926
6949,75002261575,1,0.034668030475443,-0.720586068735409,-0.677997394128954,0.140972971741926
6950,75022261675,0,0.034668030475443,-0.720586068735409,-0.677997394128954,0.140972971741926
6951,75022261675,1,0.034668030475443,-0.720586068735409,-0.677997394128954,0.140972971741926
6952,75042261775,0,0.034609310854034,-0.720461619152622,-0.677996441438167,0.141626538217149
6953,75042261775,1,0.033784061307082,-0.720468344063669,-0.678057745028857,0.141498045251991
6954,75062261875,0,0.033784061307082,-0.720468344063669,-0.678057745028857,0.141498045251991
6955,75062261875,1,0.033784061307082,-0.720468344063669,-0.678057745028857,0.141498045251991
6956,75082261950,0,0.033784061307082,-0.720468344063669,-0.678057745028857,0.141498045251991
6957,75082261950,1,0.033784061307082,-0.720468344063669,-0.678057745028857,0.141498045251991
6958,75102262050,0,0.033784061307082,-0.720468344063669,-0.678057745028857,0.141498045251991
6959,75102262050,1,0.033784061307082,-0.720468344063669,-0.678057745028857,0.141498045251991
6960,75122262175,0,0.033730377955581,-0.720341761582048,-0.678055668816098,0.142163701802533
6961,75122262175,1,0.032915108615708,-0.720348980250732,-0.678115699332615,0.142031829514321
6962,75142262275,0,0.032915108615708,-0.720348980250732,-0.678115699332615,0.142031829514321
6963,75142262275,1,0.032915108615708,-0.720348980250732,-0.678115699332615,0.142031829514321
6964,75162262375,0,0.032915108615708,-0.720348980250732,-0.678115699332615,0.142031829514321
6965,75162262375,1,0.032915108615708,-0.720348980250732,-0.678115699332615,0.142031829514321
6966,75182262450,0,0.032915108615708,-0.720348980250732,-0.678115699332615,0.142031829514321
6967,75182262450,1,0.032915108615708,-0.720348980250732,-0.678115699332615,0.142031829514321
6968,75202262575,0,0.032864297733389,-0.720223644990504,-0.678112151614414,0.142694600332157
6969,75202262575,1,0.032048342926524,-0.720229775977908,-0.678172316193488,0.142563259850624
6970,75252262825,0,0.032048342926524,-0.720229775977908,-0.678172316193488,0.142563259850624
6971,75252262825,1,0.032048342926524,-0.720229775977908,-0.678172316193488,0.142563259850624
6972,75272262925,0,0.032048342926524,-0.720229775977908,-0.678172316193488,0.142563259850624
6973,75272262925,1,0.032048342926524,-0.720229775977908,-0.678172316193488,0.142563259850624
6974,75292263025,0,0.032048342926524,-0.720229775977908,-0.678172316193488,0.142563259850624
6975,75292263025,1,0.032048342926524,-0.720229775977908,-0.678172316193488,0.142563259850624
6976,75312263125,0,0.031998188842883,-0.720106282538336,-0.678167052305848,0.143221880054661
6977,75312263125,1,0.031167180283365,-0.720110009714701,-0.678229247685108,0.143091817957458
6978,75332263225,0,0.031167180283365,-0.720110009714701,-0.678229247685108,0.143091817957458
6979,75332263225,1,0.031167180283365,-0.720110009714701,-0.678229247685108,0.143091817957458
6980,75352263325,0,0.031167180283365,-0.720110009714701,-0.678229247685108,0.143091817957458
6981,75352263325,1,0.031167180283365,-0.720110009714701,-0.678229247685108,0.143091817957458
6982,75372263425,0,0.031167180283365,-0.720110009714701,-0.678229247685108,0.143091817957458
6983,75372263425,1,0.031167180283365,-0.720110009714701,-0.678229247685108,0.143091817957458
6984,75392263525,0,0.031121801593960,-0.719985863868199,-0.678222761684473,0.143755607990072
6985,75392263525,1,0.030289661078809,-0.719988889392525,-0.678285071172892,0.143624154678220
6986,75412263625,0,0.030289661078809,-0.719988889392525,-0.678285071172892,0.143624154678220
6987,75412263625,1,0.030289661078809,-0.719988889392525,-0.678285071172892,0.143624154678220
6988,75432263725,0,0.030289661078809,-0.719988889392525,-0.678285071172892,0.143624154678220
6989,75432263725,1,0.030289661078809,-0.719988889392525,-0.678285071172892,0.143624154678220
6990,75452263825,0,0.030289661078809,-0.719988889392525,-0.678285071172892,0.143624154678220
6991,75452263825,1,0.030289661078809,-0.719988889392525,-0.678285071172892,0.143624154678220
6992,75472263925,0,0.030245899814692,-0.719865362410593,-0.678276974766818,0.144289261717701
6993,75472263925,1,0.029413378443243,-0.719867417187078,-0.678339456091445,0.144157334709416
6994,75492264025,0,0.029413378443243,-0.719867417187078,-0.678339456091445,0.144157334709416
6995,75492264025,1,0.029413378443243,-0.719867417187078,-0.678339456091445,0.144157334709416
6996,75512264125,0,0.029413378443243,-0.719867417187078,-0.678339456091445,0.144157334709416
6997,75512264125,1,0.029413378443243,-0.719867417187078,-0.678339456091445,0.144157334709416
6998,75532264225,0,0.029413378443243,-0.719867417187078,-0.678339456091445,0.144157334709416
6999,75532264225,1,0.029413378443243,-0.719867417187078,-0.678339456091445,0.144157334709416
7000,75552264300,0,0.029374057891175,-0.719743837736772,-0.678330094897569,0.144824911942678
7001,75552264300,1,0.028540484884369,-0.719745062074068,-0.678392690479046,0.144692238379129
7002,75572264425,0,0.028540484884369,-0.719745062074068,-0.678392690479046,0.144692238379129
7003,75572264425,1,0.028540484884369,-0.719745062074068,-0.678392690479046,0.144692238379129
7004,75592264525,0,0.028540484884369,-0.719745062074068,-0.678392690479046,0.144692238379129
7005,75592264525,1,0.028540484884369,-0.719745062074068,-0.678392690479046,0.144692238379129
7006,75612264625,0,0.028540484884369,-0.719745062074068,-0.678392690479046,0.144692238379129
7007,75612264625,1,0.028540484884369,-0.719745062074068,-0.678392690479046,0.144692238379129
7008,75632264725,0,0.028504673044570,-0.719621655215918,-0.678381952718049,0.145361904174965
7009,75632264725,1,0.027670271290149,-0.719622002821361,-0.678444684668357,0.145228574968412
7010,75652264800,0,0.027670271290149,-0.719622002821361,-0.678444684668357,0.145228574968412
7011,75652264800,1,0.027670271290149,-0.719622002821361,-0.678444684668357,0.145228574968412
7012,75672264925,0,0.027670271290149,-0.719622002821361,-0.678444684668357,0.145228574968412
7013,75672264925,1,0.027670271290149,-0.719622002821361,-0.678444684668357,0.145228574968412
7014,75692265025,0,0.027670271290149,-0.719622002821361,-0.678444684668357,0.145228574968412
7015,75692265025,1,0.027670271290149,-0.719622002821361,-0.678444684668357,0.145228574968412
7016,75712265125,0,0.027641061328240,-0.719497764759923,-0.678432934097355,0.145903023156396
7017,75712265125,1,0.026806651152760,-0.719490220472241,-0.678503416404327,0.145768103597587
7018,75732265225,0,0.026806651152760,-0.719490220472241,-0.678503416404327,0.145768103597587
7019,75732265225,1,0.026806651152760,-0.719490220472241,-0.678503416404327,0.145768103597587
7020,75752265300,0,0.026806651152760,-0.719490220472241,-0.678503416404327,0.145768103597587
7021,75752265300,1,0.026806651152760,-0.719490220472241,-0.678503416404327,0.145768103597587
7022,75772265425,0,0.026806651152760,-0.719490220472241,-0.678503416404327,0.145768103597587
7023,75772265425,1,0.026806651152760,-0.719490220472241,-0.678503416404327,0.145768103597587
7024,75792265525,0,0.026779389709047,-0.719366657253584,-0.678490111706648,0.146443316798400
7025,75792265525,1,0.025944529440528,-0.719358132784334,-0.678560764083720,0.146308057314911
7026,75812265625,0,0.025944529440528,-0.719358132784334,-0.678560764083720,0.146308057314911
7027,75812265625,1,0.025944529440528,-0.719358132784334,-0.678560764083720,0.146308057314911
7028,75832265725,0,0.025944529440528,-0.719358132784334,-0.678560764083720,0.146308057314911
7029,75832265725,1,0.025944529440528,-0.719358132784334,-0.678560764083720,0.146308057314911
7030,75882265975,0,0.025944529440528,-0.719358132784334,-0.678560764083720,0.146308057314911
7031,75882265975,1,0.025944529440528,-0.719358132784334,-0.678560764083720,0.146308057314911
7032,75902266050,0,0.025917867994540,-0.719235773600190,-0.678545762786488,0.146982359134887
7033,75902266050,1,0.025075433319110,-0.719225508389090,-0.678617520465188,0.146847375339140
7034,75922266175,0,0.025075433319110,-0.719225508389090,-0.678617520465188,0.146847375339140
7035,75922266175,1,0.025075433319110,-0.719225508389090,-0.678617520465188,0.146847375339140
7036,75942266275,0,0.025075433319110,-0.719225508389090,-0.678617520465188,0.146847375339140
7037,75942266275,1,0.025075433319110,-0.719225508389090,-0.678617520465188,0.146847375339140
7038,75962266375,0,0.025075433319110,-0.719225508389090,-0.678617520465188,0.146847375339140
7039,75962266375,1,0.025075433319110,-0.719225508389090,-0.678617520465188,0.146847375339140
7040,75982266475,0,0.025053565195447,-0.719102857553479,-0.678601276857031,0.147525273012546
7041,75982266475,1,0.024202561701001,-0.719091147550005,-0.678674071863471,0.147389489796872
7042,76002266575,0,0.024202561701001,-0.719091147550005,-0.678674071863471,0.147389489796872
7043,76002266575,1,0.024202561701001,-0.719091147550005,-0.678674071863471,0.147389489796872
7044,76022266675,0,0.024202561701001,-0.719091147550005,-0.678674071863471,0.147389489796872
7045,76022266675,1,0.024202561701001,-0.719091147550005,-0.678674071863471,0.147389489796872
7046,76042266775,0,0.024202561701001,-0.719091147550005,-0.678674071863471,0.147389489796872
7047,76042266775,1,0.024202561701001,-0.719091147550005,-0.678674071863471,0.147389489796872
7048,76062281550,0,0.024184145842205,-0.718968709779098,-0.678656426777404,0.148069496663520
7049,76062281550,1,0.023328616217541,-0.718955761275358,-0.678729820956806,0.147933157670236
7050,76082265675,0,0.023328616217541,-0.718955761275358,-0.678729820956806,0.147933157670236
7051,76082265675,1,0.023328616217541,-0.718955761275358,-0.678729820956806,0.147933157670236
7052,76102267050,0,0.023328616217541,-0.718955761275358,-0.678729820956806,0.147933157670236
7053,76102267050,1,0.023328616217541,-0.718955761275358,-0.678729820956806,0.147933157670236
7054,76122267175,0,0.023328616217541,-0.718955761275358,-0.678729820956806,0.147933157670236
7055,76122267175,1,0.023328616217541,-0.718955761275358,-0.678729820956806,0.147933157670236
7056,76142267275,0,0.023314593017093,-0.718832128086212,-0.678710719177096,0.148622209166745
7057,76142267275,1,0.022446874785010,-0.718817561305712,-0.678785673809122,0.148483872532987
7058,76162267375,0,0.022446874785010,-0.718817561305712,-0.678785673809122,0.148483872532987
7059,76162267375,1,0.022446874785010,-0.718817561305712,-0.678785673809122,0.148483872532987
7060,76182267475,0,0.022446874785010,-0.718817561305712,-0.678785673809122,0.148483872532987
7061,76182267475,1,0.022446874785010,-0.718817561305712,-0.678785673809122,0.148483872532987
7062,76202267575,0,0.022446874785010,-0.718817561305712,-0.678785673809122,0.148483872532987
7063,76202267575,1,0.022446874785010,-0.718817561305712,-0.678785673809122,0.148483872532987
7064,76222267675,0,0.022435836370987,-0.718694874006613,-0.678765160578678,0.149171606237761
7065,76222267675,1,0.021567426631970,-0.718679218324454,-0.678840236737333,0.149033419887717
7066,76242267750,0,0.021567426631970,-0.718679218324454,-0.678840236737333,0.149033419887717
7067,76242267750,1,0.021567426631970,-0.718679218324454,-0.678840236737333,0.149033419887717
7068,76262267875,0,0.021567426631970,-0.718679218324454,-0.678840236737333,0.149033419887717
7069,76262267875,1,0.021567426631970,-0.718679218324454,-0.678840236737333,0.149033419887717
7070,76282267975,0,0.021567426631970,-0.718679218324454,-0.678840236737333,0.149033419887717
7071,76282267975,1,0.021567426631970,-0.718679218324454,-0.678840236737333,0.149033419887717
7072,76302268075,0,0.021560577594576,-0.718557713049825,-0.678818568236626,0.149717420254194
7073,76302268075,1,0.020692385099404,-0.718535494329771,-0.678899443896076,0.149579790295242
7074,76322268150,0,0.020692385099404,-0.718535494329771,-0.678899443896076,0.149579790295242
7075,76322268150,1,0.020692385099404,-0.718535494329771,-0.678899443896076,0.149579790295242
7076,76342268275,0,0.020692385099404,-0.718535494329771,-0.678899443896076,0.149579790295242
7077,76342268275,1,0.020692385099404,-0.718535494329771,-0.678899443896076,0.149579790295242
7078,76362268350,0,0.020692385099404,-0.718535494329771,-0.678899443896076,0.149579790295242
7079,76362268350,1,0.020692385099404,-0.718535494329771,-0.678899443896076,0.149579790295242
7080,76382268475,0,0.020688700801657,-0.718413758710767,-0.678876227662600,0.150268814026082
7081,76382268475,1,0.019820184129108,-0.718388901789362,-0.678959202623328,0.150129768067689
7082,76402268575,0,0.019820184129108,-0.718388901789362,-0.678959202623328,0.150129768067689
7083,76402268575,1,0.019820184129108,-0.718388901789362,-0.678959202623328,0.150129768067689
7084,76422268675,0,0.019820184129108,-0.718388901789362,-0.678959202623328,0.150129768067689
7085,76422268675,1,0.019820184129108,-0.718388901789362,-0.678959202623328,0.150129768067689
7086,76442268775,0,0.019820184129108,-0.718388901789362,-0.678959202623328,0.150129768067689
7087,76442268775,1,0.019820184129108,-0.718388901789362,-0.678959202623328,0.150129768067689
7088,76462268875,0,0.019819977040680,-0.718267407278423,-0.678934569587260,0.150820921529477
7089,76462268875,1,0.018951064408726,-0.718239809614093,-0.679019604749644,0.150681151471990
7090,76512269125,0,0.018951064408726,-0.718239809614093,-0.679019604749644,0.150681151471990
7091,76512269125,1,0.018951064408726,-0.718239809614093,-0.679019604749644,0.150681151471990
7092,76532269225,0,0.018951064408726,-0.718239809614093,-0.679019604749644,0.150681151471990
7093,76532269225,1,0.018951064408726,-0.718239809614093,-0.679019604749644,0.150681151471990
7094,76552269325,0,0.018951064408726,-0.718239809614093,-0.679019604749644,0.150681151471990
7095,76552269325,1,0.018951064408726,-0.718239809614093,-0.679019604749644,0.150681151471990
7096,76572269425,0,0.018949778768039,-0.718118768244345,-0.678992812071993,0.151377348815587
7097,76572269425,1,0.018082366547883,-0.718084775777056,-0.679083894930778,0.151236062045025
7098,76592269525,0,0.018082366547883,-0.718084775777056,-0.679083894930778,0.151236062045025
7099,76592269525,1,0.018082366547883,-0.718084775777056,-0.679083894930778,0.151236062045025
7100,76612269625,0,0.018082366547883,-0.718084775777056,-0.679083894930778,0.151236062045025
7101,76612269625,1,0.018082366547883,-0.718084775777056,-0.679083894930778,0.151236062045025
7102,76632269725,0,0.018082366547883,-0.718084775777056,-0.679083894930778,0.151236062045025
7103,76632269725,1,0.018082366547883,-0.718084775777056,-0.679083894930778,0.151236062045025
7104,76652269825,0,0.018086760298101,-0.717963889656016,-0.679056037272526,0.151932947367110
7105,76652269825,1,0.017214312459835,-0.717928618165814,-0.679147646120558,0.151791440582020
7106,76672269925,0,0.017214312459835,-0.717928618165814,-0.679147646120558,0.151791440582020
7107,76672269925,1,0.017214312459835,-0.717928618165814,-0.679147646120558,0.151791440582020
7108,76692270025,0,0.017214312459835,-0.717928618165814,-0.679147646120558,0.151791440582020
7109,76692270025,1,0.017214312459835,-0.717928618165814,-0.679147646120558,0.151791440582020
7110,76712270125,0,0.017214312459835,-0.717928618165814,-0.679147646120558,0.151791440582020
7111,76712270125,1,0.017214312459835,-0.717928618165814,-0.679147646120558,0.151791440582020
7112,76732270225,0,0.017228320779603,-0.717808341332692,-0.679119563337087,0.152482749087131
7113,76732270225,1,0.016342457089082,-0.717770953901377,-0.679212394321144,0.152342722938570
7114,76752270325,0,0.016342457089082,-0.717770953901377,-0.679212394321144,0.152342722938570
7115,76752270325,1,0.016342457089082,-0.717770953901377,-0.679212394321144,0.152342722938570
7116,76772270425,0,0.016342457089082,-0.717770953901377,-0.679212394321144,0.152342722938570
7117,76772270425,1,0.016342457089082,-0.717770953901377,-0.679212394321144,0.152342722938570
7118,76792270525,0,0.016342457089082,-0.717770953901377,-0.679212394321144,0.152342722938570
7119,76792270525,1,0.016342457089082,-0.717770953901377,-0.679212394321144,0.152342722938570
7120,76812270625,0,0.016356873357757,-0.717650773354383,-0.679182289190158,0.153039989049371
7121,76812270625,1,0.015470955519751,-0.717612472527918,-0.679275404853896,0.152898375296304
7122,76832270725,0,0.015470955519751,-0.717612472527918,-0.679275404853896,0.152898375296304
7123,76832270725,1,0.015470955519751,-0.717612472527918,-0.679275404853896,0.152898375296304
7124,76852270825,0,0.015470955519751,-0.717612472527918,-0.679275404853896,0.152898375296304
7125,76852270825,1,0.015470955519751,-0.717612472527918,-0.679275404853896,0.152898375296304
7126,76872270925,0,0.015470955519751,-0.717612472527918,-0.679275404853896,0.152898375296304
7127,76872270925,1,0.015470955519751,-0.717612472527918,-0.679275404853896,0.152898375296304
7128,76892271025,0,0.015489246984692,-0.717492272305600,-0.679243863580270,0.153599141267591
7129,76892271025,1,0.014602449429639,-0.717453074129066,-0.679337139138724,0.153456528959251
7130,76912270625,0,0.014602449429639,-0.717453074129066,-0.679337139138724,0.153456528959251
7131,76912270625,1,0.014602449429639,-0.717453074129066,-0.679337139138724,0.153456528959251
7132,77022274175,0,0.014602449429639,-0.717453074129066,-0.679337139138724,0.153456528959251
7133,77022274175,1,0.014602449429639,-0.717453074129066,-0.679337139138724,0.153456528959251
7134,77042273450,0,0.014602449429639,-0.717453074129066,-0.679337139138724,0.153456528959251
7135,77042273450,1,0.014602449429639,-0.717453074129066,-0.679337139138724,0.153456528959251
7136,77062273000,0,0.014623990527833,-0.717333295939665,-0.679304171343427,0.154158763074950
7137,77062273000,1,0.013736462255319,-0.717293106779587,-0.679397595089353,0.154015636732115
7138,77082272525,0,0.013736462255319,-0.717293106779587,-0.679397595089353,0.154015636732115
7139,77082272525,1,0.013736462255319,-0.717293106779587,-0.679397595089353,0.154015636732115
7140,77102272075,0,0.013736462255319,-0.717293106779587,-0.679397595089353,0.154015636732115
7141,77102272075,1,0.013736462255319,-0.717293106779587,-0.679397595089353,0.154015636732115
7142,77142272275,0,0.013736462255319,-0.717293106779587,-0.679397595089353,0.154015636732115
7143,77142272275,1,0.013736462255319,-0.717293106779587,-0.679397595089353,0.154015636732115
7144,77162272375,0,0.013757343371548,-0.717174205915248,-0.679362582994879,0.154720311206114
7145,77162272375,1,0.012870016847629,-0.717132936097488,-0.679456282489641,0.154576436806824
7146,77182272475,0,0.012870016847629,-0.717132936097488,-0.679456282489641,0.154576436806824
7147,77182272475,1,0.012870016847629,-0.717132936097488,-0.679456282489641,0.154576436806824
7148,77202272575,0,0.012870016847629,-0.717132936097488,-0.679456282489641,0.154576436806824
7149,77202272575,1,0.012870016847629,-0.717132936097488,-0.679456282489641,0.154576436806824
7150,77222272675,0,0.012870016847629,-0.717132936097488,-0.679456282489641,0.154576436806824
7151,77222272675,1,0.012870016847629,-0.717132936097488,-0.679456282489641,0.154576436806824
7152,77242272775,0,0.012896335497509,-0.717014036242462,-0.679420131487209,0.155283100471150
7153,77242272775,1,0.012007760040575,-0.716971861045528,-0.679513930568225,0.155138590722752
7154,77262272850,0,0.012007760040575,-0.716971861045528,-0.679513930568225,0.155138590722752
7155,77262272850,1,0.012007760040575,-0.716971861045528,-0.679513930568225,0.155138590722752
7156,77282272975,0,0.012007760040575,-0.716971861045528,-0.679513930568225,0.155138590722752
7157,77282272975,1,0.012007760040575,-0.716971861045528,-0.679513930568225,0.155138590722752
7158,77302273075,0,0.012007760040575,-0.716971861045528,-0.679513930568225,0.155138590722752
7159,77302273075,1,0.012007760040575,-0.716971861045528,-0.679513930568225,0.155138590722752
7160,77322273175,0,0.012038431752013,-0.716852871928593,-0.679476393487719,0.155848859032082
7161,77322273175,1,0.011218262958751,-0.716839234444191,-0.679538544362037,0.155701731730831
7162,77342273275,0,0.011218262958751,-0.716839234444191,-0.679538544362037,0.155701731730831
7163,77342273275,1,0.011218262958751,-0.716839234444191,-0.679538544362037,0.155701731730831
7164,77362273375,0,0.011218262958751,-0.716839234444191,-0.679538544362037,0.155701731730831
7165,77362273375,1,0.011218262958751,-0.716839234444191,-0.679538544362037,0.155701731730831
7166,77382273475,0,0.011218262958751,-0.716839234444191,-0.679538544362037,0.155701731730831
7167,77382273475,1,0.011218262958751,-0.716839234444191,-0.679538544362037,0.155701731730831
7168,77402273575,0,0.011252258609318,-0.716720549135101,-0.679499729291044,0.156413423391558
7169,77402273575,1,0.010431324236751,-0.716706064021857,-0.679562064271537,0.156265818629581
7170,77422273675,0,0.010431324236751,-0.716706064021857,-0.679562064271537,0.156265818629581
7171,77422273675,1,0.010431324236751,-0.716706064021857,-0.679562064271537,0.156265818629581
7172,77442273775,0,0.010431324236751,-0.716706064021857,-0.679562064271537,0.156265818629581
7173,77442273775,1,0.010431324236751,-0.716706064021857,-0.679562064271537,0.156265818629581
7174,77462273875,0,0.010431324236751,-0.716706064021857,-0.679562064271537,0.156265818629581
7175,77462273875,1,0.010431324236751,-0.716706064021857,-0.679562064271537,0.156265818629581
7176,77482273975,0,0.010468008409171,-0.716586712533891,-0.679521445665378,0.156985697121272
7177,77482273975,1,0.009638191776818,-0.716574424931752,-0.679581185921303,0.156836253891750
7178,77502274075,0,0.009638191776818,-0.716574424931752,-0.679581185921303,0.156836253891750
7179,77502274075,1,0.009638191776818,-0.716574424931752,-0.679581185921303,0.156836253891750
7180,77522274175,0,0.009638191776818,-0.716574424931752,-0.679581185921303,0.156836253891750
7181,77522274175,1,0.009638191776818,-0.716574424931752,-0.679581185921303,0.156836253891750
7182,77542274275,0,0.009638191776818,-0.716574424931752,-0.679581185921303,0.156836253891750
7183,77542274275,1,0.009638191776818,-0.716574424931752,-0.679581185921303,0.156836253891750
7184,77562274350,0,0.009678195772905,-0.716455754415111,-0.679539415497507,0.157555283241671
7185,77562274350,1,0.008839337966691,-0.716445351094258,-0.679596372030702,0.157406150205268
7186,77582274450,0,0.008839337966691,-0.716445351094258,-0.679596372030702,0.157406150205268
7187,77582274450,1,0.008839337966691,-0.716445351094258,-0.679596372030702,0.157406150205268
7188,77602274550,0,0.008839337966691,-0.716445351094258,-0.679596372030702,0.157406150205268
7189,77602274550,1,0.008839337966691,-0.716445351094258,-0.679596372030702,0.157406150205268
7190,77622274675,0,0.008839337966691,-0.716445351094258,-0.679596372030702,0.157406150205268
7191,77622274675,1,0.008839337966691,-0.716445351094258,-0.679596372030702,0.157406150205268
7192,77642274725,0,0.008882468856033,-0.716326934508230,-0.679553215309181,0.158127329099108
7193,77642274725,1,0.008042890855107,-0.716315669963025,-0.679610380329579,0.157977542139382
7194,77662274875,0,0.008042890855107,-0.716315669963025,-0.679610380329579,0.157977542139382
7195,77662274875,1,0.008042890855107,-0.716315669963025,-0.679610380329579,0.157977542139382
7196,77682274950,0,0.008042890855107,-0.716315669963025,-0.679610380329579,0.157977542139382
7197,77682274950,1,0.008042890855107,-0.716315669963025,-0.679610380329579,0.157977542139382
7198,77702275075,0,0.008042890855107,-0.716315669963025,-0.679610380329579,0.157977542139382
7199,77702275075,1,0.008042890855107,-0.716315669963025,-0.679610380329579,0.157977542139382
7200,77722273875,0,0.008089229559973,-0.716198108031366,-0.679566135700250,0.158696886002364
7201,77722273875,1,0.007235732376028,-0.716177000818727,-0.679632823702879,0.158547698251747
7202,77772275425,0,0.007235732376028,-0.716177000818727,-0.679632823702879,0.158547698251747
7203,77772275425,1,0.007235732376028,-0.716177000818727,-0.679632823702879,0.158547698251747
7204,77792275525,0,0.007235732376028,-0.716177000818727,-0.679632823702879,0.158547698251747
7205,77792275525,1,0.007235732376028,-0.716177000818727,-0.679632823702879,0.158547698251747
7206,77812275625,0,0.007235732376028,-0.716177000818727,-0.679632823702879,0.158547698251747
7207,77812275625,1,0.007235732376028,-0.716177000818727,-0.679632823702879,0.158547698251747
7208,77832275725,0,0.007285142060646,-0.716059421595433,-0.679587023708835,0.159271179615577
7209,77832275725,1,0.006430947754560,-0.716037491842397,-0.679653959791177,0.159120860125882
7210,77852275825,0,0.006430947754560,-0.716037491842397,-0.679653959791177,0.159120860125882
7211,77852275825,1,0.006430947754560,-0.716037491842397,-0.679653959791177,0.159120860125882
7212,77872275925,0,0.006430947754560,-0.716037491842397,-0.679653959791177,0.159120860125882
7213,77872275925,1,0.006430947754560,-0.716037491842397,-0.679653959791177,0.159120860125882
7214,77892276025,0,0.006430947754560,-0.716037491842397,-0.679653959791177,0.159120860125882
7215,77892276025,1,0.006430947754560,-0.716037491842397,-0.679653959791177,0.159120860125882
7216,77912276125,0,0.006484609164119,-0.715919943611908,-0.679606893478226,0.159846972193990
7217,77912276125,1,0.005627734163572,-0.715904417018637,-0.679666387010787,0.159695950697230
7218,77932276225,0,0.005627734163572,-0.715904417018637,-0.679666387010787,0.159695950697230
7219,77932276225,1,0.005627734163572,-0.715904417018637,-0.679666387010787,0.159695950697230
7220,77952276325,0,0.005627734163572,-0.715904417018637,-0.679666387010787,0.159695950697230
7221,77952276325,1,0.005627734163572,-0.715904417018637,-0.679666387010787,0.159695950697230
7222,77972276425,0,0.005627734163572,-0.715904417018637,-0.679666387010787,0.159695950697230
7223,77972276425,1,0.005627734163572,-0.715904417018637,-0.679666387010787,0.159695950697230
7224,77992276525,0,0.005684076754199,-0.715787253772635,-0.679617863266030,0.160423996140846
7225,77992276525,1,0.004826592409889,-0.715770817598809,-0.679677576724331,0.160272369352246
7226,78012276600,0,0.004826592409889,-0.715770817598809,-0.679677576724331,0.160272369352246
7227,78012276600,1,0.004826592409889,-0.715770817598809,-0.679677576724331,0.160272369352246
7228,78032276725,0,0.004826592409889,-0.715770817598809,-0.679677576724331,0.160272369352246
7229,78032276725,1,0.004826592409889,-0.715770817598809,-0.679677576724331,0.160272369352246
7230,78052276825,0,0.004826592409889,-0.715770817598809,-0.679677576724331,0.160272369352246
7231,78052276825,1,0.004826592409889,-0.715770817598809,-0.679677576724331,0.160272369352246
7232,78072276925,0,0.004887543750275,-0.715653466461868,-0.679627750108588,0.161004189819833
7233,78072276925,1,0.004029850890118,-0.715632620189938,-0.679691481383776,0.160851494727948
7234,78092277025,0,0.004029850890118,-0.715632620189938,-0.679691481383776,0.160851494727948
7235,78092277025,1,0.004029850890118,-0.715632620189938,-0.679691481383776,0.160851494727948
7236,78112277100,0,0.004029850890118,-0.715632620189938,-0.679691481383776,0.160851494727948
7237,78112277100,1,0.004029850890118,-0.715632620189938,-0.679691481383776,0.160851494727948
7238,78132277225,0,0.004029850890118,-0.715632620189938,-0.679691481383776,0.160851494727948
7239,78132277225,1,0.004029850890118,-0.715632620189938,-0.679691481383776,0.160851494727948
7240,78152277325,0,0.004091234406177,-0.715515793754521,-0.679639716783710,0.161586713745372
7241,78152277325,1,0.003234333861873,-0.715490394405827,-0.679707589964986,0.161433041046297
7242,78172277425,0,0.003234333861873,-0.715490394405827,-0.679707589964986,0.161433041046297
7243,78172277425,1,0.003234333861873,-0.715490394405827,-0.679707589964986,0.161433041046297
7244,78192277525,0,0.003234333861873,-0.715490394405827,-0.679707589964986,0.161433041046297
7245,78192277525,1,0.003234333861873,-0.715490394405827,-0.679707589964986,0.161433041046297
7246,78212277625,0,0.003234333861873,-0.715490394405827,-0.679707589964986,0.161433041046297
7247,78212277625,1,0.003234333861873,-0.715490394405827,-0.679707589964986,0.161433041046297
7248,78232277725,0,0.003299852835303,-0.715373840319197,-0.679654658808142,0.162169430900581
7249,78232277725,1,0.002442005525623,-0.715347552832138,-0.679722697664480,0.162015337378305
7250,78252277825,0,0.002442005525623,-0.715347552832138,-0.679722697664480,0.162015337378305
7251,78252277825,1,0.002442005525623,-0.715347552832138,-0.679722697664480,0.162015337378305
7252,78272277925,0,0.002442005525623,-0.715347552832138,-0.679722697664480,0.162015337378305
7253,78272277925,1,0.002442005525623,-0.715347552832138,-0.679722697664480,0.162015337378305
7254,78292278025,0,0.002442005525623,-0.715347552832138,-0.679722697664480,0.162015337378305
7255,78292278025,1,0.002442005525623,-0.715347552832138,-0.679722697664480,0.162015337378305
7256,78312278125,0,0.002513653570388,-0.715231577964327,-0.679669317867775,0.162748547697177
7257,78312278125,1,0.001644972616596,-0.715195805735662,-0.679746285371506,0.162595329105258
7258,78332278225,0,0.001644972616596,-0.715195805735662,-0.679746285371506,0.162595329105258
7259,78332278225,1,0.001644972616596,-0.715195805735662,-0.679746285371506,0.162595329105258
7260,78352278325,0,0.001644972616596,-0.715195805735662,-0.679746285371506,0.162595329105258
7261,78352278325,1,0.001644972616596,-0.715195805735662,-0.679746285371506,0.162595329105258
7262,78402278575,0,0.001644972616596,-0.715195805735662,-0.679746285371506,0.162595329105258
7263,78402278575,1,0.001644972616596,-0.715195805735662,-0.679746285371506,0.162595329105258
7264,78422278675,0,0.001718246961205,-0.715079983185495,-0.679691013538325,0.163333375003571
7265,78422278675,1,0.000845512248640,-0.715042910417088,-0.679768748683557,0.163178949881684
7266,78442278775,0,0.000845512248640,-0.715042910417088,-0.679768748683557,0.163178949881684
7267,78442278775,1,0.000845512248640,-0.715042910417088,-0.679768748683557,0.163178949881684
7268,78462278875,0,0.000845512248640,-0.715042910417088,-0.679768748683557,0.163178949881684
7269,78462278875,1,0.000845512248640,-0.715042910417088,-0.679768748683557,0.163178949881684
7270,78482278975,0,0.000845512248640,-0.715042910417088,-0.679768748683557,0.163178949881684
7271,78482278975,1,0.000845512248640,-0.715042910417088,-0.679768748683557,0.163178949881684
7272,78502279075,0,0.000914842630939,-0.714928696016241,-0.679711024007849,0.163917804150982
7273,78502279075,1,0.000052926640025,-0.714897187626216,-0.679782146376864,0.163762760694126
7274,78522279175,0,0.000052926640025,-0.714897187626216,-0.679782146376864,0.163762760694126
7275,78522279175,1,0.000052926640025,-0.714897187626216,-0.679782146376864,0.163762760694126
7276,78542279275,0,0.000052926640025,-0.714897187626216,-0.679782146376864,0.163762760694126
7277,78542279275,1,0.000052926640025,-0.714897187626216,-0.679782146376864,0.163762760694126
7278,78562279375,0,0.000052926640025,-0.714897187626216,-0.679782146376864,0.163762760694126
7279,78562279375,1,0.000052926640025,-0.714897187626216,-0.679782146376864,0.163762760694126
7280,78582279475,0,0.000128916764042,-0.714782619742747,-0.679723520772944,0.164504483836148
7281,78582279475,1,0.000731264472027,0.714752598010563,0.679792432128155,-0.164348526341766
7282,78602279575,0,0.000731264472027,0.714752598010563,0.679792432128155,-0.164348526341766
7283,78602279575,1,0.000731264472027,0.714752598010563,0.679792432128155,-0.164348526341766
7284,78622279675,0,0.000731264472027,0.714752598010563,0.679792432128155,-0.164348526341766
7285,78622279675,1,0.000731264472027,0.714752598010563,0.679792432128155,-0.164348526341766
7286,78642279775,0,0.000731264472027,0.714752598010563,0.679792432128155,-0.164348526341766
7287,78642279775,1,0.000731264472027,0.714752598010563,0.679792432128155,-0.164348526341766
7288,78662279875,0,0.000652083933090,0.714638306647743,0.679732412804479,-0.165092436050816
7289,78662279875,1,0.001516255278966,0.714605147297149,0.679803890905439,-0.164935909783697
7290,78682279975,0,0.001516255278966,0.714605147297149,0.679803890905439,-0.164935909783697
7291,78682279975,1,0.001516255278966,0.714605147297149,0.679803890905439,-0.164935909783697
7292,78702280075,0,0.001516255278966,0.714605147297149,0.679803890905439,-0.164935909783697
7293,78702280075,1,0.001516255278966,0.714605147297149,0.679803890905439,-0.164935909783697
7294,78722280175,0,0.001516255278966,0.714605147297149,0.679803890905439,-0.164935909783697
7295,78722280175,1,0.001516255278966,0.714605147297149,0.679803890905439,-0.164935909783697
7296,78742280275,0,0.001430851708835,0.714490821754826,0.679743097673112,-0.165680836119522
7297,78742280275,1,0.002306275074833,0.714450060235432,0.679821686451731,-0.165524219239336
7298,78762280375,0,0.002306275074833,0.714450060235432,0.679821686451731,-0.165524219239336
7299,78762280375,1,0.002306275074833,0.714450060235432,0.679821686451731,-0.165524219239336
7300,78782280475,0,0.002306275074833,0.714450060235432,0.679821686451731,-0.165524219239336
7301,78782280475,1,0.002306275074833,0.714450060235432,0.679821686451731,-0.165524219239336
7302,78802280575,0,0.002306275074833,0.714450060235432,0.679821686451731,-0.165524219239336
7303,78802280575,1,0.002306275074833,0.714450060235432,0.679821686451731,-0.165524219239336
7304,78822280675,0,0.002219366872629,0.714336219448837,0.679759142264560,-0.166271911343972
7305,78822280675,1,0.003095096142957,0.714294513816718,0.679838028059385,-0.166114489179996
7306,78842280775,0,0.003095096142957,0.714294513816718,0.679838028059385,-0.166114489179996
7307,78842280775,1,0.003095096142957,0.714294513816718,0.679838028059385,-0.166114489179996
7308,78862280875,0,0.003095096142957,0.714294513816718,0.679838028059385,-0.166114489179996
7309,78862280875,1,0.003095096142957,0.714294513816718,0.679838028059385,-0.166114489179996
7310,78882280975,0,0.003095096142957,0.714294513816718,0.679838028059385,-0.166114489179996
7311,78882280975,1,0.003095096142957,0.714294513816718,0.679838028059385,-0.166114489179996
7312,78902281050,0,0.002998994994071,0.714179320248685,0.679774522987355,-0.166869717011401
7313,78902281050,1,0.003876855507150,0.714137046239679,0.679853590981143,-0.166710359634572
7314,78922281175,0,0.003876855507150,0.714137046239679,0.679853590981143,-0.166710359634572
7315,78922281175,1,0.003876855507150,0.714137046239679,0.679853590981143,-0.166710359634572
7316,78942281275,0,0.003876855507150,0.714137046239679,0.679853590981143,-0.166710359634572
7317,78942281275,1,0.003876855507150,0.714137046239679,0.679853590981143,-0.166710359634572
7318,78962281375,0,0.003876855507150,0.714137046239679,0.679853590981143,-0.166710359634572
7319,78962281375,1,0.003876855507150,0.714137046239679,0.679853590981143,-0.166710359634572
7320,78982281475,0,0.003780630213849,0.714022979718889,0.679788436985725,-0.167465137294455
7321,78982281475,1,0.004658467448895,0.713979626889686,0.679867766681236,-0.167305740772279
7322,79032281725,0,0.004658467448895,0.713979626889686,0.679867766681236,-0.167305740772279
7323,79032281725,1,0.004658467448895,0.713979626889686,0.679867766681236,-0.167305740772279
7324,79052281825,0,0.004658467448895,0.713979626889686,0.679867766681236,-0.167305740772279
7325,79052281825,1,0.004658467448895,0.713979626889686,0.679867766681236,-0.167305740772279
7326,79072281925,0,0.004658467448895,0.713979626889686,0.679867766681236,-0.167305740772279
7327,79072281925,1,0.004658467448895,0.713979626889686,0.679867766681236,-0.167305740772279
7328,79092282025,0,0.004564971994809,0.713867591229526,0.679800864826787,-0.168056560132573
7329,79092282025,1,0.005448636285545,0.713818427634615,0.679885116209402,-0.167898164042378
7330,79112282125,0,0.005448636285545,0.713818427634615,0.679885116209402,-0.167898164042378
7331,79112282125,1,0.005448636285545,0.713818427634615,0.679885116209402,-0.167898164042378
7332,79132282225,0,0.005448636285545,0.713818427634615,0.679885116209402,-0.167898164042378
7333,79132282225,1,0.005448636285545,0.713818427634615,0.679885116209402,-0.167898164042378
7334,79152282325,0,0.005448636285545,0.713818427634615,0.679885116209402,-0.167898164042378
7335,79152282325,1,0.005448636285545,0.713818427634615,0.679885116209402,-0.167898164042378
7336,79172282425,0,0.005349292013231,0.713705897717476,0.679816907183391,-0.168654230145162
7337,79172282425,1,0.006240810747980,0.713651426725265,0.679906057287843,-0.168494648809692
7338,79192282525,0,0.006240810747980,0.713651426725265,0.679906057287843,-0.168494648809692
7339,79192282525,1,0.006240810747980,0.713651426725265,0.679906057287843,-0.168494648809692
7340,79212282625,0,0.006240810747980,0.713651426725265,0.679906057287843,-0.168494648809692
7341,79212282625,1,0.006240810747980,0.713651426725265,0.679906057287843,-0.168494648809692
7342,79232282725,0,0.006240810747980,0.713651426725265,0.679906057287843,-0.168494648809692
7343,79232282725,1,0.006240810747980,0.713651426725265,0.679906057287843,-0.168494648809692
7344,79252282825,0,0.006138370969741,0.713539239040619,0.679836394829023,-0.169252920261510
7345,79252282825,1,0.007030561486981,0.713483828816211,0.679925780908547,-0.169092665952253
7346,79272282925,0,0.007030561486981,0.713483828816211,0.679925780908547,-0.169092665952253
7347,79272282925,1,0.007030561486981,0.713483828816211,0.679925780908547,-0.169092665952253
7348,79292283025,0,0.007030561486981,0.713483828816211,0.679925780908547,-0.169092665952253
7349,79292283025,1,0.007030561486981,0.713483828816211,0.679925780908547,-0.169092665952253
7350,79312284275,0,0.007030561486981,0.713483828816211,0.679925780908547,-0.169092665952253
7351,79312284275,1,0.007030561486981,0.713483828816211,0.679925780908547,-0.169092665952253
7352,79332283225,0,0.006918209271233,0.713370363947463,0.679855347084967,-0.169857496925874
7353,79332283225,1,0.007825721904779,0.713305210575876,0.679954199580245,-0.169695966702698
7354,79352283325,0,0.007825721904779,0.713305210575876,0.679954199580245,-0.169695966702698
7355,79352283325,1,0.007825721904779,0.713305210575876,0.679954199580245,-0.169695966702698
7356,79372283425,0,0.007825721904779,0.713305210575876,0.679954199580245,-0.169695966702698
7357,79372283425,1,0.007825721904779,0.713305210575876,0.679954199580245,-0.169695966702698
7358,79392283525,0,0.007825721904779,0.713305210575876,0.679954199580245,-0.169695966702698
7359,79392283525,1,0.007825721904779,0.713305210575876,0.679954199580245,-0.169695966702698
7360,79412283625,0,0.007713666892802,0.713192910699016,0.679881952634001,-0.170460851676598
7361,79412283625,1,0.008621035188094,0.713126628553293,0.679981093835775,-0.170299152747165
7362,79432283725,0,0.008621035188094,0.713126628553293,0.679981093835775,-0.170299152747165
7363,79432283725,1,0.008621035188094,0.713126628553293,0.679981093835775,-0.170299152747165
7364,79452283825,0,0.008621035188094,0.713126628553293,0.679981093835775,-0.170299152747165
7365,79452283825,1,0.008621035188094,0.713126628553293,0.679981093835775,-0.170299152747165
7366,79472283925,0,0.008621035188094,0.713126628553293,0.679981093835775,-0.170299152747165
7367,79472283925,1,0.008621035188094,0.713126628553293,0.679981093835775,-0.170299152747165
7368,79492284025,0,0.008510244167068,0.713015761311953,0.679906975476411,-0.171063159574093
7369,79492284025,1,0.009418148975254,0.712951916639033,0.680002610999964,-0.170901468875609
7370,79512284125,0,0.009418148975254,0.712951916639033,0.680002610999964,-0.170901468875609
7371,79512284125,1,0.009418148975254,0.712951916639033,0.680002610999964,-0.170901468875609
7372,79532284225,0,0.009418148975254,0.712951916639033,0.680002610999964,-0.170901468875609
7373,79532284225,1,0.009418148975254,0.712951916639033,0.680002610999964,-0.170901468875609
7374,79552284325,0,0.009418148975254,0.712951916639033,0.680002610999964,-0.170901468875609
7375,79552284325,1,0.009418148975254,0.712951916639033,0.680002610999964,-0.170901468875609
7376,79572284425,0,0.009302123282831,0.712840898382752,0.679927202932198,-0.171669224988345
7377,79572284425,1,0.010212113128384,0.712779814057603,0.680019256802558,-0.171506442430475
7378,79592284525,0,0.010212113128384,0.712779814057603,0.680019256802558,-0.171506442430475
7379,79592284525,1,0.010212113128384,0.712779814057603,0.680019256802558,-0.171506442430475
7380,79612284050,0,0.010212113128384,0.712779814057603,0.680019256802558,-0.171506442430475
7381,79612284050,1,0.010212113128384,0.712779814057603,0.680019256802558,-0.171506442430475
7382,79722287675,0,0.010212113128384,0.712779814057603,0.680019256802558,-0.171506442430475
7383,79722287675,1,0.010212113128384,0.712779814057603,0.680019256802558,-0.171506442430475
7384,79742286900,0,0.010089352230722,0.712668224662507,0.679942629850537,-0.172279501508134
7385,79742286900,1,0.010999952958019,0.712602744111935,0.680038699088891,-0.172115362070182
7386,79762286550,0,0.010999952958019,0.712602744111935,0.680038699088891,-0.172115362070182
7387,79762286550,1,0.010999952958019,0.712602744111935,0.680038699088891,-0.172115362070182
7388,79782286075,0,0.010999952958019,0.712602744111935,0.680038699088891,-0.172115362070182
7389,79782286075,1,0.010999952958019,0.712602744111935,0.680038699088891,-0.172115362070182
7390,79802285575,0,0.010999952958019,0.712602744111935,0.680038699088891,-0.172115362070182
7391,79802285575,1,0.010999952958019,0.712602744111935,0.680038699088891,-0.172115362070182
7392,79822285675,0,0.010875845306856,0.712491979409149,0.679960475749459,-0.172889116734003
7393,79822285675,1,0.011785770166664,0.712421817928040,0.680060600864097,-0.172724717727512
7394,79842285775,0,0.011785770166664,0.712421817928040,0.680060600864097,-0.172724717727512
7395,79842285775,1,0.011785770166664,0.712421817928040,0.680060600864097,-0.172724717727512
7396,79862285875,0,0.011785770166664,0.712421817928040,0.680060600864097,-0.172724717727512
7397,79862285875,1,0.011785770166664,0.712421817928040,0.680060600864097,-0.172724717727512
7398,79882285975,0,0.011785770166664,0.712421817928040,0.680060600864097,-0.172724717727512
7399,79882285975,1,0.011785770166664,0.712421817928040,0.680060600864097,-0.172724717727512
7400,79902286075,0,0.011662573624912,0.712312528913498,0.679980708589523,-0.173496632461244
7401,79902286075,1,0.012530480191234,0.712257986147549,0.680064560988686,-0.173331304508105
7402,79922286175,0,0.012530480191234,0.712257986147549,0.680064560988686,-0.173331304508105
7403,79922286175,1,0.012530480191234,0.712257986147549,0.680064560988686,-0.173331304508105
7404,79942286275,0,0.012530480191234,0.712257986147549,0.680064560988686,-0.173331304508105
7405,79942286275,1,0.012530480191234,0.712257986147549,0.680064560988686,-0.173331304508105
7406,79962286375,0,0.012530480191234,0.712257986147549,0.680064560988686,-0.173331304508105
7407,79962286375,1,0.012530480191234,0.712257986147549,0.680064560988686,-0.173331304508105
7408,79982286475,0,0.012402075042811,0.712148418599322,0.679983388440274,-0.174107466429217
7409,79982286475,1,0.013257250578437,0.712098732915752,0.680061990652932,-0.173940589731243
7410,80002286575,0,0.013257250578437,0.712098732915752,0.680061990652932,-0.173940589731243
7411,80002286575,1,0.013257250578437,0.712098732915752,0.680061990652932,-0.173940589731243
7412,80022286675,0,0.013257250578437,0.712098732915752,0.680061990652932,-0.173940589731243
7413,80022286675,1,0.013257250578437,0.712098732915752,0.680061990652932,-0.173940589731243
7414,80042286775,0,0.013257250578437,0.712098732915752,0.680061990652932,-0.173940589731243
7415,80042286775,1,0.013257250578437,0.712098732915752,0.680061990652932,-0.173940589731243
7416,80062301550,0,0.013125843423166,0.711989438888833,0.679979433036117,-0.174718979487279
7417,80062301550,1,0.013978894814691,0.711943026549481,0.680054088762450,-0.174551292761750
7418,80082285675,0,0.013978894814691,0.711943026549481,0.680054088762450,-0.174551292761750
7419,80082285675,1,0.013978894814691,0.711943026549481,0.680054088762450,-0.174551292761750
7420,80102287050,0,0.013978894814691,0.711943026549481,0.680054088762450,-0.174551292761750
7421,80102287050,1,0.013978894814691,0.711943026549481,0.680054088762450,-0.174551292761750
7422,80122287150,0,0.013978894814691,0.711943026549481,0.680054088762450,-0.174551292761750
7423,80122287150,1,0.013978894814691,0.711943026549481,0.680054088762450,-0.174551292761750
7424,80142287275,0,0.013841436184231,0.711833426420095,0.679970607879395,-0.175332712565316
7425,80142287275,1,0.014687547379044,0.711798667779721,0.680032800374723,-0.175163703185093
7426,80162287375,0,0.014687547379044,0.711798667779721,0.680032800374723,-0.175163703185093
7427,80162287375,1,0.014687547379044,0.711798667779721,0.680032800374723,-0.175163703185093
7428,80182287475,0,0.014687547379044,0.711798667779721,0.680032800374723,-0.175163703185093
7429,80182287475,1,0.014687547379044,0.711798667779721,0.680032800374723,-0.175163703185093
7430,80202287575,0,0.014687547379044,0.711798667779721,0.680032800374723,-0.175163703185093
7431,80202287575,1,0.014687547379044,0.711798667779721,0.680032800374723,-0.175163703185093
7432,80222287675,0,0.014548772581353,0.711689624429304,0.679947706440824,-0.175946947123034
7433,80222287675,1,0.015395147376076,0.711653980274812,0.680010231094321,-0.175777380237999
7434,80242287775,0,0.015395147376076,0.711653980274812,0.680010231094321,-0.175777380237999
7435,80242287775,1,0.015395147376076,0.711653980274812,0.680010231094321,-0.175777380237999
7436,80292288025,0,0.015395147376076,0.711653980274812,0.680010231094321,-0.175777380237999
7437,80292288025,1,0.015395147376076,0.711653980274812,0.680010231094321,-0.175777380237999
7438,80312288125,0,0.015395147376076,0.711653980274812,0.680010231094321,-0.175777380237999
7439,80312288125,1,0.015395147376076,0.711653980274812,0.680010231094321,-0.175777380237999
7440,80332288225,0,0.015256519092717,0.711545582130378,0.679923054295229,-0.176563765857445
7441,80332288225,1,0.016112515163040,0.711502066315190,0.679992984661077,-0.176393699706244
7442,80352288325,0,0.016112515163040,0.711502066315190,0.679992984661077,-0.176393699706244
7443,80352288325,1,0.016112515163040,0.711502066315190,0.679992984661077,-0.176393699706244
7444,80372288425,0,0.016112515163040,0.711502066315190,0.679992984661077,-0.176393699706244
7445,80372288425,1,0.016112515163040,0.711502066315190,0.679992984661077,-0.176393699706244
7446,80392288525,0,0.016112515163040,0.711502066315190,0.679992984661077,-0.176393699706244
7447,80392288525,1,0.016112515163040,0.711502066315190,0.679992984661077,-0.176393699706244
7448,80412288625,0,0.015969775477911,0.711393813839198,0.679904698961873,-0.177181850741182
7449,80412288625,1,0.016829924970631,0.711347147707885,0.679977179835806,-0.177011366798530
7450,80432288725,0,0.016829924970631,0.711347147707885,0.679977179835806,-0.177011366798530
7451,80432288725,1,0.016829924970631,0.711347147707885,0.679977179835806,-0.177011366798530
7452,80452288825,0,0.016829924970631,0.711347147707885,0.679977179835806,-0.177011366798530
7453,80452288825,1,0.016829924970631,0.711347147707885,0.679977179835806,-0.177011366798530
7454,80472288925,0,0.016829924970631,0.711347147707885,0.679977179835806,-0.177011366798530
7455,80472288925,1,0.016829924970631,0.711347147707885,0.679977179835806,-0.177011366798530
7456,80492289025,0,0.016680597365639,0.711238148436098,0.679887563513687,-0.177805947201265
7457,80492289025,1,0.017543197695019,0.711194461200119,0.679956569113486,-0.177633720594722
7458,80512289125,0,0.017543197695019,0.711194461200119,0.679956569113486,-0.177633720594722
7459,80512289125,1,0.017543197695019,0.711194461200119,0.679956569113486,-0.177633720594722
7460,80532289200,0,0.017543197695019,0.711194461200119,0.679956569113486,-0.177633720594722
7461,80532289200,1,0.017543197695019,0.711194461200119,0.679956569113486,-0.177633720594722
7462,80552289325,0,0.017543197695019,0.711194461200119,0.679956569113486,-0.177633720594722
7463,80552289325,1,0.017543197695019,0.711194461200119,0.679956569113486,-0.177633720594722
7464,80572289425,0,0.017392930055997,0.711086283296279,0.679865478524705,-0.178428458498988
7465,80572289425,1,0.018256646859386,0.711045252734386,0.679930989552106,-0.178255975653102
7466,80592289525,0,0.018256646859386,0.711045252734386,0.679930989552106,-0.178255975653102
7467,80592289525,1,0.018256646859386,0.711045252734386,0.679930989552106,-0.178255975653102
7468,80612289625,0,0.018256646859386,0.711045252734386,0.679930989552106,-0.178255975653102
7469,80612289625,1,0.018256646859386,0.711045252734386,0.679930989552106,-0.178255975653102
7470,80632289725,0,0.018256646859386,0.711045252734386,0.679930989552106,-0.178255975653102
7471,80632289725,1,0.018256646859386,0.711045252734386,0.679930989552106,-0.178255975653102
7472,80652289825,0,0.018103621703272,0.710937388394691,0.679838458079925,-0.179052951886503
7473,80652289825,1,0.018967938130904,0.710895496940181,0.679904274482889,-0.178879812424801
7474,80672289925,0,0.018967938130904,0.710895496940181,0.679904274482889,-0.178879812424801
7475,80672289925,1,0.018967938130904,0.710895496940181,0.679904274482889,-0.178879812424801
7476,80692290025,0,0.018967938130904,0.710895496940181,0.679904274482889,-0.178879812424801
7477,80692290025,1,0.018967938130904,0.710895496940181,0.679904274482889,-0.178879812424801
7478,80712290125,0,0.018967938130904,0.710895496940181,0.679904274482889,-0.178879812424801
7479,80712290125,1,0.018967938130904,0.710895496940181,0.679904274482889,-0.178879812424801
7480,80732290225,0,0.018820297432138,0.710789497611742,0.679809099288990,-0.179676584488086
7481,80732290225,1,0.019696178291982,0.710737070975531,0.679884718118035,-0.179503890128807
7482,80752290325,0,0.019696178291982,0.710737070975531,0.679884718118035,-0.179503890128807
7483,80752290325,1,0.019696178291982,0.710737070975531,0.679884718118035,-0.179503890128807
7484,80772290425,0,0.019696178291982,0.710737070975531,0.679884718118035,-0.179503890128807
7485,80772290425,1,0.019696178291982,0.710737070975531,0.679884718118035,-0.179503890128807
7486,80792290525,0,0.019696178291982,0.710737070975531,0.679884718118035,-0.179503890128807
7487,80792290525,1,0.019696178291982,0.710737070975531,0.679884718118035,-0.179503890128807
7488,80812290625,0,0.019541864432205,0.710630674119248,0.679788633428406,-0.180304116416892
7489,80812290625,1,0.020419264777866,0.710577503967047,0.679864454151496,-0.180130476219824
7490,80832290725,0,0.020419264777866,0.710577503967047,0.679864454151496,-0.180130476219824
7491,80832290725,1,0.020419264777866,0.710577503967047,0.679864454151496,-0.180130476219824
7492,80852290825,0,0.020419264777866,0.710577503967047,0.679864454151496,-0.180130476219824
7493,80852290825,1,0.020419264777866,0.710577503967047,0.679864454151496,-0.180130476219824
7494,80872290925,0,0.020419264777866,0.710577503967047,0.679864454151496,-0.180130476219824
7495,80872290925,1,0.020419264777866,0.710577503967047,0.679864454151496,-0.180130476219824
7496,80922291175,0,0.020256340375256,0.710470329535555,0.679767746054565,-0.180934803031750
7497,80922291175,1,0.021142160452446,0.710411796118834,0.679848358124299,-0.180760335644495
7498,80942291275,0,0.021142160452446,0.710411796118834,0.679848358124299,-0.180760335644495
7499,80942291275,1,0.021142160452446,0.710411796118834,0.679848358124299,-0.180760335644495
7500,80962291375,0,0.021142160452446,0.710411796118834,0.679848358124299,-0.180760335644495
7501,80962291375,1,0.021142160452446,0.710411796118834,0.679848358124299,-0.180760335644495
7502,80982291475,0,0.021142160452446,0.710411796118834,0.679848358124299,-0.180760335644495
7503,80982291475,1,0.021142160452446,0.710411796118834,0.679848358124299,-0.180760335644495
7504,81002291575,0,0.020979269863675,0.710305508846059,0.679749763826043,-0.181566001545903
7505,81002291575,1,0.021871446943818,0.710241264414477,0.679835393581464,-0.181391355266574
7506,81022291675,0,0.021871446943818,0.710241264414477,0.679835393581464,-0.181391355266574
7507,81022291675,1,0.021871446943818,0.710241264414477,0.679835393581464,-0.181391355266574
7508,81042291775,0,0.021871446943818,0.710241264414477,0.679835393581464,-0.181391355266574
7509,81042291775,1,0.021871446943818,0.710241264414477,0.679835393581464,-0.181391355266574
7510,81062291850,0,0.021871446943818,0.710241264414477,0.679835393581464,-0.181391355266574
7511,81062291850,1,0.021871446943818,0.710241264414477,0.679835393581464,-0.181391355266574
7512,81082291975,0,0.021706243672011,0.710135498922637,0.679735349566578,-0.182198426736213
7513,81082291975,1,0.022592460693747,0.710075018344763,0.679816639369633,-0.182023036670263
7514,81102292075,0,0.022592460693747,0.710075018344763,0.679816639369633,-0.182023036670263
7515,81102292075,1,0.022592460693747,0.710075018344763,0.679816639369633,-0.182023036670263
7516,81122292175,0,0.022592460693747,0.710075018344763,0.679816639369633,-0.182023036670263
7517,81122292175,1,0.022592460693747,0.710075018344763,0.679816639369633,-0.182023036670263
7518,81142292275,0,0.022592460693747,0.710075018344763,0.679816639369633,-0.182023036670263
7519,81142292275,1,0.022592460693747,0.710075018344763,0.679816639369633,-0.182023036670263
7520,81162292375,0,0.022422819003057,0.709969420558072,0.679715589855649,-0.182831496103868
7521,81162292375,1,0.023303588830048,0.709912791684759,0.679792458708241,-0.182655369571762
7522,81182292450,0,0.023303588830048,0.709912791684759,0.679792458708241,-0.182655369571762
7523,81182292450,1,0.023303588830048,0.709912791684759,0.679792458708241,-0.182655369571762
7524,81202292575,0,0.023303588830048,0.709912791684759,0.679792458708241,-0.182655369571762
7525,81202292575,1,0.023303588830048,0.709912791684759,0.679792458708241,-0.182655369571762
7526,81222292675,0,0.023303588830048,0.709912791684759,0.679792458708241,-0.182655369571762
7527,81222292675,1,0.023303588830048,0.709912791684759,0.679792458708241,-0.182655369571762
7528,81242292775,0,0.023131789022029,0.709807562252281,0.679689709311643,-0.183466738026185
7529,81242292775,1,0.024013000859944,0.709750043364207,0.679766948207663,-0.183289792019760
7530,81262292875,0,0.024013000859944,0.709750043364207,0.679766948207663,-0.183289792019760
7531,81262292875,1,0.024013000859944,0.709750043364207,0.679766948207663,-0.183289792019760
7532,81282292975,0,0.024013000859944,0.709750043364207,0.679766948207663,-0.183289792019760
7533,81282292975,1,0.024013000859944,0.709750043364207,0.679766948207663,-0.183289792019760
7534,81302293075,0,0.024013000859944,0.709750043364207,0.679766948207663,-0.183289792019760
7535,81302293075,1,0.024013000859944,0.709750043364207,0.679766948207663,-0.183289792019760
7536,81322293175,0,0.023844637352127,0.709646014571638,0.679661233735657,-0.184104792520622
7537,81322293175,1,0.024734099578155,0.709578536102693,0.679747937873966,-0.183927339937564
7538,81342293250,0,0.024734099578155,0.709578536102693,0.679747937873966,-0.183927339937564
7539,81342293250,1,0.024734099578155,0.709578536102693,0.679747937873966,-0.183927339937564
7540,81362293375,0,0.024734099578155,0.709578536102693,0.679747937873966,-0.183927339937564
7541,81362293375,1,0.024734099578155,0.709578536102693,0.679747937873966,-0.183927339937564
7542,81382293475,0,0.024734099578155,0.709578536102693,0.679747937873966,-0.183927339937564
7543,81382293475,1,0.024734099578155,0.709578536102693,0.679747937873966,-0.183927339937564
7544,81402293575,0,0.024560033647824,0.709474463365632,0.679641429463767,-0.184743925301251
7545,81402293575,1,0.025454469511036,0.709405592407192,0.679728731776135,-0.184566049535987
7546,81422293675,0,0.025454469511036,0.709405592407192,0.679728731776135,-0.184566049535987
7547,81422293675,1,0.025454469511036,0.709405592407192,0.679728731776135,-0.184566049535987
7548,81442293750,0,0.025454469511036,0.709405592407192,0.679728731776135,-0.184566049535987
7549,81442293750,1,0.025454469511036,0.709405592407192,0.679728731776135,-0.184566049535987
7550,81462293875,0,0.025454469511036,0.709405592407192,0.679728731776135,-0.184566049535987
7551,81462293875,1,0.025454469511036,0.709405592407192,0.679728731776135,-0.184566049535987
7552,81482293975,0,0.025277601443458,0.709301879923473,0.679620720066942,-0.185384904611958
7553,81482293975,1,0.026176319587178,0.709231531089911,0.679708769467878,-0.185206437007987
7554,81502294075,0,0.026176319587178,0.709231531089911,0.679708769467878,-0.185206437007987
7555,81502294075,1,0.026176319587178,0.709231531089911,0.679708769467878,-0.185206437007987
7556,81522294175,0,0.026176319587178,0.709231531089911,0.679708769467878,-0.185206437007987
7557,81522294175,1,0.026176319587178,0.709231531089911,0.679708769467878,-0.185206437007987
7558,81562294375,0,0.026176319587178,0.709231531089911,0.679708769467878,-0.185206437007987
7559,81562294375,1,0.026176319587178,0.709231531089911,0.679708769467878,-0.185206437007987
7560,81582294475,0,0.025995974031626,0.709128119060035,0.679599468833503,-0.186027100320746
7561,81582294475,1,0.026906530018146,0.709055160095963,0.679689065193846,-0.185848307066776
7562,81602294575,0,0.026906530018146,0.709055160095963,0.679689065193846,-0.185848307066776
7563,81602294575,1,0.026906530018146,0.709055160095963,0.679689065193846,-0.185848307066776
7564,81622294675,0,0.026906530018146,0.709055160095963,0.679689065193846,-0.185848307066776
7565,81622294675,1,0.026906530018146,0.709055160095963,0.679689065193846,-0.185848307066776
7566,81642294775,0,0.026906530018146,0.709055160095963,0.679689065193846,-0.185848307066776
7567,81642294775,1,0.026906530018146,0.709055160095963,0.679689065193846,-0.185848307066776
7568,81662294875,0,0.026723799292072,0.708952183233269,0.679578105155317,-0.186671474611647
7569,81662294875,1,0.027634835281444,0.708878272581594,0.679668053406698,-0.186491950815719
7570,81682294950,0,0.027634835281444,0.708878272581594,0.679668053406698,-0.186491950815719
7571,81682294950,1,0.027634835281444,0.708878272581594,0.679668053406698,-0.186491950815719
7572,81702295075,0,0.027634835281444,0.708878272581594,0.679668053406698,-0.186491950815719
7573,81702295075,1,0.027634835281444,0.708878272581594,0.679668053406698,-0.186491950815719
7574,81722295175,0,0.027634835281444,0.708878272581594,0.679668053406698,-0.186491950815719
7575,81722295175,1,0.027634835281444,0.708878272581594,0.679668053406698,-0.186491950815719
7576,81742295275,0,0.027446073957301,0.708775654005761,0.679557257343929,-0.187311823717120
7577,81742295275,1,0.028356461578690,0.708693556190102,0.679654692436656,-0.187133250787234
7578,81762295375,0,0.028356461578690,0.708693556190102,0.679654692436656,-0.187133250787234
7579,81762295375,1,0.028356461578690,0.708693556190102,0.679654692436656,-0.187133250787234
7580,81782295475,0,0.028356461578690,0.708693556190102,0.679654692436656,-0.187133250787234
7581,81782295475,1,0.028356461578690,0.708693556190102,0.679654692436656,-0.187133250787234
7582,81802295575,0,0.028356461578690,0.708693556190102,0.679654692436656,-0.187133250787234
7583,81802295575,1,0.028356461578690,0.708693556190102,0.679654692436656,-0.187133250787234
7584,81822295675,0,0.028166486797475,0.708591329681512,0.679541540526653,-0.187958163484160
7585,81822295675,1,0.029077066901632,0.708508299641041,0.679639493671627,-0.187778252633081
7586,81842295775,0,0.029077066901632,0.708508299641041,0.679639493671627,-0.187778252633081
7587,81842295775,1,0.029077066901632,0.708508299641041,0.679639493671627,-0.187778252633081
7588,81862295875,0,0.029077066901632,0.708508299641041,0.679639493671627,-0.187778252633081
7589,81862295875,1,0.029077066901632,0.708508299641041,0.679639493671627,-0.187778252633081
7590,81882295975,0,0.029077066901632,0.708508299641041,0.679639493671627,-0.187778252633081
7591,81882295975,1,0.029077066901632,0.708508299641041,0.679639493671627,-0.187778252633081
7592,81902296075,0,0.028886679665581,0.708406526089450,0.679523627143478,-0.188609102870318
7593,81902296075,1,0.029804652977836,0.708321388491116,0.679623028155584,-0.188427792184491
7594,81922296175,0,0.029804652977836,0.708321388491116,0.679623028155584,-0.188427792184491
7595,81922296175,1,0.029804652977836,0.708321388491116,0.679623028155584,-0.188427792184491
7596,81942296575,0,0.029804652977836,0.708321388491116,0.679623028155584,-0.188427792184491
7597,81942296575,1,0.029804652977836,0.708321388491116,0.679623028155584,-0.188427792184491
7598,81962296675,0,0.029804652977836,0.708321388491116,0.679623028155584,-0.188427792184491
7599,81962296675,1,0.029804652977836,0.708321388491116,0.679623028155584,-0.188427792184491
7600,81982296775,0,0.029610386414520,0.708219993505914,0.679506183523943,-0.189259114358045
7601,81982296775,1,0.030536574649683,0.708132729701044,0.679606632009245,-0.189077710119049
7602,82002296850,0,0.030536574649683,0.708132729701044,0.679606632009245,-0.189077710119049
7603,82002296850,1,0.030536574649683,0.708132729701044,0.679606632009245,-0.189077710119049
7604,82022296975,0,0.030536574649683,0.708132729701044,0.679606632009245,-0.189077710119049
7605,82022296975,1,0.030536574649683,0.708132729701044,0.679606632009245,-0.189077710119049
7606,82042297075,0,0.030536574649683,0.708132729701044,0.679606632009245,-0.189077710119049
7607,82042297075,1,0.030536574649683,0.708132729701044,0.679606632009245,-0.189077710119049
7608,82062297175,0,0.030339532573727,0.708031751560263,0.679488221291801,-0.189911317912909
7609,82062297175,1,0.031266279280006,0.707943517603447,0.679589003853476,-0.189729232077409
7610,82082297275,0,0.031266279280006,0.707943517603447,0.679589003853476,-0.189729232077409
7611,82082297275,1,0.031266279280006,0.707943517603447,0.679589003853476,-0.189729232077409
7612,82102297350,0,0.031266279280006,0.707943517603447,0.679589003853476,-0.189729232077409
7613,82102297350,1,0.031266279280006,0.707943517603447,0.679589003853476,-0.189729232077409
7614,82122297475,0,0.031266279280006,0.707943517603447,0.679589003853476,-0.189729232077409
7615,82122297475,1,0.031266279280006,0.707943517603447,0.679589003853476,-0.189729232077409
7616,82142297575,0,0.031066184694165,0.707843328659999,0.679470085383749,-0.190560009731007
7617,82142297575,1,0.031978777918582,0.707756413722526,0.679569254149864,-0.190378164219693
7618,82192297825,0,0.031978777918582,0.707756413722526,0.679569254149864,-0.190378164219693
7619,82192297825,1,0.031978777918582,0.707756413722526,0.679569254149864,-0.190378164219693
7620,82212297925,0,0.031978777918582,0.707756413722526,0.679569254149864,-0.190378164219693
7621,82212297925,1,0.031978777918582,0.707756413722526,0.679569254149864,-0.190378164219693
7622,82232298025,0,0.031978777918582,0.707756413722526,0.679569254149864,-0.190378164219693
7623,82232298025,1,0.031978777918582,0.707756413722526,0.679569254149864,-0.190378164219693
7624,82252298125,0,0.031775941654237,0.707656404537780,0.679448300743215,-0.191213778964294
7625,82252298125,1,0.032689085242347,0.707568598116943,0.679547933472946,-0.191030648790949
7626,82272298225,0,0.032689085242347,0.707568598116943,0.679547933472946,-0.191030648790949
7627,82272298225,1,0.032689085242347,0.707568598116943,0.679547933472946,-0.191030648790949
7628,82292298325,0,0.032689085242347,0.707568598116943,0.679547933472946,-0.191030648790949
7629,82292298325,1,0.032689085242347,0.707568598116943,0.679547933472946,-0.191030648790949
7630,82312298425,0,0.032689085242347,0.707568598116943,0.679547933472946,-0.191030648790949
7631,82312298425,1,0.032689085242347,0.707568598116943,0.679547933472946,-0.191030648790949
7632,82332298525,0,0.032482623799891,0.707468028548156,0.679423609490676,-0.191878676772387
7633,82332298525,1,0.033411297532446,0.707377087184895,0.679525739384958,-0.191692752174770
7634,82352298375,0,0.033411297532446,0.707377087184895,0.679525739384958,-0.191692752174770
7635,82352298375,1,0.033411297532446,0.707377087184895,0.679525739384958,-0.191692752174770
7636,82472301750,0,0.033411297532446,0.707377087184895,0.679525739384958,-0.191692752174770
7637,82472301750,1,0.033411297532446,0.707377087184895,0.679525739384958,-0.191692752174770
7638,82492301000,0,0.033411297532446,0.707377087184895,0.679525739384958,-0.191692752174770
7639,82492301000,1,0.033411297532446,0.707377087184895,0.679525739384958,-0.191692752174770
7640,82512300550,0,0.033203655334172,0.707277828569309,0.679401127185572,-0.192534928949809
7641,82512300550,1,0.034130968628000,0.707180298758187,0.679508922318229,-0.192350530331253
7642,82532300125,0,0.034130968628000,0.707180298758187,0.679508922318229,-0.192350530331253
7643,82532300125,1,0.034130968628000,0.707180298758187,0.679508922318229,-0.192350530331253
7644,82552299625,0,0.034130968628000,0.707180298758187,0.679508922318229,-0.192350530331253
7645,82552299625,1,0.034130968628000,0.707180298758187,0.679508922318229,-0.192350530331253
7646,82572299725,0,0.034130968628000,0.707180298758187,0.679508922318229,-0.192350530331253
7647,82572299725,1,0.034130968628000,0.707180298758187,0.679508922318229,-0.192350530331253
7648,82592299825,0,0.033920076552704,0.707081253857847,0.679382529369292,-0.193196551825482
7649,82592299825,1,0.034847535231718,0.706980989368868,0.679492612110174,-0.193011191507082
7650,82612299925,0,0.034847535231718,0.706980989368868,0.679492612110174,-0.193011191507082
7651,82612299925,1,0.034847535231718,0.706980989368868,0.679492612110174,-0.193011191507082
7652,82632300000,0,0.034847535231718,0.706980989368868,0.679492612110174,-0.193011191507082
7653,82632300000,1,0.034847535231718,0.706980989368868,0.679492612110174,-0.193011191507082
7654,82652300125,0,0.034847535231718,0.706980989368868,0.679492612110174,-0.193011191507082
7655,82652300125,1,0.034847535231718,0.706980989368868,0.679492612110174,-0.193011191507082
7656,82672300225,0,0.034633893873279,0.706882355926778,0.679364639518087,-0.193859523488123
7657,82672300225,1,0.035548674591604,0.706788997444202,0.679467737630296,-0.193672915881824
7658,82692300300,0,0.035548674591604,0.706788997444202,0.679467737630296,-0.193672915881824
7659,82692300300,1,0.035548674591604,0.706788997444202,0.679467737630296,-0.193672915881824
7660,82712300425,0,0.035548674591604,0.706788997444202,0.679467737630296,-0.193672915881824
7661,82712300425,1,0.035548674591604,0.706788997444202,0.679467737630296,-0.193672915881824
7662,82732300525,0,0.035548674591604,0.706788997444202,0.679467737630296,-0.193672915881824
7663,82732300525,1,0.035548674591604,0.706788997444202,0.679467737630296,-0.193672915881824
7664,82752300625,0,0.035331102879408,0.706690565590954,0.679338519681340,-0.194523349115801
7665,82752300625,1,0.036207075973698,0.706619960731404,0.679419915656319,-0.194334394678206
7666,82772300725,0,0.036207075973698,0.706619960731404,0.679419915656319,-0.194334394678206
7667,82772300725,1,0.036207075973698,0.706619960731404,0.679419915656319,-0.194334394678206
7668,82822300950,0,0.036207075973698,0.706619960731404,0.679419915656319,-0.194334394678206
7669,82822300950,1,0.036207075973698,0.706619960731404,0.679419915656319,-0.194334394678206
7670,82842301075,0,0.036207075973698,0.706619960731404,0.679419915656319,-0.194334394678206
7671,82842301075,1,0.036207075973698,0.706619960731404,0.679419915656319,-0.194334394678206
7672,82862301175,0,0.035987167910201,0.706521873319509,0.679289115108851,-0.195187254608308
7673,82862301175,1,0.036863610976707,0.706450408307381,0.679370904965437,-0.194997610945712
7674,82882301275,0,0.036863610976707,0.706450408307381,0.679370904965437,-0.194997610945712
7675,82882301275,1,0.036863610976707,0.706450408307381,0.679370904965437,-0.194997610945712
7676,82902301375,0,0.036863610976707,0.706450408307381,0.679370904965437,-0.194997610945712
7677,82902301375,1,0.036863610976707,0.706450408307381,0.679370904965437,-0.194997610945712
7678,82922301475,0,0.036863610976707,0.706450408307381,0.679370904965437,-0.194997610945712
7679,82922301475,1,0.036863610976707,0.706450408307381,0.679370904965437,-0.194997610945712
7680,82942301575,0,0.036642097356309,0.706352651180631,0.679237956999922,-0.195854759048629
7681,82942301575,1,0.037493487926539,0.706299774608556,0.679301849597634,-0.195662627714746
7682,82962301675,0,0.037493487926539,0.706299774608556,0.679301849597634,-0.195662627714746
7683,82962301675,1,0.037493487926539,0.706299774608556,0.679301849597634,-0.195662627714746
7684,82982301775,0,0.037493487926539,0.706299774608556,0.679301849597634,-0.195662627714746
7685,82982301775,1,0.037493487926539,0.706299774608556,0.679301849597634,-0.195662627714746
7686,83002301875,0,0.037493487926539,0.706299774608556,0.679301849597634,-0.195662627714746
7687,83002301875,1,0.037493487926539,0.706299774608556,0.679301849597634,-0.195662627714746
7688,83022301975,0,0.037268887870403,0.706202255852776,0.679167768008784,-0.196521110121332
7689,83022301975,1,0.038120943964543,0.706148578548345,0.679231973075218,-0.196328564905239
7690,83042302075,0,0.038120943964543,0.706148578548345,0.679231973075218,-0.196328564905239
7691,83042302075,1,0.038120943964543,0.706148578548345,0.679231973075218,-0.196328564905239
7692,83062302175,0,0.038120943964543,0.706148578548345,0.679231973075218,-0.196328564905239
7693,83062302175,1,0.038120943964543,0.706148578548345,0.679231973075218,-0.196328564905239
7694,83082302275,0,0.038120943964543,0.706148578548345,0.679231973075218,-0.196328564905239
7695,83082302275,1,0.038120943964543,0.706148578548345,0.679231973075218,-0.196328564905239
7696,83102302350,0,0.037895042294590,0.706051666264831,0.679096600044996,-0.197187266681886
7697,83102302350,1,0.038752617014936,0.705988625722022,0.679169506627825,-0.196995117433253
7698,83122302475,0,0.038752617014936,0.705988625722022,0.679169506627825,-0.196995117433253
7699,83122302475,1,0.038752617014936,0.705988625722022,0.679169506627825,-0.196995117433253
7700,83142302575,0,0.038752617014936,0.705988625722022,0.679169506627825,-0.196995117433253
7701,83142302575,1,0.038752617014936,0.705988625722022,0.679169506627825,-0.196995117433253
7702,83162302675,0,0.038752617014936,0.705988625722022,0.679169506627825,-0.196995117433253
7703,83162302675,1,0.038752617014936,0.705988625722022,0.679169506627825,-0.196995117433253
7704,83182302775,0,0.038523836843973,0.705891855348268,0.679032508648316,-0.197857157430744
7705,83182302775,1,0.039387286229954,0.705819531493074,0.679114210412427,-0.197664665183847
7706,83202302875,0,0.039387286229954,0.705819531493074,0.679114210412427,-0.197664665183847
7707,83202302875,1,0.039387286229954,0.705819531493074,0.679114210412427,-0.197664665183847
7708,83222302975,0,0.039387286229954,0.705819531493074,0.679114210412427,-0.197664665183847
7709,83222302975,1,0.039387286229954,0.705819531493074,0.679114210412427,-0.197664665183847
7710,83242303075,0,0.039387286229954,0.705819531493074,0.679114210412427,-0.197664665183847
7711,83242303075,1,0.039387286229954,0.705819531493074,0.679114210412427,-0.197664665183847
7712,83262303175,0,0.039156147946385,0.705723070598018,0.678975679634903,-0.198529015934769
7713,83262303175,1,0.040020070740175,0.705649916473407,0.679057782701429,-0.198335869352078
7714,83282303275,0,0.040020070740175,0.705649916473407,0.679057782701429,-0.198335869352078
7715,83282303275,1,0.040020070740175,0.705649916473407,0.679057782701429,-0.198335869352078
7716,83302303375,0,0.040020070740175,0.705649916473407,0.679057782701429,-0.198335869352078
7717,83302303375,1,0.040020070740175,0.705649916473407,0.679057782701429,-0.198335869352078
7718,83322303600,0,0.040020070740175,0.705649916473407,0.679057782701429,-0.198335869352078
7719,83322303600,1,0.040020070740175,0.705649916473407,0.679057782701429,-0.198335869352078
7720,83342303575,0,0.039786210879477,0.705553567986335,0.678917346667488,-0.199204559484927
7721,83342303575,1,0.040665440080291,0.705477069910779,0.679001637817985,-0.199010556638768
7722,83362303675,0,0.040665440080291,0.705477069910779,0.679001637817985,-0.199010556638768
7723,83362303675,1,0.040665440080291,0.705477069910779,0.679001637817985,-0.199010556638768
7724,83382303775,0,0.040665440080291,0.705477069910779,0.679001637817985,-0.199010556638768
7725,83382303775,1,0.040665440080291,0.705477069910779,0.679001637817985,-0.199010556638768
7726,83402303875,0,0.040665440080291,0.705477069910779,0.679001637817985,-0.199010556638768
7727,83402303875,1,0.040665440080291,0.705477069910779,0.679001637817985,-0.199010556638768
7728,83422303975,0,0.040429410121637,0.705381158290964,0.678859815490881,-0.199880552423193
7729,83422303975,1,0.041309063663637,0.705303779462841,0.678944466750333,-0.199686131225411
7730,83462304175,0,0.041309063663637,0.705303779462841,0.678944466750333,-0.199686131225411
7731,83462304175,1,0.041309063663637,0.705303779462841,0.678944466750333,-0.199686131225411
7732,83482304275,0,0.041309063663637,0.705303779462841,0.678944466750333,-0.199686131225411
7733,83482304275,1,0.041309063663637,0.705303779462841,0.678944466750333,-0.199686131225411
7734,83502304375,0,0.041309063663637,0.705303779462841,0.678944466750333,-0.199686131225411
7735,83502304375,1,0.041309063663637,0.705303779462841,0.678944466750333,-0.199686131225411
7736,83522304475,0,0.041070267094802,0.705208400564152,0.678802105619464,-0.200554347599582
7737,83522304475,1,0.041959941743886,0.705122756960555,0.678893818866130,-0.200360783614355
7738,83542304575,0,0.041959941743886,0.705122756960555,0.678893818866130,-0.200360783614355
7739,83542304575,1,0.041959941743886,0.705122756960555,0.678893818866130,-0.200360783614355
7740,83562304675,0,0.041959941743886,0.705122756960555,0.678893818866130,-0.200360783614355
7741,83562304675,1,0.041959941743886,0.705122756960555,0.678893818866130,-0.200360783614355
7742,83582304775,0,0.041959941743886,0.705122756960555,0.678893818866130,-0.200360783614355
7743,83582304775,1,0.041959941743886,0.705122756960555,0.678893818866130,-0.200360783614355
7744,83602304875,0,0.041718934677046,0.705027630769599,0.678749371796912,-0.201233348692797
7745,83602304875,1,0.042612182691731,0.704938676300949,0.678843913640067,-0.201038815792249
7746,83622304975,0,0.042612182691731,0.704938676300949,0.678843913640067,-0.201038815792249
7747,83622304975,1,0.042612182691731,0.704938676300949,0.678843913640067,-0.201038815792249
7748,83642305075,0,0.042612182691731,0.704938676300949,0.678843913640067,-0.201038815792249
7749,83642305075,1,0.042612182691731,0.704938676300949,0.678843913640067,-0.201038815792249
7750,83662305175,0,0.042612182691731,0.704938676300949,0.678843913640067,-0.201038815792249
7751,83662305175,1,0.042612182691731,0.704938676300949,0.678843913640067,-0.201038815792249
7752,83682305275,0,0.042368743221558,0.704843900488591,0.678697885728017,-0.201913707930330
7753,83682305275,1,0.043263003185349,0.704755870605376,0.678790957277664,-0.201718397080474
7754,83702305375,0,0.043263003185349,0.704755870605376,0.678790957277664,-0.201718397080474
7755,83702305375,1,0.043263003185349,0.704755870605376,0.678790957277664,-0.201718397080474
7756,83722305450,0,0.043263003185349,0.704755870605376,0.678790957277664,-0.201718397080474
7757,83722305450,1,0.043263003185349,0.704755870605376,0.678790957277664,-0.201718397080474
7758,83742305575,0,0.043263003185349,0.704755870605376,0.678790957277664,-0.201718397080474
7759,83742305575,1,0.043263003185349,0.704755870605376,0.678790957277664,-0.201718397080474
7760,83762305650,0,0.043015863136607,0.704661000713764,0.678642757369522,-0.202599401434410
7761,83762305650,1,0.043912515852243,0.704577601544696,0.678730766037051,-0.202402177823778
7762,83782305775,0,0.043912515852243,0.704577601544696,0.678730766037051,-0.202402177823778
7763,83782305775,1,0.043912515852243,0.704577601544696,0.678730766037051,-0.202402177823778
7764,83802305875,0,0.043912515852243,0.704577601544696,0.678730766037051,-0.202402177823778
7765,83802305875,1,0.043912515852243,0.704577601544696,0.678730766037051,-0.202402177823778
7766,83822305975,0,0.043912515852243,0.704577601544696,0.678730766037051,-0.202402177823778
7767,83822305975,1,0.043912515852243,0.704577601544696,0.678730766037051,-0.202402177823778
7768,83842306075,0,0.043663522730879,0.704483290396194,0.678581279445521,-0.203283638105384
7769,83842306075,1,0.044560517185544,0.704398962515924,0.678669624214384,-0.203086196191057
7770,83862306175,0,0.044560517185544,0.704398962515924,0.678669624214384,-0.203086196191057
7771,83862306175,1,0.044560517185544,0.704398962515924,0.678669624214384,-0.203086196191057
7772,83882306275,0,0.044560517185544,0.704398962515924,0.678669624214384,-0.203086196191057
7773,83882306275,1,0.044560517185544,0.704398962515924,0.678669624214384,-0.203086196191057
7774,83902306375,0,0.044560517185544,0.704398962515924,0.678669624214384,-0.203086196191057
7775,83902306375,1,0.044560517185544,0.704398962515924,0.678669624214384,-0.203086196191057
7776,83922306450,0,0.044310432332946,0.704305214745033,0.678518181134979,-0.203970164334640
7777,83922306450,1,0.045217005116578,0.704212549772819,0.678613915253695,-0.203772572282935
7778,83942306575,0,0.045217005116578,0.704212549772819,0.678613915253695,-0.203772572282935
7779,83942306575,1,0.045217005116578,0.704212549772819,0.678613915253695,-0.203772572282935
7780,83962306675,0,0.045217005116578,0.704212549772819,0.678613915253695,-0.203772572282935
7781,83962306675,1,0.045217005116578,0.704212549772819,0.678613915253695,-0.203772572282935
7782,83982306775,0,0.045217005116578,0.704212549772819,0.678613915253695,-0.203772572282935
7783,83982306775,1,0.045217005116578,0.704212549772819,0.678613915253695,-0.203772572282935
7784,84002306875,0,0.044963881460721,0.704119076059451,0.678461021041888,-0.204658786813491
7785,84002306875,1,0.045874204104850,0.704023049335805,0.678559438534063,-0.204460734073806
7786,84022306975,0,0.045874204104850,0.704023049335805,0.678559438534063,-0.204460734073806
7787,84022306975,1,0.045874204104850,0.704023049335805,0.678559438534063,-0.204460734073806
7788,84042307075,0,0.045874204104850,0.704023049335805,0.678559438534063,-0.204460734073806
7789,84042307075,1,0.045874204104850,0.704023049335805,0.678559438534063,-0.204460734073806
7790,84082307275,0,0.045874204104850,0.704023049335805,0.678559438534063,-0.204460734073806
7791,84082307275,1,0.045874204104850,0.704023049335805,0.678559438534063,-0.204460734073806
7792,84102307375,0,0.045614338742138,0.703929255340017,0.678406111241051,-0.205348688353156
7793,84102307375,1,0.046526149140800,0.703832448599936,0.678504703320623,-0.205150114101209
7794,84122307475,0,0.046526149140800,0.703832448599936,0.678504703320623,-0.205150114101209
7795,84122307475,1,0.046526149140800,0.703832448599936,0.678504703320623,-0.205150114101209
7796,84142307575,0,0.046526149140800,0.703832448599936,0.678504703320623,-0.205150114101209
7797,84142307575,1,0.046526149140800,0.703832448599936,0.678504703320623,-0.205150114101209
7798,84162307675,0,0.046526149140800,0.703832448599936,0.678504703320623,-0.205150114101209
7799,84162307675,1,0.046526149140800,0.703832448599936,0.678504703320623,-0.205150114101209
7800,84182307775,0,0.046265916323379,0.703739352906277,0.678349182924461,-0.206040710015104
7801,84182307775,1,0.047177701832732,0.703641575451338,0.678448318378260,-0.205841388053645
7802,84202307875,0,0.047177701832732,0.703641575451338,0.678448318378260,-0.205841388053645
7803,84202307875,1,0.047177701832732,0.703641575451338,0.678448318378260,-0.205841388053645
7804,84222307975,0,0.047177701832732,0.703641575451338,0.678448318378260,-0.205841388053645
7805,84222307975,1,0.047177701832732,0.703641575451338,0.678448318378260,-0.205841388053645
7806,84242308075,0,0.047177701832732,0.703641575451338,0.678448318378260,-0.205841388053645
7807,84242308075,1,0.047177701832732,0.703641575451338,0.678448318378260,-0.205841388053645
7808,84262308175,0,0.046915054472633,0.703548849603956,0.678291170506015,-0.206734326850574
7809,84262308175,1,0.047827299508546,0.703450162628780,0.678390733637526,-0.206534332821448
7810,84282308275,0,0.047827299508546,0.703450162628780,0.678390733637526,-0.206534332821448
7811,84282308275,1,0.047827299508546,0.703450162628780,0.678390733637526,-0.206534332821448
7812,84302308375,0,0.047827299508546,0.703450162628780,0.678390733637526,-0.206534332821448
7813,84302308375,1,0.047827299508546,0.703450162628780,0.678390733637526,-0.206534332821448
7814,84322309175,0,0.047827299508546,0.703450162628780,0.678390733637526,-0.206534332821448
7815,84322309175,1,0.047827299508546,0.703450162628780,0.678390733637526,-0.206534332821448
7816,84342308575,0,0.047562774232789,0.703357774270741,0.678231248605723,-0.207431910020883
7817,84342308575,1,0.048475350038196,0.703258187696206,0.678331409181706,-0.207230695589440
7818,84362308675,0,0.048475350038196,0.703258187696206,0.678331409181706,-0.207230695589440
7819,84362308675,1,0.048475350038196,0.703258187696206,0.678331409181706,-0.207230695589440
7820,84382308775,0,0.048475350038196,0.703258187696206,0.678331409181706,-0.207230695589440
7821,84382308775,1,0.048475350038196,0.703258187696206,0.678331409181706,-0.207230695589440
7822,84402308875,0,0.048475350038196,0.703258187696206,0.678331409181706,-0.207230695589440
7823,84402308875,1,0.048475350038196,0.703258187696206,0.678331409181706,-0.207230695589440
7824,84422308975,0,0.048208122286230,0.703166176344231,0.678170642777964,-0.208129490138216
7825,84422308975,1,0.049121223875227,0.703065675942509,0.678271155092046,-0.207927874145350
7826,84442309075,0,0.049121223875227,0.703065675942509,0.678271155092046,-0.207927874145350
7827,84442309075,1,0.049121223875227,0.703065675942509,0.678271155092046,-0.207927874145350
7828,84462309175,0,0.049121223875227,0.703065675942509,0.678271155092046,-0.207927874145350
7829,84462309175,1,0.049121223875227,0.703065675942509,0.678271155092046,-0.207927874145350
7830,84482309275,0,0.049121223875227,0.703065675942509,0.678271155092046,-0.207927874145350
7831,84482309275,1,0.049121223875227,0.703065675942509,0.678271155092046,-0.207927874145350
7832,84502309375,0,0.048854539393204,0.702974514424114,0.678107909957671,-0.208829424420263
7833,84502309375,1,0.049767396102428,0.702873013210109,0.678209034247388,-0.208627034325257
7834,84522309475,0,0.049767396102428,0.702873013210109,0.678209034247388,-0.208627034325257
7835,84522309475,1,0.049767396102428,0.702873013210109,0.678209034247388,-0.208627034325257
7836,84542309575,0,0.049767396102428,0.702873013210109,0.678209034247388,-0.208627034325257
7837,84542309575,1,0.049767396102428,0.702873013210109,0.678209034247388,-0.208627034325257
7838,84562309675,0,0.049767396102428,0.702873013210109,0.678209034247388,-0.208627034325257
7839,84562309675,1,0.049767396102428,0.702873013210109,0.678209034247388,-0.208627034325257
7840,84582309775,0,0.049496852097832,0.702781981852190,0.678044553098453,-0.209530741491152
7841,84582309775,1,0.050410506648433,0.702679614515199,0.678146032966686,-0.209327729017838
7842,84602309875,0,0.050410506648433,0.702679614515199,0.678146032966686,-0.209327729017838
7843,84602309875,1,0.050410506648433,0.702679614515199,0.678146032966686,-0.209327729017838
7844,84622309975,0,0.050410506648433,0.702679614515199,0.678146032966686,-0.209327729017838
7845,84622309975,1,0.050410506648433,0.702679614515199,0.678146032966686,-0.209327729017838
7846,84642310075,0,0.050410506648433,0.702679614515199,0.678146032966686,-0.209327729017838
7847,84642310075,1,0.050410506648433,0.702679614515199,0.678146032966686,-0.209327729017838
7848,84662310175,0,0.050137537567018,0.702588943856854,0.677979907148856,-0.210233795568780
7849,84662310175,1,0.051051648918410,0.702485667686753,0.678081830367422,-0.210030110134179
7850,84712310425,0,0.051051648918410,0.702485667686753,0.678081830367422,-0.210030110134179
7851,84712310425,1,0.051051648918410,0.702485667686753,0.678081830367422,-0.210030110134179
7852,84732310525,0,0.051051648918410,0.702485667686753,0.678081830367422,-0.210030110134179
7853,84732310525,1,0.051051648918410,0.702485667686753,0.678081830367422,-0.210030110134179
7854,84752310625,0,0.051051648918410,0.702485667686753,0.678081830367422,-0.210030110134179
7855,84752310625,1,0.051051648918410,0.702485667686753,0.678081830367422,-0.210030110134179
7856,84772310725,0,0.050772362708420,0.702394817113074,0.677915774675646,-0.210935749752417
7857,84772310725,1,0.051700309466561,0.702280711761453,0.678026946651820,-0.210732862892570
7858,84792310825,0,0.051700309466561,0.702280711761453,0.678026946651820,-0.210732862892570
7859,84792310825,1,0.051700309466561,0.702280711761453,0.678026946651820,-0.210732862892570
7860,84812310925,0,0.051700309466561,0.702280711761453,0.678026946651820,-0.210732862892570
7861,84812310925,1,0.051700309466561,0.702280711761453,0.678026946651820,-0.210732862892570
7862,84832311025,0,0.051700309466561,0.702280711761453,0.678026946651820,-0.210732862892570
7863,84832311025,1,0.051700309466561,0.702280711761453,0.678026946651820,-0.210732862892570
7864,84852311125,0,0.051420633371467,0.702190526919657,0.677858350835223,-0.211642241934174
7865,84852311125,1,0.052348541988168,0.702075437820112,0.677970159549748,-0.211438342127204
7866,84872311225,0,0.052348541988168,0.702075437820112,0.677970159549748,-0.211438342127204
7867,84872311225,1,0.052348541988168,0.702075437820112,0.677970159549748,-0.211438342127204
7868,84892311325,0,0.052348541988168,0.702075437820112,0.677970159549748,-0.211438342127204
7869,84892311325,1,0.052348541988168,0.702075437820112,0.677970159549748,-0.211438342127204
7870,84912311400,0,0.052348541988168,0.702075437820112,0.677970159549748,-0.211438342127204
7871,84912311400,1,0.052348541988168,0.702075437820112,0.677970159549748,-0.211438342127204
7872,84932311525,0,0.052068568791862,0.701985947727437,0.677799030140267,-0.212351284616064
7873,84932311525,1,0.052996416104567,0.701869867519892,0.677911474824047,-0.212146414651691
7874,84952311625,0,0.052996416104567,0.701869867519892,0.677911474824047,-0.212146414651691
7875,84952311625,1,0.052996416104567,0.701869867519892,0.677911474824047,-0.212146414651691
7876,84972311700,0,0.052996416104567,0.701869867519892,0.677911474824047,-0.212146414651691
7877,84972311700,1,0.052996416104567,0.701869867519892,0.677911474824047,-0.212146414651691
7878,84992311825,0,0.052996416104567,0.701869867519892,0.677911474824047,-0.212146414651691
7879,84992311825,1,0.052996416104567,0.701869867519892,0.677911474824047,-0.212146414651691
7880,85012311925,0,0.052713022263921,0.701780614363122,0.677739081094000,-0.213061128659790
7881,85012311925,1,0.053641547571002,0.701663625982880,0.677851887602273,-0.212855723016275
7882,85032311850,0,0.053641547571002,0.701663625982880,0.677851887602273,-0.212855723016275
7883,85032311850,1,0.053641547571002,0.701663625982880,0.677851887602273,-0.212855723016275
7884,85152315075,0,0.053641547571002,0.701663625982880,0.677851887602273,-0.212855723016275
7885,85152315075,1,0.053641547571002,0.701663625982880,0.677851887602273,-0.212855723016275
7886,85172314400,0,0.053641547571002,0.701663625982880,0.677851887602273,-0.212855723016275
7887,85172314400,1,0.053641547571002,0.701663625982880,0.677851887602273,-0.212855723016275
7888,85192313900,0,0.053354603315659,0.701574523861648,0.677677907766511,-0.213773541624158
7889,85192313900,1,0.054293147593234,0.701449090535278,0.677798038016250,-0.213567898273530
7890,85212313450,0,0.054293147593234,0.701449090535278,0.677798038016250,-0.213567898273530
7891,85212313450,1,0.054293147593234,0.701449090535278,0.677798038016250,-0.213567898273530
7892,85232313025,0,0.054293147593234,0.701449090535278,0.677798038016250,-0.213567898273530
7893,85232313025,1,0.054293147593234,0.701449090535278,0.677798038016250,-0.213567898273530
7894,85252313125,0,0.054293147593234,0.701449090535278,0.677798038016250,-0.213567898273530
7895,85252313125,1,0.054293147593234,0.701449090535278,0.677798038016250,-0.213567898273530
7896,85272313225,0,0.054004432523714,0.701360515800231,0.677622289282167,-0.214487718091785
7897,85272313225,1,0.054946354500966,0.701231581423665,0.677745179286427,-0.214281682126889
7898,85292313325,0,0.054946354500966,0.701231581423665,0.677745179286427,-0.214281682126889
7899,85292313325,1,0.054946354500966,0.701231581423665,0.677745179286427,-0.214281682126889
7900,85312313425,0,0.054946354500966,0.701231581423665,0.677745179286427,-0.214281682126889
7901,85312313425,1,0.054946354500966,0.701231581423665,0.677745179286427,-0.214281682126889
7902,85352313625,0,0.054946354500966,0.701231581423665,0.677745179286427,-0.214281682126889
7903,85352313625,1,0.054946354500966,0.701231581423665,0.677745179286427,-0.214281682126889
7904,85372313725,0,0.054658548158629,0.701144213074663,0.677568327522457,-0.215198506322704
7905,85372313725,1,0.055562926768205,0.701044465172998,0.677663983869272,-0.214990567201642
7906,85392313825,0,0.055562926768205,0.701044465172998,0.677663983869272,-0.214990567201642
7907,85392313825,1,0.055562926768205,0.701044465172998,0.677663983869272,-0.214990567201642
7908,85412313925,0,0.055562926768205,0.701044465172998,0.677663983869272,-0.214990567201642
7909,85412313925,1,0.055562926768205,0.701044465172998,0.677663983869272,-0.214990567201642
7910,85432314025,0,0.055562926768205,0.701044465172998,0.677663983869272,-0.214990567201642
7911,85432314025,1,0.055562926768205,0.701044465172998,0.677663983869272,-0.214990567201642
7912,85452314100,0,0.055270883445542,0.700956984083029,0.677485243663701,-0.215912437173750
7913,85452314100,1,0.056176150919872,0.700856445230522,0.677581444174486,-0.215703198300540
7914,85472314225,0,0.056176150919872,0.700856445230522,0.677581444174486,-0.215703198300540
7915,85472314225,1,0.056176150919872,0.700856445230522,0.677581444174486,-0.215703198300540
7916,85492314325,0,0.056176150919872,0.700856445230522,0.677581444174486,-0.215703198300540
7917,85492314325,1,0.056176150919872,0.700856445230522,0.677581444174486,-0.215703198300540
7918,85512314425,0,0.056176150919872,0.700856445230522,0.677581444174486,-0.215703198300540
7919,85512314425,1,0.056176150919872,0.700856445230522,0.677581444174486,-0.215703198300540
7920,85532314525,0,0.055878479552025,0.700768707527237,0.677401934128157,-0.216627407575755
7921,85532314525,1,0.056764673798752,0.700677181394967,0.677490273228048,-0.216416702133433
7922,85552314625,0,0.056764673798752,0.700677181394967,0.677490273228048,-0.216416702133433
7923,85552314625,1,0.056764673798752,0.700677181394967,0.677490273228048,-0.216416702133433
7924,85572314725,0,0.056764673798752,0.700677181394967,0.677490273228048,-0.216416702133433
7925,85572314725,1,0.056764673798752,0.700677181394967,0.677490273228048,-0.216416702133433
7926,85592314825,0,0.056764673798752,0.700677181394967,0.677490273228048,-0.216416702133433
7927,85592314825,1,0.056764673798752,0.700677181394967,0.677490273228048,-0.216416702133433
7928,85612314925,0,0.056466273450987,0.700589983316379,0.677308736562440,-0.217343301289702
7929,85612314925,1,0.057345774714190,0.700500841153015,0.677394918562516,-0.217131660455196
7930,85632315025,0,0.057345774714190,0.700500841153015,0.677394918562516,-0.217131660455196
7931,85632315025,1,0.057345774714190,0.700500841153015,0.677394918562516,-0.217131660455196
7932,85652315125,0,0.057345774714190,0.700500841153015,0.677394918562516,-0.217131660455196
7933,85652315125,1,0.057345774714190,0.700500841153015,0.677394918562516,-0.217131660455196
7934,85672315225,0,0.057345774714190,0.700500841153015,0.677394918562516,-0.217131660455196
7935,85672315225,1,0.057345774714190,0.700500841153015,0.677394918562516,-0.217131660455196
7936,85692315325,0,0.057045198221520,0.700413911785296,0.677211754942833,-0.218060625755166
7937,85692315325,1,0.057928780476652,0.700323212864746,0.677298848957850,-0.217848394797067
7938,85712315425,0,0.057928780476652,0.700323212864746,0.677298848957850,-0.217848394797067
7939,85712315425,1,0.057928780476652,0.700323212864746,0.677298848957850,-0.217848394797067
7940,85732315525,0,0.057928780476652,0.700323212864746,0.677298848957850,-0.217848394797067
7941,85732315525,1,0.057928780476652,0.700323212864746,0.677298848957850,-0.217848394797067
7942,85752315600,0,0.057928780476652,0.700323212864746,0.677298848957850,-0.217848394797067
7943,85752315600,1,0.057928780476652,0.700323212864746,0.677298848957850,-0.217848394797067
7944,85772315725,0,0.057624506836641,0.700236397757326,0.677115319959846,-0.218776705668940
7945,85772315725,1,0.058519864401240,0.700142681768940,0.677203890572673,-0.218564730066615
7946,85792315825,0,0.058519864401240,0.700142681768940,0.677203890572673,-0.218564730066615
7947,85792315825,1,0.058519864401240,0.700142681768940,0.677203890572673,-0.218564730066615
7948,85812315925,0,0.058519864401240,0.700142681768940,0.677203890572673,-0.218564730066615
7949,85812315925,1,0.058519864401240,0.700142681768940,0.677203890572673,-0.218564730066615
7950,85832316025,0,0.058519864401240,0.700142681768940,0.677203890572673,-0.218564730066615
7951,85832316025,1,0.058519864401240,0.700142681768940,0.677203890572673,-0.218564730066615
7952,85852316125,0,0.058214283999019,0.700056264410592,0.677018047390067,-0.219496895891742
7953,85852316125,1,0.059109842907930,0.699961683091030,0.677107256250523,-0.219283907774056
7954,85872316225,0,0.059109842907930,0.699961683091030,0.677107256250523,-0.219283907774056
7955,85872316225,1,0.059109842907930,0.699961683091030,0.677107256250523,-0.219283907774056
7956,85892316325,0,0.059109842907930,0.699961683091030,0.677107256250523,-0.219283907774056
7957,85892316325,1,0.059109842907930,0.699961683091030,0.677107256250523,-0.219283907774056
7958,85912316400,0,0.059109842907930,0.699961683091030,0.677107256250523,-0.219283907774056
7959,85912316400,1,0.059109842907930,0.699961683091030,0.677107256250523,-0.219283907774056
7960,85932316525,0,0.058806345085812,0.699876245310972,0.676917982940347,-0.220220569881737
7961,85932316525,1,0.059701301702524,0.699780688238465,0.677008066796037,-0.220006409989841
7962,85972316725,0,0.059701301702524,0.699780688238465,0.677008066796037,-0.220006409989841
7963,85972316725,1,0.059701301702524,0.699780688238465,0.677008066796037,-0.220006409989841
7964,85992316825,0,0.059701301702524,0.699780688238465,0.677008066796037,-0.220006409989841
7965,85992316825,1,0.059701301702524,0.699780688238465,0.677008066796037,-0.220006409989841
7966,86012316925,0,0.059701301702524,0.699780688238465,0.677008066796037,-0.220006409989841
7967,86012316925,1,0.059701301702524,0.699780688238465,0.677008066796037,-0.220006409989841
7968,86032317025,0,0.059393583327267,0.699695222895444,0.676817979446436,-0.220944382175436
7969,86032317025,1,0.060289429167023,0.699598873360165,0.676908372856317,-0.220729825535463
7970,86052317125,0,0.060289429167023,0.699598873360165,0.676908372856317,-0.220729825535463
7971,86052317125,1,0.060289429167023,0.699598873360165,0.676908372856317,-0.220729825535463
7972,86072317225,0,0.060289429167023,0.699598873360165,0.676908372856317,-0.220729825535463
7973,86072317225,1,0.060289429167023,0.699598873360165,0.676908372856317,-0.220729825535463
7974,86092317325,0,0.060289429167023,0.699598873360165,0.676908372856317,-0.220729825535463
7975,86092317325,1,0.060289429167023,0.699598873360165,0.676908372856317,-0.220729825535463
7976,86112317425,0,0.059980078307196,0.699513701278255,0.676715566821900,-0.221673213427274
7977,86112317425,1,0.060875018791100,0.699412901106748,0.676810431290824,-0.221457594018706
7978,86132317525,0,0.060875018791100,0.699412901106748,0.676810431290824,-0.221457594018706
7979,86132317525,1,0.060875018791100,0.699412901106748,0.676810431290824,-0.221457594018706
7980,86152317625,0,0.060875018791100,0.699412901106748,0.676810431290824,-0.221457594018706
7981,86152317625,1,0.060875018791100,0.699412901106748,0.676810431290824,-0.221457594018706
7982,86172317725,0,0.060875018791100,0.699412901106748,0.676810431290824,-0.221457594018706
7983,86172317725,1,0.060875018791100,0.699412901106748,0.676810431290824,-0.221457594018706
7984,86192317825,0,0.060563263946127,0.699328025089236,0.676616452395011,-0.222401845166293
7985,86192317825,1,0.061457473144615,0.699222768184563,0.676715425924551,-0.222186254666551
7986,86212317875,0,0.061457473144615,0.699222768184563,0.676715425924551,-0.222186254666551
7987,86212317875,1,0.061457473144615,0.699222768184563,0.676715425924551,-0.222186254666551
7988,86232318025,0,0.061457473144615,0.699222768184563,0.676715425924551,-0.222186254666551
7989,86232318025,1,0.061457473144615,0.699222768184563,0.676715425924551,-0.222186254666551
7990,86252318125,0,0.061457473144615,0.699222768184563,0.676715425924551,-0.222186254666551
7991,86252318125,1,0.061457473144615,0.699222768184563,0.676715425924551,-0.222186254666551
7992,86272318225,0,0.061143592416880,0.699138184730162,0.676519753614299,-0.223132881324604
7993,86272318225,1,0.062038184368987,0.699032079484659,0.676619235300049,-0.222916634537511
7994,86292318325,0,0.062038184368987,0.699032079484659,0.676619235300049,-0.222916634537511
7995,86292318325,1,0.062038184368987,0.699032079484659,0.676619235300049,-0.222916634537511
7996,86312318400,0,0.062038184368987,0.699032079484659,0.676619235300049,-0.222916634537511
7997,86312318400,1,0.062038184368987,0.699032079484659,0.676619235300049,-0.222916634537511
7998,86332318525,0,0.062038184368987,0.699032079484659,0.676619235300049,-0.222916634537511
7999,86332318525,1,0.062038184368987,0.699032079484659,0.676619235300049,-0.222916634537511
8000,86352317325,0,0.061722901730344,0.698947947563714,0.676421993981701,-0.223864548457942
8001,86352317325,1,0.062632355111668,0.698837910689962,0.676523666715426,-0.223648141171730
8002,86372318725,0,0.062632355111668,0.698837910689962,0.676523666715426,-0.223648141171730
8003,86372318725,1,0.062632355111668,0.698837910689962,0.676523666715426,-0.223648141171730
8004,86392318825,0,0.062632355111668,0.698837910689962,0.676523666715426,-0.223648141171730
8005,86392318825,1,0.062632355111668,0.698837910689962,0.676523666715426,-0.223648141171730
8006,86412318925,0,0.062632355111668,0.698837910689962,0.676523666715426,-0.223648141171730
8007,86412318925,1,0.062632355111668,0.698837910689962,0.676523666715426,-0.223648141171730
