sample,timestamp_py,sensor_id_py,q0_py,q1_py,q2_py,q3_py,timestamp_c,sensor_id_c,q0_c,q1_c,q2_c,q3_c,quat_distance
0,131883725,1,0.99943798091003,-0.033413268730952,0.002693424258904,0.000145783940256,131883725,1,0.999437987804413,-0.033413399010897,0.002693292917684,0.000145779180457,-1.0889135371172642e-08
1,211884425,1,0.999418108488445,-0.034046337498451,0.002061552945015,0.000203292337566,211884425,1,0.999418079853058,-0.034046698361635,0.002060862258077,0.000203268049518,1.7761480619604697e-08
2,311884925,1,0.999397983106541,-0.034662760564275,0.001446528527396,0.000268230986287,311884925,1,0.999397933483124,-0.034663982689381,0.001444674097002,0.000268164905719,9.931523270445552e-09
3,391885625,1,0.999377122258893,-0.035278372550735,0.000832413234055,0.000333202511687,391885625,1,0.999377012252808,-0.035281240940094,0.000828484771773,0.000333061558194,1.206252553398457e-08
4,471886025,1,0.99935559666027,-0.035891283908929,0.000220365262267,0.00039824906353,471886025,1,0.999355316162109,-0.035898476839066,0.000212294849916,0.000397957948735,2.4048283142619198e-08
5,551887550,1,0.999333356768891,-0.036503082648006,-0.000390277845251,0.000463345892185,551887550,1,0.999332904815674,-0.036515679210424,-0.000403895246563,0.000462854048237,-1.3248108832186745e-08
6,631886825,1,0.999310164818776,-0.037120149171859,-0.001004739462489,0.000528690780877,631886825,1,0.999309480190277,-0.037138178944588,-0.001025410485454,0.000527942145709,-5.484830811752772e-09
7,711887525,1,0.9992861236827,-0.037739366114317,-0.001621737571804,0.000594329656844,711887525,1,0.999285042285919,-0.037765964865685,-0.001652250532061,0.000593222153839,2.7978989569632517e-08
8,791887925,1,0.999261424995616,-0.03835583714277,-0.002235748226708,0.000660077778922,791887925,1,0.999259889125824,-0.038393724709749,-0.002279089298099,0.000658501696307,-1.4333297437829629e-08
9,871888325,1,0.999236144587841,-0.038968093776494,-0.002846638740223,0.0007153073024,871888325,1,0.999233901500702,-0.039021428674459,-0.002906335052103,0.000713135639671,-5.365988986483217e-09
10,1071890350,1,0.999209936306683,-0.039584538387339,-0.003460206729516,0.000771022726183,1071890350,1,0.999206781387329,-0.039657078683376,-0.003541568061337,0.000768057594541,1.71179026509094e-09
11,1151889725,1,0.99918304524026,-0.040199205207057,-0.004072111167953,0.000826991994062,1151889725,1,0.99917870759964,-0.040295355021954,-0.004179461393505,0.000823075068183,3.5048037250184905e-08
12,1231890125,1,0.999156586256655,-0.040787350946176,-0.004658458307536,0.000898281102018,1231890125,1,0.999150812625885,-0.04091240093112,-0.004795395769179,0.000893288466614,3.4870922593910336e-08
13,1311890825,1,0.999130672933952,-0.041348728994487,-0.005216395299503,0.000985004146495,1311890825,1,0.999123156070709,-0.041508220136166,-0.005389371421188,0.000978697906248,1.9472480072835197e-08
14,1391891225,1,0.999104428226784,-0.041903743200417,-0.005767902909007,0.001071960567154,1391891225,1,0.999094724655151,-0.042104009538889,-0.005983343347907,0.001064106589183,6.875178881760036e-08
15,1471891600,1,0.999078363088756,-0.042442822286377,-0.006299860898143,0.001158877441121,1471891600,1,0.999066174030304,-0.042689137160778,-0.006566656753421,0.001149129704572,5.4045780073508354e-08
16,1581892150,1,0.999052118495536,-0.04297368543819,-0.006824531815797,0.001246055752119,1581892150,1,0.999036908149719,-0.043274234980345,-0.00714996503666,0.001234152121469,7.410994484757794e-08
17,1661892575,1,0.999026227206072,-0.04348612704076,-0.007331336696075,0.001343730495879,1661892575,1,0.9990074634552,-0.043848749250174,-0.007722151931375,0.001329431543127,1.3045963842550634e-07
18,1741892975,1,0.999000284762101,-0.043989476489568,-0.007828044019554,0.001441780233723,1741892975,1,0.998977363109589,-0.04442323371768,-0.008294333703816,0.001424710033461,1.9245930193978467e-07
19,1821893375,1,0.998974183663355,-0.044487016711319,-0.008315341947655,0.001529969462011,1821893375,1,0.998946309089661,-0.045002911239862,-0.00887231528759,0.001509538153186,2.95206488920563e-07
20,1901893775,1,0.998947866128892,-0.044979495639628,-0.008798856991407,0.001608056026337,1901893775,1,0.998914301395416,-0.045587781816721,-0.009456095285714,0.001583915669471,4.2488671725404714e-07
21,1981894175,1,0.998921711297966,-0.045460311705618,-0.009269849309039,0.001686609308162,1981894175,1,0.998881638050079,-0.046172618865967,-0.010039868764579,0.001658292254433,5.581273057053693e-07
22,2061894575,1,0.998895234234628,-0.045938010589591,-0.009739296961738,0.001776598184485,2061894575,1,0.998847663402557,-0.04676815494895,-0.010633802041411,0.001743693486787,7.297048948418094e-07
23,2141894975,1,0.998869068204321,-0.046402439460648,-0.010193720401775,0.001867153208188,2141894975,1,0.998812913894653,-0.04736365377903,-0.011227727867663,0.001829093554989,1.0187939593064854e-06
24,2241895475,1,0.998843213508382,-0.046854436463244,-0.010634032960436,0.001952934959891,2241895475,1,0.998777508735657,-0.047959063202143,-0.011821899563074,0.001909172278829,1.3257560423918235e-06
25,2321895875,1,0.998817926057808,-0.047289910114482,-0.011057928956545,0.00203400937469,2321895875,1,0.998741388320923,-0.048554372042418,-0.012416317127645,0.001983929425478,1.7318758992468375e-06
26,2401896275,1,0.998793166736727,-0.04770968772118,-0.011468225342468,0.002115557860649,2401896275,1,0.998704552650452,-0.04914964735508,-0.01301072537899,0.002058685291559,2.2376985853167497e-06
27,2481896675,1,0.998769152847849,-0.04811147483756,-0.011858954689912,0.002197840350688,2481896675,1,0.998667001724243,-0.049744889140129,-0.01360512431711,0.002133439760655,2.8732157950628334e-06
28,2561897075,1,0.998745964773302,-0.048494456439521,-0.012230426888802,0.002280833575338,2561897075,1,0.998628735542297,-0.050340093672276,-0.014199513942003,0.002208192599937,3.6619537673310276e-06
29,2641897775,1,0.998722862662626,-0.04887073447682,-0.012597663825169,0.002365115814148,2641897775,1,0.998588740825653,-0.050951182842255,-0.014809885062277,0.002283521229401,4.60166649751681e-06
30,2721898175,1,0.998700456277708,-0.049231479375095,-0.012948186898498,0.00245041328729,2721898175,1,0.998547554016113,-0.051567543298006,-0.01542557682842,0.002359040779993,5.841868154554675e-06
31,2801898575,1,0.998679303692922,-0.049567982407326,-0.013275651305605,0.002533885928821,2801898575,1,0.998505711555481,-0.052183818072081,-0.016041394323111,0.002431899076328,7.242561883336052e-06
32,2911899125,1,0.998660169538226,-0.049869566748737,-0.013567621511076,0.002609930402789,2911899125,1,0.998463809490204,-0.052789319306612,-0.016646953299642,0.002496392931789,9.007280456385658e-06
33,2991899525,1,0.998642522988059,-0.050145001802006,-0.013833673714241,0.002686921265887,2991899525,1,0.998421132564545,-0.05339477956295,-0.017252501100302,0.002560884691775,1.1173487231674883e-05
34,3071899950,1,0.998625801982409,-0.050403353809706,-0.014082031097099,0.002775957475432,3071899950,1,0.998376965522766,-0.05401099100709,-0.01786812953651,0.002636395627633,1.3728956789860192e-05
35,3151900325,1,0.998610857514113,-0.050632240067414,-0.014300949077336,0.002866073301716,3151900325,1,0.998332023620605,-0.054627161473036,-0.018483743071556,0.002711904700845,1.6798668438844366e-05
36,3231900725,1,0.998597694542806,-0.050832272620996,-0.014491748095117,0.002951906354369,3231900725,1,0.998286366462708,-0.055243194103241,-0.019099636003375,0.002782094292343,2.039925822516775e-05
37,3311901125,1,0.998586671613564,-0.050998607642779,-0.014649171534363,0.003033655814297,3311901125,1,0.998239934444427,-0.055859081447124,-0.019715806469321,0.002846964169294,2.47140730766926e-05
38,3391901525,1,0.998577873701299,-0.051130258758455,-0.014772039329339,0.00311667251072,3391901525,1,0.998192727565765,-0.056474924087524,-0.020331963896751,0.002911831950769,2.983128439681959e-05
39,3491902025,1,0.998571471971653,-0.051223061796727,-0.014864861968197,0.003201434553671,3491902025,1,0.998143911361694,-0.05710132792592,-0.020958768203855,0.002977082272992,3.598021255390993e-05
40,3571902425,1,0.99856749676294,-0.051279172579497,-0.014919531728427,0.003287619376225,3571902425,1,0.998094320297241,-0.057727683335543,-0.021585555747151,0.003042330499738,4.317680255305767e-05
41,3651902825,1,0.998565904062421,-0.051302836440531,-0.014926888300113,0.003367821674494,3651902825,1,0.998044013977051,-0.058353822678328,-0.022212790325284,0.003099601715803,5.1553522512515215e-05
42,3821905350,1,0.998567699051731,-0.051272660402465,-0.014893016766827,0.003444235382334,3821905350,1,0.997992634773254,-0.058982446789742,-0.022842982783914,0.003151650773361,6.154810722880377e-05
43,3901904075,1,0.998572066395921,-0.051204199702598,-0.014819057015704,0.003514782463059,3901904075,1,0.997939884662628,-0.059618789702654,-0.023481626063585,0.003196012228727,7.316597637974098e-05
44,3981904475,1,0.998579835946399,-0.051083761467408,-0.014693274296066,0.003587233762244,3981904475,1,0.997886300086975,-0.060255084186792,-0.024120250716805,0.003240371122956,8.677638962639733e-05
45,4061919900,1,0.998592736788803,-0.050889123164836,-0.014463961786896,0.003692828941236,4061919900,1,0.997835218906403,-0.060852374881506,-0.024716932326555,0.003315174719319,0.00010252674997357492
46,4161906175,1,0.998610240214874,-0.050620907156049,-0.014163005263813,0.003810666423123,4161906175,1,0.997784495353699,-0.061436634510756,-0.025299621745944,0.003400125307962,0.00012093182131100999
47,4241906575,1,0.998632266003192,-0.050275334437959,-0.013802202201761,0.003935385478314,4241906575,1,0.997733592987061,-0.062015693634748,-0.025876631960273,0.003490195609629,0.00014229165820112133
48,4321906975,1,0.998658064995559,-0.049867068509014,-0.013371554284123,0.004067706192696,4321906975,1,0.997682392597198,-0.062589548528194,-0.026447962969542,0.003585385391489,0.0001670403574269841
49,4401907375,1,0.998687162898872,-0.049399940766978,-0.012881683723811,0.004202230081871,4401907375,1,0.997630596160889,-0.063163369894028,-0.027019275352359,0.003680573077872,0.00019534319312164428
50,4481907775,1,0.998718728639645,-0.048886030683474,-0.012341730572985,0.004328828350733,4481907775,1,0.99757719039917,-0.063747443258762,-0.027601910755038,0.003765515517443,0.00022766160132570157
51,4561908175,1,0.998752955799744,-0.048318225687112,-0.011747922750044,0.004457427372651,4561908175,1,0.997523069381714,-0.064331471920013,-0.028184525668621,0.003850455163047,0.0002642306430222785
52,4641908575,1,0.998788527252642,-0.047711827809518,-0.011136419385239,0.004586881168027,4641908575,1,0.997467756271362,-0.064920745790005,-0.02877245657146,0.003935584798455,0.00030468708441033776
53,4721908975,1,0.998825857535294,-0.047061870734498,-0.010479641352602,0.004718448788976,4721908975,1,0.997411251068115,-0.065515272319317,-0.029365699738264,0.004020904190838,0.00034986612767740066
54,4821909475,1,0.998865593446164,-0.046355185586082,-0.009757132755204,0.004849882382011,4821909475,1,0.997354090213776,-0.066109672188759,-0.029959097504616,0.004103564657271,0.00040057198179932474
55,4901909875,1,0.998906471649444,-0.045608351842339,-0.008999572296627,0.004974619338406,4901909875,1,0.997296154499054,-0.066703781485558,-0.030553001910448,0.004178253002465,0.0004564184168245333
56,4981910275,1,0.998948316750787,-0.044821344468249,-0.008203007672038,0.005100804442466,4981910275,1,0.99723756313324,-0.067297846078873,-0.031146883964539,0.004252939019352,0.0005176434279561271
57,5061910675,1,0.99899056854971,-0.043999337039046,-0.007381612082015,0.005235846820047,5061910675,1,0.997178256511688,-0.067892111837864,-0.031740203499794,0.004335589241236,0.0005841243201519797
58,5141911375,1,0.9990330778066,-0.043144077773479,-0.006527619349344,0.005374773202554,5141911375,1,0.997118175029755,-0.068486414849758,-0.032333321869373,0.004420891869813,0.000656356545802872
59,5221911750,1,0.99907488502958,-0.042275349243516,-0.005637380060132,0.005512612405055,5221911750,1,0.997057139873505,-0.069083221256733,-0.032929271459579,0.004503632429987,0.0007342737091384777
60,5301912175,1,0.999115989107517,-0.041388201417968,-0.004733666498438,0.005643535644825,5301912175,1,0.99699455499649,-0.069687649607658,-0.033533744513988,0.004578692372888,0.000817974994980486
61,5381912550,1,0.999156322805681,-0.040481913775447,-0.003808394953891,0.005775238729385,5381912550,1,0.996931254863739,-0.070292018353939,-0.034138195216656,0.004653748590499,0.0009073896346922794
62,5481913075,1,0.999195285315545,-0.039568834541408,-0.002883280963793,0.005897103280833,5481913075,1,0.996866166591644,-0.070906549692154,-0.034754037857056,0.004718566313386,0.001002305189721997
63,5561913475,1,0.999233025217424,-0.038643877007313,-0.001943646670011,0.006019495186606,5561913475,1,0.996800303459167,-0.071521021425724,-0.035369854420424,0.004783380776644,0.0011028276441134022
64,5641913875,1,0.999269314892028,-0.037709940176585,-0.001003984081163,0.006147254920724,5641913875,1,0.996733665466309,-0.072135634720325,-0.035985261201859,0.004853500518948,0.0012084381754070561
65,5721914275,1,0.999303981284522,-0.036770969713489,-5.8471900044e-05,0.006280553818778,5721914275,1,0.996666193008423,-0.072750374674797,-0.036600258201361,0.004928925540298,0.001319307022419447
66,5801914675,1,0.999336906418432,-0.035830487075595,0.000886634776616,0.006413855684107,5801914675,1,0.9965980052948,-0.073365062475204,-0.03721522539854,0.00500434730202,0.001435025674766055
67,5881915050,1,0.999368394330965,-0.034881554625386,0.001833470767179,0.006536661549421,5881915050,1,0.996529042720795,-0.073979303240776,-0.037830948829651,0.0050691482611,0.0015560841970515549
68,5961915475,1,0.999397884614962,-0.033938714950369,0.002772506211711,0.006659208959302,5961915475,1,0.996459364891052,-0.074593484401703,-0.038446642458439,0.00513394549489,0.0016814171580491477
69,6071916025,1,0.999425243246058,-0.033006632786294,0.003708908672836,0.006781544892161,6071916025,1,0.996388971805573,-0.075207605957985,-0.039062306284904,0.005198738537729,0.0018109827007188883
70,6151916425,1,0.999450581562549,-0.032084628394893,0.004631911030669,0.006903407509908,6151916425,1,0.996317744255066,-0.075821667909622,-0.039677936583757,0.005263527855277,0.001944389438437888
71,6231916825,1,0.999473880524078,-0.031176851144151,0.005533404074425,0.007024780582064,6231916825,1,0.996245443820953,-0.076438315212727,-0.040296208113432,0.005328408908099,0.0020811386334707027
72,6311917225,1,0.99949491793281,-0.030294726082241,0.006409073804242,0.007145793941789,6311917225,1,0.996171474456787,-0.07706281542778,-0.040922448039055,0.005393574945629,0.0022208106208579936
73,6481920500,1,0.999513817969765,-0.029438915382353,0.007260915515887,0.007263405157743,6481920500,1,0.99609637260437,-0.077689789235592,-0.041551534086466,0.005456180311739,0.002362880151332458
74,6561918475,1,0.999530695319378,-0.028613904500634,0.00807965786923,0.007372429199748,6561918475,1,0.996019601821899,-0.078324280679226,-0.042189203202724,0.005511110648513,0.0025069154063763754
75,6641918875,1,0.99954579283996,-0.027802550612274,0.008890723760794,0.007495413690881,6641918875,1,0.995944499969482,-0.078938283026218,-0.04280424490571,0.005581182427704,0.002651906990390307
76,6741919375,1,0.999559310593405,-0.026999569650345,0.009692968001766,0.00763244495884,6741919375,1,0.995871126651764,-0.079531811177731,-0.043396659195423,0.005666395183653,0.002797812508384623
77,6821919775,1,0.999571410909794,-0.026215126149043,0.01046011315573,0.007768377279918,6821919775,1,0.995797395706177,-0.080122642219067,-0.04398637637496,0.005751507822424,0.0029443896120104895
78,6901920175,1,0.999581861459177,-0.02546039372851,0.011199036623868,0.007902668643757,6901920175,1,0.995723962783813,-0.080705501139164,-0.044568061828613,0.005836328025907,0.0030905907361764573
79,6981920575,1,0.999590758133071,-0.024742185955139,0.01189831306245,0.008035585565523,6981920575,1,0.995649874210358,-0.081288315355778,-0.045149713754654,0.005921144038439,0.003235962357824973
80,7061920975,1,0.999598068453163,-0.024069146559633,0.012556683111834,0.008167462141115,7061920975,1,0.995574057102203,-0.08187897503376,-0.045739337801933,0.006006244104356,0.003380617067510139
81,7141921375,1,0.999604085819515,-0.023439555310175,0.013168290566198,0.008297890295533,7141921375,1,0.995497167110443,-0.082472212612629,-0.046331599354744,0.006091436836869,0.0035234142336478813
82,7221921775,1,0.999608884161933,-0.022857509281665,0.013733388067071,0.008426566689478,7221921775,1,0.995419561862946,-0.083065390586853,-0.046923823654652,0.006176624912769,0.003663469894992888
83,7301922175,1,0.999612687470865,-0.022319273284477,0.014253449242748,0.00855361163554,7301922175,1,0.995341300964355,-0.083658508956432,-0.047516018152237,0.006261808332056,0.0038007161446453885
84,7401922675,1,0.999615607915053,-0.021827734180301,0.01472625692043,0.00867892794565,7401922675,1,0.995262265205383,-0.084251567721367,-0.048108175396919,0.006346987560391,0.003934653210472372
85,7481923075,1,0.999617738212866,-0.021389990432399,0.01515100158825,0.008791638662327,7481923075,1,0.995182633399963,-0.084844052791595,-0.048701196908951,0.006421559955925,0.004064389291483117
86,7561923475,1,0.999619245733065,-0.021001087981142,0.015526199044642,0.008902528118054,7561923475,1,0.995102226734161,-0.085436478257179,-0.04929418489337,0.006496127229184,0.004189923059108147
87,7641923875,1,0.999620457697402,-0.020659579104952,0.015840012139248,0.009012011954701,7641923875,1,0.99502044916153,-0.08603410422802,-0.049892470240593,0.006570882629603,0.004310855270311498
88,7721924275,1,0.999621188656052,-0.020375498904226,0.016098054641129,0.009119806524063,7721924275,1,0.994937181472778,-0.086636938154697,-0.050496052950621,0.006645825691521,0.004426720754704294
89,7801924675,1,0.999621621710183,-0.020141667044695,0.016303740718112,0.009225762665537,7801924675,1,0.99485319852829,-0.08723970502615,-0.051099602133036,0.006720764096826,0.004537189721361301
90,7881925075,1,0.999621711109508,-0.019963296205675,0.01645776841689,0.009329702130258,7881925075,1,0.994768500328064,-0.087842404842377,-0.051703110337257,0.006795697379857,0.004641701580976321
91,7991925625,1,0.999621624705589,-0.019835304111751,0.016559271459736,0.009431789887146,7991925625,1,0.994683027267456,-0.088445045053959,-0.052306581288576,0.006870625540614,0.004740358432204994
92,8071926975,1,0.999621378934247,-0.019759525186179,0.016607272824717,0.009531968911891,8071926975,1,0.994596779346466,-0.089047618210316,-0.052910011261702,0.006945548579097,0.004832743530378769
93,8151926425,1,0.999620981239009,-0.019734956119817,0.016603706214144,0.009630281079181,8151926425,1,0.994509875774384,-0.089650124311447,-0.053513407707214,0.007020466495305,0.004918732691534311
94,8231926825,1,0.999620368719691,-0.019761168976791,0.016554544969891,0.009724283121158,8231926825,1,0.99442183971405,-0.090255044400692,-0.054119665175676,0.007092826999724,0.00499908251174952
95,8311927225,1,0.999619656897894,-0.019845531656675,0.016446422067541,0.009808752100894,8311927225,1,0.994331955909729,-0.09086736291647,-0.054734606295824,0.007157525513321,0.005072902307013294
96,8391927600,1,0.999618744339081,-0.019978401462687,0.016290752416282,0.009891452202075,8391927600,1,0.994241297245026,-0.091479606926441,-0.055349506437778,0.007222218438983,0.005140393442302105
97,8471928025,1,0.999617823322757,-0.020152684509219,0.01608177549478,0.009972617483919,8471928025,1,0.99414986371994,-0.092091783881187,-0.05596436560154,0.007286905776709,0.005201517344568751
98,8551928425,1,0.99961660230308,-0.020373423598021,0.015828043938635,0.010052115997087,8551928425,1,0.994057714939117,-0.092703886330128,-0.056579180061817,0.007351587992162,0.005256347686780072
99,8651928925,1,0.999614944194095,-0.020641514016504,0.015533060972799,0.010129919040023,8651928925,1,0.993964791297913,-0.093315921723843,-0.057193949818611,0.007416264154017,0.005305029663963734
100,8731929325,1,0.999612926210285,-0.020951369243472,0.015194454796746,0.010206195352061,8731929325,1,0.993871092796326,-0.093927882611752,-0.057808678597212,0.007480934727937,0.005347710375750214
101,8811929725,1,0.99961043748396,-0.021302336266804,0.014815031357993,0.010280981887188,8811929725,1,0.993776619434357,-0.094539776444435,-0.058423358947039,0.007545599713922,0.005384568298336556
102,8891930125,1,0.999607230492365,-0.021707215858618,0.014386234465526,0.010354602114687,8891930125,1,0.993679761886597,-0.095162093639374,-0.059048663824797,0.007610643282533,0.005415503855670245
103,8971930525,1,0.999603377297076,-0.022149073423424,0.013920734906243,0.010426877885212,8971930525,1,0.993582129478455,-0.095784343779087,-0.059673923999071,0.007675681263208,0.005441084773727178
104,9051930925,1,0.999598800503403,-0.022629704789581,0.013417724636226,0.010492814631058,9051930925,1,0.993482887744904,-0.096411444246769,-0.06030497699976,0.007735612802207,0.005461921792280999
105,9231933100,1,0.999593462007691,-0.023144932010036,0.012876907574126,0.010555002845005,9231933100,1,0.993382513523102,-0.097040943801403,-0.060938905924559,0.007792988326401,0.00547777780837011
106,9341932375,1,0.999587205518231,-0.023683119040936,0.012315182092826,0.01062378118976,9341932375,1,0.993282496929169,-0.097662962973118,-0.061564009636641,0.007858006283641,0.005489251276112772
107,9421932775,1,0.999579991824232,-0.024249349778263,0.011726031880081,0.010691546022344,9421932775,1,0.993181645870209,-0.098284915089607,-0.062189064919949,0.007923018187284,0.0054966749014030425
108,9501933175,1,0.999571868075054,-0.024800370447644,0.011164218145097,0.010788068029808,9501933175,1,0.99308842420578,-0.098856300115585,-0.062757611274719,0.008017841726542,0.0054992184295048485
109,9581933575,1,0.99956277780188,-0.025374691232441,0.010579344173024,0.010883738085662,9581933575,1,0.992994546890259,-0.099427618086338,-0.063326112926006,0.008112660609186,0.005498319929871376
110,9661933975,1,0.999552553427502,-0.025975520591239,0.009971451033729,0.010978862912719,9661933975,1,0.992899119853973,-0.100004114210606,-0.063899911940098,0.008207666687667,0.005494554521728867
111,9741934375,1,0.999541112074762,-0.026602886962925,0.009339739272765,0.011073434331853,9741934375,1,0.992802083492279,-0.100585788488388,-0.064478993415833,0.008302859030664,0.00548790485758488
112,9821934775,1,0.99952851567986,-0.027248254054266,0.008693016624192,0.011167383569211,9821934775,1,0.992704451084137,-0.101167395710945,-0.065058030188084,0.008398045785725,0.005478724938183244
113,9921935275,1,0.999514682494868,-0.027919330440945,0.008020986089512,0.011250522079648,9921935275,1,0.992604374885559,-0.101758718490601,-0.065648764371872,0.008483035489917,0.005467447354196131
114,10001935650,1,0.999499656823878,-0.028602902558926,0.007339452936183,0.011333243346524,10001935650,1,0.992503583431244,-0.102349974215031,-0.066239446401596,0.008568019606173,0.005454560472810122
115,10081936075,1,0.999483553453258,-0.029287798701468,0.006673456799149,0.011415612030043,10081936075,1,0.992403507232666,-0.102933295071125,-0.066822089254856,0.008652709424496,0.00544148485796947
116,10161936475,1,0.999466414383494,-0.029977252239151,0.006004591286926,0.011497641108901,10161936475,1,0.992303133010864,-0.103513926267624,-0.067402020096779,0.008737296797335,0.005427545869891581
117,10241936875,1,0.999448200100546,-0.03067572966868,0.005311884418401,0.011579240432679,10241936875,1,0.992201626300812,-0.104097098112106,-0.067984573543072,0.008821973577142,0.005411590459592497
118,10321937550,1,0.999428731456789,-0.031383460330452,0.004615827731778,0.01166118736287,10321937550,1,0.992098033428192,-0.104688055813313,-0.068575069308281,0.008906933479011,0.005395912809892045
119,10401937975,1,0.999408287648425,-0.032090451551276,0.003921174843287,0.01174316340373,10401937975,1,0.99199378490448,-0.105278939008713,-0.069165520370007,0.008991886861622,0.005380358280878572
120,10481938375,1,0.999387360205498,-0.032783443241692,0.003239386539426,0.011817634515968,10481938375,1,0.991888821125031,-0.105869196355343,-0.069756761193275,0.009068908169866,0.005366888719786078
121,10581938875,1,0.999365679632549,-0.033470919650675,0.002563623143499,0.011889648720208,10581938875,1,0.991783201694489,-0.106459192931652,-0.070348232984543,0.009143281728029,0.0053542554480378035
122,10661939275,1,0.999343284869118,-0.03415151419058,0.001891681076174,0.011962215856481,10661939275,1,0.991675972938538,-0.107054345309734,-0.070944987237453,0.009217840619385,0.005343147175400853
123,10741939675,1,0.999320234525934,-0.034823966573663,0.001227974278035,0.012035460036107,10741939675,1,0.991567015647888,-0.10765465348959,-0.071547023952007,0.009292584843934,0.005334072691513092
124,10821940075,1,0.9992968399847,-0.035480349829467,0.00057970089663,0.012109265850675,10821940075,1,0.991457343101501,-0.108254879713058,-0.072149001061916,0.009367321617901,0.005327282508903908
125,10901940475,1,0.9992726456768,-0.036138441724135,-6.6023319039e-05,0.012173260564106,10901940475,1,0.991345107555389,-0.108864717185497,-0.072762742638588,0.009431875310838,0.005322129643013818
126,10981940875,1,0.999248380834471,-0.036775353094223,-0.000691519884538,0.012237998395645,10981940875,1,0.991232097148895,-0.10947447270155,-0.073376432061195,0.009496420621872,0.005320011062244556
127,11061941275,1,0.999224035252852,-0.037393479428152,-0.001295821141704,0.012303492058494,11061941275,1,0.991118311882019,-0.110084146261215,-0.073990061879158,0.009560959413648,0.005320820654993286
128,11141941675,1,0.999199842312039,-0.037988678208444,-0.001876872231129,0.012369834364282,11141941675,1,0.991003811359406,-0.110693730413914,-0.074603632092476,0.009625490754843,0.005324952242937497
129,11251942225,1,0.999176017716166,-0.038557249102531,-0.002438700927702,0.012436916832364,11251942225,1,0.99088853597641,-0.111303232610226,-0.07521715015173,0.009690014645457,0.00533244611671535
130,11331942625,1,0.999152640891738,-0.039099678600392,-0.002973301718596,0.01250499137554,11331942625,1,0.990772485733032,-0.111912652850151,-0.075830608606339,0.009754531085491,0.005343857993223122
131,11411943025,1,0.999129890723515,-0.039613632711433,-0.003480549018973,0.012574074309748,11411943025,1,0.990655720233917,-0.112521983683109,-0.076444007456303,0.009819040074944,0.005359321509765702
132,11491943425,1,0.999107656197288,-0.040104118095113,-0.003956399281924,0.012645075899187,11491943425,1,0.990536093711853,-0.113141678273678,-0.077068001031876,0.009883926250041,0.005380463024210691
133,11571943825,1,0.999086347443898,-0.040563073860678,-0.004402329228599,0.012717188665241,11571943825,1,0.990415751934052,-0.113761283457279,-0.077691942453384,0.009948804043233,0.005406090278842646
134,11651944225,1,0.999065982261711,-0.040991734077527,-0.00482176062856,0.012790287299372,11651944225,1,0.990294575691223,-0.114380799233913,-0.078315816819668,0.010013673454523,0.005436011820292408
135,11731944600,1,0.999046883623129,-0.041385158477881,-0.005204976977385,0.012864726788408,11731944600,1,0.990172684192657,-0.115000218153,-0.078939631581306,0.010078536346555,0.005471226773815063
136,11811944475,1,0.999029133650081,-0.041743228049122,-0.00555313644143,0.012940467768593,11811944475,1,0.990049958229065,-0.115619547665119,-0.0795633867383,0.010143389925361,0.005511828262303453
137,11981946600,1,0.999013286891927,-0.042058673344808,-0.005859619019561,0.013007131690296,11981946600,1,0.98992657661438,-0.116237945854664,-0.080188304185867,0.010197688825428,0.005558867525979561
138,12061960950,1,0.998999125458582,-0.042335643415577,-0.006110978680096,0.013080388723131,12061960950,1,0.989804446697235,-0.116846241056919,-0.080801889300346,0.01025686878711,0.005611520124966907
139,12141946675,1,0.998987158012728,-0.042563043515405,-0.006313473345189,0.013159996454342,12141946675,1,0.989683628082275,-0.117444440722466,-0.081404134631157,0.010320928879082,0.005670205987613586
140,12221947075,1,0.998976929185045,-0.042753169226252,-0.006475666568143,0.013241118518747,12221947075,1,0.989562034606934,-0.118042550981045,-0.082006320357323,0.010384982451797,0.0057351099016950124
141,12301947450,1,0.998969598849521,-0.042876294219935,-0.006580292047822,0.01334405204422,12301947450,1,0.989443838596344,-0.118621468544006,-0.082584626972675,0.01046934351325,0.005806502058336216
142,12381947875,1,0.998964067956902,-0.042962509733105,-0.006644650317375,0.013448505886929,12381947875,1,0.989324927330017,-0.119200296700001,-0.083162881433964,0.010553697124124,0.0058842824316603926
143,12491948425,1,0.99896070488742,-0.043002437919108,-0.006677273409738,0.013554130132715,12491948425,1,0.989205360412598,-0.119779042899609,-0.083741076290607,0.010638044215739,0.00596857352984026
144,12571948825,1,0.998959226214451,-0.043003838781525,-0.00667124233251,0.013661212860436,12571948825,1,0.989085078239441,-0.12035771459341,-0.084319211542606,0.010722382925451,0.006059497178177886
145,12651949225,1,0.998959005780598,-0.042981180204996,-0.006627405915734,0.013769546428745,12651949225,1,0.988964676856995,-0.120933689177036,-0.084894627332687,0.01080661918968,0.006155523567364041
146,12731949625,1,0.998961103076421,-0.042910603225332,-0.006539895479714,0.013878920645783,12731949625,1,0.98884528875351,-0.12150177359581,-0.085461996495724,0.01089055929333,0.006258243444137612
147,12811950025,1,0.998964857112742,-0.042805567880456,-0.006417845692243,0.013989598594039,12811950025,1,0.988725185394287,-0.122069776058197,-0.086029313504696,0.010974492877722,0.00636736875440036
148,12891950425,1,0.998969656527992,-0.042677734613551,-0.006273877948757,0.01410229626997,12891950425,1,0.988601088523865,-0.122653312981129,-0.086612544953823,0.011058995500207,0.006483590846370513
149,12971950825,1,0.998975726955957,-0.042522339153515,-0.006102524536296,0.01421642782188,12971950825,1,0.988475203514099,-0.123241975903511,-0.087201036512852,0.011143680661917,0.0066061580975365075
150,13051951225,1,0.998983658652576,-0.042326372848509,-0.005899572116567,0.0143290947182,13051951225,1,0.988348603248596,-0.123830311000347,-0.087789796292782,0.01122572645545,0.006735831657218028
151,13161951775,1,0.998993107089275,-0.042098789480618,-0.005665254260588,0.014434985505554,13161951775,1,0.988221406936646,-0.124417863786221,-0.088379479944706,0.01129986718297,0.006871979092754721
152,13241952175,1,0.999003668085648,-0.041844974175207,-0.005403329472565,0.014542122207867,13241952175,1,0.988092958927155,-0.125007927417755,-0.088971763849258,0.011374096386135,0.007014408874194578
153,13321952575,1,0.999015145855323,-0.041567735301146,-0.005120576303204,0.014650646126526,13321952575,1,0.987962067127228,-0.125605702400208,-0.089571967720985,0.011448604054749,0.007163397277687111
154,13401952975,1,0.999027766337408,-0.041261591444906,-0.004810328315018,0.014760213407174,13401952975,1,0.987830400466919,-0.126203387975693,-0.090172104537487,0.011523104272783,0.0073188079618699
155,13481953350,1,0.999041203834807,-0.040932279927801,-0.004482267211102,0.014870466733082,13481953350,1,0.987698018550873,-0.12680096924305,-0.090772174298763,0.011597595177591,0.007479402959697401
156,13561953775,1,0.999055557926425,-0.040576960242235,-0.004129432097081,0.01498166427253,13561953775,1,0.987564921379089,-0.127398476004601,-0.091372177004814,0.011672077700496,0.007646151237312604
157,13641954150,1,0.999071106262315,-0.040189043410101,-0.003743440100417,0.015091457112878,13641954150,1,0.987431168556213,-0.127995625138283,-0.091972455382347,0.011743921786547,0.007820502068077495
158,13721954575,1,0.999087355258399,-0.039780022070059,-0.003339056697507,0.015193982600167,13721954575,1,0.9872967004776,-0.128591954708099,-0.092573687434196,0.011807868257165,0.008000442532286267
159,13821955075,1,0.999104166114239,-0.039349261016705,-0.002914485774574,0.015297276989045,13821955075,1,0.987161576747894,-0.129188179969788,-0.09317485243082,0.011871805414557,0.00818613355162956
160,13901955475,1,0.999121324664829,-0.038900936903723,-0.002468591681358,0.015401355885779,13901955475,1,0.987025678157806,-0.129784315824509,-0.093775942921638,0.011935734190047,0.00837754447716288
161,13981955875,1,0.999138788734969,-0.038434588117378,-0.002006405747919,0.015506050994396,13981955875,1,0.986889004707336,-0.130380362272263,-0.094376966357231,0.01199965365231,0.008574373969106097
162,14061956275,1,0.999156076815912,-0.037963383384503,-0.001538717466328,0.015606025515657,14061956275,1,0.986750543117523,-0.130980998277664,-0.09498393535614,0.012058499269187,0.008775378001396827
163,14141956675,1,0.999173317917698,-0.0374835605043,-0.00106313193593,0.015701375855166,14141956675,1,0.986610174179077,-0.131586223840714,-0.095596849918365,0.012112271972001,0.008981307192453047
164,14221957075,1,0.999190478114333,-0.036993332298374,-0.000577124115356,0.01579711172552,14221957075,1,0.986469030380249,-0.132191330194473,-0.096209689974785,0.012166035361588,0.009191626932449126
165,14301957450,1,0.999207402059448,-0.036491523252239,-8.5243635182e-05,0.015903745906637,14301957450,1,0.986326992511749,-0.132797375321388,-0.096821047365665,0.012230297550559,0.009406028799203603
166,14401957975,1,0.999224039979886,-0.03598342611102,0.000413236263171,0.016010627950812,14401957975,1,0.986184239387512,-0.133403316140175,-0.09743233025074,0.012294551357627,0.009624110869880131
167,14481958375,1,0.999240197694132,-0.03547412702923,0.000907566557201,0.016118000702642,14481958375,1,0.986038863658905,-0.134016945958138,-0.098051518201828,0.012359082698822,0.009845981353569178
168,14661961875,1,0.999255845963749,-0.03496571825098,0.001403228712996,0.016222940659591,14661961875,1,0.985892117023468,-0.134632781147957,-0.098673649132252,0.012421073392034,0.010070962042868947
169,14741959675,1,0.999271184405779,-0.034455120879337,0.001898660151362,0.016319918844517,14741959675,1,0.985744655132294,-0.135247737169266,-0.099296770989895,0.012475178577006,0.01029873073175247
170,14821960075,1,0.999286006387719,-0.033944640314082,0.002392804193934,0.016416860836388,14821960075,1,0.985596477985382,-0.135862588882446,-0.099919818341732,0.012529272586107,0.01052882212838957
171,14901960475,1,0.999300624825286,-0.033406714326411,0.002920841581158,0.016544526169219,14901960475,1,0.985454678535461,-0.136449426412582,-0.100506544113159,0.012613707222044,0.010761072878342937
172,14981960875,1,0.999314846457097,-0.032862849791982,0.003453822485872,0.016671588533049,14981960875,1,0.985314667224884,-0.13702580332756,-0.101082570850849,0.0126977507025,0.0109947957989871
173,15091961425,1,0.999328214098392,-0.032324530800518,0.00397427568961,0.01680625919671,15091961425,1,0.985173940658569,-0.137602895498276,-0.101657427847385,0.012789657339454,0.011229004619500826
174,15171961825,1,0.999340717159446,-0.031795095320157,0.004486463210624,0.016943275618545,15171961825,1,0.985032439231873,-0.138180151581764,-0.102231852710247,0.012884179130197,0.011463883909822559
175,15251962225,1,0.999352500450287,-0.031273950307113,0.004988607071797,0.017077285364773,15251962225,1,0.984890282154083,-0.138757050037384,-0.102806575596333,0.012976068072021,0.011699218365166297
176,15331962625,1,0.99936358107167,-0.030765238620718,0.005476842213621,0.017202823012082,15331962625,1,0.984747588634491,-0.139333039522171,-0.103382334113121,0.013060079887509,0.011934047650678736
177,15411963025,1,0.99937383424495,-0.03027013074217,0.005950204942564,0.017327829423798,15411963025,1,0.984604239463806,-0.139908909797668,-0.103958018124104,0.013144082389772,0.012168038097332246
178,15491963425,1,0.999382866574017,-0.029802590465681,0.006412170279899,0.017452096496931,15491963425,1,0.984460175037384,-0.14048470556736,-0.104533635079861,0.013228075578809,0.01239998991310376
179,15571963825,1,0.999391108205764,-0.029351410975553,0.006855860588794,0.017575684583682,15571963825,1,0.984315395355225,-0.141060397028923,-0.105109177529812,0.01331205945462,0.012630269835989916
180,15681964375,1,0.99939840668845,-0.028927992690048,0.00726359177669,0.017698479652633,15681964375,1,0.984168648719788,-0.141641154885292,-0.105689965188503,0.013396225869656,0.012856622194632905
181,15761964775,1,0.999404757676103,-0.028532062381183,0.007646863999665,0.017820696440263,15761964775,1,0.984019875526428,-0.142226994037628,-0.106275983154774,0.013480574823916,0.013080270042709397
182,15841965150,1,0.999410321002056,-0.028160045511334,0.008006609882054,0.017942026350535,15841965150,1,0.983870446681976,-0.142812728881836,-0.106861934065819,0.013564913533628,0.013300327893463582
183,15921965575,1,0.999415505099151,-0.027798337995623,0.008344797307501,0.01806280515279,15921965575,1,0.983720302581787,-0.143398359417915,-0.107447803020477,0.013649241998792,0.013518527394451474
184,16001965975,1,0.999419935216115,-0.027463389193583,0.008657217518956,0.018182627187732,16001965975,1,0.983569383621216,-0.143983885645866,-0.108033590018749,0.01373356115073,0.013732422917415499
185,16081965075,1,0.999423421428801,-0.027167088056365,0.008945380014646,0.018296289309077,16081965075,1,0.983416557312012,-0.144573897123337,-0.108625389635563,0.01381282415241,0.013941779770356044
186,16161966775,1,0.99942634468043,-0.026900130924662,0.009201200292663,0.018403869922514,16161966775,1,0.983261704444885,-0.145168393850327,-0.109223186969757,0.013887029141188,0.014146709403689672
187,16241967175,1,0.999428650400672,-0.0266605355125,0.009431421708448,0.01851045350705,16241967175,1,0.983106136322021,-0.145762786269188,-0.109820902347565,0.013961223885417,0.014346785692142539
188,16341967675,1,0.999430211401334,-0.026454238006305,0.009637107204617,0.018615907029138,16341967675,1,0.98294985294342,-0.14635705947876,-0.110418535768986,0.014035408385098,0.014541289599463103
189,16421968075,1,0.999431218510948,-0.026276108400196,0.009816076064633,0.018720316336997,16421968075,1,0.982792794704437,-0.146951228380203,-0.11101608723402,0.014109581708908,0.014730499762017901
190,16501968475,1,0.999431853555521,-0.026118415631338,0.009973931266035,0.018823367355093,16501968475,1,0.982637107372284,-0.147537559270859,-0.11160559207201,0.014183458872139,0.014913893159728353
191,16581968875,1,0.999431974764675,-0.025988484364002,0.010107524087678,0.018925233294756,16581968875,1,0.982481420040131,-0.148121193051338,-0.112192362546921,0.014257228933275,0.01509137451329523
192,16661969275,1,0.999431985886384,-0.025875177749495,0.0102110873559,0.019024049480595,16661969275,1,0.98232364654541,-0.148709580302238,-0.112784758210182,0.014328565448523,0.015265508007012762
193,16741969675,1,0.999431385415881,-0.025808204238673,0.010270489088906,0.019114379235059,16741969675,1,0.982161104679108,-0.149312421679497,-0.113394178450108,0.014392615295947,0.015433388740457965
194,16821970075,1,0.999430403099618,-0.025766875107621,0.010303073591979,0.019203754369447,16821970075,1,0.981997787952423,-0.149915158748627,-0.114003516733646,0.0144566539675,0.015595674362416934
195,16921970575,1,0.999428552124503,-0.025768795519344,0.010298745152034,0.019299591293456,16921970575,1,0.981833636760712,-0.1505186855793,-0.114611566066742,0.014528527855873,0.01574870541525597
196,17001970975,1,0.999426295084341,-0.025795071807041,0.010268637714492,0.019397165874065,17001970975,1,0.981668651103973,-0.151122406125069,-0.115219131112099,0.014603005722165,0.015896210299980673
197,17081971375,1,0.999423739400576,-0.02585068611154,0.010214014459558,0.019483456026878,17081971375,1,0.981501638889313,-0.151729926466942,-0.115833528339863,0.014667206443846,0.01603899659220409
198,17161971775,1,0.999420866412717,-0.025939846951856,0.010125767684474,0.019558245007397,17161971775,1,0.98133260011673,-0.152341246604919,-0.116454750299454,0.014721130020916,0.016175288210457772
199,17241972175,1,0.999417553451921,-0.026055359005088,0.01001268300631,0.01963207320453,17241972175,1,0.981162846088409,-0.152952447533607,-0.117075875401497,0.014775042422116,0.01630557680685396
200,17421974725,1,0.999413989595402,-0.026194896292576,0.009860251874761,0.019704827890398,17421974725,1,0.980992257595062,-0.153563529253006,-0.117696918547153,0.014828942716122,0.016428352849354733
201,17501973475,1,0.999409876161483,-0.026358448879335,0.009695750385925,0.019776855867892,17501973475,1,0.980820894241333,-0.154174491763115,-0.118317857384682,0.014882830902934,0.016546955899764626
202,17611974025,1,0.999405346264988,-0.026545538713634,0.009505057671022,0.019847974960525,17611974025,1,0.980648756027222,-0.154785320162773,-0.118938714265823,0.014936707913876,0.01665958664334799
203,17691974425,1,0.99940006427062,-0.026729304820391,0.009333584638559,0.019948433459643,17691974425,1,0.980486333370209,-0.155361279845238,-0.119514748454094,0.015020480379462,0.016765062373949924
204,17771974825,1,0.999394373911769,-0.026921407815334,0.009153710492963,0.020058234691894,17771974825,1,0.980326771736145,-0.155925527215004,-0.120075799524784,0.015114212408662,0.016865179711218592
205,17851975225,1,0.999388529467,-0.027123547356853,0.008952768539191,0.02016750564774,17851975225,1,0.980166554450989,-0.156489685177803,-0.120636768639088,0.015207934193313,0.016961560095918427
206,17931975600,1,0.999382013743281,-0.027359279600513,0.008714002814117,0.020276256585524,17931975600,1,0.980002701282501,-0.157064005732536,-0.121208257973194,0.015302027575672,0.017051710134095677
207,18011976025,1,0.999375032416013,-0.02761353826991,0.008456733872478,0.020384325839218,18011976025,1,0.979838192462921,-0.157638221979141,-0.121779665350914,0.015396109782159,0.017137244471995383
208,18091976425,1,0.999367670833959,-0.027887196228764,0.008184044014004,0.020483754587085,18091976425,1,0.979673087596893,-0.158211350440979,-0.122352249920368,0.015482353046536,0.017218516772539494
209,18201976975,1,0.99935991118488,-0.028176833298147,0.007893163559707,0.020579891905869,18201976975,1,0.979507386684418,-0.158784046769142,-0.122925169765949,0.015565977431834,0.017295475759517842
210,18281977350,1,0.999351625031948,-0.028484656071458,0.00758088129457,0.020675689910938,18281977350,1,0.979339480400085,-0.159361779689789,-0.123503305017948,0.015649780631065,0.017368827202158488
211,18361977775,1,0.999342738751013,-0.028811498119943,0.007248933781318,0.020771158868567,18361977775,1,0.979169368743896,-0.159944519400597,-0.124086655676365,0.015733763575554,0.017438647565683807
212,18441978175,1,0.999333379298914,-0.029150196573484,0.006904067852904,0.020866166533951,18441978175,1,0.978998601436615,-0.160527139902115,-0.124669909477234,0.015817737206817,0.01750529558940961
213,18521978575,1,0.999323579199132,-0.029497391671299,0.006552063830826,0.020960877862894,18521978575,1,0.978827118873596,-0.161109656095505,-0.125253081321716,0.015901697799563,0.017570018160624756
214,18601978975,1,0.999313325196666,-0.029853664538363,0.006189850529339,0.021055226154967,18601978975,1,0.97865492105484,-0.161692053079605,-0.125836163759232,0.015985647216439,0.017632321936928763
215,18681979375,1,0.999302848503712,-0.030214676091757,0.005815837352111,0.021143943741224,18681979375,1,0.978482067584991,-0.162273660302162,-0.126420006155968,0.016064373776317,0.01769261054675475
216,18761979775,1,0.999292066861079,-0.030581481059773,0.005435762452214,0.021227119712001,18761979775,1,0.978308618068695,-0.162854477763176,-0.127004638314247,0.01613787561655,0.01775143432150983
217,18881980375,1,0.99928066301336,-0.030958630393035,0.005059245755349,0.021310179824531,18881980375,1,0.978134512901306,-0.163435190916061,-0.127589166164398,0.016211366280913,0.017809403579645555
218,18961980750,1,0.999268931637254,-0.031337685169593,0.004678327844352,0.021393106397468,18961980750,1,0.97795969247818,-0.164015769958496,-0.128173604607582,0.01628484390676,0.01786664309620689
219,19041981175,1,0.999256837572016,-0.031718951031279,0.004296872832639,0.021475977158412,19041981175,1,0.977784156799316,-0.164596244692802,-0.12875796854496,0.016358312219381,0.017923621300804937
220,19121981600,1,0.999244152883419,-0.03211080219081,0.003901550663182,0.021559156138019,19121981600,1,0.977604806423187,-0.165186837315559,-0.129352807998657,0.016432149335742,0.01798024475395743
221,19201981975,1,0.999231167761582,-0.032501805781433,0.00350891740515,0.021642400361691,19201981975,1,0.977424740791321,-0.165777310729027,-0.129947558045387,0.016505973413587,0.018037419266949573
222,19281982375,1,0.999217764997721,-0.032895528127432,0.003118020280083,0.021726027978185,19281982375,1,0.977242290973663,-0.166372776031494,-0.130547508597374,0.016579978168011,0.018096054528226047
223,19361982775,1,0.999204003095656,-0.033290423647257,0.002726140281575,0.021809998857588,19361982775,1,0.977057576179504,-0.166973233222961,-0.131152659654617,0.016654159873724,0.018155862295456293
224,19471983325,1,0.999189954021604,-0.033684347608913,0.002336734391982,0.021893838878739,19471983325,1,0.97687292098999,-0.167571008205414,-0.13175505399704,0.016728233546019,0.018215502217504564
225,19551983725,1,0.999176063719365,-0.034063444923957,0.001963921619223,0.021977680088254,19551983725,1,0.97668993473053,-0.168160974979401,-0.132349416613579,0.016802007332444,0.01827730817064177
226,19631984125,1,0.999162090143073,-0.034436000556552,0.001598996342222,0.022061792703521,19631984125,1,0.976506173610687,-0.168750822544098,-0.132943674921989,0.016875769942999,0.018341213830211256
227,19711984525,1,0.99914837691357,-0.034797736695137,0.001233047733944,0.022138609377294,19711984525,1,0.976319432258606,-0.169347152113914,-0.133547112345695,0.01694200374186,0.01840872386164738
228,19791984925,1,0.999134652687753,-0.035153270563725,0.000874938685664,0.022213235907765,19791984925,1,0.976131200790405,-0.169945552945137,-0.134153559803963,0.017005721107125,0.018478973761374973
229,19871985325,1,0.999120851528169,-0.035504564788423,0.000535420338819,0.022285942786256,19871985325,1,0.97594141960144,-0.170546025037766,-0.13476300239563,0.017066920176148,0.018553217856657533
230,19951985725,1,0.999107205223733,-0.035849215662664,0.000199689109935,0.022351427933213,19951985725,1,0.975748598575592,-0.17115293443203,-0.135381624102592,0.017120594158769,0.018631210727919623
231,20031986125,1,0.999093817210019,-0.036179914934012,-0.00012009877192,0.022417487467719,20031986125,1,0.975555002689362,-0.171759709715843,-0.136000141501427,0.017174253240228,0.018713439721389502
232,20211988075,1,0.999080993644781,-0.036489104145148,-0.000435912312832,0.022483847466517,20211988075,1,0.975360631942749,-0.172366365790367,-0.136618554592133,0.017227901145816,0.01879933319255267
233,20291987425,1,0.999068854066973,-0.036771435562412,-0.000720270447523,0.022555876628228,20291987425,1,0.975168704986572,-0.17296339571476,-0.13722537457943,0.017286347225308,0.01889045892958352
234,20371987825,1,0.99905750146211,-0.037025388730712,-0.000978035812965,0.022633444447862,20371987825,1,0.974979281425476,-0.173550814390182,-0.137820586562157,0.017349595203996,0.018986374185748334
235,20451988225,1,0.999046726710788,-0.037260333840259,-0.001218934898249,0.022711661504301,20451988225,1,0.974789083003998,-0.174138113856316,-0.138415694236755,0.017412832006812,0.019087519068305303
236,20531988925,1,0.999036805115527,-0.037452134778337,-0.001412160617726,0.02282116183492,20531988925,1,0.974607706069946,-0.174699127674103,-0.138973444700241,0.017506066709757,0.019192414204608488
237,20611989325,1,0.999027567268418,-0.037623832040007,-0.00158758702496,0.022931346838137,20611989325,1,0.974425613880157,-0.175260007381439,-0.139531090855598,0.017599288374186,0.019302903264988736
238,20721989875,1,0.999018662808511,-0.037785150202741,-0.001739928812985,0.023042708872376,20721989875,1,0.974241197109222,-0.175825878977776,-0.140093937516212,0.017692690715194,0.0194198137645496
239,20801990275,1,0.999010234110063,-0.037932387009682,-0.001880297229162,0.023154926936498,20801990275,1,0.974054455757141,-0.176396712660789,-0.140661954879761,0.017786270007491,0.019542155679718842
240,20881990675,1,0.999002721966181,-0.038054758503134,-0.002003369404233,0.023267646431456,20881990675,1,0.973867833614349,-0.176964893937111,-0.141227245330811,0.01787974126637,0.019670077241236372
241,20961991075,1,0.998996228123175,-0.038150660718148,-0.002097349754374,0.023380855554189,20961991075,1,0.973683178424835,-0.17752531170845,-0.141784518957138,0.01797291636467,0.019803875543314198
242,21041991475,1,0.998990485709422,-0.038226780581509,-0.002171862087778,0.023494802052751,21041991475,1,0.973497807979584,-0.178085595369339,-0.142341688275337,0.018066078424454,0.019943707537779076
243,21121991875,1,0.998985413959566,-0.038290787550425,-0.002240120023155,0.023599579383657,21121991875,1,0.973306834697723,-0.178659528493881,-0.142916515469551,0.018149429932237,0.020091185720005234
244,21201992275,1,0.998980892506918,-0.0383402163675,-0.002294169148562,0.023705294828209,21201992275,1,0.973113536834717,-0.17923840880394,-0.143496513366699,0.018232958391309,0.020244708159232738
245,21281992675,1,0.998977115343352,-0.038370526184184,-0.002329845673173,0.023811710559387,21281992675,1,0.972919464111328,-0.179817169904709,-0.144076406955719,0.018316473811865,0.020404218488242254
246,21381993175,1,0.998974187077642,-0.038379160221779,-0.002345113209285,0.023918905854406,21381993175,1,0.972724735736847,-0.180395796895027,-0.14465619623661,0.018399976193905,0.02057031621969463
247,21461993575,1,0.998972072967868,-0.038367028326381,-0.00234071736452,0.0240268518517,21461993575,1,0.972529292106628,-0.180974289774895,-0.145235896110535,0.018483463674784,0.02074289571273069
248,21541993975,1,0.99897080221505,-0.03834030239364,-0.002310417772402,0.024125080391602,21541993975,1,0.972333371639252,-0.181551113724709,-0.145817399024963,0.018556579947472,0.020922049019705957
249,21621994375,1,0.998970326911381,-0.038293197675556,-0.002261374451919,0.024224020061472,21621994375,1,0.972136735916138,-0.182127818465233,-0.146398812532425,0.018629681318998,0.021107642256123382
250,21701994775,1,0.998970092759392,-0.038239462334358,-0.002203758760115,0.024323666253241,21701994775,1,0.971937596797943,-0.182709455490112,-0.146985396742821,0.018702961504459,0.02129785247981053
251,21781995175,1,0.99897035595324,-0.038172512073449,-0.00213148825379,0.024424250377093,21781995175,1,0.971736073493958,-0.183296039700508,-0.14757713675499,0.018776416778564,0.02149443964254849
252,21861995575,1,0.998971235747518,-0.038089410405364,-0.002041302220848,0.024525497941783,21861995575,1,0.97153377532959,-0.183882489800453,-0.148168787360191,0.018849857151508,0.02169696886070749
253,21941995975,1,0.998973063582478,-0.037981184525959,-0.001932524837656,0.024627488836552,21941995975,1,0.97133082151413,-0.184468790888786,-0.148760318756104,0.018923286348581,0.021906814259762597
254,22041996475,1,0.998975426536536,-0.037858337569664,-0.001807094388406,0.024730100332969,22041996475,1,0.971127092838287,-0.18505497276783,-0.149351730942726,0.018996698781848,0.022122341640940957
255,22121996875,1,0.998978373431516,-0.037718469801832,-0.001681310814675,0.024833438059929,22121996875,1,0.970919966697693,-0.185648620128632,-0.149950951337814,0.019070383161306,0.022343871728912945
256,22201997275,1,0.998981764076008,-0.037565653918038,-0.001542149532765,0.024937491135155,22201997275,1,0.970711231231689,-0.186244651675224,-0.150552690029144,0.019144149497151,0.022571197867896298
257,22281997675,1,0.998985378882284,-0.037407209642035,-0.001392701193125,0.025039445473142,22281997675,1,0.970500886440277,-0.186842679977417,-0.151157453656197,0.019215410575271,0.02280288056247226
258,22361998075,1,0.998989453921455,-0.037239858163076,-0.001239011725212,0.025134215079287,22361998075,1,0.970287263393402,-0.18744695186615,-0.151771485805511,0.019279185682535,0.023040144845121735
259,22441998475,1,0.998993970313384,-0.037059006242532,-0.00107343935992,0.025229448304689,22441998475,1,0.970072865486145,-0.188051074743271,-0.152385413646698,0.019342947751284,0.02328248226065166
260,22521998875,1,0.998999358506316,-0.036852999195908,-0.000887582630106,0.025324895879567,22521998875,1,0.969860374927521,-0.188647463917732,-0.152991309762001,0.019406408071518,0.023530625077731626
261,22601999275,1,0.999005173821055,-0.036633030494835,-0.000688931185283,0.02542064376347,22601999275,1,0.969648122787476,-0.189241170883179,-0.153594449162483,0.019469758495688,0.023783281164801995
262,22701999775,1,0.99901096645587,-0.03641067119041,-0.000482215997276,0.02551704120985,22701999775,1,0.96943324804306,-0.189839795231819,-0.154202744364738,0.019533285871148,0.02404056890431472
263,22782000175,1,0.999016857122038,-0.036182448659087,-0.000272384577818,0.025613968877946,22782000175,1,0.96921581029892,-0.190443322062492,-0.154816180467606,0.019596986472607,0.024302235457624444
264,22862000575,1,0.999022955292696,-0.035945304550184,-5.3872006974e-05,0.025711222780113,22862000575,1,0.968997538089752,-0.191046699881554,-0.155429497361183,0.019660670310259,0.02456811084235988
265,23042002475,1,0.999029631627141,-0.03569622003986,0.000172083930859,0.025798166464408,23042002475,1,0.968778789043427,-0.19164827466011,-0.156044736504555,0.019714016467333,0.024838431584371934
266,23122001875,1,0.999036303914614,-0.03543778566131,0.000403210631931,0.025893324028344,23122001875,1,0.968559086322784,-0.192250952124596,-0.156658306717873,0.019775088876486,0.02511248575347702
267,23202002275,1,0.999042999657454,-0.035172761442635,0.000640353567505,0.025991376170656,23202002275,1,0.968338549137115,-0.192853882908821,-0.157271236181259,0.019838722422719,0.025390021069192303
268,23312002825,1,0.999050410183676,-0.034870625420711,0.000936714243679,0.026104405011851,23312002825,1,0.968131005764008,-0.19342128932476,-0.157841503620148,0.019916394725442,0.025671547001894224
269,23392003225,1,0.999058089253408,-0.034550874983401,0.001248835963562,0.026222351991151,23392003225,1,0.96792733669281,-0.193976789712906,-0.15839746594429,0.019998736679554,0.02595569519590779
270,23472003625,1,0.999065740270005,-0.034224104903927,0.001550847722356,0.026342971237392,23472003625,1,0.967721998691559,-0.194535106420517,-0.158955454826355,0.020083736628294,0.026241765520751303
271,23552004025,1,0.999072702099212,-0.033905048914402,0.001848876647733,0.026471970713047,23552004025,1,0.967513084411621,-0.195102125406265,-0.159519657492638,0.02017674036324,0.026529955424947738
272,23632004425,1,0.999079488624101,-0.033585062291035,0.002146463555028,0.026600971706294,23632004425,1,0.967303454875946,-0.195669010281563,-0.160083755850792,0.020269729197025,0.026819822514303482
273,23712004825,1,0.999086219424638,-0.03326654574972,0.002448233853728,0.026722074033716,23712004825,1,0.967093348503113,-0.196234479546547,-0.160649299621582,0.02035497687757,0.02711169917663747
274,23792005225,1,0.999092777961577,-0.032949468676978,0.002746936846171,0.02684041499095,23792005225,1,0.966882586479187,-0.196799382567406,-0.161215260624886,0.020437635481358,0.02740444914210305
275,23872005625,1,0.999098967317343,-0.032637813183358,0.003043014416473,0.02695861122699,23872005625,1,0.966671168804169,-0.197364151477814,-0.161781117320061,0.020520277321339,0.027697403301022883
276,23972006125,1,0.999104555595939,-0.032340226741751,0.003321725403634,0.027076980298323,23972006125,1,0.966455280780792,-0.197938859462738,-0.162357360124588,0.020603286102414,0.027990170391846925
277,24052006525,1,0.999109805082972,-0.032048225753612,0.003596052450615,0.027195165377038,24052006525,1,0.966238677501678,-0.198513433337212,-0.162933498620987,0.020686278119683,0.028282810583457385
278,24132007750,1,0.999114924696641,-0.031755652608953,0.003864371279738,0.027313227755379,24132007750,1,0.966021358966827,-0.199087858200073,-0.163509517908096,0.020769257098436,0.02857606385237821
279,24212007300,1,0.999119659159585,-0.031471030790214,0.004125542000022,0.027431019030311,24212007300,1,0.965803384780884,-0.199662148952484,-0.164085417985916,0.020852219313383,0.0288682214039081
280,24292007725,1,0.999123598284577,-0.031211996869535,0.004370137368809,0.027545389844258,24292007725,1,0.965584754943848,-0.200235858559608,-0.164661735296249,0.020932596176863,0.02915472208172687
281,24372008125,1,0.999127445431518,-0.030960111507125,0.004606010728853,0.027651472765847,24372008125,1,0.965365648269653,-0.200808107852936,-0.165239542722702,0.021005243062973,0.02943991372645427
282,24452008525,1,0.999130834737021,-0.030721100172871,0.004830368867648,0.027757100325412,24452008525,1,0.965145766735077,-0.201380208134651,-0.165817216038704,0.021077875047922,0.0297223805178638
283,24562009075,1,0.999134106135895,-0.030491789364194,0.005039410648204,0.027854857345088,24562009075,1,0.964922487735748,-0.201958373188972,-0.166404262185097,0.021143063902855,0.03000460293201601
284,24642009475,1,0.999136915467617,-0.030279804449744,0.005232651792757,0.027949542886367,24642009475,1,0.964697539806366,-0.202538475394249,-0.166994363069534,0.021205762401223,0.030283382277806803
285,24722009875,1,0.99913911524807,-0.030090446586505,0.005397656438098,0.028043871175442,24722009875,1,0.964468955993652,-0.203125953674316,-0.167592197656631,0.021268729120493,0.030557337570038645
286,24802010275,1,0.999140881194028,-0.029916279177633,0.00554773535826,0.028137846388501,24802010275,1,0.964238584041595,-0.203715801239014,-0.168192535638809,0.021331774070859,0.030828250171596294
287,24882010675,1,0.999142262708842,-0.029754780041566,0.005690103304192,0.028231448034427,24882010675,1,0.964007556438446,-0.204305484890938,-0.168792754411697,0.021394804120064,0.03109668593633319
288,24962011075,1,0.999143269874979,-0.029607616085447,0.005817046182766,0.028324500118774,24962011075,1,0.963775753974915,-0.20489501953125,-0.169392839074135,0.021457815542817,0.031361072740211715
289,25042011475,1,0.999143902702194,-0.029474865624978,0.005930111850124,0.028417032970811,25042011475,1,0.963543176651001,-0.205484390258789,-0.169992789626122,0.021520812064409,0.03162160389814561
290,25122011875,1,0.999144186883797,-0.029355884437447,0.006029832194094,0.028509068538307,25122011875,1,0.96330988407135,-0.206073597073555,-0.170592606067657,0.021583791822195,0.031878367448871625
291,25222012375,1,0.999144101283849,-0.029251964942631,0.006115155760087,0.028600564447468,25222012375,1,0.963075876235962,-0.206662654876709,-0.171192303299904,0.021646754816175,0.03213088862806812
292,25302012775,1,0.999143826531437,-0.029157896793419,0.006180993133297,0.028691920162117,25302012775,1,0.962839126586914,-0.207256570458412,-0.17179711163044,0.021709889173508,0.0323810433969931
293,25382013175,1,0.999143062042122,-0.029084497953052,0.00622706285327,0.028782933139855,25382013175,1,0.962599575519562,-0.207855328917503,-0.172407016158104,0.02177319675684,0.032626837565974176
294,25462013575,1,0.999142010298311,-0.02902400962337,0.006258867602777,0.028873460110682,25462013575,1,0.962359249591827,-0.208453923463821,-0.173016801476479,0.02183648571372,0.03286867040728958
295,25542013975,1,0.999140624905154,-0.028989100805698,0.006276158351264,0.028952608431131,25542013975,1,0.96211838722229,-0.209050521254539,-0.173628658056259,0.021889505907893,0.0331042093828271
296,25622014375,1,0.999138975389719,-0.028966592082182,0.006279328588719,0.029031266469136,25622014375,1,0.961876809597015,-0.209646940231323,-0.174240380525589,0.02194250933826,0.03333572637629134
297,25822015575,1,0.999136708173395,-0.028970056961705,0.006261291452959,0.029109627435075,25822015575,1,0.96163135766983,-0.210250705480576,-0.174859836697578,0.021995777264237,0.03356239542711614
298,25902015775,1,0.999133808060831,-0.028978959209389,0.006249899859197,0.029202607156769,25902015775,1,0.961391985416412,-0.210839584469795,-0.175457432866096,0.022063734009862,0.033783125681926096
299,25982016175,1,0.999130556319962,-0.028983045359314,0.006246957728577,0.029310237607386,25982016175,1,0.961159765720367,-0.211411103606224,-0.176030591130257,0.022146282717586,0.03399911381131793
300,26062016575,1,0.999126877591818,-0.029004917766816,0.006230629043891,0.029417282007037,26062016575,1,0.96092689037323,-0.21198245882988,-0.176603630185127,0.022228816524148,0.0342100229841259
301,26142016975,1,0.999122978816478,-0.029026450468676,0.006203253590057,0.029534014609845,26142016975,1,0.96069723367691,-0.212545543909073,-0.177163794636726,0.022321196272969,0.03441563285363447
302,26222017375,1,0.999118645968114,-0.029065650702421,0.006163202173004,0.029650196745758,26222017375,1,0.960466861724854,-0.213108494877815,-0.177723854780197,0.022413559257984,0.034616294148587023
303,26302017775,1,0.99911396757855,-0.029124186526837,0.006111658321923,0.029760866606243,26302017775,1,0.960233926773071,-0.213675335049629,-0.178290158510208,0.022500978782773,0.03481375120696839
304,26382018175,1,0.999108979435215,-0.02920270435096,0.006039858320306,0.029865856458226,26382018175,1,0.959998309612274,-0.214246079325676,-0.178862690925598,0.022583456709981,0.035006334746397805
305,26492018725,1,0.999103339245014,-0.029300027937724,0.005969562192514,0.029973157984107,26492018725,1,0.959761917591095,-0.214817136526108,-0.179434537887573,0.022668473422527,0.035196215051075175
306,26572019125,1,0.999097127128656,-0.02941061249235,0.005887416083599,0.030087950544186,26572019125,1,0.959524691104889,-0.215389490127563,-0.18000453710556,0.022761143743992,0.035381826318605536
307,26652019525,1,0.999090529351329,-0.029535188825025,0.005797142400153,0.03020231649302,26652019525,1,0.95928680896759,-0.215961664915085,-0.180574417114258,0.02285379730165,0.03556374366725368
308,26732019925,1,0.999084151941342,-0.029665942443486,0.005672841947646,0.030308547685868,26732019925,1,0.959045171737671,-0.216539740562439,-0.181153729557991,0.022939054295421,0.03574171949580507
309,26812020325,1,0.999077397369683,-0.02981251268077,0.005539518307856,0.030411870866421,26812020325,1,0.958801865577698,-0.217119663953781,-0.181736096739769,0.023021832108498,0.03591643826046642
310,26892020725,1,0.999070240367826,-0.029971960704158,0.005401738638826,0.030514875103806,26892020725,1,0.958557844161987,-0.21769942343235,-0.182318344712257,0.023104595020413,0.036088307878013426
311,26972021125,1,0.999062859335396,-0.030139102257832,0.005253909013377,0.030617544835489,26972021125,1,0.95831310749054,-0.218279018998146,-0.182900443673134,0.023187339305878,0.03625723590633956
312,27082021675,1,0.999055295515298,-0.030314598384924,0.005098229122514,0.030717253904209,27082021675,1,0.958067774772644,-0.218857958912849,-0.183482989668846,0.023267515003681,0.03642344917837248
313,27162022050,1,0.999047747546075,-0.030495439934794,0.004947740277584,0.030808215340117,27162022050,1,0.957826137542725,-0.219425335526466,-0.18405669927597,0.02333964034915,0.03658609468599361
314,27242022475,1,0.99903997961865,-0.030682669623435,0.004790564925469,0.030898922247246,27242022475,1,0.957583844661713,-0.219992533326149,-0.184630274772644,0.023411750793457,0.0367465825774117
315,27322022875,1,0.999031958791287,-0.030877805403291,0.004620600384614,0.030989619216883,27322022875,1,0.957338690757751,-0.220564559102058,-0.185208946466446,0.023484032601118,0.036905518312073116
316,27402023275,1,0.999023530355109,-0.031085093317688,0.004440525453778,0.031080291246067,27402023275,1,0.957090735435486,-0.221141397953033,-0.185792699456215,0.023556483909488,0.03706250845372028
317,27482023675,1,0.99901489035623,-0.031297235815984,0.004256041978764,0.031170787341414,27482023675,1,0.956842005252838,-0.221718072891235,-0.186376318335533,0.023628920316696,0.037218119606542754
318,27562024075,1,0.999005320566956,-0.031538813337475,0.00404615705939,0.03126181928851,27562024075,1,0.956583857536316,-0.222314462065697,-0.186980694532394,0.023702088743448,0.037371685273539956
319,27642024475,1,0.998995571687331,-0.031782949397437,0.003833689152727,0.031352746357887,27642024475,1,0.956324994564056,-0.222910672426224,-0.187584906816483,0.023775240406394,0.037524529855144095
320,27742024975,1,0.998986119973769,-0.03202395738737,0.003607135813647,0.03143543898577,27742024975,1,0.956065535545349,-0.223505213856697,-0.188190758228302,0.023840732872486,0.03767566448072002
321,27822025375,1,0.998976564208092,-0.032267268003754,0.003380103816999,0.031515432358712,27822025375,1,0.955805361270905,-0.224099069833755,-0.188797056674957,0.023903658613563,0.0378265989159432
322,27902025775,1,0.998966915235815,-0.032510274250412,0.003149344022565,0.031595347199077,27902025775,1,0.955544471740723,-0.22469274699688,-0.189403206110001,0.023966565728188,0.03797712775725215
323,27982026175,1,0.998957192444442,-0.032752086820409,0.002916792668564,0.031675239430122,27982026175,1,0.955282807350159,-0.225286245346069,-0.190009206533432,0.024029454216361,0.038127852856919886
324,28062041250,1,0.998947422978101,-0.032991796436964,0.002683073933349,0.031755135136558,28062041250,1,0.955020368099213,-0.225879564881325,-0.19061504304409,0.024092324078083,0.038279071018301525
325,28142026975,1,0.998937841040546,-0.033228486120001,0.002464027106857,0.031827441270743,28142026975,1,0.954757392406464,-0.226471185684204,-0.191222548484802,0.024147544056177,0.03843404006452589
326,28222027375,1,0.998928362174565,-0.033461341564111,0.002244773624422,0.031897129264971,28222027375,1,0.954493701457977,-0.227062121033669,-0.19183050096035,0.024200202897191,0.03859006595733094
327,28302027775,1,0.998918861286847,-0.033691929653537,0.002022043151556,0.031966760597581,28302027775,1,0.954229235649109,-0.227652877569199,-0.192438304424286,0.024252841249108,0.038746187567823664
328,28512030500,1,0.998909447710418,-0.033916326826969,0.001804139395601,0.03203659049391,28512030500,1,0.953964054584503,-0.228243455290794,-0.19304595887661,0.024305460974574,0.03890473119320659
329,28592029225,1,0.998900114013157,-0.034134992943906,0.001590732734654,0.03210660446991,28592029225,1,0.953698098659515,-0.228833839297295,-0.193653449416161,0.024358062073588,0.03906561524165397
330,28672029625,1,0.998890896708695,-0.034347018763327,0.001382284845101,0.032176824939354,28672029625,1,0.95343142747879,-0.229424059391022,-0.194260790944099,0.024410642683506,0.03922906075383337
331,28752030025,1,0.998882525204895,-0.034501153562766,0.001240723405443,0.032277420103886,28752030025,1,0.953185796737671,-0.229970827698708,-0.194808572530746,0.024491803720593,0.03939627684157432
332,28832030425,1,0.998874338476241,-0.034648035575028,0.001104350110823,0.032378233047481,28832030425,1,0.952939569950104,-0.230517446994781,-0.195356234908104,0.024572947993875,0.03956625379697798
333,28912030825,1,0.998866080034672,-0.034795441989818,0.000962668539367,0.03247929559248,28912030825,1,0.952690422534943,-0.231068849563599,-0.195908963680267,0.024654265493155,0.0397375516246492
334,29022031375,1,0.998857865486283,-0.034939571398966,0.000823649141052,0.032580861080315,29022031375,1,0.952438354492188,-0.231625035405159,-0.196466758847237,0.024735750630498,0.03991248638449896
335,29102031775,1,0.998849610435461,-0.03508230125716,0.000709313147084,0.032683095726822,29102031775,1,0.95218563079834,-0.232181072235107,-0.197024434804916,0.024817219004035,0.0400929557699935
336,29182032175,1,0.998841607840694,-0.035216285835995,0.000601174683059,0.032785579865785,29182032175,1,0.951932191848755,-0.232736945152283,-0.197581961750984,0.024898670613766,0.040276852072668845
337,29262032575,1,0.998833808670239,-0.035342872564503,0.000504309722757,0.032888443075008,29262032575,1,0.951678156852722,-0.233292654156685,-0.198139354586601,0.02498010545969,0.040464816242988366
338,29342032975,1,0.998826215613062,-0.035462218232076,0.000401949131045,0.03299182503356,29342032975,1,0.9514200091362,-0.233855605125427,-0.198704421520233,0.025061804801226,0.04065674870272995
339,29422033375,1,0.998818758748808,-0.035576177318322,0.00030911650781,0.033095728212132,29422033375,1,0.95116001367569,-0.234420850872993,-0.199271932244301,0.025143576785922,0.040853191271390754
340,29502033775,1,0.998811628517946,-0.035682287673471,0.000216489448211,0.033197262176799,29502033775,1,0.950898230075836,-0.234987869858742,-0.199842527508736,0.025222893804312,0.04105281827107621
341,29582034175,1,0.998804812875373,-0.035785538486234,0.000126136885841,0.033291516963442,29582034175,1,0.950632512569427,-0.23556050658226,-0.200422659516335,0.025294875726104,0.04125718750151097
342,29682034675,1,0.99879834722562,-0.035877921137951,4.4875308329e-05,0.033386139944518,29682034675,1,0.950366079807281,-0.236132979393005,-0.201002642512321,0.025366837158799,0.041466089096688585
343,29762035075,1,0.998792438305795,-0.035943975296731,-5.674468902e-06,0.033491727199915,29762035075,1,0.950103342533112,-0.236697569489479,-0.201569572091103,0.025448530912399,0.04168265522311587
344,29842035475,1,0.998786891065864,-0.035999172912608,-4.7477450648e-05,0.033597671503926,29842035475,1,0.949839890003204,-0.237261980772018,-0.202136352658272,0.025530207902193,0.04190378172472553
345,29922035875,1,0.998781566419281,-0.036052339186461,-8.957002772e-05,0.033698715071088,29922035875,1,0.949573576450348,-0.237830072641373,-0.202709436416626,0.025606993585825,0.04212800596444022
346,30002036275,1,0.998776659301818,-0.036097928944509,-0.000125403765859,0.033795097776337,30002036275,1,0.949304401874542,-0.238401845097542,-0.203288853168488,0.025678887963295,0.042357794253411796
347,30082036675,1,0.998772137645183,-0.036132177288066,-0.00015096677547,0.033891887482518,30082036675,1,0.949034452438354,-0.238973423838615,-0.203868106007576,0.025750763714314,0.042592681824966894
348,30162037075,1,0.998767813741955,-0.036169969826181,-0.000178706634243,0.033978751887433,30162037075,1,0.948759377002716,-0.239552482962608,-0.204460129141808,0.025812884792686,0.04283143719388838
349,30262037575,1,0.998763890978069,-0.036196096670846,-0.000196057551131,0.034066027440527,30262037575,1,0.94848358631134,-0.240131378173828,-0.205052003264427,0.025874987244606,0.043075364209657074
350,30342037975,1,0.998760132945101,-0.036209584660511,-0.00020299894094,0.034161697990992,30342037975,1,0.948206841945648,-0.240711703896523,-0.205641806125641,0.025944644585252,0.043324679476231864
351,30422038375,1,0.998756632486839,-0.036212885596347,-0.000199967488799,0.034260414377798,30422038375,1,0.947929322719574,-0.241292417049408,-0.20623080432415,0.026016810908914,0.04357882093261001
352,30502038775,1,0.998753561467639,-0.036206398616938,-0.000192370591565,0.034356704563354,30502038775,1,0.947651088237762,-0.241872385144234,-0.206820294260979,0.026086430996656,0.04383674265767046
353,30582039175,1,0.998751127457821,-0.036189344963151,-0.000175215172707,0.034445406261392,30582039175,1,0.947372376918793,-0.242450505495071,-0.207411557435989,0.026148460805416,0.044099609442698084
354,30662039575,1,0.99874904157929,-0.036162152767267,-0.000149757092443,0.034534449821863,30662039575,1,0.947092950344086,-0.243028447031975,-0.208002656698227,0.026210468262434,0.04436707775487592
355,30742039975,1,0.998747580281386,-0.036117059122407,-0.000115966920037,0.034623914771425,30742039975,1,0.946812808513641,-0.243606209754944,-0.208593592047691,0.026272457093,0.044640813365639964
356,30822040375,1,0.998746431832973,-0.036062694446068,-7.4333974415e-05,0.034713706869984,30822040375,1,0.946531891822815,-0.244183778762817,-0.209184378385544,0.026334427297115,0.04491901032762824
357,30932040925,1,0.998745398275082,-0.03600416321436,-2.5423424933e-05,0.034804152183765,30932040925,1,0.94624787569046,-0.244766071438789,-0.209780186414719,0.026396561414003,0.04520264766975857
358,31012041325,1,0.998744541817603,-0.035939824572809,2.527372867e-05,0.034895107973182,31012041325,1,0.945960700511932,-0.245353057980537,-0.210381001234055,0.02645886130631,0.045491000017740424
359,31092041725,1,0.998744018985031,-0.035865428075785,8.4280492925e-05,0.034986404607614,31092041725,1,0.945672750473022,-0.24593985080719,-0.210981652140617,0.026521140709519,0.04578416079597303
360,31272043150,1,0.998743705071735,-0.035784035279618,0.000137609922601,0.035078418752837,31272043150,1,0.945379197597504,-0.246536239981651,-0.211592495441437,0.026583772152662,0.04608301651983682
361,31352043025,1,0.998743655616476,-0.035686988771388,0.000218141562793,0.035178141118135,31352043025,1,0.945091962814331,-0.247119456529617,-0.212185651063919,0.026653375476599,0.04638511920043531
362,31432043400,1,0.998744040525771,-0.035574190317984,0.000310629332767,0.035280618006138,31432043400,1,0.944806396961212,-0.24769814312458,-0.212772831320763,0.026725290343165,0.046691789422362295
363,31512043825,1,0.998745264950164,-0.035433744754752,0.000427116521594,0.035385915895433,31512043825,1,0.944524943828583,-0.24826742708683,-0.21334882080555,0.026799328625202,0.04700594609901254
364,31612044325,1,0.998747477918283,-0.035256346002484,0.000582105995682,0.035498261521273,31612044325,1,0.944257378578186,-0.248808905482292,-0.21389165520668,0.026879778131843,0.04732355400028854
365,31692044725,1,0.998749893392332,-0.035070835561096,0.000743443671653,0.035610872403799,31692044725,1,0.943989157676697,-0.249350219964981,-0.214434325695038,0.026960210874677,0.047645352058352186
366,31772045125,1,0.998751938947417,-0.034883075351141,0.000901485777177,0.035734056951531,31772045125,1,0.943720042705536,-0.249893665313721,-0.214974209666252,0.02705068141222,0.04796788356970738
367,31852045525,1,0.998754129362572,-0.034688571018322,0.001064903849051,0.035857469259706,31852045525,1,0.943450272083282,-0.250436931848526,-0.215513959527016,0.027141133323312,0.048294134903752006
368,31932045925,1,0.998756163264341,-0.034501546823688,0.001227714295731,0.035975857541877,31932045925,1,0.943177580833435,-0.250983774662018,-0.216060057282448,0.0272267293185,0.048622004722136514
369,32012046325,1,0.99875827975931,-0.034315388475719,0.001386427895,0.036089202591295,32012046325,1,0.942901849746704,-0.251534163951874,-0.216612502932549,0.027307469397783,0.048952290835306056
370,32092046725,1,0.998760374635353,-0.034127592736968,0.001546811502457,0.036202608281794,32092046725,1,0.942625463008881,-0.252084374427795,-0.217164814472198,0.02738818898797,0.04928439571407717
371,32192047225,1,0.998762249605898,-0.033943576400934,0.001703676062868,0.036316661068329,32192047225,1,0.942343473434448,-0.252644181251526,-0.217727303504944,0.027469260618091,0.04962061047016164
372,32272047625,1,0.998764054871935,-0.033759485847771,0.001860807275036,0.036430717908777,32272047625,1,0.942060768604279,-0.253203779459,-0.218289628624916,0.027550313621759,0.049958054628927884
373,32352048025,1,0.998765710727715,-0.033585823832168,0.002018844405704,0.036537265624868,32352048025,1,0.94177383184433,-0.253768771886826,-0.21886157989502,0.027624100446701,0.05029809460706314
374,32432048425,1,0.998767327874076,-0.033414295283988,0.002174534609784,0.036641247811488,32432048425,1,0.941484987735748,-0.254335403442383,-0.21943661570549,0.027695449069142,0.05063949299672643
375,32512048825,1,0.998768906856141,-0.033244244242123,0.002306849930741,0.036744650842762,32512048825,1,0.941195487976074,-0.254901885986328,-0.220011487603188,0.027766779065132,0.05097644366386034
376,32592049225,1,0.998770360043169,-0.033076014227812,0.002441735544887,0.036848108629469,32592049225,1,0.940905272960663,-0.255468159914017,-0.220586210489273,0.02783808670938,0.05131466561425324
377,32672049625,1,0.998771690419061,-0.032910294674937,0.002571945303257,0.036951427837321,32672049625,1,0.940614402294159,-0.256034255027771,-0.221160754561424,0.027909373864532,0.051652322757925084
378,32752050025,1,0.998772540126548,-0.032756695764829,0.002711880928136,0.037054792855523,32752050025,1,0.940322816371918,-0.256600141525269,-0.221735149621964,0.027980642393231,0.051990521799626155
379,32852050525,1,0.998773255547813,-0.032606354366591,0.002845534199669,0.037157941176302,32852050525,1,0.940030515193939,-0.257165849208832,-0.222309365868568,0.028051888570189,0.05232765969328357
380,32932050925,1,0.998774151359609,-0.032455409017142,0.002975633244733,0.037255692292791,32932050925,1,0.939737677574158,-0.257730185985565,-0.22288478910923,0.02811810746789,0.052665223806534156
381,33012051325,1,0.998774988104121,-0.032311448271209,0.003102341055567,0.037347944096097,33012051325,1,0.939444303512573,-0.258293122053146,-0.22346143424511,0.028179300948977,0.05300151670800135
382,33092051725,1,0.998775616866692,-0.032173127060319,0.003225224654159,0.037440018344671,33092051725,1,0.939150214195251,-0.258855909109116,-0.224037900567055,0.028240472078323,0.05333671020027064
383,33172052125,1,0.998775945627299,-0.03204425663497,0.003338459437438,0.037531729797483,33172052125,1,0.938855409622192,-0.259418487548828,-0.224614202976227,0.028301622718573,0.053668584405424435
384,33252052500,1,0.998776056034482,-0.031921744570694,0.003447287599985,0.037623241805717,33252052500,1,0.938559949398041,-0.259980857372284,-0.225190341472626,0.028362752869725,0.05399895002829491
385,33332052925,1,0.998776078545082,-0.031802867039724,0.00353879770047,0.037714711784613,33332052925,1,0.938261210918427,-0.260547876358032,-0.225771471858025,0.028424046933651,0.05432793246622447
386,33412053275,1,0.99877569031127,-0.031697357889243,0.003618702282638,0.037806123047433,33412053275,1,0.93795919418335,-0.261119574308395,-0.226357564330101,0.028485503047705,0.054654551948426056
387,33512053825,1,0.998775097800135,-0.031596981852723,0.003702844156965,0.037897542100758,33512053825,1,0.937656402587891,-0.261691063642502,-0.226943492889404,0.028546938672662,0.054981964589836396
388,33592054225,1,0.998774317603924,-0.031503138322656,0.003778364537868,0.037988665836782,33592054225,1,0.937352895736694,-0.262262344360352,-0.227529242634773,0.028608353808522,0.05530680952403988
389,33672054625,1,0.998773339448609,-0.031415827218118,0.003848259375758,0.038079562847422,33672054625,1,0.937048673629761,-0.262833416461945,-0.228114828467369,0.028669744729996,0.05562975149533134
390,33752055025,1,0.99877215599005,-0.031346804037306,0.003897919396208,0.038162344267818,33752055025,1,0.936740100383759,-0.263409733772278,-0.228710040450096,0.028723906725645,0.05594833871689586
391,33932057075,1,0.998770333894976,-0.031294661281267,0.003947041243941,0.038247681917055,33932057075,1,0.9364293217659,-0.263988882303238,-0.229306951165199,0.028780629858375,0.056265022594701786
392,34012056325,1,0.998768102863993,-0.031249985742582,0.003988719559502,0.038338038666901,34012056325,1,0.936117649078369,-0.264569014310837,-0.229902267456055,0.028842320665717,0.056579031313403916
393,34112056825,1,0.998766258898474,-0.031185888236631,0.004036210238779,0.038433181858211,34112056825,1,0.935811758041382,-0.265138119459152,-0.230483144521713,0.02890851162374,0.056893455970380424
394,34192057200,1,0.998764551651888,-0.031094596799232,0.004119087806924,0.038542567754812,34192057200,1,0.935524463653564,-0.265674442052841,-0.231021091341972,0.028988253325224,0.05720460328678911
395,34272057625,1,0.998762642025723,-0.031010250316238,0.004194761712124,0.038651691338162,34272057625,1,0.935236573219299,-0.266210615634918,-0.231558874249458,0.029067974537611,0.057513199304881635
396,34352058025,1,0.998760162387871,-0.030946288775834,0.004251569036632,0.038760668191918,34352058025,1,0.934944093227386,-0.266753852367401,-0.23210421204567,0.029147952795029,0.057817056831650726
397,34432058425,1,0.998757419781989,-0.03089182405741,0.004298344558955,0.038869472222839,34432058425,1,0.934649586677551,-0.267299324274063,-0.232651948928833,0.029228003695607,0.05811836787452085
398,34512058825,1,0.998754338821145,-0.030849240401008,0.004337794896099,0.038977924368252,34512058825,1,0.934354484081268,-0.267844587564468,-0.233199536800385,0.029308035969734,0.05841580830605109
399,34592059225,1,0.99875102979448,-0.03081514909688,0.004368884019159,0.039086057911111,34592059225,1,0.934058725833893,-0.268389701843262,-0.233746960759163,0.029388045892119,0.05870996750426605
400,34672059625,1,0.998747466077838,-0.030790451345976,0.004391826047645,0.039193863970985,34672059625,1,0.933762311935425,-0.268934607505798,-0.234294220805168,0.029468037188053,0.05900065230855833
401,34772060125,1,0.998743580141689,-0.030778343155879,0.004401324229856,0.039301183994426,34772060125,1,0.933465242385864,-0.269479304552078,-0.2348413169384,0.029548006132245,0.05928579652554167
402,34852060525,1,0.998739447008233,-0.030775407214162,0.004402954770583,0.039408188105766,34852060525,1,0.933167576789856,-0.270023852586746,-0.235388249158859,0.029627956449986,0.05956745610359504
403,34932060925,1,0.998734982484731,-0.030784225897528,0.004395064521614,0.039515181955349,34932060925,1,0.932866513729095,-0.270573019981384,-0.235940158367157,0.029708070680499,0.05984725018207815
404,35012061325,1,0.998730118431488,-0.03080792307317,0.004372505892662,0.03962200911062,35012061325,1,0.932562112808228,-0.27112677693367,-0.236497014760971,0.029788346961141,0.060123088179425466
405,35092061725,1,0.998725017297134,-0.030840363312482,0.004342314432603,0.039728530314644,35092061725,1,0.932257056236267,-0.271680384874344,-0.237053707242012,0.029868602752686,0.06039555965500221
406,35172062125,1,0.998719577492124,-0.030884834046047,0.00430464039114,0.039834691300471,35172062125,1,0.931951284408569,-0.272233754396439,-0.23761023581028,0.029948836192489,0.06066393663984637
407,35252062525,1,0.998713914842017,-0.030937394027437,0.004259751289731,0.03994056172205,35252062525,1,0.931644916534424,-0.272786945104599,-0.238166585564613,0.030029049143195,0.06092909428827076
408,35332062925,1,0.998708482692482,-0.030991325930476,0.004199923566799,0.040040791165814,35332062925,1,0.931338012218475,-0.273338675498962,-0.23872421681881,0.030104279518127,0.061190923256462026
409,35432063425,1,0.998703012910582,-0.031054021314937,0.004133592914985,0.040135435379599,35432063425,1,0.931030571460724,-0.273888945579529,-0.239283129572868,0.03017452545464,0.061449641348944706
410,35512063800,1,0.998697248780262,-0.031125644593369,0.004066668411542,0.040230109811094,35512063800,1,0.93072110414505,-0.274441421031952,-0.239844441413879,0.030244844034314,0.06170784219273295
411,35592064225,1,0.998691105824706,-0.031210871220371,0.003983411966685,0.040324795019873,35592064225,1,0.930406868457794,-0.275000870227814,-0.240413248538971,0.030315414071083,0.06196312107963453
412,35672064600,1,0.998684792285837,-0.031301674685343,0.003895179893427,0.040419282434067,35672064600,1,0.930091977119446,-0.275560140609741,-0.240981891751289,0.030385963618755,0.06221628212002106
413,35752065025,1,0.998678386106852,-0.031407521043563,0.003791481309923,0.04050522700082,35752065025,1,0.929776549339294,-0.276117265224457,-0.241552546620369,0.030449060723186,0.062462593297129
414,35832065425,1,0.998671943408616,-0.031517649522176,0.003684027978774,0.040588362308769,35832065425,1,0.92946058511734,-0.276673525571823,-0.242123752832413,0.03050965629518,0.06270734562425484
415,35912065800,1,0.998665385501309,-0.031631350385937,0.003570677910644,0.040671313398303,35912065800,1,0.929143905639648,-0.277229607105255,-0.242694780230522,0.030570231378078,0.06295024987824827
416,36022066375,1,0.998658243863516,-0.031761778932873,0.003457013938126,0.040754759440955,36022066375,1,0.9288210272789,-0.277795046567917,-0.243275865912437,0.030631149187684,0.06319460211913452
417,36102066775,1,0.998650946667668,-0.03189677576403,0.003337726718526,0.040837996963402,36102066775,1,0.928497433662415,-0.278360277414322,-0.243856742978096,0.030692044645548,0.06343688908472644
418,36182067175,1,0.998643578202303,-0.032033686005086,0.003211611005397,0.040921048752174,36182067175,1,0.928173065185547,-0.27892529964447,-0.244437456130981,0.03075291775167,0.06367751990207426
419,36262067575,1,0.998636051472941,-0.032174304193979,0.003085394100363,0.041004038720741,36262067575,1,0.927848041057587,-0.279490083456039,-0.24501796066761,0.03081376478076,0.0639175851131576
420,36342067975,1,0.998628412883405,-0.032317891539299,0.00294861049381,0.041087133808318,36342067975,1,0.927519500255585,-0.280059456825256,-0.245603397488594,0.030874773859978,0.06415737518138631
421,36422068350,1,0.99862050695429,-0.032468595749892,0.002805921492429,0.041170379946821,36422068350,1,0.927187442779541,-0.280633360147476,-0.246193736791611,0.030935941264033,0.06439699056679293
422,36502068775,1,0.998612546616751,-0.032619535015317,0.002662342503929,0.041253601144439,36502068775,1,0.926854610443115,-0.281207054853439,-0.246783897280693,0.030997084453702,0.06463679564990032
423,36702070250,1,0.998605136823095,-0.032765095242092,0.002522302445079,0.041326350367294,36702070250,1,0.926521420478821,-0.281777918338776,-0.247376844286919,0.031048329547048,0.06487931487575038
424,36782070175,1,0.998597644990187,-0.032884676651744,0.002409487510053,0.041419027408922,36782070175,1,0.926203727722168,-0.282325208187103,-0.247933000326157,0.03111819177866,0.06511947176306099
425,36862070575,1,0.998590187381982,-0.033001962574206,0.002298058748256,0.041511770097873,36862070575,1,0.925885438919067,-0.282872289419174,-0.24848897755146,0.03118803165853,0.06536091721556181
426,36942070975,1,0.998582432953025,-0.0331130228497,0.002198637841115,0.041615121134227,36942070975,1,0.92556893825531,-0.283417046070099,-0.24903666973114,0.031267527490854,0.06560466215054728
427,37022071375,1,0.998574422489924,-0.033217257450609,0.002105185560537,0.041728943793605,37022071375,1,0.925254285335541,-0.2839595079422,-0.249576061964035,0.031356681138277,0.06584930302099967
428,37102071775,1,0.998566439927039,-0.03331945960158,0.002013771681733,0.041842841525303,37102071775,1,0.924939036369324,-0.284501761198044,-0.250115305185318,0.031445812433958,0.06609536733676324
429,37182072150,1,0.998558028475477,-0.033433152553612,0.001917654237516,0.041957248238193,37182072150,1,0.924617409706116,-0.285053342580795,-0.250664532184601,0.031535290181637,0.06634318428526209
430,37262072550,1,0.998549676314406,-0.033543761606447,0.001824170360791,0.042071752901195,37262072550,1,0.92429518699646,-0.28560471534729,-0.251213610172272,0.031624741852283,0.06659283181756515
431,37362073075,1,0.998541362066947,-0.033651623932606,0.001746561375433,0.042186087416912,37362073075,1,0.923976540565491,-0.286148756742477,-0.251754850149155,0.031713899224997,0.06684365628746003
432,37442073475,1,0.998533192313399,-0.033753934995283,0.001675607528234,0.04230044988127,37442073475,1,0.923658668994904,-0.286690205335617,-0.2522933781147,0.03180294111371,0.06709670405292578
433,37522073875,1,0.998524953091011,-0.033861323963282,0.001595685816848,0.042412057021817,37522073875,1,0.923338830471039,-0.287233173847198,-0.252835035324097,0.031889595091343,0.06734798401860731
434,37602074250,1,0.99851682114869,-0.033974192361368,0.001513169375536,0.042516143462799,37602074250,1,0.923014283180237,-0.287781059741974,-0.253386437892914,0.031969122588634,0.06760179579803827
435,37682074675,1,0.998508700436253,-0.034085584906426,0.001433865192963,0.04262032479113,37682074675,1,0.922689080238342,-0.28832870721817,-0.253937661647797,0.032048627734184,0.0678572624047249
436,37762075075,1,0.998501336094741,-0.034173075698403,0.001372811291982,0.042724677921378,37762075075,1,0.922367513179779,-0.288869053125381,-0.254481077194214,0.03212783113122,0.06811996495920147
437,37842075475,1,0.998494076987314,-0.034256607883262,0.001317718453916,0.042829039863865,37842075475,1,0.922046780586243,-0.289406806230545,-0.255021780729294,0.032206926494837,0.06838431056750549
438,37942075975,1,0.998486813264331,-0.034342703519123,0.001263716279993,0.042930938417438,37942075975,1,0.921724081039429,-0.28994607925415,-0.255565613508224,0.032283633947372,0.06865012310310015
439,38022076375,1,0.998479805855687,-0.034430217207677,0.001206593883878,0.043025359645468,38022076375,1,0.921396553516388,-0.290490210056305,-0.256119221448898,0.032353226095438,0.06891952979761196
440,38102076775,1,0.998472935696417,-0.034512762504382,0.001154728429088,0.043119978065266,38102076775,1,0.921068429946899,-0.29103410243988,-0.256672620773315,0.032422799617052,0.06919202667932034
441,38182077150,1,0.998465877692141,-0.034600285989302,0.001087101349255,0.043214922244251,38182077150,1,0.92073380947113,-0.291587263345718,-0.257236003875732,0.032492712140083,0.06946517768123173
442,38262077575,1,0.998458976756095,-0.034682198364567,0.001025609682629,0.04331010247681,38262077575,1,0.920398473739624,-0.2921402156353,-0.257799208164215,0.032562602311373,0.06974192851418282
443,38342077975,1,0.998452233820675,-0.034758698538676,0.000967789306342,0.043405449407423,38342077975,1,0.920062482357025,-0.292692959308624,-0.258362203836441,0.03263246640563,0.07002154620745837
444,38422078375,1,0.998445672195709,-0.034829157870919,0.000913701474551,0.043500972233692,38422078375,1,0.919725775718689,-0.29324546456337,-0.25892499089241,0.032702308148146,0.07030428499387142
445,38502078775,1,0.998439296436453,-0.034893486969296,0.000863516259762,0.043596676917787,38502078775,1,0.91938841342926,-0.293797791004181,-0.259487628936768,0.032772123813629,0.07059016604483193
446,38612079325,1,0.998432993763084,-0.034967613615668,0.000814893204479,0.043682478322273,38612079325,1,0.91904479265213,-0.294356524944305,-0.260063320398331,0.032832488417625,0.07088013040941543
447,38692079725,1,0.998426906719941,-0.035034849446573,0.000770181099078,0.043768459911005,38692079725,1,0.918700456619263,-0.294915080070496,-0.260638803243637,0.03289282694459,0.0711735101680987
448,38772080125,1,0.99842093420956,-0.035087991860099,0.000730406164116,0.043862711568838,38772080125,1,0.918355226516724,-0.295475453138351,-0.261211752891541,0.03296047821641,0.0714723312356369
449,38852080525,1,0.998414999270861,-0.035135926555693,0.000697204379358,0.043959865810679,38852080525,1,0.918009161949158,-0.296036332845688,-0.261783719062805,0.033030554652214,0.07177487039841646
450,38932080925,1,0.998409545157119,-0.035176282716173,0.000665930590356,0.044051853648573,38932080925,1,0.917662560939789,-0.296595573425293,-0.262357026338577,0.033095713704824,0.07208059421412838
451,39012081300,1,0.998405039916878,-0.035208977638409,0.000640396760365,0.044128154892583,39012081300,1,0.917315781116486,-0.297150373458862,-0.262934893369675,0.033146183937788,0.0723906427986507
452,39092081725,1,0.998400784963121,-0.035233974873156,0.000620125155784,0.04420469482365,39092081725,1,0.916968286037445,-0.297704964876175,-0.263512581586838,0.033196628093719,0.07270477814851684
453,39172082125,1,0.998396324209578,-0.035253879177369,0.000597417553961,0.04428980582502,39172082125,1,0.91661536693573,-0.298268496990204,-0.26409524679184,0.033254645764828,0.07302439871469246
454,39272082625,1,0.998391899091788,-0.035268724603427,0.000577424194315,0.044377916513065,39272082625,1,0.916260123252869,-0.29883486032486,-0.264679461717606,0.033315170556307,0.073348165560159
455,39442084700,1,0.998388158972141,-0.035273163658789,0.000570699358416,0.0444585453199,39442084700,1,0.915904402732849,-0.299398869276047,-0.265265822410583,0.033368349075317,0.07367902302088647
456,39522083875,1,0.998384824179019,-0.035268916320996,0.000568930023899,0.044536756832972,39522083875,1,0.915548086166382,-0.299961924552917,-0.265852808952332,0.03341906145215,0.07401422798026802
457,39602084275,1,0.998381516887604,-0.035237086693952,0.000613423725982,0.044635391449629,39602084275,1,0.915208458900452,-0.300502210855484,-0.266402840614319,0.033488161861897,0.07435262868842885
458,39682084675,1,0.998378494611354,-0.035196362417569,0.000664126514036,0.044734287812728,39682084675,1,0.914868116378784,-0.301042288541794,-0.266952693462372,0.033557243645191,0.07469588467758914
459,39762085075,1,0.998375606674246,-0.035137977881417,0.000717234803608,0.04484368497875,39762085075,1,0.914529860019684,-0.301580339670181,-0.267494112253189,0.03363585844636,0.07504227312324352
460,39872085625,1,0.998372557484904,-0.035069633319977,0.000783690453913,0.044963797761391,39872085625,1,0.914193570613861,-0.302116304636002,-0.268027067184448,0.033724017441273,0.0753928092004239
461,39952086025,1,0.998369766446672,-0.034992982378035,0.000852382171767,0.045084077833997,39952086025,1,0.913856685161591,-0.302652060985565,-0.268559843301773,0.033812150359154,0.07574694243670477
462,40032086425,1,0.998367147567626,-0.034910340903652,0.000925054406632,0.045204546563568,40032086425,1,0.913519203662872,-0.303187608718872,-0.269092440605164,0.033900260925293,0.07610453483716906
463,40112086825,1,0.998364704139494,-0.034821600066608,0.001000843960647,0.04532518073464,40112086825,1,0.913181006908417,-0.303722947835922,-0.26962485909462,0.03398834913969,0.07646551953571601
464,40192087225,1,0.998361897299484,-0.03474214100307,0.001068165520826,0.045446283473103,40192087225,1,0.912836134433746,-0.304267436265945,-0.270167142152786,0.034076772630215,0.07682820328711082
465,40272087625,1,0.998359251920713,-0.034657022709985,0.001138105043027,0.045567527891087,40272087625,1,0.912490606307983,-0.304811716079712,-0.270709246397018,0.034165177494287,0.07719396721538396
466,40352088025,1,0.998356995802139,-0.034566944926548,0.001206192872297,0.045683480057113,40352088025,1,0.912144541740417,-0.305354326963425,-0.271252810955048,0.034248694777489,0.07756153300980562
467,40432088400,1,0.998355071063333,-0.034473359463049,0.001276204489949,0.04579422312431,40432088400,1,0.911798059940338,-0.305895298719406,-0.271797776222229,0.034327328205109,0.07793142069733072
468,40532088925,1,0.998353513302006,-0.034371616484246,0.001348148783864,0.045902472184608,40532088925,1,0.911450982093811,-0.306435286998749,-0.272343367338181,0.034403510391712,0.07830498686278109
469,40612089325,1,0.998352387011534,-0.034267133461643,0.001420250462106,0.046002802102911,40612089325,1,0.911103546619415,-0.306972920894623,-0.272891223430634,0.03447238355875,0.07868026501573944
470,40692089725,1,0.998351353258473,-0.034159068249603,0.001492821675683,0.046103199311313,40692089725,1,0.910755455493927,-0.307510316371918,-0.27343887090683,0.034541234374046,0.07905752669635424
471,40772090125,1,0.998349693260919,-0.034056701428081,0.001569675156684,0.046212197238069,40772090125,1,0.910401821136475,-0.308056652545929,-0.273991405963898,0.034617606550455,0.07943954952679422
472,40852090525,1,0.998347894124624,-0.033953966362105,0.001643316588773,0.046323967617202,40852090525,1,0.910045802593231,-0.308605849742889,-0.274545460939407,0.034696467220783,0.07982318386914289
473,40932090925,1,0.99834639140015,-0.033846188406363,0.001705187322272,0.046432861691439,40932090925,1,0.909689247608185,-0.309154093265533,-0.275100111961365,0.034772884100676,0.08020582737280035
474,41012091625,1,0.998345275472912,-0.033736884135685,0.001769511838776,0.046533884617387,41012091625,1,0.909332275390625,-0.309699892997742,-0.275657027959824,0.034842003136873,0.08059055424244455
475,41092092025,1,0.998344198839791,-0.033625695960038,0.001832564742055,0.046634910963836,41092092025,1,0.908974647521973,-0.310245454311371,-0.276213765144348,0.034911096096039,0.08097631818352169
476,41192092525,1,0.998342779207431,-0.03352289721814,0.001908811169856,0.046736142399682,41192092525,1,0.908616364002228,-0.310790807008743,-0.276770263910294,0.034980166703463,0.08136426976798639
477,41272092925,1,0.998341389678919,-0.033418630449579,0.00198260930368,0.046837314752122,41272092925,1,0.908257365226746,-0.311335921287537,-0.277326583862305,0.035049207508564,0.08175287921566166
478,41352093325,1,0.998340267617122,-0.033314023502994,0.002040202635407,0.04693318085769,41352093325,1,0.907894790172577,-0.311883985996246,-0.277889370918274,0.035113569349051,0.08214092089731317
479,41432093725,1,0.998339132922403,-0.033216581592926,0.002093675311738,0.047023939719197,41432093725,1,0.907528519630432,-0.31243497133255,-0.278458654880524,0.035173244774342,0.08252976036111737
480,41512094125,1,0.998337962359338,-0.033119777632337,0.002145419891612,0.047114651811074,41512094125,1,0.907161593437195,-0.312985718250275,-0.279027700424194,0.035232897847891,0.08291877175111628
481,41592094525,1,0.99833634774162,-0.033036540549714,0.002181097002792,0.047205577872693,41592094525,1,0.906787633895874,-0.313545525074005,-0.279606550931931,0.035292882472277,0.08330631404414113
482,41672094925,1,0.998334688148257,-0.032954362975827,0.002214996567563,0.047296450088633,41672094925,1,0.906412959098816,-0.314105063676834,-0.280185222625732,0.03535284101963,0.08369391428921458
483,41772095425,1,0.998333238544858,-0.032872665368936,0.002252027277526,0.047382075315659,41772095425,1,0.906037747859955,-0.314662873744965,-0.280765324831009,0.035407941788435,0.08408318298794648
484,41852095825,1,0.99833195975223,-0.0327933838181,0.00228576954627,0.047462273150487,41852095825,1,0.905662000179291,-0.315218925476074,-0.28134685754776,0.035458188503981,0.084471753128742
485,41932096225,1,0.998330647066112,-0.03271091082928,0.00231830411768,0.047545145990894,41932096225,1,0.905285477638245,-0.315775483846664,-0.28192737698555,0.035510819405317,0.08486168594174592
486,42012096625,1,0.998328890822408,-0.032630865285559,0.002342284471071,0.047635764751636,42012096625,1,0.904907941818237,-0.316334038972855,-0.282505095005035,0.035570655018091,0.08524927667977655
487,42182098725,1,0.998327234317028,-0.032558813887585,0.002369340144773,0.047718372629689,42182098725,1,0.904529929161072,-0.316890120506287,-0.28308516740799,0.035623233765364,0.08563641331571048
488,42262097875,1,0.998325657108948,-0.032488279367659,0.002392716280113,0.047798210955209,42262097875,1,0.904151380062103,-0.317445158958435,-0.283665835857391,0.035673376172781,0.08602284066916288
489,42342098275,1,0.998324170288201,-0.03240251821121,0.002426371521858,0.047885703014424,42342098275,1,0.903778195381165,-0.317992985248566,-0.284233719110489,0.035730350762606,0.08641129311235929
490,42452098800,1,0.998322332487729,-0.032291047495666,0.002490960872813,0.047995872966577,42452098800,1,0.903422713279724,-0.318519651889801,-0.284763783216476,0.035807885229588,0.08679830118002185
491,42532099225,1,0.99832039258924,-0.032182241450779,0.002552594987777,0.048105938661437,42532099225,1,0.903066635131836,-0.319046080112457,-0.285293638706207,0.035885397344828,0.08718448268553236
492,42612099625,1,0.998318259536752,-0.03206250450207,0.00263303298308,0.048225673845728,42612099625,1,0.902722477912903,-0.31955686211586,-0.285799890756607,0.035971783101559,0.08756763073444718
493,42692100025,1,0.9983159983576,-0.031946197330788,0.002709770167187,0.048345269106826,42692100025,1,0.902377724647522,-0.320067435503006,-0.286305963993073,0.036058150231838,0.08794952585257476
494,42772100425,1,0.998313252037442,-0.031854011903108,0.002765850456368,0.048459496523962,42772100425,1,0.902026116847992,-0.320585519075394,-0.28682354092598,0.036140043288469,0.08832542164563739
495,42852100825,1,0.998310289448451,-0.031776987095406,0.00280695875474,0.048568611829437,42852100825,1,0.901667594909668,-0.321111083030701,-0.287352651357651,0.036217469722033,0.08869957440983456
496,42932101225,1,0.998307092114213,-0.03170757375887,0.002842791753592,0.048677491059388,42932101225,1,0.901308476924896,-0.321636408567429,-0.287881523370743,0.036294870078564,0.08907068916192595
497,43012101625,1,0.998303658664765,-0.031645256992101,0.002878356644268,0.048786246724634,43012101625,1,0.900948703289032,-0.3221615254879,-0.288410216569901,0.036372244358063,0.08944041114620926
498,43112102125,1,0.998299985209194,-0.031590906185628,0.002908247359298,0.048894746905884,43112102125,1,0.90058833360672,-0.322686433792114,-0.288938730955124,0.03644959256053,0.08980683472176665
499,43192102525,1,0.998296284033584,-0.031538153938904,0.00292885248364,0.049003019845652,43192102525,1,0.900227308273315,-0.323211073875427,-0.289467036724091,0.036526918411255,0.09017081970418639
500,43272102925,1,0.998292329798609,-0.031493677177883,0.002945250738442,0.049111078802724,43272102925,1,0.899865686893463,-0.323735535144806,-0.289995133876801,0.036604214459658,0.09053180041179465
501,43352103325,1,0.998287972551993,-0.031466801475644,0.00295409606858,0.049216232884502,43352103325,1,0.899501919746399,-0.324261277914047,-0.290526390075684,0.036679182201624,0.09088761866487505
502,43432103700,1,0.998283602105697,-0.031453707050331,0.002948957959117,0.049313463948715,43432103700,1,0.89913284778595,-0.324791371822357,-0.291067481040955,0.036747206002474,0.09124074302534968
503,43512104125,1,0.998278984469622,-0.031449019560402,0.002938698544137,0.04941044814466,43512104125,1,0.898763179779053,-0.325321227312088,-0.291608393192291,0.036815203726292,0.09159046541620619
504,43592104525,1,0.99827447605348,-0.031441718382756,0.002918795273273,0.04950726653171,43592104525,1,0.898392856121063,-0.32585084438324,-0.292149096727371,0.036883175373077,0.0919387699905635
505,43702105075,1,0.998269707332926,-0.031443159551468,0.00289418343541,0.049603859135122,43702105075,1,0.898021936416626,-0.326380252838135,-0.292689591646194,0.036951120942831,0.09228365716011566
506,43782105475,1,0.998264637908432,-0.031454044717878,0.002869724604771,0.04970030636854,43782105475,1,0.897650301456451,-0.326909393072128,-0.293229877948761,0.037019040435553,0.09262645552428317
507,43862105875,1,0.998259413982811,-0.031470390220599,0.002839363525434,0.049796535510304,43862105875,1,0.897278070449829,-0.327438324689865,-0.293769955635071,0.037086930125952,0.0929664264258705
508,43942106275,1,0.998253955505731,-0.031494748299481,0.002798327017083,0.049892790186753,43942106275,1,0.896901845932007,-0.327971607446671,-0.294314801692963,0.037154976278543,0.09330462499731895
509,44022106675,1,0.998247854762403,-0.031540242746589,0.002736963976916,0.049989424660975,44022106675,1,0.896515011787415,-0.328518360853195,-0.294874340295792,0.037223532795906,0.09364054133169142
510,44102107075,1,0.998241600007908,-0.031590679650021,0.002671943125954,0.050085903134841,44102107075,1,0.89612752199173,-0.329064875841141,-0.295433670282364,0.037292055785656,0.09397442122978916
511,44182107475,1,0.998235376900203,-0.03165299835338,0.002602956860638,0.050174142899834,44182107475,1,0.895739614963531,-0.329608768224716,-0.295995384454727,0.03735339641571,0.09430421062168792
512,44262107875,1,0.998229156136988,-0.031719406047954,0.002530819872486,0.050259586834501,44262107875,1,0.89535117149353,-0.33015164732933,-0.296557754278183,0.037412319332361,0.0946323480204122
513,44372108425,1,0.998223360053774,-0.031779935665219,0.002461328690374,0.050339854917805,44372108425,1,0.894962191581726,-0.330692648887634,-0.297121673822403,0.037466447800398,0.09496370144534372
514,44452108825,1,0.998217643802185,-0.031846370969398,0.002388855381283,0.050414656877361,44452108825,1,0.894572734832764,-0.331231862306595,-0.297687113285065,0.03751577809453,0.09529296604404791
515,44532109225,1,0.998211837262718,-0.031915325250645,0.002315362477114,0.050489395513665,44532109225,1,0.894182622432709,-0.331770777702332,-0.298252314329147,0.03756507858634,0.09562167344108341
516,44612109600,1,0.998205037479226,-0.031999282373152,0.002221270544637,0.050574845880808,44612109600,1,0.893784701824188,-0.332321763038635,-0.298823684453964,0.037624232470989,0.09594647877272411
517,44692110025,1,0.998198162755895,-0.032084867062502,0.002127326941093,0.050660276908268,44692110025,1,0.893386006355286,-0.332872480154037,-0.299394816160202,0.037683360278606,0.09627142174171244
518,44862112550,1,0.998191373731496,-0.03217548562745,0.002034139734689,0.050740337091962,44862112550,1,0.89298689365387,-0.333421349525452,-0.299967497587204,0.0377376973629,0.0965955443805705
519,44962111375,1,0.998184483044343,-0.032268256631421,0.001950673381005,0.050820195757468,44962111375,1,0.892590403556824,-0.333965390920639,-0.300534963607788,0.037791825830936,0.09691928608186084
520,45042111775,1,0.99817772637564,-0.032347909402529,0.00188291083998,0.050904753919572,45042111775,1,0.892203152179718,-0.33449712395668,-0.301085591316223,0.037850145250559,0.09724256842476409
521,45122112175,1,0.998170851160589,-0.032430674355252,0.001815819448301,0.050989273910689,45122112175,1,0.891815304756165,-0.335028618574142,-0.301635950803757,0.037908438593149,0.0975655468116543
522,45202112575,1,0.998163683153753,-0.032488220524428,0.001775265853945,0.051094281394673,45202112575,1,0.891441226005554,-0.335545837879181,-0.302156716585159,0.037984903901815,0.09789005249091098
523,45282112975,1,0.998156643063041,-0.03254135670888,0.001743675914031,0.0511989805267,45282112975,1,0.891071677207947,-0.336055994033813,-0.302669823169708,0.038061078637838,0.09821423763011161
524,45362113375,1,0.998149426416391,-0.032595935203743,0.001704903076577,0.051306148348145,45362113375,1,0.890701413154602,-0.336566746234894,-0.303181827068329,0.038139596581459,0.09853628732904207
525,45442113775,1,0.998141741765277,-0.032651673985492,0.00166763231743,0.051421304283138,45442113775,1,0.890330255031586,-0.337079674005508,-0.303690969944,0.038225211203098,0.09885884753311425
526,45522114175,1,0.998134010715234,-0.032708373753064,0.001629594491035,0.051536427522151,45522114175,1,0.889958500862122,-0.337592393159866,-0.304199874401093,0.038310796022415,0.09918137486968126
527,45632114725,1,0.998126528647035,-0.032772549296612,0.001592804176179,0.051641609177849,45632114725,1,0.889579713344574,-0.338110715150833,-0.30472207069397,0.038387235254049,0.09950912267092993
528,45712115125,1,0.998119016803141,-0.032837229875294,0.001555069393898,0.051746752451025,45712115125,1,0.889200270175934,-0.338628798723221,-0.305244088172913,0.038463644683361,0.09983697592423235
529,45792115525,1,0.998111144450299,-0.032912229299789,0.001521453275897,0.051851843424905,45792115525,1,0.888820290565491,-0.339146643877029,-0.305765867233276,0.038540028035641,0.10016332744455991
530,45872115925,1,0.998103291288334,-0.032985882541189,0.00149055556182,0.051956998724828,45872115925,1,0.888439655303955,-0.339664250612259,-0.306287437677383,0.038616381585598,0.1004914780108579
531,45952116325,1,0.998095096978393,-0.033070555548663,0.001443524039213,0.052061809243859,45952116325,1,0.888056635856628,-0.340183913707733,-0.30681124329567,0.038692802190781,0.10081342701577156
532,46032116700,1,0.998086602179785,-0.033163261040931,0.001392293673466,0.052166983664663,46032116700,1,0.887667894363403,-0.34071010351181,-0.307342261075974,0.038769457489252,0.10113693437885718
533,46112117125,1,0.998078018051372,-0.033258035474789,0.001340979922118,0.052272121937518,46112117125,1,0.887278497219086,-0.341236054897308,-0.307873070240021,0.038846090435982,0.10146027924661027
534,46212117625,1,0.998070019810938,-0.033346575729743,0.001283109022549,0.052369791606718,46212117625,1,0.886883556842804,-0.341766059398651,-0.308413743972778,0.038915868848562,0.10178909558609062
535,46292118025,1,0.99806199159333,-0.033439521838433,0.00122270680312,0.052464886391251,46292118025,1,0.886486351490021,-0.342297255992889,-0.308957606554031,0.038983345031738,0.10211791774372314
536,46372118425,1,0.99805411301206,-0.03352680928546,0.001176796961729,0.052560020050963,46372118425,1,0.886092007160187,-0.342823714017868,-0.309496283531189,0.039050616323948,0.10245015557739012
537,46452118825,1,0.998046479158163,-0.033606271376721,0.001137177164828,0.052655016781361,46452118825,1,0.885700464248657,-0.343345373868942,-0.310029834508896,0.039117682725191,0.10278402886557203
538,46532119225,1,0.998038907122176,-0.033683138917872,0.001100500141842,0.052750117748215,46532119225,1,0.885308265686035,-0.34386682510376,-0.310563147068024,0.039184723049402,0.10312016804187518
539,46612119625,1,0.998031109846056,-0.033765563589582,0.001056896567455,0.052845751622753,46612119625,1,0.884908437728882,-0.344397008419037,-0.311106085777283,0.039252083748579,0.10345959177918906
540,46692120025,1,0.998023392846603,-0.033844805335394,0.001016537464092,0.052941506725324,46692120025,1,0.884508013725281,-0.344926953315735,-0.311648786067963,0.039319418370724,0.10380149896655111
541,46772120400,1,0.998016156221341,-0.033917332588087,0.0009797881115,0.053032126928353,46772120400,1,0.884107112884521,-0.3454549908638,-0.312193095684052,0.039382014423609,0.10414727678773761
542,46872120925,1,0.998009310575477,-0.033985923240045,0.000946566879689,0.05311757747982,46872120925,1,0.883705735206604,-0.34598109126091,-0.312739044427872,0.039439871907234,0.10449603961437615
543,46952121325,1,0.998002625626331,-0.034049185158942,0.000910549022422,0.053203224840604,46952121325,1,0.88330203294754,-0.34650918841362,-0.313287198543549,0.039497788995504,0.10484774998544577
544,47032121725,1,0.997995824159316,-0.034114872904555,0.000870372332101,0.053289331570945,47032121725,1,0.882892310619354,-0.34704378247261,-0.313842475414276,0.039555937051773,0.1052030566502331
545,47112122125,1,0.997989204538825,-0.03417452137168,0.000833469581775,0.05337560342925,47112122125,1,0.882481932640076,-0.347578078508377,-0.314397513866425,0.03961405903101,0.1055618600116649
546,47192122525,1,0.997982979861604,-0.034234300783519,0.000803376306109,0.053454084436334,47192122525,1,0.882071256637573,-0.348109632730484,-0.314955115318298,0.039665099233389,0.10592337489156689
547,47272122925,1,0.997977103299551,-0.034287458330967,0.000776461683141,0.053530071906303,47272122925,1,0.881659924983978,-0.34864005446434,-0.315513372421265,0.039713758975267,0.10628870429982618
548,47352123325,1,0.997971372597812,-0.034335928637027,0.000750837609175,0.053606153776946,47352123325,1,0.881247997283936,-0.349170207977295,-0.316071391105652,0.039762388914824,0.1066564527611128
549,47522126675,1,0.997965799367006,-0.034379189240911,0.000729686477764,0.053682419827681,47522126675,1,0.880835354328156,-0.349700123071671,-0.316629201173782,0.039810989052057,0.10702792461704502
550,47602124575,1,0.997959572776601,-0.034428294229334,0.000701992779287,0.053767005367045,47602124575,1,0.880416333675385,-0.350238978862762,-0.317191302776337,0.039866857230663,0.10740110564241612
551,47682124975,1,0.997953284380719,-0.034474292385829,0.000675565164269,0.053854516708818,47682124975,1,0.879994809627533,-0.350780665874481,-0.317754656076431,0.039925128221512,0.1077778897470878
552,47762125375,1,0.997946847764172,-0.03451160454167,0.000670641445883,0.053949869597275,47762125375,1,0.879579365253448,-0.351315677165985,-0.318305164575577,0.039990045130253,0.10815808828310536
553,47842125775,1,0.997940334278494,-0.034514247466638,0.000702525865046,0.054068127388948,47842125775,1,0.879183769226074,-0.35183122754097,-0.318817645311356,0.040074966847897,0.10854106462188962
554,47922126175,1,0.997933898574013,-0.034513893656321,0.000738559362815,0.054186527399521,47922126175,1,0.878787517547607,-0.352346509695053,-0.319329917430878,0.040159855037928,0.10892701764471868
555,48002126575,1,0.997928389072516,-0.034498652856043,0.000787761734572,0.054296893702143,48002126575,1,0.878396391868591,-0.352852314710617,-0.319837421178818,0.040237434208393,0.10931756217444255
556,48102125775,1,0.997923176854103,-0.034478370121405,0.000843193579105,0.054404633219732,48102125775,1,0.878006517887115,-0.353354811668396,-0.320343226194382,0.040312558412552,0.10971076978745187
557,48182127475,1,0.997918157773425,-0.034452006058285,0.000888008357454,0.05451257750107,48182127475,1,0.87761253118515,-0.353861510753632,-0.320853710174561,0.040387831628323,0.11010655670298064
558,48262127875,1,0.997913047503824,-0.034427362558644,0.000931116768078,0.054620869184323,48262127875,1,0.877214312553406,-0.354372441768646,-0.321368843317032,0.040463253855705,0.11050537733542332
559,48342128275,1,0.997908091476373,-0.034397617429353,0.000975584485553,0.054729271108592,48342128275,1,0.876815497875214,-0.354883134365082,-0.321883767843246,0.040538646280766,0.11090695989780353
560,48422128675,1,0.997903338620474,-0.034360793139719,0.001028443156552,0.054837988380271,48422128675,1,0.876416087150574,-0.355393558740616,-0.322398453950882,0.040614008903503,0.11131423399199725
561,48502129075,1,0.997898724260719,-0.034319326457191,0.001081909906027,0.054946787179138,48502129075,1,0.876016080379486,-0.355903744697571,-0.322912931442261,0.040689345449209,0.11172390805027821
562,48582129475,1,0.997893753249899,-0.034279399656201,0.001133420722881,0.055060833098536,48582129475,1,0.875615239143372,-0.356415420770645,-0.323425263166428,0.040769319981337,0.11213310012872546
563,48662129875,1,0.997888635250586,-0.034234394754316,0.001187366157735,0.055180322716857,48662129875,1,0.87521356344223,-0.356928557157516,-0.323935508728027,0.040853932499886,0.11254539537976782
564,48772130425,1,0.997883962850538,-0.034180295093945,0.00123626450952,0.055297158725011,48772130425,1,0.874811351299286,-0.357440590858459,-0.324446469545364,0.040936183184385,0.11295980418113305
565,48852130825,1,0.997879797828895,-0.034123602658057,0.00128577893479,0.055406097129548,48852130825,1,0.874408900737762,-0.357949793338776,-0.324960052967072,0.041011415421963,0.11337603071705349
566,48932131225,1,0.997875748262592,-0.034062974937075,0.001334439684294,0.055515079379735,48932131225,1,0.874005854129791,-0.35845872759819,-0.325473427772522,0.041086621582508,0.11379398126980078
567,49012131625,1,0.997871352074366,-0.034024642414491,0.001369652913821,0.055616656396608,49012131625,1,0.873591601848602,-0.358978122472763,-0.326004058122635,0.041155342012644,0.11421145474328631
568,49092132025,1,0.997867061546795,-0.033987108554068,0.001398091207588,0.055715790159287,49092132025,1,0.873173177242279,-0.359500825405121,-0.326540261507034,0.041221883147955,0.1146306771025416
569,49172132425,1,0.99786312773955,-0.03393799893436,0.001432156759569,0.05581522599784,49172132425,1,0.872754037380219,-0.3600232899189,-0.327076226472855,0.041288390755653,0.11505636005036568
570,49252132825,1,0.99785919436936,-0.033888491899318,0.001465795584509,0.055914665094473,49252132825,1,0.87233430147171,-0.360545456409454,-0.327611953020096,0.041354868561029,0.11548272346236677
571,49352133325,1,0.997855343119892,-0.033836007904199,0.001500369919403,0.056014173798192,49352133325,1,0.871913909912109,-0.361067354679108,-0.328147441148758,0.041421316564083,0.11591113011163356
572,49432133725,1,0.99785209826412,-0.033783327121383,0.001529158340136,0.056102927492891,49432133725,1,0.871493339538574,-0.36158549785614,-0.328686505556107,0.04147844389081,0.11633853294294394
573,49512134125,1,0.997848925542342,-0.033728014829985,0.001558886760683,0.056191749231444,49512134125,1,0.871072113513947,-0.362103372812271,-0.329225361347198,0.041535541415215,0.11676786986170029
574,49592134525,1,0.997845206029253,-0.033679277230885,0.0015873044227,0.056286157750479,49592134525,1,0.870646297931671,-0.362627148628235,-0.329766899347305,0.041597422212362,0.11719882658080549
575,49672134900,1,0.997841065916054,-0.033633745979266,0.001609268563486,0.056386067052127,49672134900,1,0.870215952396393,-0.363156825304031,-0.330311089754105,0.041664086282253,0.11763074736085188
576,49752135325,1,0.997836935506127,-0.033587519868705,0.001631394179396,0.056485991199962,49752135325,1,0.869784951210022,-0.363686203956604,-0.330855071544647,0.041730713099241,0.11806368647892884
577,49832135725,1,0.997833626208206,-0.03353543599953,0.001640439904295,0.056575064272387,49832135725,1,0.869353652000427,-0.364211797714233,-0.331402629613876,0.041788049042225,0.11849517607217308
578,49912136125,1,0.997830305480875,-0.03348328377352,0.001650077771014,0.056664172234619,49912136125,1,0.868921756744385,-0.364737123250961,-0.331949949264526,0.041845347732306,0.11892755266947208
579,50032136725,1,0.99782711714175,-0.033439328634452,0.001662291111405,0.056745857869302,50032136725,1,0.86848396062851,-0.365266084671021,-0.332507222890854,0.041895937174559,0.11936420354275157
580,50112137100,1,0.99782404083352,-0.033396553148347,0.001668273273206,0.056824912113971,50112137100,1,0.868043720722198,-0.365796118974686,-0.33306759595871,0.041944265365601,0.11980094601543922
581,50282139200,1,0.997821097508489,-0.033350703405721,0.001660728925939,0.056903689939521,50282139200,1,0.86760276556015,-0.366325825452805,-0.333627730607986,0.04199256002903,0.1202349659198958
582,50362138375,1,0.997817611708307,-0.03330650352064,0.001672379902073,0.056990295081026,50362138375,1,0.86716639995575,-0.366851329803467,-0.334177404642105,0.042047493159771,0.12067013126747006
583,50442138775,1,0.997813540435605,-0.033238973634179,0.001706400376949,0.057099889254382,50442138775,1,0.866745173931122,-0.367364823818207,-0.334696233272552,0.042122397571802,0.12110504119343546
584,50522139175,1,0.997809393699303,-0.033173337527082,0.001739265373183,0.057209426484673,50522139175,1,0.866323351860046,-0.367878019809723,-0.335214853286743,0.042197272181511,0.12153962565921328
585,50622139675,1,0.997805420483395,-0.033101886104224,0.00178202038271,0.05731869148589,50622139675,1,0.865906536579132,-0.36838436126709,-0.33572593331337,0.042271856218576,0.12197484997113872
586,50702140075,1,0.997801435587129,-0.033030458636504,0.00182588490698,0.05742778148974,50702140075,1,0.865490972995758,-0.368888288736343,-0.336234390735626,0.042346321046352,0.12240938532184265
587,50782140475,1,0.997797025034614,-0.032953238498202,0.00187077416549,0.057547207652296,50782140475,1,0.865078151226044,-0.369391143321991,-0.336733847856522,0.042429804801941,0.12284319603482863
588,50862140875,1,0.997792045007881,-0.032874157407183,0.00192036396607,0.057677004915279,50862140875,1,0.864668071269989,-0.369892954826355,-0.337224304676056,0.042522300034761,0.12327619218879682
589,50942141275,1,0.997786967589338,-0.032797569805077,0.001967531481559,0.057806708465576,50942141275,1,0.864257335662842,-0.37039452791214,-0.337714552879333,0.04261476919055,0.12370829792316007
590,51022141675,1,0.997782982776315,-0.032724306355682,0.002007447189891,0.05791553514661,51022141675,1,0.863841354846954,-0.370895206928253,-0.338219672441483,0.042689058929682,0.12414310637608961
591,51102142075,1,0.99777880584939,-0.032656712432559,0.002041798448827,0.058024346527608,51102142075,1,0.863422811031342,-0.371397823095322,-0.338726997375488,0.042763404548168,0.12457668041273551
592,51182142450,1,0.997774692253198,-0.032596532276345,0.0020740068999,0.058127687705372,51182142450,1,0.863003969192505,-0.371898353099823,-0.339236080646515,0.042833119630814,0.12500767132593116
593,51282142975,1,0.997770831416442,-0.032537896519705,0.002104216177929,0.058225643310247,51282142975,1,0.862584710121155,-0.372396856546402,-0.33974689245224,0.042898211628199,0.12543825117132246
594,51362143375,1,0.997766860048234,-0.03248253289582,0.002132431121953,0.058323501126643,51362143375,1,0.862164855003357,-0.372895091772079,-0.340257465839386,0.042963270097971,0.1258677099718526
595,51442143775,1,0.997762231293939,-0.032428505861053,0.00215485680193,0.058431826970609,51442143775,1,0.861743986606598,-0.373396694660187,-0.340763866901398,0.043037489056587,0.1262952384406213
596,51522144175,1,0.99775747717709,-0.03237818437133,0.002175288384946,0.058540054957839,51522144175,1,0.861322522163391,-0.373898029327393,-0.341269999742508,0.043111674487591,0.1267214747935499
597,51602144575,1,0.997752125002619,-0.032346211082653,0.002184256632243,0.058648518347181,51602144575,1,0.860892772674561,-0.374407827854156,-0.34178552031517,0.04318617656827,0.12714547405453624
598,51682144975,1,0.997746359270504,-0.032327112204333,0.002179029843914,0.058757231111774,51682144975,1,0.860454797744751,-0.374926060438156,-0.342310428619385,0.043260995298624,0.12756808975018208
599,51762145375,1,0.997740453143124,-0.032312339569853,0.002171573415534,0.058865823209875,51762145375,1,0.860016226768494,-0.375444024801254,-0.34283509850502,0.043335784226656,0.1279890403475905
600,51842145775,1,0.997735953948718,-0.032292399772057,0.002163899735812,0.058953241241999,51842145775,1,0.859577894210815,-0.375954389572144,-0.343367516994476,0.043392214924097,0.12841266144708485
601,51952146325,1,0.99773130396288,-0.032277238709102,0.002153984122478,0.059040539515206,51952146325,1,0.859138965606689,-0.376464486122131,-0.343899667263031,0.043448615819216,0.1288344501797094
602,52032146725,1,0.997725696878188,-0.032272426036158,0.002142439632904,0.059138263916815,52032146725,1,0.858698904514313,-0.376977980136871,-0.344427555799484,0.043514136224985,0.12925260787771664
603,52112147125,1,0.997720026285721,-0.032269499327355,0.002129468126642,0.059235917542312,52112147125,1,0.858258187770844,-0.377491176128387,-0.344955176115036,0.043579623103142,0.12967025917517527
604,52192147525,1,0.997714256771442,-0.032269981084776,0.002104703556937,0.059333636149619,52192147525,1,0.857813060283661,-0.378008425235748,-0.345487356185913,0.04364525154233,0.13008687237077754
605,52272147925,1,0.997708191205982,-0.032279537419683,0.002073276677362,0.059431457901335,52272147925,1,0.857363343238831,-0.378529727458954,-0.346024096012115,0.043711017817259,0.13050239928173502
606,52352148325,1,0.997702041958258,-0.032291649510654,0.002039656923916,0.059529191526811,52352148325,1,0.856913030147552,-0.379050761461258,-0.346560537815094,0.043776754289865,0.1309168155152628
607,52432148725,1,0.997696902292555,-0.032312174184465,0.00198746046507,0.059605910413427,52432148725,1,0.856455206871033,-0.379572749137878,-0.347114384174347,0.043824542313814,0.1313301467389585
608,52542149275,1,0.997691681657361,-0.032335120029087,0.001933777567525,0.059682567544729,52542149275,1,0.85599672794342,-0.380094468593597,-0.347667962312698,0.04387229681015,0.13174268592931793
609,52622149675,1,0.997686015868037,-0.032357060810595,0.00188771109681,0.059766804363948,52622149675,1,0.85554301738739,-0.380612164735794,-0.348211050033569,0.043926596641541,0.13215317417477912
610,52702150075,1,0.997680236913507,-0.032377569040711,0.001841977228918,0.059853529679641,52702150075,1,0.855090498924255,-0.381128311157227,-0.348750472068787,0.043983057141304,0.13256294945501423
611,52782150475,1,0.997674378929052,-0.032405222721948,0.001793475902173,0.059937622684421,52782150475,1,0.854635536670685,-0.381645441055298,-0.349293023347855,0.044037293642759,0.1329716741529332
612,52952153925,1,0.997668689110682,-0.032442318932648,0.001734612341415,0.060013946966278,52952153925,1,0.854174375534058,-0.382165938615799,-0.3498455286026,0.044084921479225,0.13337975745506858
613,53032151725,1,0.997662214518881,-0.032483337284707,0.00167914497624,0.060100906750882,53032151725,1,0.85371208190918,-0.382689833641052,-0.350393682718277,0.044141616672277,0.13378808146396126
614,53112152125,1,0.997655661491434,-0.032526538448435,0.001622781067442,0.060187805843535,53112152125,1,0.853249073028564,-0.383213460445404,-0.35094153881073,0.044198278337717,0.13419592816535186
615,53212152600,1,0.997648952399982,-0.032529381147933,0.00161852239876,0.060297491843329,53212152600,1,0.852813720703125,-0.383712887763977,-0.351444125175476,0.044274061918259,0.13460854747187
616,53292153025,1,0.997642059693561,-0.032522988559698,0.001627811690839,0.060414618881813,53292153025,1,0.852387249469757,-0.384204089641571,-0.35193145275116,0.04435620829463,0.1350202782844604
617,53372153425,1,0.997635338981638,-0.032516622912815,0.001628707576525,0.06052889360436,53372153425,1,0.851960301399231,-0.38469409942627,-0.352419555187225,0.044436052441597,0.13542966625606445
618,53452153825,1,0.997629028743915,-0.032511980936238,0.00163147589638,0.060635223999541,53452153825,1,0.851533114910126,-0.38518100976944,-0.35291051864624,0.044509056955576,0.13583979634854615
619,53532154225,1,0.997622668331081,-0.032508620004101,0.001633681078172,0.060741520754234,53532154225,1,0.851105391979218,-0.385667711496353,-0.353401243686676,0.044582035392523,0.13624980703858824
620,53612154625,1,0.997615989245854,-0.032514708332091,0.001626908481905,0.060848047724525,53612154625,1,0.850671231746674,-0.386160552501678,-0.353898882865906,0.044655241072178,0.1366594567384627
621,53692155025,1,0.997609183701296,-0.032524366495644,0.001616897159254,0.060954637415606,53692155025,1,0.85023444890976,-0.386655300855637,-0.354398667812347,0.044728498905897,0.13706920352217677
622,53792155525,1,0.997602421291746,-0.032537190296905,0.001609381751968,0.061058579829585,53792155525,1,0.849797248840332,-0.387148827314377,-0.354899227619171,0.044799465686083,0.13747924847107007
623,53872155925,1,0.997596103401587,-0.03255113120825,0.001601083921901,0.061154516311624,53872155925,1,0.849359750747681,-0.387639254331589,-0.355402648448944,0.044863611459732,0.13788934304617462
624,53952156325,1,0.997589726400569,-0.032566615560378,0.001593078710798,0.061250432089926,53952156325,1,0.848921716213226,-0.388129413127899,-0.355905801057816,0.044927723705769,0.1382994994672545
625,54032156725,1,0.997582132070398,-0.03259876841519,0.001569878661785,0.061357522380541,54032156725,1,0.848470747470856,-0.388635963201523,-0.356418877840042,0.045001365244389,0.1387100510922794
626,54112157125,1,0.997574324092209,-0.032636958329684,0.001541667822017,0.061464787669736,54112157125,1,0.848015129566193,-0.389146476984024,-0.356936424970627,0.045075140893459,0.1391210663862501
627,54192157525,1,0.997566465122914,-0.032686806958342,0.001515270686788,0.061566421593162,54192157525,1,0.847561120986938,-0.389652669429779,-0.357453435659409,0.045144286006689,0.13952721354312825
628,54272157925,1,0.997559155497211,-0.032729610974862,0.001498053913952,0.061662465759947,54272157925,1,0.847112715244293,-0.390150249004364,-0.357965081930161,0.045208625495434,0.13993406496867244
629,54352158325,1,0.997551716203791,-0.032776086901249,0.001481358640355,0.061758458553405,54352158325,1,0.8466637134552,-0.390647560358047,-0.358476519584656,0.045272931456566,0.140340307037934
630,54462158875,1,0.99754409269456,-0.032828129336333,0.001438128897904,0.061854901501304,54462158875,1,0.846202075481415,-0.391157418489456,-0.359001934528351,0.045337717980146,0.1407470830290931
631,54542159275,1,0.997536169554407,-0.032888679101227,0.001390714145974,0.061951522433773,54542159275,1,0.845735847949982,-0.39167121052742,-0.359531819820404,0.045402638614178,0.1411535964279943
632,54622159675,1,0.997528390538211,-0.032944059795142,0.001358486599557,0.062047993590595,54622159675,1,0.845274984836578,-0.392178326845169,-0.360054314136505,0.045467272400856,0.14156223449816863
633,54702160075,1,0.9975206950483,-0.03299670511725,0.00132752120122,0.062144332720062,54702160075,1,0.844815492630005,-0.392683029174805,-0.360574156045914,0.045531786978245,0.14197094380336384
634,54782160475,1,0.997513099022799,-0.033051159953772,0.00129033603417,0.062238036091765,54782160475,1,0.844353437423706,-0.39318859577179,-0.361097157001495,0.045594099909067,0.14237929623187684
635,54862160875,1,0.997505735786246,-0.033112914725536,0.001245605193921,0.062324075762271,54862160875,1,0.843885123729706,-0.39369735121727,-0.361630141735077,0.045649889856577,0.1427886431052684
636,54942161275,1,0.997498377745481,-0.033174080892129,0.001201094297671,0.062410128381417,54942161275,1,0.843416154384613,-0.394205808639526,-0.362162858247757,0.045705646276474,0.14319883534506084
637,55052161825,1,0.997490972414731,-0.033235608217122,0.001165042717655,0.062496375679071,55052161825,1,0.842946588993073,-0.394713968038559,-0.362695276737213,0.045761365443468,0.14361246445661224
638,55132162225,1,0.99748358996498,-0.033296048179981,0.001129127021057,0.062582633360565,55132162225,1,0.842476308345795,-0.39522185921669,-0.363227427005768,0.04581705108285,0.14402715961757329
639,55212162625,1,0.997475938726896,-0.033354721943077,0.001085692746967,0.062674041326992,55212162625,1,0.84200519323349,-0.395731329917908,-0.363757193088531,0.045877188444138,0.14444019073460634
640,55292163025,1,0.997467969543208,-0.033412223493908,0.001045393776485,0.06277085476871,55292163025,1,0.841533124446869,-0.396242469549179,-0.364284574985504,0.045941777527332,0.1448553372868493
641,55372163425,1,0.997460036271245,-0.033468152459476,0.001005497858956,0.062867700663939,55372163425,1,0.8410604596138,-0.396753281354904,-0.364811658859253,0.046006329357624,0.14527170933732914
642,55452163825,1,0.997453091044257,-0.033533456997882,0.000958297977111,0.062943785181822,55452163825,1,0.840579986572266,-0.397264510393143,-0.365356385707855,0.046053268015385,0.14569059502396742
643,55622167050,1,0.997446118387649,-0.033598554416821,0.000915098415267,0.06302016065833,55622167050,1,0.840096831321716,-0.397777527570724,-0.365903168916702,0.046100251376629,0.14611351878438983
644,55732165225,1,0.997438939007627,-0.033668950732561,0.000865186464045,0.063096879164433,55732165225,1,0.839606881141663,-0.398296564817429,-0.366456747055054,0.046147454530001,0.1465384689277549
645,55812165625,1,0.997432142850401,-0.033698081191813,0.000847957274167,0.063188928629223,55812165625,1,0.839135885238647,-0.398800015449524,-0.366980075836182,0.046207185834646,0.14697150140075066
646,55892166025,1,0.997425235256004,-0.033701063471031,0.000862163134196,0.063296090480828,55892166025,1,0.83868396282196,-0.399287909269333,-0.367473185062408,0.046279449015856,0.14740653754402366
647,55972166425,1,0.99741847723634,-0.03369892101285,0.000879283412781,0.063403397785852,55972166425,1,0.83823150396347,-0.39977553486824,-0.367966055870056,0.046351682394743,0.14784509786530953
648,56052166825,1,0.997410977502838,-0.033699147766754,0.000906576315245,0.063520764447642,56052166825,1,0.837786078453064,-0.400258392095566,-0.368445008993149,0.046432472765446,0.14827919920511623
649,56132167225,1,0.997403642988669,-0.033693726422457,0.000936561437732,0.063638263689183,56132167225,1,0.837340116500854,-0.40074098110199,-0.36892369389534,0.046513233333826,0.14871695869520773
650,56212167625,1,0.997396108543792,-0.033703662624053,0.000954327428329,0.063750725851424,56212167625,1,0.836885690689087,-0.401229739189148,-0.369413673877716,0.046589840203524,0.14915296251745802
651,56312168125,1,0.997388600372406,-0.033721962728236,0.000962390456967,0.06385830315266,56312168125,1,0.836422681808472,-0.40172466635704,-0.369914948940277,0.046662297099829,0.14959083534815776
652,56392168525,1,0.997381508354739,-0.033727155342856,0.000976896694271,0.063966017988882,56392168525,1,0.835961103439331,-0.402217209339142,-0.370413601398468,0.046734634786844,0.15003463875807677
653,56472168925,1,0.99737463902282,-0.03372564470079,0.001000546171225,0.06407346744928,56472168925,1,0.835505127906799,-0.402703166007996,-0.370904952287674,0.046806685626507,0.1504789916375734
654,56552169325,1,0.99736782427297,-0.033722002058117,0.00102547967921,0.06418097906406,56552169325,1,0.83504855632782,-0.403188824653625,-0.371396034955978,0.046878702938557,0.1509252418731949
655,56632169725,1,0.997360833708763,-0.033722987278364,0.001040196594732,0.064288766544628,56632169725,1,0.834585249423981,-0.4036805331707,-0.371893912553787,0.046950943768024,0.1513724708673111
656,56712170125,1,0.997353812176167,-0.033724274204117,0.001053446205552,0.064396715119359,56712170125,1,0.834119260311127,-0.404174029827118,-0.372393876314163,0.047023233026266,0.15182165528585045
657,56792170525,1,0.997347007016492,-0.033723235661716,0.001074112053568,0.064502226744866,56792170525,1,0.833652853965759,-0.404666244983673,-0.372894644737244,0.047093272209167,0.15227507577299715
658,56872170925,1,0.997340781351722,-0.033719927778356,0.001094576156563,0.064599800513596,56872170925,1,0.833186149597168,-0.405155211687088,-0.37339836359024,0.047156613320112,0.1527300752045242
659,56972171425,1,0.997334614432573,-0.033714377975001,0.001116872047864,0.064697451025674,56972171425,1,0.832718908786774,-0.405643880367279,-0.373901844024658,0.047219920903444,0.15318716906663044
660,57052171825,1,0.99732861140824,-0.033703626266582,0.001138067546903,0.06479514831569,57052171825,1,0.832251012325287,-0.406132251024246,-0.374405056238174,0.047283194959164,0.15364650054487494
661,57132172225,1,0.997322658528254,-0.033690880939345,0.001160993944911,0.064892922732196,57132172225,1,0.831782579421997,-0.40662032365799,-0.374907970428467,0.04734643548727,0.15410780696533222
662,57212172625,1,0.997316229526107,-0.033692053766215,0.001177632001156,0.064990745646695,57212172625,1,0.83130931854248,-0.407112300395966,-0.375415325164795,0.047409810125828,0.1545661775370608
663,57292173025,1,0.997309725078348,-0.033694847749774,0.00118962133336,0.065088818550902,57292173025,1,0.830831348896027,-0.40760812163353,-0.375927090644836,0.047473318874836,0.15502675089458284
664,57372173425,1,0.997303215854816,-0.033697448597474,0.001202104903223,0.065186904723757,57372173425,1,0.83035272359848,-0.408103674650192,-0.376438558101654,0.047536790370941,0.1554882482741382
665,57452173825,1,0.997296753752644,-0.033698106726164,0.001217060934271,0.065285077316278,57452173825,1,0.829873502254486,-0.408598929643631,-0.37694975733757,0.047600232064724,0.15595202583015644
666,57532174225,1,0.997290284686638,-0.033698654154327,0.001232279760764,0.065383256759066,57532174225,1,0.829393684864044,-0.409093856811523,-0.377460658550262,0.047663632780313,0.15641655709715763
667,57632174725,1,0.997284630381677,-0.033690458254709,0.001242350229291,0.065473472437138,57632174725,1,0.828913569450378,-0.409585475921631,-0.377974569797516,0.04772037640214,0.15688327293844917
668,57712175125,1,0.997279144645852,-0.033682087375698,0.001253259220069,0.065561070657671,57712175125,1,0.828433036804199,-0.410075783729553,-0.378489285707474,0.047774873673916,0.15735097459971947
669,57792175525,1,0.997273319909002,-0.033678207709103,0.001262613674188,0.06565142443153,57792175525,1,0.827949643135071,-0.41056889295578,-0.379004955291748,0.047831628471613,0.1578190085144482
670,57872175925,1,0.997266789965587,-0.033679150992161,0.001263166835436,0.065750048134793,57872175925,1,0.827458918094635,-0.411070913076401,-0.379524052143097,0.047895211726427,0.15828847129285883
671,57952176325,1,0.997260296452907,-0.033678694100001,0.001263563709304,0.065848690868773,57952176325,1,0.826967537403107,-0.41157266497612,-0.380042880773544,0.047958761453629,0.1587590653435097
672,58032176725,1,0.997254104709821,-0.033683913219137,0.001260191297198,0.065939794870431,58032176725,1,0.826469600200653,-0.412077248096466,-0.380571693181992,0.048015918582678,0.15923285783140273
673,58112177100,1,0.997248043895948,-0.033690120004946,0.001253669972505,0.066028350512165,58112177100,1,0.825969040393829,-0.412582576274872,-0.381103605031967,0.048070918768644,0.1597077683141347
674,58282180600,1,0.997242582523345,-0.033683114026651,0.001247966109533,0.066114461445491,58282180600,1,0.825467944145203,-0.41308656334877,-0.381636321544647,0.048123680055141,0.16018877178008128
675,58362178375,1,0.997237671417172,-0.033675111845596,0.001243111804489,0.066192659877706,58362178375,1,0.824966549873352,-0.413587182760239,-0.382172048091888,0.048169810324907,0.1606712788830026
676,58442178775,1,0.997232034272676,-0.033657269140198,0.001260076713747,0.066286275058119,58442178775,1,0.824476480484009,-0.414081186056137,-0.382686913013458,0.048228580504656,0.1611541221467213
677,58522179175,1,0.997226338656743,-0.033630395547367,0.001283393570202,0.06638508029323,58522179175,1,0.823989808559418,-0.4145727455616,-0.383194655179977,0.04829154163599,0.16163936639103116
678,58602179550,1,0.99722045103507,-0.033598779310084,0.001309650039326,0.066488938050313,58602179550,1,0.823506534099579,-0.415061950683594,-0.383695244789124,0.04835868626833,0.1621240565507972
679,58682179975,1,0.997214038260027,-0.033551043523849,0.001354489483044,0.066608218215408,58682179975,1,0.823034644126892,-0.41554456949234,-0.384174972772598,0.048438459634781,0.16261030643607866
680,58762180375,1,0.997207628070006,-0.033502671733404,0.001399161320504,0.06672750447391,58762180375,1,0.822562158107758,-0.416026920080185,-0.384654462337494,0.048518195748329,0.16309742355911117
681,58862180875,1,0.997201484632213,-0.033445810567891,0.001440887817863,0.066846844690401,58862180875,1,0.82208913564682,-0.416509002447128,-0.385133683681488,0.048597898334265,0.16358733050814533
682,58942181275,1,0.997195318005084,-0.033389081183416,0.001482205200524,0.066966186050948,58942181275,1,0.821615517139435,-0.416990756988525,-0.385612636804581,0.048677571117878,0.16407772064207704
683,59022181675,1,0.997188577474584,-0.033349870034643,0.001518989020113,0.067085168221032,59022181675,1,0.821141362190247,-0.417472243309021,-0.386091321706772,0.048757206648588,0.16456015114296396
684,59102182075,1,0.997181904461264,-0.033308195827133,0.001554519457702,0.067204144031476,59102182075,1,0.820666611194611,-0.417953461408615,-0.386569768190384,0.048836808651686,0.16504372428570568
685,59182182450,1,0.997175130474658,-0.033269338182249,0.001587796006657,0.067323021349356,59182182450,1,0.820191323757172,-0.418434351682663,-0.387047916650772,0.048916377127171,0.16552593059983634
686,59262182875,1,0.997169756953048,-0.033209233423225,0.00163357053959,0.067431106182038,59262182875,1,0.819724559783936,-0.418902635574341,-0.387520998716354,0.048986840993166,0.1660138305558585
687,59342183275,1,0.997164249069539,-0.033153023013915,0.001676510813985,0.067539075757015,59342183275,1,0.819257259368896,-0.419370651245117,-0.387993812561035,0.049057275056839,0.1664997381205776
688,59422183675,1,0.9971580011216,-0.033118526145135,0.001710700895839,0.067647302441376,59422183675,1,0.818780779838562,-0.419846564531326,-0.388475656509399,0.049128007143736,0.16698268329102683
689,59522184150,1,0.997151426416507,-0.033093493086293,0.001731660244283,0.067755847450022,59522184150,1,0.818295121192932,-0.420330405235291,-0.38896644115448,0.049199037253857,0.16746568657283356
690,59602184550,1,0.997145074809504,-0.033067236960915,0.001747919922275,0.067861641586871,59602184550,1,0.817809045314789,-0.420812904834747,-0.389458060264587,0.04926785454154,0.16794796230508902
691,59682184975,1,0.997139158261839,-0.033044050647113,0.001763158263771,0.067959407374097,59682184975,1,0.817322731018066,-0.42129197716713,-0.389952778816223,0.049330104142427,0.1684294103548737
692,59762185375,1,0.997133171949319,-0.033022908645072,0.001776589105574,0.068057098337057,59762185375,1,0.816835820674896,-0.421770751476288,-0.390447229146957,0.049392316490412,0.16890997672657204
693,59842185775,1,0.997127377585283,-0.032995826211307,0.001786579616548,0.068154797746035,59842185775,1,0.816348373889923,-0.422249227762222,-0.390941381454468,0.049454495310783,0.16939211138786314
694,59922186175,1,0.997121497381978,-0.03297127069735,0.001794758200685,0.068252425673566,59922186175,1,0.815860331058502,-0.422727406024933,-0.391435265541077,0.049516636878252,0.16987316637988292
695,60002186575,1,0.997115355682803,-0.032954709038304,0.001797555674452,0.068350006637571,60002186575,1,0.815369546413422,-0.423207312822342,-0.391931146383286,0.049578826874495,0.17035163576833334
696,60082185675,1,0.997108957741306,-0.032945712245569,0.001789779774937,0.068447813150133,60082185675,1,0.814871609210968,-0.423693031072617,-0.392433673143387,0.049641229212284,0.17082988663403054
697,60192187525,1,0.997102520367699,-0.032937870780623,0.001779834607208,0.068545552252446,60192187525,1,0.814373135566711,-0.424178451299667,-0.392935931682587,0.049703598022461,0.17130735938409447
698,60272187925,1,0.997095634083209,-0.032944014451751,0.0017513845488,0.06864343418105,60272187925,1,0.813865303993225,-0.424671679735184,-0.393447071313858,0.049766261130571,0.17178101875322282
699,60352188325,1,0.997088703884009,-0.032951364716719,0.001721318547624,0.068741262809688,60352188325,1,0.813356816768646,-0.425164580345154,-0.393957912921906,0.049828883260489,0.17225417932411657
700,60432188725,1,0.997082422835903,-0.03294977468835,0.001697216683379,0.06883366818064,60432188725,1,0.812852382659912,-0.425651013851166,-0.39446610212326,0.049886971712112,0.17272966307943738
701,60512189125,1,0.997076603923925,-0.032945504635378,0.001675544841115,0.068920477228015,60512189125,1,0.812351942062378,-0.426130950450897,-0.394971698522568,0.049940526485443,0.17320365308753183
702,60592189525,1,0.997070762517877,-0.032941886755307,0.001651837778571,0.069007231946903,60592189525,1,0.811850965023041,-0.426610589027405,-0.395476996898651,0.049994044005871,0.1736770947946028
703,60672189925,1,0.997064696474253,-0.032944433868762,0.001617305381552,0.069094425571638,60672189925,1,0.811340570449829,-0.427098006010056,-0.395991176366806,0.050047855824232,0.17415286918403317
704,60782190475,1,0.997058604351502,-0.032947684170788,0.001581021256113,0.069181572461201,60782190475,1,0.810829520225525,-0.42758509516716,-0.396505057811737,0.05010163038969,0.17462828487656423
705,60862190650,1,0.997052541394561,-0.032950024100194,0.001541821564845,0.069268668218082,60862190650,1,0.810317933559418,-0.428071856498718,-0.397018641233444,0.050155367702246,0.17510340339672215
706,61042192250,1,0.99704634279401,-0.032956304537119,0.001502596072677,0.069355710056125,61042192250,1,0.809805691242218,-0.42855829000473,-0.397531896829605,0.050209064036608,0.17557754423529615
707,61122192175,1,0.997040162744116,-0.032961833277385,0.001462212101268,0.069442734378416,61122192175,1,0.809292793273926,-0.429044395685196,-0.398044854402542,0.050262723118067,0.1760521369196838
708,61202192575,1,0.997033647881443,-0.032960702430716,0.001429785416442,0.0695374201503,61202192575,1,0.808785557746887,-0.429527312517166,-0.398547232151031,0.050322558730841,0.17652659918283864
709,61282192975,1,0.997026186937877,-0.032938136713468,0.001422468853632,0.069655138305248,61282192975,1,0.808296322822571,-0.430001258850098,-0.399018436670303,0.050401002168655,0.17700086161074458
710,61392193525,1,0.997018686682109,-0.032916447736523,0.001414089041343,0.069772818685169,61392193525,1,0.807806551456451,-0.430474936962128,-0.399489343166351,0.050479415804148,0.17747488958535762
711,61472193925,1,0.997012112571163,-0.032888509757417,0.001406709865421,0.069880000570101,61472193925,1,0.807316780090332,-0.430944055318832,-0.399964570999146,0.050549186766148,0.17795254070754163
712,61552194325,1,0.997005485625983,-0.032861931619756,0.001398228052119,0.069987141963582,61552194325,1,0.806826412677765,-0.431412875652313,-0.400439530611038,0.050618920475245,0.1784298124043
713,61632194725,1,0.996998068331311,-0.032847961665388,0.001390567400363,0.070099425677877,61632194725,1,0.806335210800171,-0.43188351392746,-0.400911897420883,0.050692919641733,0.17890280975745765
714,61712195100,1,0.996990297788111,-0.032833003536127,0.001382604539003,0.070217009334341,61712195100,1,0.805843234062195,-0.432355999946594,-0.401381701231003,0.050771176815033,0.1793765199923436
715,61792195525,1,0.996982433048947,-0.032820583611817,0.001374474933834,0.070334545579246,61792195525,1,0.805350661277771,-0.432828187942505,-0.401851236820221,0.05084940046072,0.17984972950754896
716,61872195925,1,0.996975662118992,-0.032797236203348,0.001381352397821,0.070441197500976,61872195925,1,0.804866969585419,-0.433287769556046,-0.402315974235535,0.050918679684401,0.18032554612127294
717,61952196325,1,0.996968788476116,-0.032776798858821,0.001387729189787,0.070547788545989,61952196325,1,0.804382801055908,-0.433747053146362,-0.402780443429947,0.050987925380468,0.18080047824396528
718,62062196875,1,0.996961507659233,-0.032769039986999,0.001377979371544,0.070654394322024,62062196875,1,0.803891360759735,-0.434212058782578,-0.403251469135284,0.051057383418083,0.18127078837060007
719,62142197275,1,0.996954075067901,-0.032765422120549,0.001366525967717,0.070761090477386,62142197275,1,0.803397119045258,-0.434678792953491,-0.403724491596222,0.051126886159182,0.18174143991627922
720,62222197675,1,0.996947196159707,-0.032756726052195,0.001346280456108,0.070862348934914,62222197675,1,0.802902579307556,-0.435143053531647,-0.404199570417404,0.051192078739405,0.18221123800756833
721,62302198075,1,0.996940592286104,-0.032750968204559,0.001325210764372,0.070958250755817,62302198075,1,0.802407801151276,-0.435604870319366,-0.404676675796509,0.051252957433462,0.18268007188899105
722,62382198475,1,0.996933957595799,-0.032746103067457,0.001301569790865,0.071054083924517,62382198475,1,0.801912486553192,-0.436066389083862,-0.405153512954712,0.051313802599907,0.18314801655054913
723,62462198850,1,0.99692744803979,-0.032759855357353,0.001269383519257,0.07113960842821,62462198850,1,0.801408171653748,-0.436531275510788,-0.405643790960312,0.051366396248341,0.18361422737775956
724,62542199275,1,0.996920926125148,-0.03277396906721,0.001234771097636,0.071225061219322,62542199275,1,0.800903260707855,-0.43699586391449,-0.406133770942688,0.051418952643871,0.18407985486428302
725,62652199825,1,0.996914027969562,-0.032787817266218,0.001189350585301,0.071315954187024,62652199825,1,0.800393044948578,-0.43746629357338,-0.406625688076019,0.051475904881954,0.18454594793349144
726,62732200225,1,0.996906489629468,-0.032809126112529,0.001138101390722,0.071412302186726,62732200225,1,0.799877464771271,-0.437942534685135,-0.407119512557983,0.051537245512009,0.18501140254368575
727,62812200600,1,0.996898508413974,-0.032843206604689,0.001090127613576,0.071508735995701,62812200600,1,0.799359023571014,-0.438420474529266,-0.407615274190903,0.051598630845547,0.18547564728535204
728,62892201025,1,0.996890273043251,-0.032884415164462,0.001032297610995,0.071605398628081,62892201025,1,0.798833250999451,-0.438904017210007,-0.408117562532425,0.051660221070051,0.185939948437717
729,62972201425,1,0.996881950342368,-0.032927847000466,0.000975290327427,0.071702041688421,62972201425,1,0.798306822776794,-0.439387261867523,-0.408619523048401,0.051721774041653,0.18640422687581626
730,63052201800,1,0.9968736880135,-0.032968265687751,0.000926803879948,0.071798918087073,63052201800,1,0.79777979850769,-0.439870148897171,-0.409121185541153,0.051783286035061,0.1868737452918373
731,63132202225,1,0.996865343621916,-0.033010772199742,0.000879169690148,0.07189577640579,63132202225,1,0.797252178192139,-0.440352708101273,-0.409622520208359,0.051844757050276,0.1873432591419718
732,63212202625,1,0.996857284479829,-0.033050505911096,0.000824594331698,0.071989849858925,63212202625,1,0.796724081039429,-0.440833806991577,-0.410124689340591,0.051904067397118,0.18781163622669506
733,63322203175,1,0.9968497606961,-0.033090800028519,0.000773351775615,0.072076039573711,63322203175,1,0.79619574546814,-0.441311329603195,-0.410630106925964,0.051956973969936,0.18828182531493742
734,63402203575,1,0.996842238232105,-0.033130606623889,0.000723245746787,0.072162260889825,63402203575,1,0.795666873455048,-0.441788494586945,-0.411135196685791,0.052009839564562,0.1887531363236702
735,63482203975,1,0.996834380121735,-0.03317909807168,0.000668247538878,0.072249010399409,63482203975,1,0.795128226280212,-0.442273259162903,-0.411648988723755,0.05206298828125,0.18922820364026272
736,63562203675,1,0.996826535677705,-0.033226677997594,0.000614636022818,0.072335799301521,63562203675,1,0.794588983058929,-0.442757666110992,-0.412162452936172,0.052116099745035,0.18970472048615372
737,63722205725,1,0.996818387137002,-0.033282407556328,0.000548769797049,0.072422947085503,63722205725,1,0.794040024280548,-0.443249613046646,-0.412684619426727,0.052169490605593,0.19018209000107655
738,63802205575,1,0.996810263760518,-0.033336663066612,0.000486304244119,0.072510195596567,63802205575,1,0.793490350246429,-0.443741202354431,-0.413206458091736,0.052222840487957,0.19066207940364566
739,63882205975,1,0.996802711408928,-0.03335263991706,0.00047341892825,0.072606692617771,63882205975,1,0.792976081371307,-0.44420525431633,-0.413687199354172,0.052283305674791,0.19114360355655424
740,63982206475,1,0.996795191815765,-0.033367188786963,0.000462454496785,0.07270324904202,63982206475,1,0.792461216449738,-0.444669008255005,-0.414167642593384,0.052343729883432,0.19162708945550933
741,64062221550,1,0.996786966216554,-0.033368790678597,0.000468997707783,0.072815162092767,64062221550,1,0.791958689689636,-0.445127248764038,-0.41462716460228,0.052416291087866,0.19211030080400182
742,64142207275,1,0.996778533792494,-0.03336474285443,0.000483556517096,0.072932260885286,64142207275,1,0.791459918022156,-0.445583462715149,-0.415079593658447,0.052492875605822,0.19259525604899486
743,64222207675,1,0.996770095549667,-0.033366184887624,0.000495484889464,0.073046757756095,64222207675,1,0.790958523750305,-0.446040213108063,-0.415535151958466,0.052567400038242,0.19307954974008135
744,64302208075,1,0.996761974326312,-0.033374649043781,0.000500239011128,0.073153599359489,64302208075,1,0.790450036525726,-0.4464992582798,-0.416000723838806,0.052635811269283,0.19356530568408203
745,64382208475,1,0.996753823721295,-0.033383584899632,0.000506218783316,0.073260459313123,64382208475,1,0.789941072463989,-0.446957975625992,-0.416466027498245,0.052704188972712,0.19405184581500645
746,64462208875,1,0.996746117635784,-0.033394999820379,0.000515217819136,0.07335997216185,64462208875,1,0.789425075054169,-0.447418957948685,-0.416941314935684,0.052766460925341,0.19454593474551551
747,64572209400,1,0.996738492221178,-0.033409364835355,0.000522085252509,0.073456925425317,64572209400,1,0.788906335830688,-0.447880476713181,-0.417419761419296,0.052826669067144,0.195040730082652
748,64652209825,1,0.996729720409428,-0.03342273403473,0.000526767980194,0.073569747978922,64652209825,1,0.788386166095734,-0.448348343372345,-0.417890757322311,0.052899450063705,0.19553538191805864
749,64732210225,1,0.996720566309049,-0.033435122649211,0.000535340156273,0.073687981930017,64732210225,1,0.787865161895752,-0.448818117380142,-0.418359041213989,0.05297639220953,0.19603254182095087
750,64812210625,1,0.996711568643432,-0.033454681746297,0.000539097386545,0.073800694953445,64812210625,1,0.787343859672546,-0.449285328388214,-0.418829441070557,0.053049098700285,0.19652529839584842
751,64892211025,1,0.996703781084506,-0.033472801603148,0.000544554222389,0.073897549251551,64892211025,1,0.786822915077209,-0.449745535850525,-0.419306695461273,0.053109187632799,0.19702007882787131
752,64972211425,1,0.996695961350782,-0.033491584846094,0.000550432394419,0.073994401110603,64972211425,1,0.78630131483078,-0.450205415487289,-0.419783681631088,0.05316923558712,0.197515399024629
753,65052211825,1,0.996687743980645,-0.033503752897971,0.000561482429231,0.074099421576733,65052211825,1,0.785778760910034,-0.450668334960938,-0.420256763696671,0.053235530853271,0.1980161037322239
754,65132212225,1,0.996679289359385,-0.033516775808734,0.000572727111923,0.074207087836098,65132212225,1,0.785255551338196,-0.451132029294968,-0.420728325843811,0.053303878754377,0.19851700094695002
755,65242212775,1,0.996671200205866,-0.033518297140766,0.000583035312093,0.074314887517955,65242212775,1,0.78473174571991,-0.451595425605774,-0.421199589967728,0.05337218940258,0.19902298547317843
756,65322213175,1,0.996663116310931,-0.033519171888545,0.000594622256359,0.074422739305014,65322213175,1,0.784207344055176,-0.452058494091034,-0.42167055606842,0.05344046279788,0.1995303873392794
757,65402213575,1,0.996655128981229,-0.033516660845811,0.00060684021969,0.074530658564814,65402213575,1,0.783682405948639,-0.452521234750748,-0.422141224145889,0.053508695214987,0.20004004384815488
758,65482213975,1,0.996647317964742,-0.033531977923426,0.000605226448219,0.074628169957302,65482213975,1,0.783148169517517,-0.452986925840378,-0.422625333070755,0.053568866103888,0.20054596726973017
759,65562214375,1,0.996639625440816,-0.033543310199292,0.000604429685964,0.074725751965568,65562214375,1,0.782613337039948,-0.453452289104462,-0.423109114170074,0.053628996014595,0.20105451876816638
760,65642214750,1,0.996632099095025,-0.033560098294653,0.000609802940937,0.074818493678171,65642214750,1,0.782073557376862,-0.453918933868408,-0.423599451780319,0.053685080260038,0.20156850017978378
761,65722215175,1,0.996624827686425,-0.033580608434453,0.000608954841739,0.07490610622757,65722215175,1,0.781528770923615,-0.454386860132217,-0.424096345901489,0.053737118840218,0.2020834533093998
762,65822215675,1,0.996617693192693,-0.033596908556545,0.000605163998176,0.074993700583806,65822215675,1,0.78098338842392,-0.454854428768158,-0.424592912197113,0.053789116442204,0.20259953780848494
763,65902216075,1,0.99661056652436,-0.033612489024383,0.000604380655335,0.075081382496615,65902216075,1,0.780437409877777,-0.455321669578552,-0.425089150667191,0.053841073065996,0.20311778964219163
764,65982216475,1,0.996603482711077,-0.03362640488213,0.000605052153819,0.075169123014351,65982216475,1,0.779890835285187,-0.455788552761078,-0.425585061311722,0.053892988711596,0.2036379594644544
765,66062216875,1,0.996596454791707,-0.033638036181171,0.00061014466301,0.075257003275216,66062216875,1,0.779343664646149,-0.456255078315735,-0.426080644130707,0.053944863379002,0.20416158398807682
766,66142217275,1,0.996589471543724,-0.033647969206089,0.000616475662813,0.075344935690885,66142217275,1,0.778795897960663,-0.456721276044846,-0.426575899124146,0.053996697068214,0.20468706017086813
767,66222217550,1,0.996582280208115,-0.033664573151078,0.00060946512479,0.075432644405536,66222217550,1,0.778245151042938,-0.45718902349472,-0.427073061466217,0.05404856801033,0.20520685921276138
768,66402219100,1,0.996574885727722,-0.033686208899688,0.000596589011608,0.075520729262204,66402219100,1,0.777686774730682,-0.457662224769592,-0.427576512098312,0.054100636392832,0.20572935396652892
769,66512219125,1,0.996567332848672,-0.03368850549834,0.000623095260064,0.075619094470049,66512219125,1,0.777146100997925,-0.458124220371246,-0.428057074546814,0.054160308092833,0.2062592294578417
770,66592219525,1,0.99655979227848,-0.03369027619905,0.000647815485619,0.075717409085375,66592219525,1,0.776604771614075,-0.458585858345032,-0.428537279367447,0.05421994253993,0.2067892454050363
771,66672219925,1,0.996551954193308,-0.033665698434902,0.000701305189357,0.075830940343774,66672219925,1,0.77608335018158,-0.459036707878113,-0.428989946842194,0.054291222244501,0.20732272782237138
772,66752220325,1,0.996543942058747,-0.033634087653326,0.000765505471067,0.075949547036933,66752220325,1,0.775568187236786,-0.459483772516251,-0.429433256387711,0.054366361349821,0.20785753686426223
773,66832220725,1,0.996535988124205,-0.033600462229592,0.00081986385062,0.076068134817004,66832220725,1,0.775050163269043,-0.459932416677475,-0.429878503084183,0.054441545158625,0.2083918529541865
774,66912221125,1,0.9965277668689,-0.033573616187181,0.000867773549945,0.076187066648252,66912221125,1,0.774524509906769,-0.460386544466019,-0.430330067873001,0.054516930133104,0.20892792267687088
775,66992221525,1,0.99651957538475,-0.033545357827497,0.000915214861885,0.076306010411892,66992221525,1,0.773998260498047,-0.460840344429016,-0.430781334638596,0.054592277854681,0.20946506640202855
776,67102222075,1,0.996511646876814,-0.033526418498183,0.000955985033088,0.07641729512461,67102222075,1,0.773464798927307,-0.461296111345291,-0.43124258518219,0.054661646485329,0.2100028792247567
777,67182222475,1,0.996503871649201,-0.033508452928799,0.00099302156424,0.076526017004967,67182222475,1,0.772928595542908,-0.461752325296402,-0.431706994771957,0.054728996008635,0.21054155825217502
778,67262222875,1,0.996495647124275,-0.033485572310477,0.001024349085506,0.076642627945314,67262222875,1,0.772391378879547,-0.462211638689041,-0.432167381048203,0.054802477359772,0.2110804161989447
779,67342223275,1,0.99648720899089,-0.033462487444666,0.001055643633682,0.076761903754931,67342223275,1,0.771853446960449,-0.462671786546707,-0.432626247406006,0.054877977818251,0.21161992513235184
780,67422223675,1,0.996478699849237,-0.033446462929862,0.001102327525432,0.076878603904354,67422223675,1,0.771317541599274,-0.463128566741943,-0.433083802461624,0.054951306432486,0.21216130701197344
781,67502224075,1,0.99647110695142,-0.033421571177532,0.001154584134012,0.076987002321912,67502224075,1,0.770788609981537,-0.463575810194016,-0.433538168668747,0.055018190294504,0.21270285939665323
782,67582224450,1,0.996463451629434,-0.033398067662878,0.001207768356068,0.077095395055338,67582224450,1,0.770259201526642,-0.464022725820541,-0.433992236852646,0.05508504062891,0.21324475412488775
783,67662224850,1,0.996455654398145,-0.033379455334675,0.001236251048968,0.077203707572045,67662224850,1,0.769722104072571,-0.464475065469742,-0.434452623128891,0.055152088403702,0.21378127918569478
784,67762225375,1,0.996447702322118,-0.033364857762468,0.00126335366693,0.077312138380553,67762225375,1,0.769182026386261,-0.464928954839706,-0.434914857149124,0.055219177156687,0.21431838730604358
785,67842225775,1,0.996440105359946,-0.033351045624956,0.001296295517291,0.077415397718503,67842225775,1,0.768641710281372,-0.465380191802979,-0.435379266738892,0.05528213083744,0.21485834925969705
786,67922226175,1,0.996432900574668,-0.03333788249014,0.001325402568033,0.077513247586842,67922226175,1,0.768101096153259,-0.465828776359558,-0.435845851898193,0.055340953171253,0.21539706602514275
787,68002226575,1,0.99642566582369,-0.033325449199655,0.001353189213076,0.077611054640504,68002226575,1,0.767560005187988,-0.466277033090591,-0.436312139034271,0.055399730801582,0.2159354005374623
788,68082225675,1,0.996418167896286,-0.033320798275455,0.001362417672591,0.077709091531043,68082225675,1,0.767008662223816,-0.466732531785965,-0.436786860227585,0.055458791553974,0.2164721673145923
789,68162227375,1,0.996410637837501,-0.033316924182354,0.001370596211186,0.077807100147214,68162227375,1,0.766456782817841,-0.467187702655792,-0.437261253595352,0.055517807602882,0.21700867989064998
790,68242227775,1,0.996402904168973,-0.033318415983318,0.001375548080557,0.077905350185193,68242227775,1,0.765899538993835,-0.467646300792694,-0.437739700078964,0.05557694286108,0.21754663187040668
791,68352228325,1,0.996395001802525,-0.033324725578927,0.001372077144947,0.078003720759619,68352228325,1,0.765336871147156,-0.468108326196671,-0.438222169876099,0.055636197328568,0.2180840296052271
792,68432228725,1,0.996387244655423,-0.033333844482196,0.001356878357681,0.078099118952349,68432228725,1,0.764773786067963,-0.468568831682205,-0.438705593347549,0.055693369358778,0.21861562099714615
793,68512229100,1,0.996380108310958,-0.033342864706728,0.001340578303103,0.078186546062647,68512229100,1,0.764210522174835,-0.469025462865829,-0.43919238448143,0.055744387209415,0.21914749527395916
794,68592229525,1,0.996372955778722,-0.033352470806388,0.001320788943875,0.078273885814151,68592229525,1,0.763646721839905,-0.469481736421585,-0.439678877592087,0.05579536408186,0.21967808572478564
795,68672229925,1,0.996365973235539,-0.033374601688561,0.001299655431639,0.078353648519299,68672229925,1,0.763075470924377,-0.469939798116684,-0.440175294876099,0.055840436369181,0.2202102864689427
796,68752230325,1,0.996359114946723,-0.033399300830959,0.001271972371957,0.078430751959106,68752230325,1,0.762501358985901,-0.470398187637329,-0.440674811601639,0.055883508175611,0.22074139085294564
797,68832230725,1,0.996352595774297,-0.033412853148749,0.001243913098924,0.078508208605745,68832230725,1,0.761924207210541,-0.470858097076416,-0.441176146268845,0.055926613509655,0.22128021245823815
798,68912230600,1,0.996345756702222,-0.033435470738662,0.001206781705823,0.078585915251242,68912230600,1,0.761339128017426,-0.471323251724243,-0.441683679819107,0.055969916284084,0.22181864428383713
799,69082232425,1,0.996339479285645,-0.033441853765585,0.001175622196909,0.078663221050126,69082232425,1,0.760763227939606,-0.47178053855896,-0.442182153463364,0.056012853980064,0.22235803347545513
800,69162232375,1,0.996333255362249,-0.03344627336488,0.001145111780624,0.078740585318341,69162232375,1,0.760186672210693,-0.472237437963486,-0.442680269479752,0.056055746972561,0.2228992118146228
801,69242232775,1,0.996326163108325,-0.033439156626774,0.001132356618168,0.078833478157593,69242232775,1,0.759620845317841,-0.472691655158997,-0.443159610033035,0.056110348552465,0.22344190825464227
802,69322233175,1,0.996319175103019,-0.033392907641946,0.00116129246258,0.078940904739387,69322233175,1,0.75909012556076,-0.473124533891678,-0.443598508834839,0.056175868958235,0.22398552209371025
803,69402233575,1,0.996312221499248,-0.033345193430409,0.001189559947241,0.079048341623679,69402233575,1,0.758558928966522,-0.473557084798813,-0.444037109613419,0.056241355836391,0.22453003860146814
804,69482233975,1,0.99630493643031,-0.033306474062218,0.001211254113067,0.079156081848537,69482233975,1,0.758019864559174,-0.473994940519333,-0.444481909275055,0.056307040154934,0.22507530269707055
805,69592234525,1,0.996297598949224,-0.033268835673823,0.001229254516014,0.079263912559586,69592234525,1,0.757477879524231,-0.474434316158295,-0.444928586483002,0.05637276545167,0.22562133459330092
806,69672234925,1,0.996290356280413,-0.033228629460714,0.001239044969563,0.079371587702236,69672234925,1,0.756935358047485,-0.474873393774033,-0.445374965667725,0.056438449770212,0.22616544065222532
807,69752235325,1,0.996283103203527,-0.033188293376961,0.001248927044998,0.079479278023336,69752235325,1,0.756392300128937,-0.475312113761902,-0.445821017026901,0.056504093110561,0.22671022751073844
808,69832235725,1,0.996275084380045,-0.033165021540434,0.001256494314374,0.079589313427091,69832235725,1,0.755848586559296,-0.47575169801712,-0.446265488862991,0.056571714580059,0.22724679646110124
809,69912236125,1,0.996266463186089,-0.033140507937586,0.001262236908631,0.079707263297057,69912236125,1,0.755303859710693,-0.476194530725479,-0.446705877780914,0.056645333766937,0.22778357054300968
810,69992236525,1,0.996257721699439,-0.03311951971414,0.001265791620518,0.079825103443225,69992236525,1,0.754758656024933,-0.476637035608292,-0.447145938873291,0.056718915700912,0.22831827148791328
811,70072236925,1,0.996249355901617,-0.033105265998902,0.00124985497826,0.079935599649269,70072236925,1,0.754198551177979,-0.477086782455444,-0.447602480649948,0.056786902248859,0.2288562374344928
812,70152237325,1,0.996240903028329,-0.03309973040307,0.001226290017968,0.080043533113775,70152237325,1,0.753633141517639,-0.477538704872131,-0.448064267635345,0.056852988898754,0.22939217879336693
813,70262237875,1,0.996232427402698,-0.033095333961453,0.001214554098272,0.080150947091413,70262237875,1,0.75307708978653,-0.477982848882675,-0.448517084121704,0.05691872164607,0.2299238396244867
814,70342238275,1,0.99622426504161,-0.03308187350089,0.001212142161165,0.080257922346368,70342238275,1,0.752530336380005,-0.478419244289398,-0.448960959911346,0.056984104216099,0.23045479249541334
815,70422238650,1,0.996215990305624,-0.033071715763747,0.001208271100959,0.080364807949583,70422238650,1,0.751983046531677,-0.478855282068253,-0.449404537677765,0.057049442082644,0.23098413388478845
816,70502239075,1,0.996208010804563,-0.033077113449657,0.001180626048897,0.080461853674812,70502239075,1,0.751416087150574,-0.479301035404205,-0.449870109558105,0.057107359170914,0.23151554420117504
817,70582239475,1,0.996199917693646,-0.033085838277928,0.001151904800493,0.080558825760744,70582239475,1,0.750848591327667,-0.479746401309967,-0.450335383415222,0.057165235280991,0.23204546253224312
818,70662239875,1,0.996191804856836,-0.033094740196588,0.001124445106747,0.080655822670169,70662239875,1,0.750280499458313,-0.480191439390182,-0.45080029964447,0.057223066687584,0.23257643083614932
819,70742240250,1,0.996183639036222,-0.033105056658879,0.001096178731596,0.080752776623163,70742240250,1,0.749711811542511,-0.480636119842529,-0.451264888048172,0.057280853390694,0.23310695238340406
820,70822240675,1,0.996175430433402,-0.033116404683218,0.00106775853792,0.080849708925813,70822240675,1,0.749142646789551,-0.481080442667007,-0.451729148626328,0.0573386028409,0.2336373750592322
821,70922241175,1,0.996166834612669,-0.033139339083278,0.001019771299471,0.080946784305468,70922241175,1,0.748562932014465,-0.481531739234924,-0.452201634645462,0.057396616786718,0.23416386061059236
822,71002241575,1,0.996158201356919,-0.033162990690822,0.0009723956647,0.081043866914531,71002241575,1,0.747982680797577,-0.481982707977295,-0.45267379283905,0.057454589754343,0.23469076590077098
823,71082241975,1,0.996150317494132,-0.033182845978187,0.00092779661252,0.08113311828454,71082241975,1,0.747402310371399,-0.482429683208466,-0.45314946770668,0.057506542652845,0.23522130676838626
824,71162242375,1,0.99614261096991,-0.033203713270523,0.00088168895188,0.081219669167583,71162242375,1,0.746821463108063,-0.48287507891655,-0.453626066446304,0.057556461542845,0.23575131247144343
825,71242242750,1,0.996134412492344,-0.03323886381149,0.000837850101984,0.081306261679283,71242242750,1,0.746237576007843,-0.483321934938431,-0.454104453325272,0.057606413960457,0.23627870796584793
826,71322243175,1,0.996125981570299,-0.033280186092529,0.000785441554501,0.081393127079747,71322243175,1,0.745645642280579,-0.483773916959763,-0.454588919878006,0.057656552642584,0.2368071226081796
827,71402243575,1,0.996117471338395,-0.033323481620913,0.000734581271802,0.081479992988575,71402243575,1,0.745053112506866,-0.484225511550903,-0.455073028802872,0.057706646621227,0.2373358485844853
828,71512244125,1,0.996110053021876,-0.03335364865975,0.000691189576196,0.081558682228239,71512244125,1,0.744467973709106,-0.484667599201202,-0.455554217100143,0.057750511914492,0.23786735309151197
829,71682247550,1,0.996102698241678,-0.033387897629643,0.000652527699933,0.081634778465563,71682247550,1,0.743882417678833,-0.485108107328415,-0.456036359071732,0.057792346924543,0.23839968766706132
830,71762245375,1,0.996095080060721,-0.033429137531104,0.000606595189325,0.081711176010556,71762245375,1,0.743288695812225,-0.485553711652756,-0.456524550914764,0.05783436819911,0.23893335658813175
831,71842245775,1,0.996087571381079,-0.033454733777917,0.00056112658915,0.081792518392235,71842245775,1,0.742701709270477,-0.485995888710022,-0.457003384828568,0.057880073785782,0.23946747482912978
832,71922246175,1,0.996079501564746,-0.033459212754117,0.000544302686439,0.081889018671541,71922246175,1,0.742135763168335,-0.486428588628769,-0.457454949617386,0.057936906814575,0.24000285880738914
833,72002246575,1,0.996071473433452,-0.033462123222159,0.000527150103767,0.081985536738773,72002246575,1,0.741569340229034,-0.48686096072197,-0.457906156778336,0.057993702590466,0.2405392736089691
834,72082245675,1,0.996063053386756,-0.03345680587131,0.000526495467551,0.082089942266183,72082245675,1,0.741009473800659,-0.487291187047958,-0.458346784114838,0.058056145906448,0.24108012612848406
835,72172247425,1,0.996054539782744,-0.033447624733123,0.000528000971355,0.082196906224457,72172247425,1,0.740451455116272,-0.487720459699631,-0.458783656358719,0.05812044814229,0.24162179292252295
836,72252247825,1,0.99604578611695,-0.033432180033316,0.000539563586006,0.082309113517427,72252247825,1,0.739897608757019,-0.488148212432861,-0.459213376045227,0.058188498020172,0.24216657684553655
837,72332248225,1,0.99603713162654,-0.033401265672631,0.000569310367375,0.082426110901502,72332248225,1,0.739358186721802,-0.48856720328331,-0.459627419710159,0.05825999379158,0.24271255544300174
838,72412248625,1,0.996028485647704,-0.033369490144072,0.000600539879299,0.082543153911877,72412248625,1,0.738818228244781,-0.488985866308212,-0.46004119515419,0.058331448584795,0.24326020125144165
839,72492249025,1,0.996019568178816,-0.03336451718309,0.000613919702818,0.08265259766409,72492249025,1,0.738263070583344,-0.489411413669586,-0.460471302270889,0.058397427201271,0.24380255306419363
840,72572249425,1,0.996010730843942,-0.033362878181203,0.000623115435424,0.082759616542954,72572249425,1,0.737702548503876,-0.489839017391205,-0.460906624794006,0.058461550623178,0.24434684857371058
841,72652249825,1,0.996002194835773,-0.033351830703969,0.000629122114003,0.082866684960738,72652249825,1,0.737141489982605,-0.490266293287277,-0.4613416492939,0.058525633066893,0.24489459469543318
842,72762250375,1,0.995993561881439,-0.033343304853676,0.000636295124598,0.082973753926613,72762250375,1,0.736579954624176,-0.490693211555481,-0.461776345968246,0.058589678257704,0.2454421945320746
843,72842250775,1,0.995984679492445,-0.033341239992671,0.000648354388169,0.083081042173709,72842250775,1,0.736015379428864,-0.491121619939804,-0.462212830781937,0.058653756976128,0.24599201688215566
844,72922251175,1,0.995975552525905,-0.033345639057879,0.000651564220759,0.083188596517834,72922251175,1,0.735442638397217,-0.491555064916611,-0.462655335664749,0.058718025684357,0.24654267361572346
845,73002251575,1,0.995966396817814,-0.033350435528481,0.000656520267367,0.083296181430729,73002251575,1,0.734869360923767,-0.491988182067871,-0.463097542524338,0.058782253414392,0.2470944859992399
846,73082251975,1,0.995957223013639,-0.033356057869155,0.000654041100811,0.083403570430942,73082251975,1,0.734295547008514,-0.492420941591263,-0.463539391756058,0.058846440166235,0.24764299530345613
847,73162252375,1,0.995948020940894,-0.033362015196471,0.000653638927261,0.083511006951775,73162252375,1,0.733721256256104,-0.492853343486786,-0.463980913162231,0.058910582214594,0.24819278011992196
848,73242252775,1,0.995938921474392,-0.033370842404812,0.000652966080356,0.083615938701401,73242252775,1,0.733143985271454,-0.493285953998566,-0.464425504207611,0.058972809463739,0.2487441894718475
849,73322253175,1,0.995930211645169,-0.033387201642358,0.000643068327277,0.083713169585368,73322253175,1,0.732559025287628,-0.493719875812531,-0.464880049228668,0.05902936309576,0.2492958244064113
850,73432253725,1,0.995921483811134,-0.033403779628343,0.000633621648712,0.08381040575953,73432253725,1,0.731973528862,-0.494153410196304,-0.465334266424179,0.059085872024298,0.2498480803645754
851,73512254125,1,0.995912968515253,-0.03341347252934,0.000624338132423,0.083907742184885,73512254125,1,0.731387495994568,-0.494586616754532,-0.465788125991821,0.059142336249352,0.25040416078326944
852,73592254525,1,0.995904427901377,-0.033423590182953,0.00061555622769,0.084005090299603,73592254525,1,0.730800926685333,-0.495019435882568,-0.466241627931595,0.059198759496212,0.25096079524268955
853,73672254925,1,0.995895645606889,-0.033440561634611,0.000598084532133,0.084102521922305,73672254925,1,0.730208694934845,-0.495455473661423,-0.466698974370956,0.059255290776491,0.25151563707210967
854,73752255325,1,0.995886734793618,-0.033460567582802,0.000575658954294,0.084200181091921,73752255325,1,0.729610741138458,-0.495894700288773,-0.467160195112228,0.059311930090189,0.2520722728992044
855,73832255725,1,0.995877843254544,-0.033479655964497,0.000553154274997,0.084297852710045,73832255725,1,0.729012310504913,-0.496333569288254,-0.467621058225632,0.059368524700403,0.25262974280158257
856,73912256125,1,0.995870096764241,-0.033491325093032,0.000549608124333,0.084384710968304,73912256125,1,0.72842413187027,-0.496759921312332,-0.468078464269638,0.059417001903057,0.253190414485681
857,74022256675,1,0.995862377862362,-0.033501965573776,0.000545577586806,0.084471563298621,74022256675,1,0.727835476398468,-0.497185915708542,-0.468535512685776,0.059465438127518,0.25375181030287786
858,74102257075,1,0.995854129291715,-0.033526189447678,0.00052185980259,0.084559301416843,74102257075,1,0.727225661277771,-0.497625768184662,-0.469008982181549,0.059514433145523,0.2543180845552777
859,74182257475,1,0.995845877175004,-0.033550092630167,0.000500056689991,0.0846470917478,74182257475,1,0.726615309715271,-0.498065233230591,-0.469482064247131,0.059563387185335,0.25488590496422747
860,74362260050,1,0.99583834868524,-0.033565761460262,0.000472857020164,0.084729565983103,74362260050,1,0.726004660129547,-0.498501807451248,-0.46995747089386,0.059608422219753,0.2554557523080585
861,74442258775,1,0.995830907043032,-0.033579099171521,0.000457465146429,0.08481178810944,74442258775,1,0.725401222705841,-0.498932659626007,-0.470426201820374,0.059653177857399,0.2560252440760289
862,74522259175,1,0.995822996900637,-0.033567465859801,0.000468682162187,0.084909153903539,74522259175,1,0.724819481372833,-0.499354690313339,-0.470867782831192,0.059708800166845,0.2565968839561147
863,74622259675,1,0.995815123259553,-0.033554370647021,0.000480282438653,0.08500655166999,74622259675,1,0.724237263202667,-0.499776393175125,-0.471309036016464,0.059764381498098,0.2571698956067796
864,74702260075,1,0.995805997192469,-0.033524609594701,0.00050664642444,0.085124965882139,74702260075,1,0.723663568496704,-0.500200688838959,-0.471730947494507,0.05983504652977,0.25774799023239536
865,74782260475,1,0.995796883976228,-0.033493955457664,0.000532956327354,0.085243397214021,74782260475,1,0.723089396953583,-0.500624656677246,-0.472152560949326,0.059905670583248,0.2583270055475504
866,74862260875,1,0.995787888217838,-0.033473065403802,0.000548285786358,0.085356516762505,74862260875,1,0.722509801387787,-0.501049280166626,-0.472580671310425,0.059972554445267,0.25890189625001003
867,74942261275,1,0.995779241822149,-0.033454396336197,0.000558495400169,0.085464571635118,74942261275,1,0.721924901008606,-0.501474499702454,-0.473015278577805,0.060035698115826,0.25947889439058947
868,75022261675,1,0.99577060408801,-0.033435136820929,0.000567950605361,0.085572618822116,75022261675,1,0.721339464187622,-0.501899421215057,-0.473449558019638,0.060098800808191,0.2600563743645592
869,75102262050,1,0.995761795764085,-0.033421171861115,0.000597700479398,0.085680301833338,75102262050,1,0.720763921737671,-0.502316951751709,-0.473875164985657,0.060161553323269,0.26063137716107376
870,75182262450,1,0.995753013185714,-0.033406204029721,0.00062597101646,0.085787938687105,75182262450,1,0.720187842845917,-0.502734124660492,-0.474300444126129,0.060224268585443,0.2612067291555804
871,75292263025,1,0.995744250437615,-0.033389580095028,0.000643754723245,0.085895920982113,75292263025,1,0.719603478908539,-0.503156244754791,-0.474731624126434,0.060287166386843,0.26178598659246854
872,75372263425,1,0.995735269808806,-0.033378932179436,0.000659846259619,0.086003976351439,75372263425,1,0.719015955924988,-0.50357973575592,-0.47516456246376,0.060350097715855,0.262364686465944
873,75452263825,1,0.995726329605024,-0.033366353341754,0.000679526647718,0.086112143391713,75452263825,1,0.718427956104279,-0.504002869129181,-0.475597143173218,0.060412984341383,0.26294651972806304
874,75532264225,1,0.995717359413204,-0.033354323768853,0.000699269620049,0.086220300806227,75532264225,1,0.717839479446411,-0.504425585269928,-0.476029396057129,0.060475829988718,0.26352862339646377
875,75612264625,1,0.995708375731016,-0.033342263540823,0.000719853923984,0.086328476016918,75612264625,1,0.717250466346741,-0.504848003387451,-0.476461291313171,0.06053863093257,0.264111702766189
876,75692265025,1,0.995699930570776,-0.033334887909583,0.000736353097127,0.086428532866895,75692265025,1,0.716661393642426,-0.50526624917984,-0.47689688205719,0.060595657676458,0.26469127703160766
877,75772265425,1,0.995691708508746,-0.033327350755649,0.000753633047146,0.086525957583693,75772265425,1,0.716071963310242,-0.50568288564682,-0.47733348608017,0.060650736093521,0.2652718838063044
878,75882265975,1,0.995683606963522,-0.033315466133281,0.000768352389165,0.086623577477725,75882265975,1,0.71547943353653,-0.506100833415985,-0.477771818637848,0.060705840587616,0.265856411765269
879,75962266375,1,0.995675193193303,-0.033312176141714,0.000774074761944,0.086721447107648,75962266375,1,0.714878499507904,-0.506523728370667,-0.478215992450714,0.060761131346226,0.26644068592555925
880,76042266775,1,0.995666792936376,-0.033308180564607,0.000779565220567,0.086819322902987,76042266775,1,0.714277029037476,-0.506946206092834,-0.478659808635712,0.060816373676062,0.26702573561637577
881,76122267175,1,0.995657664170972,-0.033324714290871,0.000781542472688,0.086917595378608,76122267175,1,0.713664591312408,-0.507375240325928,-0.479111552238464,0.060871876776218,0.26760985396189096
882,76202267575,1,0.995648572598537,-0.033339876223294,0.000783023381843,0.087015857234724,76202267575,1,0.713051497936249,-0.507803916931152,-0.479562908411026,0.060927327722311,0.268195039473909
883,76282267975,1,0.995640098120986,-0.033350528039295,0.000778448851996,0.087108732688055,76282267975,1,0.7124382853508,-0.508229613304138,-0.480016589164734,0.060978937894106,0.268780020061438
884,76362268350,1,0.995632011964843,-0.033363082345129,0.000775655039364,0.087196329317991,76362268350,1,0.711824774742126,-0.50865238904953,-0.48047262430191,0.061026707291603,0.2693656319622948
885,76442268775,1,0.995623911831645,-0.03337583178788,0.000772812960265,0.087283920636326,76442268775,1,0.711210787296295,-0.509074807167053,-0.480928301811218,0.061074424535036,0.2699515910843163
886,76552269325,1,0.99561692953876,-0.033381960041155,0.000776098147319,0.087361158596304,76552269325,1,0.710596859455109,-0.509491682052612,-0.48138901591301,0.061114523559809,0.27054447521598124
887,76632269725,1,0.99560992887568,-0.033388499011951,0.000779026972328,0.08743838273246,76632269725,1,0.709982395172119,-0.509908139705658,-0.481849372386932,0.061154574155807,0.2711375272177662
888,76712270125,1,0.995602748960658,-0.033400868447631,0.000752942227819,0.087515606190704,76712270125,1,0.709356784820557,-0.510331153869629,-0.482317566871643,0.061194874346256,0.2717245820427723
889,76792270525,1,0.995595600569869,-0.03341178290553,0.00072925734536,0.087592928211812,76792270525,1,0.708730638027191,-0.510753750801086,-0.482785373926163,0.061235129833221,0.272314011799747
890,76872270925,1,0.995588406858453,-0.033423938424156,0.00070475734665,0.087670221776537,76872270925,1,0.708103954792023,-0.511175930500031,-0.483252793550491,0.061275333166122,0.2729029528419348
891,77042273450,1,0.995581285813208,-0.033433843553745,0.000677708415686,0.087747490876072,77042273450,1,0.707476675510406,-0.511597752571106,-0.483719855546951,0.06131549179554,0.27349232295063386
892,77142272275,1,0.995574121422684,-0.033443974786428,0.000660891355958,0.087825010825794,77142272275,1,0.706848859786987,-0.512019157409668,-0.484186500310898,0.061355598270893,0.27408705023873026
893,77222272675,1,0.995567005420124,-0.033452632980476,0.000641654111255,0.087902487709286,77222272675,1,0.706220507621765,-0.512440085411072,-0.484652787446976,0.061395656317472,0.27468184248772565
894,77302273075,1,0.995559104214218,-0.033424566329079,0.000664539708434,0.088002424789734,77302273075,1,0.705629944801331,-0.51284658908844,-0.485075771808624,0.061451483517885,0.27527648196869614
895,77382273475,1,0.995550932845416,-0.033384091575377,0.00070223347653,0.088109871231625,77382273475,1,0.705051720142365,-0.513247966766357,-0.485484093427658,0.061512541025877,0.275871846298407
896,77462273875,1,0.995542320629497,-0.033348900796753,0.000741277317771,0.088220117655908,77462273875,1,0.704470217227936,-0.51365202665329,-0.485892772674561,0.061575509607792,0.27646833723455355
897,77542274275,1,0.99553274181044,-0.033320597346829,0.000771195786671,0.088338570471204,77542274275,1,0.703879714012146,-0.514064788818359,-0.486303120851517,0.061644285917282,0.27706521938853546
898,77622274675,1,0.995523126845081,-0.033292904109644,0.000801450356657,0.088457018544966,77622274675,1,0.703288733959198,-0.514477133750916,-0.486713171005249,0.061713017523289,0.27766248952241557
899,77702275075,1,0.995514010040824,-0.033270648500604,0.000820409755473,0.088567751967748,77702275075,1,0.70268976688385,-0.514890432357788,-0.487133055925369,0.06177631393075,0.27826001322510086
900,77812275625,1,0.995505003823491,-0.033251578668001,0.000836790751959,0.088675924916033,77812275625,1,0.702087819576263,-0.515303730964661,-0.487556040287018,0.061837762594223,0.2788578615330132
901,77892276025,1,0.995495214694346,-0.033234558765238,0.000851826953978,0.088791981705442,77892276025,1,0.701484858989716,-0.515720546245575,-0.487974554300308,0.061904780566692,0.27945445662921176
902,77972276425,1,0.995485170194862,-0.033217721756592,0.000866509803517,0.088910674523195,77972276425,1,0.70088118314743,-0.516138315200806,-0.488391309976578,0.061973620206118,0.28005131664872474
903,78052276825,1,0.995475204001765,-0.033205501971374,0.000879926328589,0.08902661729017,78052276825,1,0.700277209281921,-0.516554355621338,-0.488809138536453,0.06204054877162,0.2806458113970768
904,78132277225,1,0.995465884229497,-0.033194434041063,0.000898263465546,0.089134707082173,78132277225,1,0.699673235416412,-0.516966164112091,-0.48923072218895,0.0621018409729,0.2812427934779902
905,78212277625,1,0.99545650453289,-0.033185005237159,0.000915315726813,0.089242731960032,78212277625,1,0.6990687251091,-0.517377614974976,-0.489651948213577,0.062163084745407,0.28183889423121944
906,78292278025,1,0.995447808150401,-0.033176812426404,0.000913951183035,0.089342739263027,78292278025,1,0.698458909988403,-0.517788171768188,-0.490081012248993,0.062218848615885,0.2824311556693554
907,78402278575,1,0.995439102809176,-0.033175359123356,0.000907689937077,0.08944028311939,78402278575,1,0.697843313217163,-0.518200397491455,-0.490515142679214,0.062272854149342,0.2830235280583038
908,78482278975,1,0.99543044926695,-0.033157054561968,0.000913072722105,0.089543267212996,78482278975,1,0.697232306003571,-0.518611550331116,-0.490942120552063,0.06233038008213,0.2836251008998649
909,78562279375,1,0.995421446821422,-0.03313517727361,0.000921446016522,0.089651292083452,78562279375,1,0.696625769138336,-0.519021451473236,-0.491361916065216,0.062391430139542,0.2842251923411442
910,78642279775,1,0.995412498414291,-0.033111277064128,0.000929037296626,0.089759335010368,78642279775,1,0.696018815040588,-0.519431054592133,-0.4917813539505,0.062452435493469,0.2848263409527152
911,78722280175,1,0.995404065983602,-0.03310020807279,0.000919655520848,0.089856974590592,78722280175,1,0.695401191711426,-0.51984179019928,-0.49221408367157,0.062506273388863,0.28542399763990856
912,78802280575,1,0.995395694794232,-0.03308693857396,0.000909841557265,0.089954641176833,78802280575,1,0.69478303194046,-0.520252108573914,-0.492646425962448,0.062560066580772,0.2860230734811312
913,78882280975,1,0.995386800569054,-0.033090054201065,0.000896915619444,0.09005199113981,78882280975,1,0.694164395332336,-0.520662069320679,-0.493078410625458,0.062613815069199,0.2866129383751935
914,78962281375,1,0.995377949581345,-0.033091683080114,0.000882531869661,0.090149315780327,78962281375,1,0.693545281887054,-0.52107161283493,-0.493510007858276,0.062667518854141,0.287203287063051
915,79072281925,1,0.995369601645829,-0.033084436801514,0.000865798358987,0.090244260505317,79072281925,1,0.692923069000244,-0.521481156349182,-0.493944674730301,0.062719397246838,0.2878001213425385
916,79152282325,1,0.995361599911865,-0.033087961779004,0.000838473419041,0.090331440642389,79152282325,1,0.6922926902771,-0.521891415119171,-0.494389146566391,0.062765918672085,0.28839491330340883
917,79232282725,1,0.995353600710303,-0.033091224137753,0.000810196959991,0.090418604385304,79232282725,1,0.691661834716797,-0.522301197052002,-0.494833260774612,0.062812380492687,0.28898982098299164
918,79312284275,1,0.995345768910582,-0.033111584258342,0.000764128532329,0.090497731503565,79312284275,1,0.69102281332016,-0.52271169424057,-0.495287179946899,0.062853500247002,0.2895759181109061
919,79392283525,1,0.995338113547195,-0.033133420922936,0.000714930731653,0.090574306579202,79392283525,1,0.690380692481995,-0.523122191429138,-0.495744109153748,0.06289279460907,0.29016290759093977
920,79472283925,1,0.995330320945532,-0.033151404877579,0.000669368481007,0.090653673433257,79472283925,1,0.689737856388092,-0.523533523082733,-0.496199250221252,0.062933877110481,0.2907540792371912
921,79552284325,1,0.99532174066332,-0.033171262636824,0.000621849364459,0.090740912500287,79552284325,1,0.689093947410583,-0.523948431015015,-0.49664980173111,0.062980428338051,0.2913437215959007
922,79722287675,1,0.99531310863374,-0.033200172320204,0.000571891964275,0.090825311886784,79722287675,1,0.688449680805206,-0.524361550807953,-0.497101366519928,0.063025087118149,0.2919281292976962
923,79802285575,1,0.995305199733333,-0.033228898094705,0.000521428754556,0.090901748207917,79802285575,1,0.687805414199829,-0.524770319461823,-0.497556746006012,0.063064195215702,0.2925129501736069
924,79882285975,1,0.99529728337605,-0.03322984241391,0.000494538074235,0.090988189945146,79882285975,1,0.687181711196899,-0.525170683860779,-0.497990131378174,0.063110008835793,0.29310258020409086
925,79962286375,1,0.995288992273257,-0.03321452407968,0.000489980820084,0.091084450751161,79962286375,1,0.686578631401062,-0.525562703609467,-0.498401612043381,0.063162513077259,0.29369061518096184
926,80042286775,1,0.995280690669156,-0.033199294788427,0.000484650177509,0.091180692697986,80042286775,1,0.685975074768066,-0.525954365730286,-0.498812705278397,0.063214972615242,0.2942787044440883
927,80122287150,1,0.995270645703195,-0.033179162188501,0.000486149702978,0.091297582971739,80122287150,1,0.685380578041077,-0.526349604129791,-0.499204307794571,0.06328172236681,0.29486221038493377
928,80202287575,1,0.995260584399307,-0.033159157036847,0.00048692778086,0.091414453709972,80202287575,1,0.684785664081573,-0.526744544506073,-0.499595582485199,0.063348427414894,0.29544571979111545
929,80312288125,1,0.995250719377736,-0.033146671434804,0.000487984699207,0.09152631109045,80312288125,1,0.684185206890106,-0.527139723300934,-0.499993294477463,0.063411585986614,0.29603141397818866
930,80392288525,1,0.995241123406267,-0.033140214440168,0.000480982116225,0.091632969634819,80392288525,1,0.683579087257385,-0.527535259723663,-0.500397443771362,0.06347119808197,0.2966159774838655
931,80472288925,1,0.995231050762387,-0.033140981282057,0.000470425477087,0.091742082262875,80472288925,1,0.682972371578217,-0.527931690216064,-0.500799834728241,0.063532590866089,0.2971954915524432
932,80552289325,1,0.995220189061385,-0.033143092669678,0.000460361321993,0.09185912453515,80552289325,1,0.682364642620087,-0.528331816196442,-0.501197695732117,0.063599392771721,0.2977749285111043
933,80632289725,1,0.99520922623999,-0.033148008578334,0.000449575396598,0.091976102418257,80632289725,1,0.681756436824799,-0.528731524944305,-0.501595199108124,0.06366615742445,0.29835304674369234
934,80712290125,1,0.995199025570596,-0.03314991260479,0.000439646875303,0.09208577256154,80712290125,1,0.681140065193176,-0.529131829738617,-0.502002537250519,0.063727639615536,0.29894169184978747
935,80792290525,1,0.995188872662359,-0.033157381513342,0.000425778074916,0.092192811505192,80792290525,1,0.680520594120026,-0.529532074928284,-0.502412915229797,0.063787341117859,0.29952876216998714
936,80872290925,1,0.995178640266304,-0.033174830709684,0.000402907518302,0.09229703262091,80872290925,1,0.679898083209991,-0.529932200908661,-0.502826273441315,0.063845254480839,0.30010940392912067
937,80982291475,1,0.995168893844043,-0.033198634897128,0.000373491784663,0.092393635441403,80982291475,1,0.679267287254333,-0.530332863330841,-0.50324946641922,0.063897907733917,0.30069219756370025
938,81062291850,1,0.995158963884866,-0.033220447049138,0.000347464383282,0.092492798454569,81062291850,1,0.678638637065887,-0.530732870101929,-0.503668904304504,0.063952244818211,0.3012753787913406
939,81142292275,1,0.99514852729228,-0.033235939303695,0.000326609730113,0.092599537216402,81142292275,1,0.678017199039459,-0.531131565570831,-0.504077851772308,0.064011745154858,0.3018567051748263
940,81222292675,1,0.995138046009002,-0.03325240074582,0.000306299101691,0.092706274927246,81222292675,1,0.677395284175873,-0.531529903411865,-0.504486382007599,0.064071200788021,0.3024382565433219
941,81302293075,1,0.995128305151781,-0.033267034292752,0.000290367624179,0.092805583893168,81302293075,1,0.676767885684967,-0.531927049160004,-0.504902720451355,0.064125336706638,0.30302890363948976
942,81382293475,1,0.995118598043335,-0.033287392368133,0.000267838949826,0.092902387482211,81382293475,1,0.676134645938873,-0.532325744628906,-0.505324125289917,0.064177773892879,0.3036191801807584
943,81462293875,1,0.995108910296239,-0.033306660933141,0.000247501099154,0.092999256608441,81462293875,1,0.675500869750977,-0.53272408246994,-0.505745112895966,0.064230158925056,0.30421162065165996
944,81562294375,1,0.995098909185207,-0.033333970192318,0.000215989814877,0.093096512920883,81562294375,1,0.674855589866638,-0.533128499984741,-0.506173610687256,0.064282782375813,0.3048054746034303
945,81642294775,1,0.99508893395629,-0.033359931347078,0.000187023608005,0.09319384915552,81642294775,1,0.674209713935852,-0.533532500267029,-0.506601691246033,0.064335361123085,0.3054018534525025
946,81722295175,1,0.995079636120977,-0.033388129038161,0.000151568763814,0.093283051212875,81722295175,1,0.673563897609711,-0.533932089805603,-0.50703364610672,0.064382500946522,0.3059943426802024
947,81802295575,1,0.995070626966232,-0.033414577994799,0.000118575249711,0.09336969136914,81802295575,1,0.672917723655701,-0.534329831600189,-0.507466673851013,0.064427800476551,0.30658950213376335
948,81882295975,1,0.995061824156453,-0.033433762313653,8.5823552516e-05,0.093456633142348,81882295975,1,0.672268211841583,-0.53472888469696,-0.507901251316071,0.064473114907742,0.30719171801155276
949,81962296675,1,0.995052764651931,-0.033459487225702,4.4972302797e-05,0.093543873399778,81962296675,1,0.671609878540039,-0.5351322889328,-0.508341312408447,0.064518600702286,0.3077950230689793
950,82042297075,1,0.995043789816299,-0.033482173464906,5.51787634e-06,0.093631193400683,82042297075,1,0.670951008796692,-0.535535335540771,-0.508781015872955,0.064564034342766,0.30840107822916174
951,82122297475,1,0.995035258911639,-0.033492140495852,-2.8601420328e-05,0.093718243846187,82122297475,1,0.670300006866455,-0.535933077335358,-0.509214401245117,0.064609199762344,0.3090086882035119
952,82232298025,1,0.995026896340153,-0.033496845608179,-5.8142698557e-05,0.093805295764206,82232298025,1,0.669651210308075,-0.536328852176666,-0.509645462036133,0.064654245972633,0.3096191669918108
953,82312298425,1,0.995017959938082,-0.033517174525281,-8.5792637796e-05,0.093892763576979,82312298425,1,0.668993532657623,-0.536728978157043,-0.510081946849823,0.064699456095695,0.3102312090791115
954,82492301000,1,0.995009643114697,-0.033533256999093,-0.000116918241105,0.09397508773032,82492301000,1,0.668332934379578,-0.537127614021301,-0.510522902011871,0.064741127192974,0.3108469046114254
955,82572299725,1,0.995001842597654,-0.033548413500775,-0.000145152367964,0.094052198855979,82572299725,1,0.667672097682953,-0.537523090839386,-0.510966300964355,0.064779177308083,0.3114651936022853
956,82652300125,1,0.994994080816506,-0.033561970061214,-0.000170438143602,0.094129401658386,82652300125,1,0.66701078414917,-0.537918090820312,-0.511409282684326,0.064817182719707,0.31208626079595314
957,82732300525,1,0.994984619706966,-0.033540690481629,-0.000146416130586,0.094236973587425,82732300525,1,0.666391611099243,-0.538303434848785,-0.511803507804871,0.064875327050686,0.3127069365900622
958,82842301075,1,0.994975183016773,-0.033518129985512,-0.000120091021457,0.094344611510988,82842301075,1,0.665771961212158,-0.53868842124939,-0.512197375297546,0.064933426678181,0.31332996330035257
959,82922301475,1,0.994964870592725,-0.033477579946459,-7.277410171e-05,0.094467733281061,82922301475,1,0.665167629718781,-0.539071619510651,-0.51257061958313,0.06500169634819,0.31395689735550825
960,83002301875,1,0.994954190984405,-0.033432829785786,-1.8008688667e-05,0.09459600102948,83002301875,1,0.664568066596985,-0.539453983306885,-0.512936770915985,0.065073326230049,0.31458482999010073
961,83082302275,1,0.994943915109318,-0.033389990332003,3.6428435536e-05,0.094719126925558,83082302275,1,0.663965702056885,-0.539834856987,-0.513307392597198,0.065141446888447,0.3152148422508618
962,83162302675,1,0.994934873896188,-0.033354086750769,8.3131662552e-05,0.094826656016787,83162302675,1,0.663355469703674,-0.540211975574493,-0.513692140579224,0.065199121832848,0.315846321687959
963,83242303075,1,0.99492581836367,-0.033318052402595,0.000131381201623,0.094934219733771,83242303075,1,0.66274482011795,-0.540588736534119,-0.514076590538025,0.065256759524345,0.316479144078162
964,83322303600,1,0.994916336571269,-0.033293464433811,0.000175033234248,0.095042084430882,83322303600,1,0.662125289440155,-0.540969848632812,-0.514466464519501,0.065314561128616,0.3171123889596341
965,83402303875,1,0.994906757521457,-0.033271057800975,0.000216956174502,0.095150057703411,83402303875,1,0.661502480506897,-0.541352272033691,-0.514857888221741,0.065372385084629,0.317746864677789
966,83502304375,1,0.994897692452088,-0.033247710373985,0.000248202435544,0.095252872418364,83502304375,1,0.66087394952774,-0.54173469543457,-0.515255749225616,0.065426789224148,0.318382392484981
967,83582304775,1,0.994888901002013,-0.033230431079621,0.000275442435668,0.09535060170095,83582304775,1,0.660239636898041,-0.542117178440094,-0.515659987926483,0.065477758646011,0.31901881667143195
968,83662305175,1,0.994880112010149,-0.033212731910624,0.000302788907522,0.095448339349534,83662305175,1,0.659604907035828,-0.542499244213104,-0.516063868999481,0.065528690814972,0.3196559679430533
969,83742305575,1,0.994870232439296,-0.033196911417253,0.000331165964928,0.095556663857843,83742305575,1,0.658968985080719,-0.542886435985565,-0.516461610794067,0.065586596727371,0.32029301784804676
970,83822305975,1,0.994860353142535,-0.033180702558741,0.000359365920976,0.095664986170251,83822305975,1,0.658332586288452,-0.543273270130157,-0.516858994960785,0.065644457936287,0.32093068728363927
971,83902306375,1,0.994850844630525,-0.033167595816318,0.000383773333656,0.095768263238534,83902306375,1,0.657690405845642,-0.543660044670105,-0.517262697219849,0.065698906779289,0.32157088904673603
972,83982306775,1,0.994841652793618,-0.033159544538687,0.000402059064663,0.095866411330336,83982306775,1,0.657042443752289,-0.544046878814697,-0.517672836780548,0.065749943256378,0.3222113865441206
973,84082307275,1,0.994832134086864,-0.033161816960076,0.000415713628087,0.095964295788915,84082307275,1,0.656394004821777,-0.544433295726776,-0.518082559108734,0.065800927579403,0.32284458838434693
974,84162307675,1,0.994822625779904,-0.03316343727726,0.00042985991184,0.09606219279608,84162307675,1,0.655745089054108,-0.544819295406342,-0.518491864204407,0.065851867198944,0.32347887223845584
975,84242308075,1,0.994813042750676,-0.0331671796283,0.000443113854498,0.096160032335469,84242308075,1,0.655095636844635,-0.545204937458038,-0.518900871276855,0.065902762115002,0.3241121265521886
976,84322309175,1,0.994803551413835,-0.033167802966724,0.000455783280552,0.09625789942848,84322309175,1,0.654445767402649,-0.545590162277222,-0.519309401512146,0.065953604876995,0.32474713645454545
977,84402308875,1,0.994793979683458,-0.033170721131061,0.000467437346079,0.096355709470283,84402308875,1,0.65379536151886,-0.545974910259247,-0.519717574119568,0.066004395484924,0.32538096397175265
978,84482309275,1,0.994784392212203,-0.033173366927933,0.000484357804872,0.096453647599141,84482309275,1,0.653144538402557,-0.546359360218048,-0.520125389099121,0.06605514138937,0.32601809526950887
979,84562309675,1,0.994774770044306,-0.033176918242189,0.000499977037214,0.096551535473091,84562309675,1,0.652493178844452,-0.546743333339691,-0.520532846450806,0.066105835139751,0.32665462377372634
980,84642310075,1,0.994765118990445,-0.033181046833425,0.000515883007892,0.096649418185969,84642310075,1,0.651841342449188,-0.547126889228821,-0.520939826965332,0.066156476736069,0.32729148549940545
981,84752310625,1,0.99475590323282,-0.033195252737858,0.000513841322542,0.096739361927928,84752310625,1,0.651180982589722,-0.547510623931885,-0.521356582641602,0.066202081739902,0.3279226673679665
982,84832311025,1,0.994746839004641,-0.033212113312393,0.000509584642774,0.096826763568201,84832311025,1,0.650517523288727,-0.547894060611725,-0.52177631855011,0.066245958209038,0.32855453783322786
983,84912311400,1,0.994737746057689,-0.033229315625962,0.000508750371592,0.096914242112082,84912311400,1,0.649853527545929,-0.548277080059052,-0.522195637226105,0.066289789974689,0.3291885370668777
984,84992311825,1,0.994728625165021,-0.033247322048731,0.000505993512321,0.097001658874782,84992311825,1,0.649189054965973,-0.548659682273865,-0.522614598274231,0.066333577036858,0.32982157131430234
985,85172314400,1,0.994719770475602,-0.033272398549251,0.000495594147107,0.097083881804275,85172314400,1,0.648518681526184,-0.549042224884033,-0.523039817810059,0.066373988986015,0.33045306520723927
986,85252313125,1,0.994711243078213,-0.033302535056279,0.000478921106877,0.09716097306632,85252313125,1,0.647842466831207,-0.549424588680267,-0.523471415042877,0.066411025822163,0.33108472449246473
987,85352313625,1,0.994701201645221,-0.033309875825107,0.000490624096777,0.09726114797834,85352313625,1,0.647189915180206,-0.549805164337158,-0.523872256278992,0.066462926566601,0.33171823574220294
988,85432314025,1,0.994690602870386,-0.033311127389041,0.000510111012468,0.097368953677107,85432314025,1,0.646544933319092,-0.550184905529022,-0.524262666702271,0.066519737243652,0.33235102596385424
989,85512314425,1,0.994679754849404,-0.033305559372878,0.00053428789757,0.097481483082851,85512314425,1,0.645910561084747,-0.550560891628265,-0.5246422290802,0.066579669713974,0.3329791280277402
990,85592314825,1,0.994668704242842,-0.033291055658031,0.000569525015765,0.097598924452554,85592314825,1,0.645286858081818,-0.550933063030243,-0.525010824203491,0.066642723977566,0.33360696235676646
991,85672315225,1,0.994657607330194,-0.033277749409977,0.000602254140887,0.097716287610256,85672315225,1,0.644662737846375,-0.551304936408997,-0.525379121303558,0.066705733537674,0.33423329122421086
992,85752315600,1,0.994646302877157,-0.033270075020988,0.000613261828212,0.097833829480557,85752315600,1,0.644026696681976,-0.551682531833649,-0.525754630565643,0.066768974065781,0.33485686879179855
993,85832316025,1,0.994634946063791,-0.0332637574196,0.000622093788956,0.097951311937753,85832316025,1,0.64339017868042,-0.552059769630432,-0.52612978219986,0.066832169890404,0.33547906542140005
994,85912316400,1,0.99462358516817,-0.033256537113691,0.000636957263654,0.09806895967566,85912316400,1,0.64275324344635,-0.552436649799347,-0.526504576206207,0.066895313560963,0.33610534178396767
995,86012316925,1,0.994612220857022,-0.033249423533993,0.000647125923807,0.098186491863999,86012316925,1,0.642115890979767,-0.552813112735748,-0.526878952980042,0.066958419978619,0.3367295149752574
996,86092317325,1,0.994600993897534,-0.033245498259523,0.000659945535719,0.098301394981984,86092317325,1,0.64147824048996,-0.553187787532806,-0.527254521846771,0.067019760608673,0.3373539241261224
997,86172317725,1,0.994590554789981,-0.033241331277904,0.000670287456277,0.098408297069687,86172317725,1,0.640840649604797,-0.553557872772217,-0.527634084224701,0.067075937986374,0.337977779823849
998,86252318125,1,0.994580086548277,-0.033237808255765,0.000679635177755,0.098515164517958,86252318125,1,0.640202701091766,-0.553927600383759,-0.528013288974762,0.067132063210011,0.33860113292452443
999,86332318525,1,0.994569513791273,-0.033236433968769,0.00067784247215,0.098622321122621,86332318525,1,0.63955557346344,-0.554301500320435,-0.528397798538208,0.06718835234642,0.33922641825300925
1000,86412318925,1,0.994558819822682,-0.033238216672847,0.000672334344913,0.098729543865308,86412318925,1,0.638905167579651,-0.554676532745361,-0.528783798217773,0.067244656383991,0.33985125703104024
