timestamp,q0,q1,q2,q3,roll,pitch,yaw
72146875,0.99945247,-0.03293441,0.00317168,0.00010451,-3.775,0.364,360.000
91883500,0.99945247,-0.03293441,0.00317168,0.00010451,-3.775,0.364,360.000
111883625,0.99945247,-0.03293441,0.00317168,0.00010451,-3.775,0.364,360.000
131883725,0.99945247,-0.03293441,0.00317168,0.00010451,-3.775,0.364,360.000
151883825,0.99945247,-0.03293441,0.00317168,0.00010451,-3.775,0.364,360.000
171884225,0.99943304,-0.03357306,0.00253383,0.00015953,-3.848,0.291,0.009
191884325,0.99943304,-0.03357306,0.00253383,0.00015953,-3.848,0.291,0.009
211884425,0.99943304,-0.03357306,0.00253383,0.00015953,-3.848,0.291,0.009
231884525,0.99943304,-0.03357306,0.00253383,0.00015953,-3.848,0.291,0.009
251884625,0.99941313,-0.03420102,0.00190681,0.00021949,-3.920,0.219,0.018
291884825,0.99941313,-0.03420102,0.00190681,0.00021949,-3.920,0.219,0.018
311884925,0.99941313,-0.03420102,0.00190681,0.00021949,-3.920,0.219,0.018
331885325,0.99941313,-0.03420102,0.00190681,0.00021949,-3.920,0.219,0.018
351885425,0.99939281,-0.03481830,0.00129062,0.00028439,-3.991,0.149,0.027
371885525,0.99939281,-0.03481830,0.00129062,0.00028439,-3.991,0.149,0.027
391885625,0.99939281,-0.03481830,0.00129062,0.00028439,-3.991,0.149,0.027
411885725,0.99939281,-0.03481830,0.00129062,0.00028439,-3.991,0.149,0.027
431885825,0.99937165,-0.03543555,0.00067444,0.00034929,-4.061,0.079,0.037
451885925,0.99937165,-0.03543555,0.00067444,0.00034929,-4.061,0.079,0.037
471886025,0.99937165,-0.03543555,0.00067444,0.00034929,-4.061,0.079,0.037
491886125,0.99937165,-0.03543555,0.00067444,0.00034929,-4.061,0.079,0.037
511886225,0.99934977,-0.03605278,0.00005825,0.00041418,-4.132,0.008,0.047
531886325,0.99934977,-0.03605278,0.00005825,0.00041418,-4.132,0.008,0.047
551887550,0.99934977,-0.03605278,0.00005825,0.00041418,-4.132,0.008,0.047
571886525,0.99934977,-0.03605278,0.00005825,0.00041418,-4.132,0.008,0.047
591886625,0.99932718,-0.03666998,-0.00055794,0.00047908,-4.203,-0.062,0.057
611886700,0.99932718,-0.03666998,-0.00055794,0.00047908,-4.203,-0.062,0.057
631886825,0.99932718,-0.03666998,-0.00055794,0.00047908,-4.203,-0.062,0.057
651887225,0.99932718,-0.03666998,-0.00055794,0.00047908,-4.203,-0.062,0.057
671887325,0.99930346,-0.03729513,-0.00118212,0.00054426,-4.275,-0.133,0.067
691887425,0.99930346,-0.03729513,-0.00118212,0.00054426,-4.275,-0.133,0.067
711887525,0.99930346,-0.03729513,-0.00118212,0.00054426,-4.275,-0.133,0.067
731887625,0.99930346,-0.03729513,-0.00118212,0.00054426,-4.275,-0.133,0.067
751887725,0.99927884,-0.03792291,-0.00180896,0.00060954,-4.347,-0.204,0.078
771887775,0.99927884,-0.03792291,-0.00180896,0.00060954,-4.347,-0.204,0.078
791887925,0.99927884,-0.03792291,-0.00180896,0.00060954,-4.347,-0.204,0.078
811888000,0.99927884,-0.03792291,-0.00180896,0.00060954,-4.347,-0.204,0.078
831888125,0.99925345,-0.03855065,-0.00243590,0.00067216,-4.419,-0.276,0.088
851888225,0.99925345,-0.03855065,-0.00243590,0.00067216,-4.419,-0.276,0.088
871888325,0.99925345,-0.03855065,-0.00243590,0.00067216,-4.419,-0.276,0.088
891888425,0.99925345,-0.03855065,-0.00243590,0.00067216,-4.419,-0.276,0.088
1031891600,0.99922729,-0.03917835,-0.00306315,0.00072679,-4.491,-0.347,0.097
1051890900,0.99922729,-0.03917835,-0.00306315,0.00072679,-4.491,-0.347,0.097
1071890350,0.99922729,-0.03917835,-0.00306315,0.00072679,-4.491,-0.347,0.097
1091889925,0.99922729,-0.03917835,-0.00306315,0.00072679,-4.491,-0.347,0.097
1111889525,0.99919987,-0.03981665,-0.00370104,0.00078181,-4.564,-0.420,0.106
1131889625,0.99919987,-0.03981665,-0.00370104,0.00078181,-4.564,-0.420,0.106
1151889725,0.99919987,-0.03981665,-0.00370104,0.00078181,-4.564,-0.420,0.106
1171889825,0.99919987,-0.03981665,-0.00370104,0.00078181,-4.564,-0.420,0.106
1191889925,0.99917161,-0.04045492,-0.00433893,0.00083683,-4.638,-0.493,0.116
1211890025,0.99917161,-0.04045492,-0.00433893,0.00083683,-4.638,-0.493,0.116
1231890125,0.99917161,-0.04045492,-0.00433893,0.00083683,-4.638,-0.493,0.116
1251890225,0.99917161,-0.04045492,-0.00433893,0.00083683,-4.638,-0.493,0.116
1271890325,0.99914396,-0.04106136,-0.00494389,0.00091464,-4.707,-0.562,0.128
1291890725,0.99914396,-0.04106136,-0.00494389,0.00091464,-4.707,-0.562,0.128
1311890825,0.99914396,-0.04106136,-0.00494389,0.00091464,-4.707,-0.562,0.128
1331890925,0.99914396,-0.04106136,-0.00494389,0.00091464,-4.707,-0.562,0.128
1351891025,0.99911612,-0.04165717,-0.00553787,0.00100005,-4.776,-0.629,0.141
1371891125,0.99911612,-0.04165717,-0.00553787,0.00100005,-4.776,-0.629,0.141
1391891225,0.99911612,-0.04165717,-0.00553787,0.00100005,-4.776,-0.629,0.141
1411891325,0.99911612,-0.04165717,-0.00553787,0.00100005,-4.776,-0.629,0.141
1431891425,0.99908769,-0.04225029,-0.00612917,0.00108536,-4.844,-0.696,0.154
1451891525,0.99908769,-0.04225029,-0.00612917,0.00108536,-4.844,-0.696,0.154
1471891600,0.99908769,-0.04225029,-0.00612917,0.00108536,-4.844,-0.696,0.154
1491891725,0.99908769,-0.04225029,-0.00612917,0.00108536,-4.844,-0.696,0.154
1511891825,0.99905890,-0.04283541,-0.00671249,0.00117039,-4.911,-0.763,0.167
1531891925,0.99905890,-0.04283541,-0.00671249,0.00117039,-4.911,-0.763,0.167
1581892150,0.99905890,-0.04283541,-0.00671249,0.00117039,-4.911,-0.763,0.167
1601892275,0.99905890,-0.04283541,-0.00671249,0.00117039,-4.911,-0.763,0.167
1621892375,0.99902958,-0.04341786,-0.00729302,0.00125797,-4.978,-0.829,0.180
1641892475,0.99902958,-0.04341786,-0.00729302,0.00125797,-4.978,-0.829,0.180
1661892575,0.99902958,-0.04341786,-0.00729302,0.00125797,-4.978,-0.829,0.180
1681892675,0.99902958,-0.04341786,-0.00729302,0.00125797,-4.978,-0.829,0.180
1701892775,0.99900001,-0.04399237,-0.00786520,0.00135325,-5.044,-0.894,0.195
1721892875,0.99900001,-0.04399237,-0.00786520,0.00135325,-5.044,-0.894,0.195
1741892975,0.99900001,-0.04399237,-0.00786520,0.00135325,-5.044,-0.894,0.195
1761893075,0.99900001,-0.04399237,-0.00786520,0.00135325,-5.044,-0.894,0.195
1781893175,0.99896973,-0.04456685,-0.00843738,0.00144853,-5.111,-0.959,0.209
1801893275,0.99896973,-0.04456685,-0.00843738,0.00144853,-5.111,-0.959,0.209
1821893375,0.99896973,-0.04456685,-0.00843738,0.00144853,-5.111,-0.959,0.209
1841893475,0.99896973,-0.04456685,-0.00843738,0.00144853,-5.111,-0.959,0.209
1861893575,0.99893838,-0.04514913,-0.00901826,0.00152813,-5.178,-1.024,0.222
1881893675,0.99893838,-0.04514913,-0.00901826,0.00152813,-5.178,-1.024,0.222
1901893775,0.99893838,-0.04514913,-0.00901826,0.00152813,-5.178,-1.024,0.222
1921893875,0.99893838,-0.04514913,-0.00901826,0.00152813,-5.178,-1.024,0.222
1941893975,0.99890620,-0.04573399,-0.00960204,0.00160251,-5.245,-1.091,0.234
1961894075,0.99890620,-0.04573399,-0.00960204,0.00160251,-5.245,-1.091,0.234
1981894175,0.99890620,-0.04573399,-0.00960204,0.00160251,-5.245,-1.091,0.234
2001894275,0.99890620,-0.04573399,-0.00960204,0.00160251,-5.245,-1.091,0.234
2021894375,0.99887323,-0.04632150,-0.01018836,0.00167964,-5.313,-1.157,0.246
2041894475,0.99887323,-0.04632150,-0.01018836,0.00167964,-5.313,-1.157,0.246
2061894575,0.99887323,-0.04632150,-0.01018836,0.00167964,-5.313,-1.157,0.246
2081894675,0.99887323,-0.04632150,-0.01018836,0.00167964,-5.313,-1.157,0.246
2101894775,0.99883902,-0.04691702,-0.01078229,0.00176504,-5.381,-1.225,0.260
2121894875,0.99883902,-0.04691702,-0.01078229,0.00176504,-5.381,-1.225,0.260
2141894975,0.99883902,-0.04691702,-0.01078229,0.00176504,-5.381,-1.225,0.260
2161895075,0.99883902,-0.04691702,-0.01078229,0.00176504,-5.381,-1.225,0.260
2181895175,0.99880415,-0.04751252,-0.01137621,0.00185044,-5.450,-1.292,0.274
2221895375,0.99880415,-0.04751252,-0.01137621,0.00185044,-5.450,-1.292,0.274
2241895475,0.99880415,-0.04751252,-0.01137621,0.00185044,-5.450,-1.292,0.274
2261895575,0.99880415,-0.04751252,-0.01137621,0.00185044,-5.450,-1.292,0.274
2281895675,0.99876857,-0.04810789,-0.01197051,0.00192786,-5.519,-1.360,0.287
2301895775,0.99876857,-0.04810789,-0.01197051,0.00192786,-5.519,-1.360,0.287
2321895875,0.99876857,-0.04810789,-0.01197051,0.00192786,-5.519,-1.360,0.287
2341895975,0.99876857,-0.04810789,-0.01197051,0.00192786,-5.519,-1.360,0.287
2361896075,0.99873227,-0.04870319,-0.01256492,0.00200262,-5.587,-1.427,0.299
2381896175,0.99873227,-0.04870319,-0.01256492,0.00200262,-5.587,-1.427,0.299
2401896275,0.99873227,-0.04870319,-0.01256492,0.00200262,-5.587,-1.427,0.299
2421896375,0.99873227,-0.04870319,-0.01256492,0.00200262,-5.587,-1.427,0.299
2441896475,0.99869525,-0.04929846,-0.01315933,0.00207737,-5.656,-1.494,0.312
2461896575,0.99869525,-0.04929846,-0.01315933,0.00207737,-5.656,-1.494,0.312
2481896675,0.99869525,-0.04929846,-0.01315933,0.00207737,-5.656,-1.494,0.312
2501896775,0.99869525,-0.04929846,-0.01315933,0.00207737,-5.656,-1.494,0.312
2521896875,0.99865752,-0.04989369,-0.01375373,0.00215213,-5.725,-1.562,0.325
2541896975,0.99865752,-0.04989369,-0.01375373,0.00215213,-5.725,-1.562,0.325
2561897075,0.99865752,-0.04989369,-0.01375373,0.00215213,-5.725,-1.562,0.325
2581897475,0.99865752,-0.04989369,-0.01375373,0.00215213,-5.725,-1.562,0.325
2601897575,0.99861908,-0.05048889,-0.01434811,0.00222688,-5.793,-1.629,0.338
2621897675,0.99861908,-0.05048889,-0.01434811,0.00222688,-5.793,-1.629,0.338
2641897775,0.99861908,-0.05048889,-0.01434811,0.00222688,-5.793,-1.629,0.338
2661897875,0.99861908,-0.05048889,-0.01434811,0.00222688,-5.793,-1.629,0.338
2681897975,0.99857849,-0.05110527,-0.01496381,0.00230240,-5.865,-1.699,0.351
2701898075,0.99857849,-0.05110527,-0.01496381,0.00230240,-5.865,-1.699,0.351
2721898175,0.99857849,-0.05110527,-0.01496381,0.00230240,-5.865,-1.699,0.351
2741898275,0.99857849,-0.05110527,-0.01496381,0.00230240,-5.865,-1.699,0.351
2761898375,0.99853718,-0.05172162,-0.01557950,0.00237792,-5.936,-1.769,0.365
2781898475,0.99853718,-0.05172162,-0.01557950,0.00237792,-5.936,-1.769,0.365
2801898575,0.99853718,-0.05172162,-0.01557950,0.00237792,-5.936,-1.769,0.365
2851898825,0.99853718,-0.05172162,-0.01557950,0.00237792,-5.936,-1.769,0.365
2871898900,0.99849528,-0.05233520,-0.01619279,0.00244802,-6.007,-1.838,0.377
2891899025,0.99849528,-0.05233520,-0.01619279,0.00244802,-6.007,-1.838,0.377
2911899125,0.99849528,-0.05233520,-0.01619279,0.00244802,-6.007,-1.838,0.377
2931899225,0.99849528,-0.05233520,-0.01619279,0.00244802,-6.007,-1.838,0.377
2951899325,0.99845320,-0.05294069,-0.01679835,0.00251252,-6.077,-1.907,0.390
2971899425,0.99845320,-0.05294069,-0.01679835,0.00251252,-6.077,-1.907,0.390
2991899525,0.99845320,-0.05294069,-0.01679835,0.00251252,-6.077,-1.907,0.390
3011899625,0.99845320,-0.05294069,-0.01679835,0.00251252,-6.077,-1.907,0.390
3031899725,0.99841017,-0.05354883,-0.01740642,0.00257976,-6.147,-1.976,0.402
3051899825,0.99841017,-0.05354883,-0.01740642,0.00257976,-6.147,-1.976,0.402
3071899950,0.99841017,-0.05354883,-0.01740642,0.00257976,-6.147,-1.976,0.402
3091900025,0.99841017,-0.05354883,-0.01740642,0.00257976,-6.147,-1.976,0.402
3111900125,0.99836582,-0.05416503,-0.01802204,0.00265527,-6.218,-2.046,0.416
3131900225,0.99836582,-0.05416503,-0.01802204,0.00265527,-6.218,-2.046,0.416
3151900325,0.99836582,-0.05416503,-0.01802204,0.00265527,-6.218,-2.046,0.416
3171900425,0.99836582,-0.05416503,-0.01802204,0.00265527,-6.218,-2.046,0.416
3191900525,0.99832070,-0.05478119,-0.01863765,0.00273078,-6.290,-2.115,0.430
3211900625,0.99832070,-0.05478119,-0.01863765,0.00273078,-6.290,-2.115,0.430
3231900725,0.99832070,-0.05478119,-0.01863765,0.00273078,-6.290,-2.115,0.430
3251900825,0.99832070,-0.05478119,-0.01863765,0.00273078,-6.290,-2.115,0.430
3271900900,0.99827480,-0.05539716,-0.01925368,0.00279831,-6.361,-2.185,0.443
3291901000,0.99827480,-0.05539716,-0.01925368,0.00279831,-6.361,-2.185,0.443
3311901125,0.99827480,-0.05539716,-0.01925368,0.00279831,-6.361,-2.185,0.443
3331901225,0.99827480,-0.05539716,-0.01925368,0.00279831,-6.361,-2.185,0.443
3351901325,0.99822819,-0.05601304,-0.01986985,0.00286318,-6.432,-2.255,0.455
3371901425,0.99822819,-0.05601304,-0.01986985,0.00286318,-6.432,-2.255,0.455
3391901525,0.99822819,-0.05601304,-0.01986985,0.00286318,-6.432,-2.255,0.455
3411901625,0.99822819,-0.05601304,-0.01986985,0.00286318,-6.432,-2.255,0.455
3431901725,0.99818063,-0.05663152,-0.02048867,0.00292814,-6.504,-2.325,0.468
3451901825,0.99818063,-0.05663152,-0.02048867,0.00292814,-6.504,-2.325,0.468
3491902025,0.99818063,-0.05663152,-0.02048867,0.00292814,-6.504,-2.325,0.468
3511902125,0.99818063,-0.05663152,-0.02048867,0.00292814,-6.504,-2.325,0.468
3531902225,0.99813163,-0.05725792,-0.02111547,0.00299339,-6.576,-2.396,0.481
3551902325,0.99813163,-0.05725792,-0.02111547,0.00299339,-6.576,-2.396,0.481
3571902425,0.99813163,-0.05725792,-0.02111547,0.00299339,-6.576,-2.396,0.481
3591902500,0.99813163,-0.05725792,-0.02111547,0.00299339,-6.576,-2.396,0.481
3611902625,0.99808180,-0.05788426,-0.02174225,0.00305864,-6.649,-2.467,0.495
3631902725,0.99808180,-0.05788426,-0.02174225,0.00305864,-6.649,-2.467,0.495
3651902825,0.99808180,-0.05788426,-0.02174225,0.00305864,-6.649,-2.467,0.495
3671902925,0.99808180,-0.05788426,-0.02174225,0.00305864,-6.649,-2.467,0.495
3691902500,0.99803126,-0.05851033,-0.02236964,0.00311325,-6.722,-2.538,0.507
3801906025,0.99803126,-0.05851033,-0.02236964,0.00311325,-6.722,-2.538,0.507
3821905350,0.99803126,-0.05851033,-0.02236964,0.00311325,-6.722,-2.538,0.507
3841904875,0.99803126,-0.05851033,-0.02236964,0.00311325,-6.722,-2.538,0.507
3861904400,0.99797952,-0.05914154,-0.02300265,0.00316274,-6.795,-2.610,0.518
3881903975,0.99797952,-0.05914154,-0.02300265,0.00316274,-6.795,-2.610,0.518
3901904075,0.99797952,-0.05914154,-0.02300265,0.00316274,-6.795,-2.610,0.518
3921904175,0.99797952,-0.05914154,-0.02300265,0.00316274,-6.795,-2.610,0.518
3941904275,0.99792653,-0.05977787,-0.02364129,0.00320710,-6.868,-2.682,0.529
3961904375,0.99792653,-0.05977787,-0.02364129,0.00320710,-6.868,-2.682,0.529
3981904475,0.99792653,-0.05977787,-0.02364129,0.00320710,-6.868,-2.682,0.529
4001904575,0.99792653,-0.05977787,-0.02364129,0.00320710,-6.868,-2.682,0.529
4021904675,0.99787277,-0.06041415,-0.02427991,0.00325146,-6.942,-2.755,0.541
4041904775,0.99787277,-0.06041415,-0.02427991,0.00325146,-6.942,-2.755,0.541
4061919900,0.99787277,-0.06041415,-0.02427991,0.00325146,-6.942,-2.755,0.541
4081904475,0.99787277,-0.06041415,-0.02427991,0.00325146,-6.942,-2.755,0.541
4101905875,0.99782258,-0.06099844,-0.02486261,0.00333641,-7.010,-2.821,0.556
4141906075,0.99782258,-0.06099844,-0.02486261,0.00333641,-7.010,-2.821,0.556
4161906175,0.99782258,-0.06099844,-0.02486261,0.00333641,-7.010,-2.821,0.556
4181906275,0.99782258,-0.06099844,-0.02486261,0.00333641,-7.010,-2.821,0.556
4201906375,0.99777174,-0.06158269,-0.02544529,0.00342136,-7.078,-2.886,0.571
4221906475,0.99777174,-0.06158269,-0.02544529,0.00342136,-7.078,-2.886,0.571
4241906575,0.99777174,-0.06158269,-0.02544529,0.00342136,-7.078,-2.886,0.571
4261906675,0.99777174,-0.06158269,-0.02544529,0.00342136,-7.078,-2.886,0.571
4281906775,0.99772084,-0.06215916,-0.02601947,0.00351399,-7.145,-2.951,0.588
4301906875,0.99772084,-0.06215916,-0.02601947,0.00351399,-7.145,-2.951,0.588
4321906975,0.99772084,-0.06215916,-0.02601947,0.00351399,-7.145,-2.951,0.588
4341907075,0.99772084,-0.06215916,-0.02601947,0.00351399,-7.145,-2.951,0.588
4361907175,0.99756491,-0.06388058,-0.02773339,0.00379955,-7.346,-3.144,0.638
4381907275,0.99740291,-0.06560161,-0.02944716,0.00408509,-7.546,-3.337,0.689
4401907375,0.99723500,-0.06732225,-0.03116074,0.00437061,-7.747,-3.529,0.741
4421907475,0.99706107,-0.06904248,-0.03287413,0.00465609,-7.948,-3.722,0.794
4441907575,0.99688035,-0.07076997,-0.03459588,0.00493387,-8.150,-3.915,0.846
4461907675,0.99669272,-0.07250468,-0.03632599,0.00520395,-8.354,-4.109,0.899
4481907775,0.99649823,-0.07424656,-0.03806446,0.00546632,-8.558,-4.304,0.951
4501907875,0.99629664,-0.07599561,-0.03981129,0.00572098,-8.763,-4.500,1.003
4521907975,0.99608886,-0.07774418,-0.04155788,0.00597561,-8.969,-4.696,1.056
4541908075,0.99587494,-0.07949226,-0.04330421,0.00623020,-9.175,-4.891,1.110
4561908175,0.99565482,-0.08123986,-0.04505027,0.00648475,-9.381,-5.086,1.164
4581908275,0.99542850,-0.08298695,-0.04679605,0.00673927,-9.587,-5.281,1.219
4601908375,0.99519598,-0.08473352,-0.04854155,0.00699373,-9.794,-5.476,1.275
4621908475,0.99495727,-0.08647957,-0.05028673,0.00724816,-10.001,-5.671,1.331
4641908575,0.99471128,-0.08823296,-0.05203962,0.00750283,-10.209,-5.866,1.389
4661908675,0.99445790,-0.08999369,-0.05380018,0.00775774,-10.418,-6.062,1.447
4681908775,0.99419701,-0.09176173,-0.05556840,0.00801290,-10.629,-6.259,1.506
4701908875,0.99392861,-0.09353706,-0.05734428,0.00826829,-10.841,-6.456,1.567
4721908975,0.99365377,-0.09531179,-0.05911979,0.00852362,-11.053,-6.653,1.627
4741909075,0.99337256,-0.09708590,-0.06089492,0.00877890,-11.265,-6.850,1.689
4781909275,0.99308497,-0.09885939,-0.06266965,0.00903413,-11.478,-7.047,1.752
4801909375,0.99279094,-0.10063224,-0.06444398,0.00928930,-11.691,-7.244,1.815
4821909475,0.99249053,-0.10240445,-0.06621790,0.00954440,-11.904,-7.440,1.879
4841909575,0.99218380,-0.10417546,-0.06799221,0.00979152,-12.117,-7.636,1.943
4861909650,0.99187076,-0.10594526,-0.06976691,0.01003064,-12.331,-7.832,2.006
4881909775,0.99155140,-0.10771382,-0.07154201,0.01026178,-12.545,-8.028,2.070
4901909875,0.99122578,-0.10948112,-0.07331751,0.01048493,-12.759,-8.225,2.133
4921909975,0.99089372,-0.11124771,-0.07509254,0.01070801,-12.973,-8.420,2.197
4941910075,0.99055535,-0.11301359,-0.07686708,0.01093102,-13.188,-8.616,2.262
4961910175,0.99021059,-0.11477873,-0.07864113,0.01115396,-13.403,-8.811,2.328
4981910275,0.98985946,-0.11654314,-0.08041468,0.01137683,-13.618,-9.007,2.395
5001910375,0.98950195,-0.11830681,-0.08218770,0.01159963,-13.834,-9.201,2.462
5021910475,0.98913813,-0.12006971,-0.08396021,0.01182235,-14.050,-9.396,2.530
5041910575,0.98876780,-0.12183251,-0.08573121,0.01205290,-14.267,-9.590,2.600
5061910675,0.98839098,-0.12359521,-0.08750068,0.01229127,-14.484,-9.784,2.671
5081910775,0.98800778,-0.12535782,-0.08926860,0.01253746,-14.702,-9.977,2.744
5101910875,0.98761809,-0.12712033,-0.09103495,0.01279146,-14.920,-10.170,2.819
5121910975,0.98722202,-0.12888202,-0.09280071,0.01304538,-15.138,-10.362,2.895
5141911375,0.98681957,-0.13064288,-0.09456588,0.01329921,-15.357,-10.554,2.971
5161911475,0.98641080,-0.13240290,-0.09633043,0.01355296,-15.577,-10.746,3.048
5181911575,0.98599565,-0.13416207,-0.09809436,0.01380663,-15.796,-10.937,3.126
5201911650,0.98557413,-0.13592036,-0.09985767,0.01406020,-16.017,-11.129,3.205
5221911750,0.98514628,-0.13767779,-0.10162032,0.01431368,-16.237,-11.320,3.285
5241911875,0.98471028,-0.13944127,-0.10339141,0.01455949,-16.459,-11.511,3.365
5261911975,0.98426604,-0.14121076,-0.10517092,0.01479763,-16.682,-11.704,3.444
5281912075,0.98381346,-0.14298624,-0.10695884,0.01502808,-16.906,-11.897,3.525
5301912175,0.98335248,-0.14476764,-0.10875519,0.01525087,-17.132,-12.092,3.605
5321912275,0.98288488,-0.14654809,-0.11055081,0.01547356,-17.358,-12.285,3.686
5341912375,0.98241079,-0.14832756,-0.11234568,0.01569614,-17.584,-12.479,3.768
5361912475,0.98193020,-0.15010604,-0.11413981,0.01591862,-17.811,-12.672,3.851
5381912550,0.98144299,-0.15188351,-0.11593319,0.01614099,-18.038,-12.865,3.935
5421912775,0.98094928,-0.15365998,-0.11772578,0.01636325,-18.266,-13.058,4.019
5441912875,0.98044693,-0.15544219,-0.11952678,0.01657786,-18.495,-13.251,4.104
5461912975,0.97993594,-0.15723009,-0.12133618,0.01678480,-18.725,-13.446,4.189
5481913075,0.97941619,-0.15902366,-0.12315398,0.01698409,-18.956,-13.641,4.275
5501913175,0.97888762,-0.16082284,-0.12498017,0.01717572,-19.189,-13.837,4.361
5521913250,0.97835231,-0.16262090,-0.12680550,0.01736724,-19.422,-14.033,4.447
5541913375,0.97781020,-0.16441785,-0.12862995,0.01755864,-19.656,-14.228,4.535
5561913475,0.97726142,-0.16621366,-0.13045353,0.01774991,-19.890,-14.423,4.623
5581913575,0.97670585,-0.16800833,-0.13227619,0.01794107,-20.125,-14.617,4.712
5601913675,0.97614360,-0.16980185,-0.13409796,0.01813209,-20.360,-14.812,4.802
5621913775,0.97557461,-0.17159419,-0.13591880,0.01832300,-20.596,-15.005,4.894
5641913875,0.97499871,-0.17338642,-0.13773732,0.01852157,-20.833,-15.199,4.986
5661913975,0.97441602,-0.17517859,-0.13955350,0.01872781,-21.070,-15.391,5.081
5681914075,0.97382641,-0.17697065,-0.14136733,0.01894170,-21.309,-15.583,5.178
5701914175,0.97322994,-0.17876261,-0.14317878,0.01916324,-21.547,-15.774,5.276
5721914275,0.97262681,-0.18055335,-0.14498924,0.01938465,-21.787,-15.964,5.375
5741914375,0.97201687,-0.18234284,-0.14679869,0.01960592,-22.027,-16.155,5.475
5761914475,0.97140032,-0.18413107,-0.14860713,0.01982706,-22.268,-16.345,5.576
5781914575,0.97077703,-0.18591803,-0.15041456,0.02004807,-22.509,-16.534,5.678
5801914675,0.97014701,-0.18770371,-0.15222093,0.02026893,-22.751,-16.723,5.781
5821914775,0.96951038,-0.18948810,-0.15402627,0.02048966,-22.993,-16.912,5.885
5841914875,0.96886718,-0.19126995,-0.15583204,0.02070249,-23.236,-17.100,5.989
5861914975,0.96821743,-0.19304924,-0.15763827,0.02090745,-23.479,-17.289,6.093
5881915050,0.96756124,-0.19482593,-0.15944496,0.02110452,-23.723,-17.477,6.197
5901915150,0.96689856,-0.19660001,-0.16125211,0.02129372,-23.967,-17.665,6.301
5921915275,0.96622914,-0.19837274,-0.16305815,0.02148277,-24.211,-17.853,6.406
5941915375,0.96555310,-0.20014410,-0.16486306,0.02167168,-24.456,-18.041,6.512
5961915475,0.96487045,-0.20191407,-0.16666685,0.02186043,-24.702,-18.228,6.619
5981915575,0.96418113,-0.20368266,-0.16846949,0.02204903,-24.948,-18.414,6.727
6001915675,0.96348518,-0.20544983,-0.17027095,0.02223749,-25.195,-18.601,6.836
6051915925,0.96278256,-0.20721561,-0.17207125,0.02242579,-25.443,-18.786,6.946
6071916025,0.96207333,-0.20897995,-0.17387037,0.02261393,-25.691,-18.972,7.057
6091916125,0.96135747,-0.21074286,-0.17566828,0.02280192,-25.940,-19.156,7.169
6111916225,0.96063501,-0.21250431,-0.17746499,0.02298975,-26.190,-19.341,7.282
6131916325,0.95990586,-0.21426429,-0.17926048,0.02317742,-26.440,-19.525,7.395
6151916425,0.95917016,-0.21602280,-0.18105473,0.02336494,-26.691,-19.708,7.510
6171916500,0.95842785,-0.21777983,-0.18284772,0.02355229,-26.943,-19.891,7.626
6191916625,0.95767891,-0.21953535,-0.18463947,0.02373948,-27.195,-20.074,7.743
6211916725,0.95692343,-0.22128937,-0.18642995,0.02392651,-27.448,-20.256,7.860
6231916825,0.95616132,-0.22304185,-0.18821913,0.02411337,-27.702,-20.437,7.979
6251916925,0.95538932,-0.22480024,-0.19001485,0.02430034,-27.957,-20.619,8.099
6271917025,0.95460731,-0.22656450,-0.19181706,0.02448743,-28.214,-20.801,8.221
6291917125,0.95381528,-0.22833461,-0.19362576,0.02467461,-28.473,-20.983,8.344
6311917225,0.95301306,-0.23011050,-0.19544089,0.02486190,-28.734,-21.166,8.469
6331917325,0.95220411,-0.23188476,-0.19725463,0.02504902,-28.996,-21.348,8.594
6351917425,0.95138830,-0.23365737,-0.19906697,0.02523595,-29.258,-21.530,8.721
6371916975,0.95056576,-0.23542832,-0.20087789,0.02542270,-29.521,-21.711,8.849
6481920500,0.94973642,-0.23719758,-0.20268737,0.02560928,-29.785,-21.892,8.978
6501919850,0.94889700,-0.23897091,-0.20450510,0.02578836,-30.051,-22.073,9.107
6521919275,0.94804740,-0.24074826,-0.20633104,0.02595994,-30.318,-22.255,9.238
6541918800,0.94718754,-0.24252957,-0.20816520,0.02612404,-30.586,-22.437,9.369
6561918475,0.94631732,-0.24431480,-0.21000753,0.02628065,-30.857,-22.621,9.500
6581918575,0.94544011,-0.24609825,-0.21184832,0.02643707,-31.128,-22.803,9.633
6601918675,0.94455600,-0.24787986,-0.21368755,0.02659329,-31.400,-22.985,9.767
6621918775,0.94366491,-0.24965967,-0.21552521,0.02674932,-31.672,-23.167,9.902
6641918875,0.94278115,-0.25141352,-0.21732430,0.02692668,-31.942,-23.343,10.039
6661918975,0.94190520,-0.25314158,-0.21908484,0.02712535,-32.210,-23.515,10.177
6701919175,0.94103730,-0.25484389,-0.22080688,0.02734534,-32.474,-23.681,10.317
6721919275,0.94017774,-0.25652066,-0.22249041,0.02758661,-32.736,-23.842,10.458
6741919375,0.93931210,-0.25819576,-0.22417252,0.02782771,-32.999,-24.002,10.600
6761919475,0.93844044,-0.25986919,-0.22585317,0.02806863,-33.262,-24.162,10.742
6781919550,0.93756276,-0.26154095,-0.22753237,0.02830936,-33.526,-24.321,10.886
6801919675,0.93667901,-0.26321101,-0.22921011,0.02854992,-33.791,-24.479,11.031
6821919775,0.93578923,-0.26487941,-0.23088636,0.02879029,-34.057,-24.637,11.177
6841919875,0.93489742,-0.26653883,-0.23255344,0.02903020,-34.322,-24.794,11.323
6861919975,0.93400365,-0.26818934,-0.23421133,0.02926966,-34.587,-24.949,11.470
6881920075,0.93310803,-0.26983091,-0.23586003,0.02950866,-34.852,-25.103,11.617
6901920175,0.93221056,-0.27146360,-0.23749959,0.02974721,-35.116,-25.255,11.765
6921920275,0.93130738,-0.27309459,-0.23913766,0.02998557,-35.381,-25.407,11.913
6941920375,0.93039834,-0.27472389,-0.24077426,0.03022375,-35.647,-25.558,12.063
6961920475,0.92948353,-0.27635148,-0.24240935,0.03046173,-35.913,-25.709,12.213
6981920575,0.92856294,-0.27797735,-0.24404295,0.03069953,-36.180,-25.859,12.364
7001920675,0.92763662,-0.27960148,-0.24567501,0.03093714,-36.449,-26.008,12.517
7021920775,0.92670453,-0.28122389,-0.24730556,0.03117456,-36.717,-26.156,12.670
7041920875,0.92576236,-0.28285170,-0.24894221,0.03141205,-36.988,-26.305,12.825
7061920975,0.92481017,-0.28448486,-0.25058493,0.03164961,-37.261,-26.454,12.981
7081921075,0.92384779,-0.28612334,-0.25223371,0.03188724,-37.536,-26.603,13.140
7101921175,0.92287523,-0.28776714,-0.25388852,0.03212494,-37.813,-26.752,13.299
7121921275,0.92189670,-0.28940907,-0.25554168,0.03236244,-38.090,-26.900,13.460
7141921375,0.92091221,-0.29104912,-0.25719321,0.03259972,-38.369,-27.047,13.622
7161921475,0.91992182,-0.29268733,-0.25884306,0.03283680,-38.648,-27.194,13.785
7181921575,0.91892546,-0.29432362,-0.26049125,0.03307366,-38.928,-27.340,13.948
7201921675,0.91792321,-0.29595804,-0.26213777,0.03331031,-39.209,-27.486,14.113
7221921775,0.91691506,-0.29759052,-0.26378259,0.03354675,-39.491,-27.630,14.279
7241921875,0.91590101,-0.29922113,-0.26542571,0.03378297,-39.773,-27.774,14.446
7261921975,0.91488099,-0.30084977,-0.26706713,0.03401897,-40.057,-27.918,14.614
7281922075,0.91385514,-0.30247650,-0.26870683,0.03425475,-40.341,-28.060,14.783
7301922175,0.91282338,-0.30410126,-0.27034479,0.03449031,-40.627,-28.202,14.953
7341922375,0.91178572,-0.30572405,-0.27198100,0.03472565,-40.913,-28.343,15.124
7361922475,0.91074222,-0.30734491,-0.27361548,0.03496077,-41.199,-28.483,15.296
7381922575,0.90969288,-0.30896378,-0.27524817,0.03519566,-41.487,-28.622,15.469
7401922675,0.90863764,-0.31058064,-0.27687910,0.03543032,-41.776,-28.761,15.643
7421922775,0.90757650,-0.31219551,-0.27850828,0.03566476,-42.065,-28.899,15.818
7441922875,0.90650988,-0.31380615,-0.28013811,0.03589171,-42.355,-29.037,15.993
7461922950,0.90543765,-0.31541252,-0.28176865,0.03611119,-42.646,-29.174,16.169
7481923075,0.90435994,-0.31701460,-0.28339991,0.03632320,-42.937,-29.312,16.344
7501923175,0.90327662,-0.31861240,-0.28503188,0.03652775,-43.228,-29.449,16.521
7521923275,0.90218753,-0.32020813,-0.28666201,0.03673207,-43.521,-29.586,16.698
7541923375,0.90109265,-0.32180181,-0.28829032,0.03693616,-43.814,-29.721,16.876
7561923475,0.89999199,-0.32339343,-0.28991675,0.03714000,-44.108,-29.856,17.055
7581923575,0.89888555,-0.32498297,-0.29154134,0.03734361,-44.403,-29.990,17.235
7601923675,0.89777327,-0.32657042,-0.29316401,0.03754698,-44.699,-30.124,17.417
7621923775,0.89665526,-0.32815576,-0.29478484,0.03775011,-44.996,-30.256,17.599
7641923875,0.89552647,-0.32974583,-0.29641122,0.03795325,-45.295,-30.388,17.783
7661923975,0.89438683,-0.33134061,-0.29804310,0.03815642,-45.596,-30.520,17.969
7681924075,0.89323628,-0.33294007,-0.29968050,0.03835960,-45.899,-30.652,18.157
7701924175,0.89207476,-0.33454412,-0.30132335,0.03856280,-46.205,-30.784,18.347
7721924275,0.89090729,-0.33614597,-0.30296418,0.03876574,-46.511,-30.915,18.537
7741924375,0.88973391,-0.33774558,-0.30460301,0.03896841,-46.819,-31.045,18.729
7761924475,0.88855457,-0.33934292,-0.30623981,0.03917083,-47.127,-31.174,18.922
7781924575,0.88736933,-0.34093800,-0.30787456,0.03937299,-47.437,-31.302,19.116
7801924675,0.88617814,-0.34253082,-0.30950725,0.03957488,-47.747,-31.429,19.311
7821924775,0.88498110,-0.34412137,-0.31113788,0.03977652,-48.058,-31.556,19.507
7841924875,0.88377815,-0.34570962,-0.31276646,0.03997789,-48.370,-31.681,19.704
7861924975,0.88256925,-0.34729555,-0.31439292,0.04017898,-48.683,-31.806,19.902
7881925075,0.88135457,-0.34887919,-0.31601733,0.04037982,-48.997,-31.929,20.101
7901925175,0.88013393,-0.35046047,-0.31763959,0.04058038,-49.312,-32.052,20.302
7921925275,0.87890750,-0.35203946,-0.31925976,0.04078067,-49.628,-32.174,20.503
7941925375,0.87767518,-0.35361606,-0.32087779,0.04098070,-49.944,-32.294,20.705
7991925625,0.87643701,-0.35519034,-0.32249370,0.04118045,-50.262,-32.414,20.909
8011925725,0.87519300,-0.35676223,-0.32410747,0.04137992,-50.581,-32.533,21.113
8031925825,0.87394315,-0.35833177,-0.32571906,0.04157912,-50.900,-32.651,21.319
8051925900,0.87268752,-0.35989890,-0.32732847,0.04177804,-51.220,-32.768,21.526
8071926975,0.87142599,-0.36146364,-0.32893571,0.04197669,-51.542,-32.884,21.733
8091926125,0.87015873,-0.36302596,-0.33054075,0.04217505,-51.864,-32.999,21.942
8111926225,0.86888564,-0.36458588,-0.33214360,0.04237313,-52.187,-33.113,22.152
8131926325,0.86760682,-0.36614335,-0.33374426,0.04257093,-52.511,-33.226,22.363
8151926425,0.86632216,-0.36769840,-0.33534265,0.04276845,-52.836,-33.338,22.574
8171926525,0.86503172,-0.36925098,-0.33693883,0.04296568,-53.162,-33.449,22.787
8191926625,0.86373556,-0.37080112,-0.33853278,0.04316263,-53.489,-33.559,23.001
8211926725,0.86243361,-0.37234879,-0.34012443,0.04335928,-53.817,-33.668,23.216
8231926825,0.86112595,-0.37389395,-0.34171385,0.04355565,-54.145,-33.776,23.432
8251926925,0.85980713,-0.37544045,-0.34331119,0.04374511,-54.476,-33.884,23.649
8271927025,0.85847712,-0.37698817,-0.34491643,0.04392766,-54.809,-33.993,23.868
8291927100,0.85713583,-0.37853709,-0.34652954,0.04410330,-55.143,-34.101,24.088
8311927225,0.85578328,-0.38008711,-0.34815052,0.04427205,-55.480,-34.210,24.309
8331927325,0.85442477,-0.38163453,-0.34976909,0.04444050,-55.817,-34.318,24.531
8351927425,0.85306042,-0.38317934,-0.35138524,0.04460864,-56.156,-34.424,24.754
8371927525,0.85169017,-0.38472149,-0.35299897,0.04477647,-56.495,-34.530,24.978
8391927600,0.85031408,-0.38626102,-0.35461029,0.04494399,-56.835,-34.635,25.204
8411927725,0.84893209,-0.38779786,-0.35621914,0.04511121,-57.176,-34.738,25.430
8431927825,0.84754431,-0.38933203,-0.35782558,0.04527811,-57.519,-34.840,25.657
8451927925,0.84615064,-0.39086354,-0.35942951,0.04544470,-57.862,-34.941,25.886
8471928025,0.84475118,-0.39239234,-0.36103100,0.04561098,-58.206,-35.041,26.115
8491928125,0.84334588,-0.39391842,-0.36262995,0.04577694,-58.551,-35.140,26.346
8511928225,0.84193474,-0.39544180,-0.36422646,0.04594259,-58.896,-35.238,26.577
8531928325,0.84051788,-0.39696246,-0.36582044,0.04610792,-59.243,-35.335,26.810
8551928425,0.83909518,-0.39848042,-0.36741188,0.04627294,-59.591,-35.430,27.043
8571928525,0.83766669,-0.39999560,-0.36900082,0.04643763,-59.939,-35.524,27.277
8591928625,0.83623242,-0.40150800,-0.37058720,0.04660201,-60.288,-35.618,27.513
8631928825,0.83479244,-0.40301767,-0.37217101,0.04676607,-60.639,-35.710,27.749
8651928925,0.83334666,-0.40452456,-0.37375230,0.04692980,-60.990,-35.800,27.987
8671927725,0.83189517,-0.40602866,-0.37533098,0.04709321,-61.342,-35.890,28.225
8691929125,0.83043796,-0.40752995,-0.37690708,0.04725629,-61.694,-35.978,28.464
8711929225,0.82897502,-0.40902847,-0.37848061,0.04741905,-62.048,-36.066,28.704
8731929325,0.82750636,-0.41052413,-0.38005152,0.04758148,-62.402,-36.152,28.945
8751929425,0.82603198,-0.41201699,-0.38161981,0.04774359,-62.758,-36.236,29.187
8771929525,0.82455194,-0.41350698,-0.38318545,0.04790537,-63.114,-36.320,29.430
8791929625,0.82306623,-0.41499415,-0.38474849,0.04806681,-63.471,-36.402,29.674
8811929725,0.82157487,-0.41647846,-0.38630885,0.04822793,-63.829,-36.484,29.919
8831929825,0.82007778,-0.41795990,-0.38786656,0.04838871,-64.187,-36.563,30.164
8851929925,0.81856865,-0.41944462,-0.38942853,0.04854940,-64.548,-36.643,30.412
8871930000,0.81704730,-0.42093256,-0.39099470,0.04870999,-64.911,-36.721,30.661
8891930125,0.81551373,-0.42242366,-0.39256504,0.04887047,-65.277,-36.798,30.912
8911930225,0.81396782,-0.42391792,-0.39413950,0.04903086,-65.645,-36.874,31.165
8931930325,0.81241620,-0.42540914,-0.39571115,0.04919088,-66.013,-36.950,31.420
8951930425,0.81085873,-0.42689732,-0.39727998,0.04935056,-66.383,-37.023,31.674
8971930525,0.80929548,-0.42838246,-0.39884597,0.04950989,-66.753,-37.096,31.930
8991930625,0.80772644,-0.42986456,-0.40040913,0.04966886,-67.124,-37.167,32.187
9011930725,0.80615169,-0.43134359,-0.40196943,0.04982748,-67.496,-37.237,32.444
9031930825,0.80457115,-0.43281952,-0.40352687,0.04998574,-67.868,-37.305,32.702
9051930925,0.80297858,-0.43429518,-0.40509170,0.05013746,-68.242,-37.374,32.962
9071930950,0.80137396,-0.43577048,-0.40666389,0.05028263,-68.619,-37.442,33.223
9191934250,0.79975712,-0.43724537,-0.40824345,0.05042126,-68.997,-37.510,33.485
9211933575,0.79812813,-0.43871978,-0.40983024,0.05055337,-69.378,-37.578,33.749
9231933100,0.79649317,-0.44019097,-0.41141406,0.05068510,-69.759,-37.644,34.014
9281932075,0.79485887,-0.44165623,-0.41298455,0.05082259,-70.140,-37.708,34.279
9301932175,0.79322511,-0.44311565,-0.41454175,0.05096584,-70.520,-37.769,34.544
9321932250,0.79159218,-0.44456926,-0.41608569,0.05111483,-70.899,-37.828,34.809
9341932375,0.78995997,-0.44601709,-0.41761637,0.05126955,-71.278,-37.884,35.074
9361932475,0.78832215,-0.44746175,-0.41914406,0.05142390,-71.657,-37.939,35.339
9381932575,0.78667873,-0.44890320,-0.42066878,0.05157789,-72.037,-37.992,35.606
9401932675,0.78502971,-0.45034146,-0.42219049,0.05173151,-72.418,-38.044,35.872
9421932775,0.78337502,-0.45177653,-0.42370918,0.05188476,-72.799,-38.095,36.140
9441932875,0.78171486,-0.45320836,-0.42522487,0.05203764,-73.180,-38.144,36.408
9461932975,0.78008300,-0.45461807,-0.42669341,0.05220779,-73.555,-38.188,36.672
9481933075,0.77847993,-0.45600587,-0.42811498,0.05239517,-73.923,-38.227,36.932
9501933175,0.77690589,-0.45737201,-0.42948964,0.05259976,-74.283,-38.260,37.188
9521933275,0.77536124,-0.45871672,-0.43081757,0.05282153,-74.637,-38.288,37.439
9541933375,0.77381200,-0.46005866,-0.43214294,0.05304297,-74.991,-38.315,37.691
9561933450,0.77225804,-0.46139783,-0.43346569,0.05326410,-75.345,-38.341,37.943
9581933575,0.77069944,-0.46273425,-0.43478581,0.05348491,-75.699,-38.366,38.195
9601933675,0.76913625,-0.46406788,-0.43610337,0.05370540,-76.054,-38.389,38.448
9621933775,0.76756847,-0.46539873,-0.43741828,0.05392556,-76.408,-38.411,38.701
9641933875,0.76599604,-0.46672678,-0.43873057,0.05414540,-76.763,-38.432,38.954
9661933975,0.76441175,-0.46805769,-0.44004676,0.05436514,-77.120,-38.452,39.208
9681934075,0.76281554,-0.46939144,-0.44136682,0.05458477,-77.479,-38.471,39.464
9701934175,0.76120734,-0.47072795,-0.44269070,0.05480429,-77.840,-38.489,39.722
9721934275,0.75958717,-0.47206718,-0.44401833,0.05502369,-78.202,-38.506,39.980
9741934375,0.75796229,-0.47340348,-0.44534323,0.05524275,-78.565,-38.521,40.239
9761934475,0.75633264,-0.47473684,-0.44666532,0.05546147,-78.927,-38.535,40.498
9781934575,0.75469828,-0.47606725,-0.44798467,0.05567984,-79.290,-38.548,40.757
9801934675,0.75305921,-0.47739467,-0.44930118,0.05589786,-79.653,-38.560,41.016
9821934775,0.75141549,-0.47871912,-0.45061493,0.05611554,-80.016,-38.570,41.275
9841934875,0.74976707,-0.48004058,-0.45192584,0.05633286,-80.379,-38.579,41.535
9861934975,0.74810696,-0.48136100,-0.45324424,0.05654407,-80.744,-38.588,41.795
9881935075,0.74643511,-0.48268026,-0.45457003,0.05674916,-81.111,-38.596,42.057
9921935275,0.74475151,-0.48399833,-0.45590320,0.05694816,-81.479,-38.605,42.320
9941935350,0.74305606,-0.48531514,-0.45724371,0.05714106,-81.848,-38.613,42.583
9961935475,0.74135578,-0.48662886,-0.45858130,0.05733360,-82.218,-38.619,42.847
9981935575,0.73965079,-0.48793942,-0.45991591,0.05752577,-82.588,-38.625,43.111
10001935650,0.73794097,-0.48924682,-0.46124756,0.05771757,-82.958,-38.629,43.375
10021935775,0.73622644,-0.49055108,-0.46257627,0.05790900,-83.328,-38.631,43.639
10041935875,0.73450714,-0.49185219,-0.46390197,0.05810005,-83.698,-38.633,43.903
10061935975,0.73279083,-0.49314475,-0.46521837,0.05829051,-84.066,-38.633,44.166
10081936075,0.73107743,-0.49442875,-0.46652550,0.05848037,-84.433,-38.631,44.428
10101936175,0.72936714,-0.49570429,-0.46782336,0.05866964,-84.798,-38.628,44.688
10121936275,0.72766000,-0.49697137,-0.46911201,0.05885833,-85.161,-38.624,44.948
10141936350,0.72594833,-0.49823534,-0.47039774,0.05904664,-85.524,-38.618,45.207
10161936475,0.72423214,-0.49949625,-0.47168058,0.05923460,-85.887,-38.612,45.466
10181936575,0.72251147,-0.50075400,-0.47296044,0.05942218,-86.250,-38.603,45.725
10201936675,0.72078627,-0.50200868,-0.47423741,0.05960939,-86.613,-38.594,45.984
10221936775,0.71905661,-0.50326025,-0.47551140,0.05979623,-86.976,-38.583,46.243
10241936875,0.71732253,-0.50450867,-0.47678244,0.05998270,-87.339,-38.571,46.502
10261937275,0.71557605,-0.50575918,-0.47805670,0.06016902,-87.703,-38.558,46.761
10281937375,0.71381724,-0.50701177,-0.47933418,0.06035518,-88.069,-38.544,47.022
10301937475,0.71204603,-0.50826633,-0.48061475,0.06054118,-88.436,-38.528,47.284
10321937550,0.71026230,-0.50952286,-0.48189846,0.06072701,-88.805,-38.511,47.547
10341937675,0.70847404,-0.51077610,-0.48317903,0.06091245,-89.173,-38.493,47.809
10361937775,0.70668119,-0.51202607,-0.48445651,0.06109750,-89.542,-38.473,48.071
10381937850,0.70488381,-0.51327270,-0.48573086,0.06128215,-89.910,-38.452,48.333
10401937975,0.70308185,-0.51451606,-0.48700207,0.06146641,-90.278,-38.430,48.595
10421938075,0.70127541,-0.51575607,-0.48827013,0.06165027,-90.645,-38.406,48.857
10441938175,0.69946444,-0.51699275,-0.48953509,0.06183373,-91.013,-38.381,49.118
10461938275,0.69764942,-0.51822221,-0.49080101,0.06201121,-91.380,-38.356,49.379
10481938375,0.69583046,-0.51944441,-0.49206787,0.06218271,-91.746,-38.330,49.640
10501938475,0.69400746,-0.52065933,-0.49333575,0.06234826,-92.113,-38.304,49.900
10521938575,0.69218051,-0.52186698,-0.49460462,0.06250786,-92.479,-38.277,50.160
10561938775,0.69034916,-0.52307129,-0.49587032,0.06266706,-92.845,-38.250,50.420
10581938875,0.68851328,-0.52427220,-0.49713281,0.06282585,-93.211,-38.220,50.680
10601938975,0.68667305,-0.52546972,-0.49839211,0.06298424,-93.576,-38.190,50.939
10621939075,0.68482840,-0.52666390,-0.49964818,0.06314223,-93.941,-38.158,51.197
10641939175,0.68297929,-0.52785468,-0.50090104,0.06329980,-94.306,-38.125,51.456
10661939275,0.68111759,-0.52904695,-0.50215667,0.06345719,-94.672,-38.091,51.715
10681939350,0.67924321,-0.53024077,-0.50341493,0.06361438,-95.039,-38.055,51.975
10701939475,0.67735606,-0.53143603,-0.50467587,0.06377136,-95.408,-38.018,52.236
10721939575,0.67545617,-0.53263265,-0.50593930,0.06392813,-95.777,-37.979,52.497
10741939675,0.67355180,-0.53382570,-0.50719941,0.06408448,-96.146,-37.940,52.758
10761939775,0.67164296,-0.53501523,-0.50845617,0.06424040,-96.515,-37.898,53.018
10781939875,0.66972959,-0.53620118,-0.50970948,0.06439589,-96.884,-37.856,53.278
10801939975,0.66781175,-0.53738356,-0.51095945,0.06455095,-97.252,-37.812,53.538
10821940075,0.66588950,-0.53856230,-0.51220596,0.06470559,-97.619,-37.767,53.797
10841940175,0.66396284,-0.53973752,-0.51344913,0.06485979,-97.986,-37.720,54.055
10861940275,0.66202378,-0.54090983,-0.51469892,0.06500846,-98.354,-37.673,54.314
10881940375,0.66007239,-0.54207909,-0.51595545,0.06515161,-98.723,-37.626,54.574
10901940475,0.65810853,-0.54324532,-0.51721853,0.06528925,-99.094,-37.578,54.835
10921940575,0.65613222,-0.54440844,-0.51848817,0.06542140,-99.466,-37.529,55.096
10941940675,0.65415138,-0.54556781,-0.51975429,0.06555310,-99.837,-37.479,55.357
10961940775,0.65216607,-0.54672337,-0.52101684,0.06568434,-100.208,-37.427,55.617
10981940875,0.65017623,-0.54787523,-0.52227575,0.06581514,-100.578,-37.375,55.877
11001940975,0.64818197,-0.54902327,-0.52353108,0.06594548,-100.947,-37.321,56.136
11021941075,0.64618319,-0.55016756,-0.52478284,0.06607536,-101.316,-37.265,56.395
11041941175,0.64417994,-0.55130804,-0.52603090,0.06620479,-101.685,-37.209,56.652
11061941275,0.64217234,-0.55244476,-0.52727544,0.06633377,-102.052,-37.151,56.909
11081941350,0.64016026,-0.55357760,-0.52851629,0.06646229,-102.420,-37.091,57.166
11101941475,0.63814378,-0.55470669,-0.52975351,0.06659035,-102.786,-37.031,57.422
11121941575,0.63612288,-0.55583191,-0.53098708,0.06671795,-103.152,-36.969,57.677
11141941675,0.63409764,-0.55695337,-0.53221697,0.06684509,-103.517,-36.905,57.931
11161941775,0.63206798,-0.55807096,-0.53344321,0.06697177,-103.882,-36.841,58.185
11211942025,0.63003397,-0.55918467,-0.53466582,0.06709799,-104.246,-36.775,58.438
11231942125,0.62799567,-0.56029457,-0.53588468,0.06722375,-104.609,-36.708,58.690
11251942225,0.62595302,-0.56140059,-0.53709990,0.06734905,-104.972,-36.640,58.941
11271942325,0.62390608,-0.56250274,-0.53831136,0.06747388,-105.333,-36.570,59.192
11291942425,0.62185478,-0.56360108,-0.53951919,0.06759825,-105.695,-36.499,59.442
11311942525,0.61979926,-0.56469548,-0.54072326,0.06772214,-106.055,-36.427,59.691
11331942625,0.61773944,-0.56578600,-0.54192358,0.06784558,-106.415,-36.353,59.939
11351942725,0.61567539,-0.56687260,-0.54312021,0.06796855,-106.774,-36.279,60.186
11371942825,0.61360705,-0.56795532,-0.54431307,0.06809104,-107.132,-36.203,60.433
11391942925,0.61153454,-0.56903410,-0.54550219,0.06821308,-107.489,-36.125,60.679
11411943025,0.60945779,-0.57010901,-0.54668760,0.06833463,-107.846,-36.047,60.924
11431943125,0.60737681,-0.57117999,-0.54786921,0.06845573,-108.202,-35.967,61.168
11451943225,0.60528272,-0.57225126,-0.54905242,0.06857653,-108.559,-35.886,61.412
11471943325,0.60317546,-0.57332289,-0.55023718,0.06869704,-108.916,-35.804,61.657
11491943425,0.60105497,-0.57439470,-0.55142343,0.06881724,-109.274,-35.719,61.901
11511943525,0.59892124,-0.57546675,-0.55261111,0.06893715,-109.633,-35.634,62.146
11531943625,0.59678322,-0.57653463,-0.55379486,0.06905656,-109.991,-35.547,62.390
11551943700,0.59464097,-0.57759845,-0.55497468,0.06917548,-110.348,-35.458,62.633
11571943825,0.59249443,-0.57865816,-0.55615056,0.06929392,-110.704,-35.369,62.875
11591943925,0.59034371,-0.57971370,-0.55732244,0.06941184,-111.060,-35.278,63.116
11611944025,0.58818877,-0.58076513,-0.55849040,0.06952929,-111.414,-35.186,63.356
11631944125,0.58602965,-0.58181244,-0.55965430,0.06964623,-111.768,-35.093,63.595
11651944225,0.58386630,-0.58285558,-0.56081426,0.06976268,-112.121,-34.999,63.833
11671944325,0.58169883,-0.58389461,-0.56197023,0.06987863,-112.473,-34.903,64.070
11691944425,0.57952720,-0.58492941,-0.56312215,0.06999408,-112.824,-34.806,64.306
11711944525,0.57735145,-0.58596009,-0.56427014,0.07010904,-113.174,-34.709,64.542
11731944600,0.57517159,-0.58698660,-0.56541401,0.07022349,-113.523,-34.609,64.776
11751944725,0.57298768,-0.58800888,-0.56655395,0.07033744,-113.871,-34.509,65.009
11771944825,0.57079959,-0.58902699,-0.56768978,0.07045089,-114.219,-34.408,65.241
11791944925,0.56860751,-0.59004092,-0.56882155,0.07056385,-114.565,-34.305,65.472
11811944475,0.56641132,-0.59105062,-0.56994933,0.07067630,-114.911,-34.201,65.702
11921948200,0.56421113,-0.59205610,-0.57107300,0.07078824,-115.255,-34.097,65.931
11941947450,0.56200743,-0.59305286,-0.57219738,0.07089517,-115.599,-33.991,66.159
11961947100,0.55980039,-0.59404075,-0.57332236,0.07099710,-115.943,-33.886,66.387
11981946600,0.55758983,-0.59501988,-0.57444805,0.07109405,-116.285,-33.780,66.614
12001945975,0.55537593,-0.59599018,-0.57557440,0.07118604,-116.627,-33.674,66.841
12021946075,0.55315804,-0.59695619,-0.57669663,0.07127754,-116.968,-33.567,67.067
12041946175,0.55093622,-0.59791797,-0.57781476,0.07136852,-117.308,-33.459,67.291
12061960950,0.54872876,-0.59887248,-0.57891405,0.07146307,-117.644,-33.349,67.512
12081945075,0.54653573,-0.59981984,-0.57999468,0.07156119,-117.976,-33.239,67.730
12101948200,0.54435724,-0.60076016,-0.58105665,0.07166288,-118.304,-33.127,67.944
12121946575,0.54219335,-0.60169357,-0.58210009,0.07176813,-118.628,-33.015,68.155
12141946675,0.54002595,-0.60262293,-0.58313972,0.07187289,-118.950,-32.902,68.364
12161946775,0.53785491,-0.60354829,-0.58417541,0.07197718,-119.272,-32.787,68.573
12181946875,0.53568029,-0.60446960,-0.58520716,0.07208098,-119.593,-32.672,68.781
12201946975,0.53350210,-0.60538691,-0.58623511,0.07218432,-119.913,-32.556,68.987
12221947075,0.53132039,-0.60630023,-0.58725911,0.07228716,-120.232,-32.438,69.193
12241947175,0.52913511,-0.60720944,-0.58827925,0.07238953,-120.551,-32.320,69.397
12261947275,0.52696431,-0.60811681,-0.58927613,0.07249958,-120.865,-32.200,69.597
12281947375,0.52480805,-0.60902238,-0.59024996,0.07261728,-121.174,-32.079,69.794
12301947450,0.52266645,-0.60992622,-0.59120065,0.07274261,-121.479,-31.956,69.986
12321947550,0.52053964,-0.61082858,-0.59212846,0.07287552,-121.780,-31.832,70.175
12341947675,0.51840955,-0.61172706,-0.59305257,0.07300798,-122.080,-31.706,70.362
12361947750,0.51627624,-0.61262178,-0.59397298,0.07313999,-122.380,-31.580,70.548
12381947875,0.51413977,-0.61351269,-0.59488970,0.07327154,-122.678,-31.454,70.734
12401947975,0.51200002,-0.61439979,-0.59580272,0.07340263,-122.975,-31.326,70.918
12421948075,0.50985718,-0.61528307,-0.59671205,0.07353327,-123.272,-31.197,71.101
12441948175,0.50771111,-0.61616254,-0.59761763,0.07366345,-123.568,-31.068,71.284
12491948425,0.50556189,-0.61703819,-0.59851956,0.07379317,-123.862,-30.938,71.465
12511948525,0.50340956,-0.61790997,-0.59941775,0.07392244,-124.156,-30.807,71.645
12531948625,0.50125408,-0.61877787,-0.60031217,0.07405125,-124.449,-30.676,71.824
12551948725,0.49909547,-0.61964202,-0.60120291,0.07417959,-124.741,-30.543,72.002
12571948825,0.49693376,-0.62050223,-0.60208988,0.07430747,-125.033,-30.410,72.180
12591948925,0.49476898,-0.62135863,-0.60297310,0.07443489,-125.323,-30.276,72.356
12611949025,0.49260110,-0.62221116,-0.60385257,0.07456186,-125.613,-30.141,72.531
12631949125,0.49043018,-0.62305981,-0.60472834,0.07468835,-125.901,-30.006,72.705
12651949225,0.48825619,-0.62390459,-0.60560030,0.07481438,-126.189,-29.869,72.878
12671949325,0.48608902,-0.62474221,-0.60646403,0.07493980,-126.475,-29.733,73.049
12691949425,0.48392871,-0.62557274,-0.60731959,0.07506462,-126.758,-29.596,73.218
12711949525,0.48177531,-0.62639618,-0.60816693,0.07518883,-127.039,-29.459,73.386
12731949625,0.47962886,-0.62721258,-0.60900623,0.07531245,-127.318,-29.322,73.551
12751949725,0.47747955,-0.62802523,-0.60984182,0.07543562,-127.596,-29.184,73.716
12771949825,0.47532734,-0.62883413,-0.61067379,0.07555833,-127.874,-29.046,73.880
12791949925,0.47317234,-0.62963927,-0.61150205,0.07568059,-128.150,-28.907,74.042
12811950025,0.47101447,-0.63044065,-0.61232668,0.07580239,-128.426,-28.767,74.204
12831950125,0.46885377,-0.63123822,-0.61314768,0.07592375,-128.701,-28.627,74.364
12851950225,0.46669027,-0.63203198,-0.61396492,0.07604464,-128.975,-28.486,74.524
12871950325,0.46450403,-0.63282824,-0.61478716,0.07616537,-129.251,-28.343,74.684
12891950425,0.46229500,-0.63362676,-0.61561430,0.07628591,-129.529,-28.198,74.845
12911950525,0.46006313,-0.63442743,-0.61644614,0.07640627,-129.808,-28.051,75.007
12931950625,0.45780829,-0.63523024,-0.61728263,0.07652643,-130.089,-27.903,75.169
12951950725,0.45555052,-0.63602895,-0.61811513,0.07664608,-130.369,-27.753,75.330
12971950825,0.45328984,-0.63682353,-0.61894363,0.07676525,-130.649,-27.603,75.490
12991950925,0.45102620,-0.63761401,-0.61976814,0.07688392,-130.927,-27.453,75.649
13011951025,0.44875968,-0.63840044,-0.62058872,0.07700210,-131.205,-27.302,75.807
13031951125,0.44649026,-0.63918269,-0.62140524,0.07711978,-131.482,-27.150,75.964
13051951225,0.44421795,-0.63996089,-0.62221777,0.07723697,-131.758,-26.997,76.119
13071951325,0.44194341,-0.64072990,-0.62303144,0.07735010,-132.033,-26.844,76.275
13121951575,0.43966666,-0.64148986,-0.62384617,0.07745922,-132.308,-26.692,76.430
13141951675,0.43738768,-0.64224076,-0.62466204,0.07756431,-132.582,-26.539,76.585
13161951775,0.43510649,-0.64298248,-0.62547898,0.07766541,-132.856,-26.387,76.739
13181951875,0.43282253,-0.64372003,-0.62629193,0.07776602,-133.129,-26.233,76.892
13201951975,0.43053576,-0.64445353,-0.62710088,0.07786612,-133.402,-26.079,77.045
13221952075,0.42824626,-0.64518279,-0.62790579,0.07796572,-133.673,-25.925,77.196
13241952175,0.42595395,-0.64590794,-0.62870663,0.07806482,-133.944,-25.770,77.347
13261952275,0.42364874,-0.64663172,-0.62950742,0.07816356,-134.215,-25.613,77.497
13281952350,0.42133057,-0.64735407,-0.63030815,0.07826192,-134.486,-25.455,77.646
13301952475,0.41899943,-0.64807481,-0.63110870,0.07835990,-134.758,-25.296,77.796
13321952575,0.41665527,-0.64879405,-0.63190907,0.07845750,-135.031,-25.136,77.945
13341952675,0.41430837,-0.64950895,-0.63270521,0.07855458,-135.302,-24.975,78.093
13361952775,0.41195866,-0.65021950,-0.63349712,0.07865113,-135.573,-24.814,78.240
13381952875,0.40960625,-0.65092576,-0.63428485,0.07874716,-135.843,-24.651,78.386
13401952975,0.40725109,-0.65162766,-0.63506836,0.07884266,-136.112,-24.489,78.531
13421953075,0.40489322,-0.65232521,-0.63584757,0.07893764,-136.380,-24.325,78.675
13441953175,0.40253264,-0.65301841,-0.63662261,0.07903209,-136.647,-24.161,78.818
13461953275,0.40016940,-0.65370727,-0.63739341,0.07912602,-136.914,-23.996,78.960
13481953350,0.39780349,-0.65439177,-0.63815993,0.07921942,-137.180,-23.831,79.101
13501953450,0.39543492,-0.65507191,-0.63892221,0.07931229,-137.445,-23.665,79.241
13521953575,0.39306369,-0.65574771,-0.63968021,0.07940464,-137.709,-23.499,79.380
13541953675,0.39068988,-0.65641910,-0.64043397,0.07949645,-137.973,-23.332,79.518
13561953775,0.38831344,-0.65708613,-0.64118350,0.07958774,-138.236,-23.164,79.655
13581953875,0.38593444,-0.65774882,-0.64192867,0.07967849,-138.498,-22.996,79.791
13601953975,0.38355285,-0.65840709,-0.64266962,0.07976872,-138.759,-22.827,79.926
13621954075,0.38116872,-0.65906096,-0.64340627,0.07985841,-139.019,-22.658,80.060
13641954150,0.37878203,-0.65971047,-0.64413869,0.07994757,-139.279,-22.488,80.192
13661954275,0.37639350,-0.66035044,-0.64487201,0.08003318,-139.538,-22.318,80.325
13681954375,0.37400305,-0.66098088,-0.64560634,0.08011524,-139.797,-22.148,80.457
13701954475,0.37161079,-0.66160172,-0.64634168,0.08019377,-140.056,-21.979,80.590
13721954575,0.36921668,-0.66221297,-0.64707798,0.08026881,-140.314,-21.809,80.721
13761954775,0.36682010,-0.66281986,-0.64780998,0.08034331,-140.571,-21.639,80.852
13781954875,0.36442110,-0.66342235,-0.64853770,0.08041728,-140.827,-21.468,80.982
13801954975,0.36201966,-0.66402042,-0.64926106,0.08049072,-141.083,-21.297,81.111
13821955075,0.35961583,-0.66461402,-0.64998013,0.08056361,-141.338,-21.125,81.239
13841955175,0.35720959,-0.66520327,-0.65069485,0.08063597,-141.592,-20.952,81.366
13861955275,0.35480097,-0.66578805,-0.65140527,0.08070780,-141.846,-20.779,81.493
13881955375,0.35239002,-0.66636842,-0.65211129,0.08077908,-142.099,-20.606,81.618
13901955475,0.34997669,-0.66694432,-0.65281302,0.08084983,-142.351,-20.432,81.742
13921955550,0.34756106,-0.66751581,-0.65351045,0.08092005,-142.603,-20.257,81.865
13941955675,0.34514308,-0.66808289,-0.65420347,0.08098973,-142.854,-20.082,81.987
13961955775,0.34272283,-0.66864550,-0.65489215,0.08105886,-143.104,-19.907,82.109
13981955875,0.34030032,-0.66920364,-0.65557647,0.08112746,-143.354,-19.731,82.229
14001955975,0.33787552,-0.66975737,-0.65625644,0.08119551,-143.603,-19.555,82.348
14021956075,0.33544847,-0.67030656,-0.65693206,0.08126303,-143.851,-19.378,82.467
14041956175,0.33301920,-0.67085135,-0.65760326,0.08133000,-144.098,-19.200,82.584
14061956275,0.33057773,-0.67138845,-0.65827882,0.08139388,-144.347,-19.022,82.702
14081956375,0.32812405,-0.67191768,-0.65895849,0.08145468,-144.596,-18.843,82.821
14101956475,0.32565817,-0.67243910,-0.65964240,0.08151241,-144.845,-18.664,82.939
14121956575,0.32318008,-0.67295259,-0.66033041,0.08156706,-145.096,-18.483,83.059
14141956675,0.32069975,-0.67346144,-0.66101384,0.08162117,-145.345,-18.303,83.177
14161956775,0.31821722,-0.67396569,-0.66169280,0.08167471,-145.594,-18.121,83.294
14181956875,0.31573251,-0.67446524,-0.66236711,0.08172768,-145.843,-17.940,83.410
14201956950,0.31324562,-0.67496020,-0.66303694,0.08178010,-146.090,-17.758,83.526
14221957075,0.31075656,-0.67545050,-0.66370213,0.08183195,-146.338,-17.575,83.640
14241957150,0.30826536,-0.67593610,-0.66436279,0.08188324,-146.584,-17.392,83.753
14261957275,0.30577141,-0.67642242,-0.66501349,0.08193644,-146.830,-17.208,83.865
14281957375,0.30327469,-0.67690939,-0.66565424,0.08199152,-147.074,-17.023,83.975
14301957450,0.30077523,-0.67739701,-0.66628492,0.08204845,-147.318,-16.837,84.083
14321957575,0.29827303,-0.67788529,-0.66690564,0.08210721,-147.561,-16.650,84.190
14341957675,0.29576877,-0.67836887,-0.66752177,0.08216541,-147.804,-16.462,84.295
14361957775,0.29326248,-0.67884785,-0.66813332,0.08222304,-148.046,-16.275,84.400
14401957975,0.29075420,-0.67932206,-0.66874021,0.08228011,-148.287,-16.087,84.504
14421958075,0.28824389,-0.67979169,-0.66934252,0.08233661,-148.528,-15.898,84.606
14441958175,0.28573158,-0.68025655,-0.66994023,0.08239254,-148.768,-15.709,84.708
14461958275,0.28320652,-0.68071836,-0.67053628,0.08244798,-149.009,-15.519,84.810
14481958375,0.28066871,-0.68117708,-0.67113054,0.08250294,-149.250,-15.327,84.911
14501958475,0.27811810,-0.68163252,-0.67172295,0.08255739,-149.491,-15.135,85.011
14521958575,0.27555469,-0.68208468,-0.67231351,0.08261134,-149.733,-14.941,85.111
14541958575,0.27298933,-0.68253201,-0.67289925,0.08266469,-149.975,-14.747,85.210
14661961875,0.27042204,-0.68297446,-0.67348021,0.08271746,-150.216,-14.552,85.309
14681961175,0.26785347,-0.68340671,-0.67406183,0.08276748,-150.456,-14.358,85.407
14701960725,0.26528364,-0.68382865,-0.67464411,0.08281476,-150.697,-14.163,85.505
14721960300,0.26271260,-0.68424034,-0.67522705,0.08285934,-150.936,-13.969,85.603
14741959675,0.26014033,-0.68464178,-0.67581064,0.08290122,-151.176,-13.774,85.700
14761959775,0.25756624,-0.68503833,-0.67638946,0.08294252,-151.415,-13.579,85.797
14781959875,0.25499028,-0.68542999,-0.67696339,0.08298323,-151.653,-13.384,85.893
14801959975,0.25241253,-0.68581682,-0.67753255,0.08302335,-151.891,-13.189,85.988
14821960075,0.24983299,-0.68619871,-0.67809689,0.08306287,-152.129,-12.993,86.083
14841960175,0.24725164,-0.68657577,-0.67865634,0.08310181,-152.366,-12.796,86.176
14861960275,0.24466656,-0.68696415,-0.67919457,0.08314610,-152.601,-12.598,86.266
14881960375,0.24212143,-0.68735886,-0.67970109,0.08319542,-152.832,-12.402,86.350
14901960475,0.23961635,-0.68776011,-0.68017608,0.08324973,-153.058,-12.207,86.430
14921960575,0.23715143,-0.68816817,-0.68061984,0.08330898,-153.279,-12.014,86.505
14941960675,0.23472874,-0.68856692,-0.68104905,0.08336746,-153.495,-11.825,86.577
14961960775,0.23230460,-0.68896145,-0.68147403,0.08342542,-153.711,-11.634,86.648
14981960875,0.22987902,-0.68935168,-0.68189478,0.08348288,-153.926,-11.444,86.719
15031961125,0.22745200,-0.68973762,-0.68231130,0.08353980,-154.142,-11.253,86.789
15051961225,0.22502357,-0.69011927,-0.68272358,0.08359621,-154.356,-11.062,86.858
15071961300,0.22259308,-0.69050211,-0.68312603,0.08365390,-154.571,-10.871,86.925
15091961425,0.22016053,-0.69088608,-0.68351883,0.08371284,-154.784,-10.678,86.991
15111962725,0.21772595,-0.69127119,-0.68390179,0.08377302,-154.997,-10.485,87.055
15131961600,0.21528932,-0.69165748,-0.68427491,0.08383442,-155.210,-10.292,87.117
15151961725,0.21285138,-0.69203949,-0.68464386,0.08389530,-155.423,-10.098,87.179
15171961825,0.21041210,-0.69241714,-0.68500853,0.08395565,-155.635,-9.904,87.240
15191961925,0.20797150,-0.69279051,-0.68536890,0.08401549,-155.846,-9.710,87.301
15211962025,0.20552962,-0.69315958,-0.68572503,0.08407480,-156.058,-9.516,87.360
15231962125,0.20308645,-0.69352430,-0.68607688,0.08413358,-156.269,-9.321,87.419
15251962225,0.20064202,-0.69388473,-0.68642443,0.08419184,-156.479,-9.126,87.477
15271962325,0.19819701,-0.69423532,-0.68677324,0.08424798,-156.690,-8.932,87.535
15291962425,0.19575144,-0.69457614,-0.68712336,0.08430201,-156.900,-8.737,87.593
15311962475,0.19330533,-0.69490713,-0.68747479,0.08435395,-157.110,-8.543,87.651
15331962625,0.19085868,-0.69522828,-0.68782741,0.08440381,-157.320,-8.349,87.710
15351962725,0.18841086,-0.69554514,-0.68817580,0.08445316,-157.530,-8.154,87.767
15371962825,0.18596186,-0.69585770,-0.68851995,0.08450197,-157.740,-7.960,87.824
15391962900,0.18351170,-0.69616586,-0.68885976,0.08455027,-157.949,-7.765,87.880
15411963025,0.18106040,-0.69646972,-0.68919533,0.08459804,-158.157,-7.570,87.936
15431963125,0.17860799,-0.69676930,-0.68952656,0.08464529,-158.366,-7.374,87.990
15451963225,0.17615445,-0.69706452,-0.68985355,0.08469200,-158.574,-7.179,88.044
15471963325,0.17369983,-0.69735539,-0.69017625,0.08473819,-158.782,-6.983,88.098
15491963425,0.17124411,-0.69764197,-0.69049466,0.08478385,-158.990,-6.788,88.150
15511963525,0.16878735,-0.69792414,-0.69080877,0.08482899,-159.197,-6.592,88.202
15531963625,0.16632953,-0.69820201,-0.69111860,0.08487359,-159.405,-6.395,88.253
15551963725,0.16387068,-0.69847554,-0.69142407,0.08491768,-159.611,-6.199,88.303
15571963825,0.16141081,-0.69874477,-0.69172531,0.08496124,-159.818,-6.002,88.352
15591963900,0.15894993,-0.69900960,-0.69202226,0.08500426,-160.025,-5.806,88.401
15611964025,0.15648806,-0.69927013,-0.69231486,0.08504675,-160.231,-5.609,88.449
15661964275,0.15402523,-0.69952625,-0.69260317,0.08508872,-160.437,-5.412,88.496
15681964375,0.15155031,-0.69977862,-0.69288909,0.08513021,-160.643,-5.214,88.543
15701964475,0.14906330,-0.70002705,-0.69317251,0.08517123,-160.851,-5.015,88.590
15721964575,0.14656423,-0.70027155,-0.69345337,0.08521175,-161.059,-4.814,88.636
15741964675,0.14405307,-0.70051211,-0.69373167,0.08525179,-161.268,-4.613,88.681
15761964775,0.14154099,-0.70074809,-0.69400549,0.08529127,-161.476,-4.412,88.726
15781964875,0.13902798,-0.70097959,-0.69427484,0.08533020,-161.685,-4.210,88.770
15801964975,0.13651410,-0.70120656,-0.69453973,0.08536858,-161.893,-4.009,88.814
15821965050,0.13399932,-0.70142901,-0.69480014,0.08540642,-162.101,-3.807,88.856
15841965150,0.13148369,-0.70164698,-0.69505608,0.08544370,-162.309,-3.605,88.898
15861965275,0.12896720,-0.70186037,-0.69530755,0.08548043,-162.516,-3.403,88.939
15881965375,0.12644988,-0.70206928,-0.69555449,0.08551662,-162.724,-3.200,88.980
15901965475,0.12393176,-0.70227361,-0.69579703,0.08555225,-162.931,-2.998,89.019
15921965575,0.12141283,-0.70247346,-0.69603503,0.08558732,-163.138,-2.795,89.058
15941965675,0.11889312,-0.70266879,-0.69626856,0.08562186,-163.345,-2.593,89.096
15961965775,0.11637264,-0.70285958,-0.69649756,0.08565583,-163.552,-2.390,89.134
15981965875,0.11385142,-0.70304585,-0.69672215,0.08568925,-163.758,-2.187,89.170
16001965975,0.11132947,-0.70322758,-0.69694221,0.08572213,-163.965,-1.984,89.206
16021966075,0.10880679,-0.70340478,-0.69715774,0.08575445,-164.171,-1.781,89.241
16041966150,0.10628341,-0.70357746,-0.69736886,0.08578622,-164.377,-1.577,89.276
16061980950,0.10375935,-0.70374560,-0.69757545,0.08581743,-164.583,-1.374,89.309
16081965075,0.10122411,-0.70390379,-0.69778466,0.08584732,-164.790,-1.169,89.344
16101966475,0.09867769,-0.70405191,-0.69799644,0.08587588,-164.997,-0.964,89.378
16121966575,0.09612010,-0.70418990,-0.69821072,0.08590314,-165.206,-0.759,89.413
16141966675,0.09355137,-0.70431775,-0.69842744,0.08592910,-165.415,-0.552,89.448
16161966775,0.09098201,-0.70444089,-0.69863951,0.08595450,-165.624,-0.345,89.483
16181966875,0.08841204,-0.70455933,-0.69884694,0.08597932,-165.833,-0.139,89.516
16201966975,0.08584148,-0.70467305,-0.69904971,0.08600356,-166.041,0.068,89.549
16221967075,0.08327036,-0.70478213,-0.69924784,0.08602724,-166.250,0.275,89.582
16241967175,0.08069867,-0.70488650,-0.69944125,0.08605034,-166.459,0.483,89.613
16281967375,0.07812645,-0.70498616,-0.69963008,0.08607287,-166.667,0.690,89.644
16301967475,0.07555371,-0.70508116,-0.69981420,0.08609483,-166.875,0.897,89.674
16321967575,0.07298046,-0.70517141,-0.69999367,0.08611620,-167.084,1.105,89.703
16341967675,0.07040673,-0.70525700,-0.70016849,0.08613701,-167.292,1.312,89.731
16361967750,0.06783254,-0.70533788,-0.70033860,0.08615725,-167.500,1.520,89.759
16381967875,0.06525788,-0.70541406,-0.70050406,0.08617690,-167.708,1.728,89.786
16401967975,0.06268279,-0.70548552,-0.70066488,0.08619599,-167.916,1.936,89.812
16421968075,0.06010729,-0.70555234,-0.70082104,0.08621450,-168.123,2.144,89.838
16441968175,0.05753139,-0.70561439,-0.70097250,0.08623244,-168.331,2.352,89.862
16461968275,0.05495510,-0.70567179,-0.70111930,0.08624980,-168.539,2.560,89.886
16481968350,0.05238969,-0.70572472,-0.70126033,0.08626655,-168.746,2.768,89.909
16501968475,0.04983517,-0.70577329,-0.70139563,0.08628270,-168.952,2.974,89.931
16521968550,0.04729157,-0.70581758,-0.70152527,0.08629826,-169.156,3.180,89.952
16541968650,0.04475891,-0.70585757,-0.70164931,0.08631322,-169.360,3.385,89.973
16561968775,0.04222596,-0.70589304,-0.70176882,0.08632762,-169.564,3.590,89.992
16581968875,0.03969274,-0.70592397,-0.70188385,0.08634147,-169.768,3.795,90.011
16601968975,0.03715927,-0.70595038,-0.70199436,0.08635477,-169.972,4.000,90.029
16621969075,0.03462556,-0.70597225,-0.70210034,0.08636751,-170.176,4.205,90.046
16641969175,0.03209162,-0.70598960,-0.70220184,0.08637969,-170.380,4.410,90.063
16661969275,0.02955748,-0.70600235,-0.70229876,0.08639132,-170.583,4.616,90.079
16681969375,0.02700133,-0.70600402,-0.70239866,0.08640222,-170.789,4.823,90.095
16701969475,0.02442319,-0.70599449,-0.70250136,0.08641239,-170.996,5.031,90.112
16721969575,0.02182307,-0.70597363,-0.70260680,0.08642182,-171.205,5.242,90.129
16741969675,0.01920098,-0.70594126,-0.70271474,0.08643056,-171.416,5.454,90.147
16761969775,0.01657876,-0.70590401,-0.70281792,0.08643870,-171.627,5.666,90.164
16781969850,0.01395643,-0.70586199,-0.70291620,0.08644624,-171.838,5.878,90.180
16801969975,0.01133400,-0.70581502,-0.70300967,0.08645318,-172.048,6.091,90.196
16821970075,0.00871149,-0.70576322,-0.70309824,0.08645954,-172.259,6.303,90.210
16841970175,0.00608892,-0.70570654,-0.70318204,0.08646529,-172.470,6.516,90.224
16861970250,0.00346631,-0.70564502,-0.70326096,0.08647045,-172.681,6.728,90.237
16881970375,0.00084298,-0.70558423,-0.70332938,0.08647504,-172.892,6.941,90.248
16921970575,0.00178104,0.70552427,0.70338732,-0.08647905,-173.103,7.154,90.258
16941970675,0.00440574,0.70546496,0.70343482,-0.08648244,-173.315,7.367,90.266
16961970775,0.00703110,0.70540649,0.70347178,-0.08648520,-173.526,7.580,90.272
16981970875,0.00965641,0.70534313,0.70350391,-0.08648736,-173.738,7.793,90.277
17001970975,0.01228166,0.70527488,0.70353121,-0.08648893,-173.950,8.006,90.282
17021971075,0.01490682,0.70520180,0.70355362,-0.08648990,-174.162,8.219,90.286
17041971175,0.01753188,0.70512384,0.70357120,-0.08649027,-174.374,8.432,90.289
17061971275,0.02015682,0.70504099,0.70358390,-0.08649006,-174.586,8.646,90.291
17081971375,0.02279149,0.70494121,0.70360357,-0.08648957,-174.799,8.860,90.294
17101971450,0.02543587,0.70482439,0.70363009,-0.08648887,-175.012,9.074,90.299
17121971575,0.02808995,0.70469046,0.70366341,-0.08648796,-175.226,9.290,90.304
17141971675,0.03075369,0.70453936,0.70370340,-0.08648690,-175.441,9.506,90.311
17161971775,0.03341722,0.70438325,0.70373845,-0.08648522,-175.656,9.722,90.317
17181971875,0.03608051,0.70422214,0.70376849,-0.08648293,-175.872,9.939,90.322
17201971975,0.03874354,0.70405602,0.70379353,-0.08648001,-176.087,10.155,90.326
17221972075,0.04140630,0.70388484,0.70381349,-0.08647648,-176.302,10.371,90.330
17241972175,0.04406876,0.70370871,0.70382851,-0.08647234,-176.518,10.587,90.332
17261970975,0.04673091,0.70352751,0.70383847,-0.08646759,-176.734,10.804,90.334
17281972025,0.04939273,0.70334136,0.70384347,-0.08646221,-176.950,11.020,90.335
17401975375,0.05205419,0.70315015,0.70384341,-0.08645622,-177.166,11.237,90.335
17421974725,0.05471528,0.70295399,0.70383835,-0.08644962,-177.382,11.453,90.335
17441974250,0.05737599,0.70275277,0.70382828,-0.08644239,-177.598,11.669,90.333
17461973775,0.06003628,0.70254660,0.70381320,-0.08643456,-177.815,11.886,90.331
17481973375,0.06269615,0.70233536,0.70379311,-0.08642610,-178.032,12.102,90.327
17501973475,0.06535557,0.70211917,0.70376801,-0.08641703,-178.249,12.318,90.323
17551973725,0.06801453,0.70189798,0.70373791,-0.08640736,-178.466,12.534,90.319
17571973825,0.07067300,0.70167178,0.70370281,-0.08639705,-178.683,12.751,90.313
17591973925,0.07333097,0.70144057,0.70366263,-0.08638614,-178.901,12.967,90.306
17611974025,0.07598842,0.70120436,0.70361751,-0.08637461,-179.118,13.183,90.299
17631974125,0.07864532,0.70096320,0.70356739,-0.08636247,-179.336,13.399,90.290
17651974225,0.08130167,0.70071703,0.70351219,-0.08634971,-179.554,13.616,90.281
17671974325,0.08390411,0.70049512,0.70342952,-0.08633387,-179.769,13.827,90.267
17691974425,0.08645266,0.70029783,0.70331973,-0.08631489,-179.981,14.034,90.249
17711974525,0.08894735,0.70012546,0.70318300,-0.08629268,179.811,14.236,90.226
17731974625,0.09138819,0.69997823,0.70301962,-0.08626724,179.607,14.434,90.199
17751974725,0.09382848,0.69982684,0.70285213,-0.08624129,179.402,14.632,90.170
17771974825,0.09626820,0.69967121,0.70268035,-0.08621482,179.197,14.829,90.141
17791974900,0.09870735,0.69951135,0.70250434,-0.08618783,178.991,15.026,90.112
17811975000,0.10114591,0.69934732,0.70232415,-0.08616032,178.786,15.224,90.081
17831975125,0.10358385,0.69917911,0.70213974,-0.08613230,178.580,15.421,90.050
17851975225,0.10602117,0.69900668,0.70195109,-0.08610376,178.373,15.618,90.018
17871975325,0.10845786,0.69883007,0.70175821,-0.08607470,178.167,15.815,89.985
17891975425,0.11090509,0.69864762,0.70156097,-0.08604510,177.959,16.012,89.951
17911975525,0.11336283,0.69845939,0.70135921,-0.08601495,177.750,16.211,89.917
17931975600,0.11583105,0.69826531,0.70115292,-0.08598425,177.539,16.410,89.882
17951975725,0.11830974,0.69806522,0.70094210,-0.08595300,177.328,16.610,89.845
17971975825,0.12078768,0.69786084,0.70072687,-0.08592121,177.116,16.810,89.809
17991975925,0.12326488,0.69765210,0.70050728,-0.08588888,176.903,17.010,89.771
18011976025,0.12574130,0.69743896,0.70028335,-0.08585601,176.690,17.210,89.732
18031976125,0.12821695,0.69722152,0.70005500,-0.08582262,176.477,17.409,89.693
18051976225,0.13069180,0.69699973,0.69982231,-0.08578868,176.264,17.609,89.653
18071976325,0.13316515,0.69676805,0.69959086,-0.08575526,176.050,17.808,89.613
18091976425,0.13563699,0.69652641,0.69936061,-0.08572237,175.836,18.007,89.573
18111976500,0.13810728,0.69627482,0.69913161,-0.08569004,175.623,18.206,89.533
18131976625,0.14057605,0.69601333,0.69890374,-0.08565827,175.409,18.405,89.493
18181976875,0.14304394,0.69574755,0.69867158,-0.08562596,175.194,18.604,89.453
18201976975,0.14551093,0.69547743,0.69843507,-0.08559313,174.980,18.803,89.411
18221977075,0.14797702,0.69520295,0.69819421,-0.08555976,174.765,19.002,89.369
18241977175,0.15044220,0.69492418,0.69794905,-0.08552586,174.549,19.200,89.326
18261977275,0.15290643,0.69464105,0.69769949,-0.08549143,174.333,19.399,89.282
18281977350,0.15538085,0.69435173,0.69744509,-0.08545644,174.116,19.598,89.238
18301977475,0.15786539,0.69405609,0.69718570,-0.08542089,173.897,19.797,89.192
18321977575,0.16036005,0.69375414,0.69692135,-0.08538477,173.677,19.998,89.145
18341977675,0.16286480,0.69344568,0.69665188,-0.08534808,173.456,20.199,89.097
18361977775,0.16536850,0.69313282,0.69637793,-0.08531083,173.234,20.401,89.049
18381977875,0.16787112,0.69281548,0.69609946,-0.08527304,173.011,20.602,88.999
18401977975,0.17037266,0.69249368,0.69581658,-0.08523470,172.789,20.802,88.949
18421978075,0.17287312,0.69216740,0.69552916,-0.08519581,172.565,21.003,88.898
18441978175,0.17537245,0.69183671,0.69523728,-0.08515637,172.341,21.203,88.845
18461978275,0.17787066,0.69150150,0.69494092,-0.08511638,172.117,21.404,88.792
18481978375,0.18036772,0.69116187,0.69464010,-0.08507585,171.892,21.604,88.738
18501978475,0.18286362,0.69081777,0.69433475,-0.08503476,171.667,21.803,88.683
18521978575,0.18535835,0.69046926,0.69402498,-0.08499312,171.441,22.003,88.627
18541978675,0.18785186,0.69011623,0.69371074,-0.08495095,171.214,22.203,88.570
18561978775,0.19034418,0.68975884,0.69339198,-0.08490822,170.987,22.402,88.513
18581978875,0.19283527,0.68939692,0.69306880,-0.08486494,170.760,22.601,88.454
18601978975,0.19532512,0.68903059,0.69274116,-0.08482112,170.532,22.800,88.394
18621979075,0.19781370,0.68865985,0.69240904,-0.08477675,170.303,22.998,88.334
18641979175,0.20030102,0.68828464,0.69207245,-0.08473184,170.074,23.196,88.272
18661979275,0.20278704,0.68790501,0.69173139,-0.08468638,169.844,23.395,88.210
18681979375,0.20527108,0.68751544,0.69139141,-0.08464199,169.614,23.593,88.147
18701979475,0.20775312,0.68711591,0.69105244,-0.08459871,169.384,23.791,88.085
18721979575,0.21023315,0.68670642,0.69071448,-0.08455653,169.153,23.988,88.022
18741979675,0.21271116,0.68628699,0.69037765,-0.08451550,168.923,24.186,87.960
18761979775,0.21518779,0.68586314,0.69003630,-0.08447392,168.692,24.384,87.897
18821980075,0.21766303,0.68543494,0.68969053,-0.08443179,168.460,24.581,87.832
18841980175,0.22013690,0.68500227,0.68934035,-0.08438912,168.227,24.779,87.767
18861980275,0.22260933,0.68456519,0.68898576,-0.08434591,167.994,24.975,87.701
18881980375,0.22508033,0.68412375,0.68862671,-0.08430215,167.761,25.172,87.633
18901980475,0.22754988,0.68367785,0.68826318,-0.08425786,167.527,25.369,87.565
18921980575,0.23001797,0.68322760,0.68789530,-0.08421302,167.292,25.565,87.496
18941980675,0.23248458,0.68277293,0.68752295,-0.08416764,167.056,25.761,87.425
18961980750,0.23494971,0.68231392,0.68714619,-0.08412172,166.820,25.956,87.354
18981980875,0.23741330,0.68185049,0.68676502,-0.08407526,166.583,26.152,87.282
19001980975,0.23987539,0.68138266,0.68637943,-0.08402825,166.346,26.347,87.208
19021981075,0.24233592,0.68091047,0.68598944,-0.08398071,166.107,26.542,87.134
19041981175,0.24479489,0.68043387,0.68559498,-0.08393262,165.868,26.736,87.059
19061981275,0.24725230,0.67995292,0.68519616,-0.08388400,165.629,26.930,86.982
19081981375,0.24971901,0.67946494,0.68479162,-0.08383479,165.388,27.125,86.904
19101981475,0.25219500,0.67896986,0.68438125,-0.08378500,165.144,27.321,86.825
19121981600,0.25468022,0.67846763,0.68396509,-0.08373460,164.900,27.517,86.745
19141981650,0.25717464,0.67795819,0.68354297,-0.08368362,164.653,27.713,86.663
19161981775,0.25966734,0.67744422,0.68311632,-0.08363207,164.405,27.910,86.580
19181981875,0.26215830,0.67692572,0.68268514,-0.08357996,164.157,28.106,86.496
19201981975,0.26464754,0.67640275,0.68224937,-0.08352730,163.908,28.301,86.411
19221982075,0.26713499,0.67587525,0.68180907,-0.08347408,163.659,28.497,86.325
19241982175,0.26962069,0.67534328,0.68136424,-0.08342031,163.408,28.692,86.237
19261982275,0.27210456,0.67480677,0.68091488,-0.08336598,163.157,28.886,86.149
19281982375,0.27459747,0.67426294,0.68045938,-0.08331104,162.903,29.081,86.059
19301982475,0.27709931,0.67371166,0.67999786,-0.08325549,162.648,29.277,85.967
19321982575,0.27961013,0.67315292,0.67953008,-0.08319933,162.391,29.473,85.874
19341982675,0.28212979,0.67258668,0.67905611,-0.08314254,162.132,29.670,85.780
19361982775,0.28464755,0.67201585,0.67857748,-0.08308518,161.872,29.866,85.684
19381982875,0.28716332,0.67144030,0.67809409,-0.08302724,161.611,30.062,85.587
19401982975,0.28967711,0.67086017,0.67760611,-0.08296874,161.350,30.258,85.489
19451983225,0.29218891,0.67027539,0.67711341,-0.08290966,161.087,30.453,85.390
19471983325,0.29469869,0.66968596,0.67661601,-0.08285001,160.823,30.648,85.289
19491983425,0.29719567,0.66909498,0.67611569,-0.08278985,160.560,30.842,85.188
19511983525,0.29967991,0.66850251,0.67561251,-0.08272917,160.297,31.034,85.085
19531983625,0.30215138,0.66790855,0.67510647,-0.08266800,160.034,31.225,84.982
19551983725,0.30461010,0.66731316,0.67459768,-0.08260633,159.771,31.415,84.878
19571983825,0.30706677,0.66671336,0.67408437,-0.08254411,159.507,31.604,84.773
19591983925,0.30952141,0.66610914,0.67356658,-0.08248134,159.242,31.793,84.666
19611984025,0.31197399,0.66550046,0.67304432,-0.08241802,158.977,31.981,84.558
19631984125,0.31442448,0.66488731,0.67251754,-0.08235415,158.710,32.169,84.449
19651984225,0.31687289,0.66426980,0.67198634,-0.08228973,158.442,32.357,84.339
19671984325,0.31931919,0.66364783,0.67145061,-0.08222476,158.174,32.544,84.227
19691984425,0.32177335,0.66301286,0.67091382,-0.08216174,157.904,32.732,84.115
19711984525,0.32423535,0.66236478,0.67037588,-0.08210067,157.632,32.921,84.002
19731984625,0.32670513,0.66170365,0.66983670,-0.08204157,157.358,33.110,83.889
19751984725,0.32918265,0.66102934,0.66929632,-0.08198445,157.083,33.300,83.774
19771984825,0.33165792,0.66035044,0.66875130,-0.08192676,156.807,33.490,83.658
19791984925,0.33413088,0.65966707,0.66820168,-0.08186851,156.530,33.679,83.541
19811985025,0.33660156,0.65897912,0.66764742,-0.08180968,156.252,33.868,83.423
19831985100,0.33906990,0.65828663,0.66708863,-0.08175031,155.972,34.056,83.303
19851985225,0.34153593,0.65758955,0.66652519,-0.08169036,155.692,34.244,83.182
19871985325,0.34399959,0.65688801,0.66595715,-0.08162986,155.410,34.432,83.059
19891985425,0.34647080,0.65617323,0.66538769,-0.08157147,155.127,34.620,82.936
19911985525,0.34894949,0.65544504,0.66481674,-0.08151521,154.842,34.808,82.811
19931985625,0.35143563,0.65470356,0.66424417,-0.08146108,154.555,34.998,82.686
19951985725,0.35392916,0.65394866,0.66367000,-0.08140910,154.267,35.188,82.560
19971985825,0.35642019,0.65318912,0.66309106,-0.08135655,153.977,35.377,82.432
19991985925,0.35890865,0.65242487,0.66250741,-0.08130342,153.686,35.567,82.303
20011986025,0.36139455,0.65165603,0.66191906,-0.08124971,153.394,35.755,82.172
20031986125,0.36387792,0.65088254,0.66132599,-0.08119541,153.100,35.943,82.040
20051985925,0.36635867,0.65010440,0.66072822,-0.08114055,152.805,36.131,81.907
20171989225,0.36883682,0.64932168,0.66012573,-0.08108510,152.509,36.317,81.772
20191988600,0.37131232,0.64853430,0.65951854,-0.08102907,152.212,36.504,81.635
20211988075,0.37378520,0.64774227,0.65890670,-0.08097248,151.914,36.689,81.497
20231987625,0.37625542,0.64694566,0.65829009,-0.08091530,151.614,36.875,81.357
20251987225,0.37872297,0.64614445,0.65766889,-0.08085755,151.313,37.059,81.216
20271987325,0.38118780,0.64533865,0.65704292,-0.08079921,151.011,37.243,81.073
20291987425,0.38362980,0.64454091,0.65641201,-0.08073746,150.709,37.425,80.929
20311987525,0.38604897,0.64375132,0.65577620,-0.08067226,150.408,37.603,80.783
20331987625,0.38844538,0.64297009,0.65513563,-0.08060361,150.107,37.779,80.636
20351987725,0.39081910,0.64219725,0.65449047,-0.08053153,149.808,37.953,80.487
20371987825,0.39319021,0.64142013,0.65384096,-0.08045891,149.506,38.125,80.338
20391987925,0.39555871,0.64063877,0.65318710,-0.08038575,149.204,38.297,80.186
20411988000,0.39792457,0.63985312,0.65252894,-0.08031206,148.900,38.469,80.033
20431988125,0.40028778,0.63906324,0.65186638,-0.08023783,148.595,38.640,79.879
20451988225,0.40264833,0.63826907,0.65119946,-0.08016307,148.289,38.810,79.723
20471988325,0.40500623,0.63747066,0.65052825,-0.08008777,147.981,38.980,79.565
20491988725,0.40733248,0.63669533,0.64984530,-0.08000258,147.674,39.145,79.405
20511988825,0.40962723,0.63594317,0.64915073,-0.07990742,147.368,39.305,79.242
20531988925,0.41189051,0.63521433,0.64844477,-0.07980226,147.063,39.461,79.077
20551989025,0.41412243,0.63450891,0.64772761,-0.07968704,146.758,39.613,78.909
20571989125,0.41635188,0.63379967,0.64700651,-0.07957134,146.452,39.764,78.739
20591989225,0.41857880,0.63308668,0.64628160,-0.07945517,146.145,39.914,78.569
20611989325,0.42080325,0.63236988,0.64555275,-0.07933852,145.837,40.064,78.397
20631989425,0.42302513,0.63164926,0.64482009,-0.07922139,145.527,40.213,78.223
20651989525,0.42524448,0.63092482,0.64408350,-0.07910379,145.216,40.361,78.048
20671989625,0.42746130,0.63019663,0.64334303,-0.07898571,144.904,40.509,77.872
20721989875,0.42968568,0.62946057,0.64259595,-0.07886705,144.589,40.656,77.693
20741989975,0.43191764,0.62871665,0.64184213,-0.07874780,144.272,40.803,77.512
20761990075,0.43415707,0.62796474,0.64108151,-0.07862797,143.951,40.951,77.330
20781990175,0.43640396,0.62720490,0.64031410,-0.07850754,143.628,41.098,77.144
20801990275,0.43864813,0.62644112,0.63954276,-0.07838663,143.304,41.245,76.958
20821990375,0.44088957,0.62567341,0.63876736,-0.07826522,142.978,41.391,76.770
20841990475,0.44312826,0.62490183,0.63798797,-0.07814333,142.651,41.536,76.580
20861990575,0.44536421,0.62412632,0.63720465,-0.07802095,142.323,41.680,76.389
20881990675,0.44759735,0.62334698,0.63641733,-0.07789809,141.993,41.823,76.196
20901990775,0.44981769,0.62256795,0.63562906,-0.07777485,141.663,41.965,76.002
20921990875,0.45202518,0.62178928,0.63483983,-0.07765123,141.334,42.105,75.808
20941990975,0.45421988,0.62101108,0.63404971,-0.07752724,141.004,42.244,75.613
20961991075,0.45640182,0.62023342,0.63325882,-0.07740289,140.675,42.381,75.417
20981991175,0.45858100,0.61945194,0.63246411,-0.07727808,140.344,42.517,75.220
21001991275,0.46075746,0.61866683,0.63166559,-0.07715280,140.011,42.653,75.021
21021991375,0.46293113,0.61787796,0.63086325,-0.07702706,139.678,42.787,74.821
21041991475,0.46510202,0.61708540,0.63005716,-0.07690085,139.343,42.921,74.619
21061991575,0.46727011,0.61628908,0.62924725,-0.07677419,139.006,43.054,74.416
21081991675,0.46943480,0.61548412,0.62843847,-0.07665079,138.669,43.187,74.212
21101991750,0.47161591,0.61466163,0.62762457,-0.07653047,138.329,43.320,74.006
21121991875,0.47381333,0.61382157,0.62680542,-0.07641324,137.984,43.455,73.798
21141991950,0.47602701,0.61296386,0.62598085,-0.07629912,137.636,43.591,73.587
21161992075,0.47825745,0.61209345,0.62514591,-0.07618430,137.283,43.727,73.373
21181992175,0.48048478,0.61121905,0.62430692,-0.07606898,136.928,43.862,73.157
21201992275,0.48270905,0.61034071,0.62346393,-0.07595318,136.573,43.997,72.940
21221992375,0.48493019,0.60945851,0.62261695,-0.07583688,136.215,44.130,72.721
21241992475,0.48714823,0.60857230,0.62176591,-0.07572010,135.856,44.262,72.500
21261992575,0.48936310,0.60768223,0.62091088,-0.07560284,135.496,44.394,72.278
21281992675,0.49157482,0.60678822,0.62005186,-0.07548508,135.134,44.524,72.054
21301992775,0.49378338,0.60589027,0.61918879,-0.07536684,134.771,44.654,71.828
21321992875,0.49598879,0.60498846,0.61832178,-0.07524811,134.406,44.782,71.601
21361993075,0.49819097,0.60408270,0.61745077,-0.07512890,134.039,44.909,71.372
21381993175,0.50038993,0.60317308,0.61657584,-0.07500920,133.671,45.035,71.142
21401993275,0.50258571,0.60225958,0.61569685,-0.07488902,133.301,45.161,70.910
21421993375,0.50477821,0.60134220,0.61481392,-0.07476836,132.930,45.285,70.676
21441993475,0.50696748,0.60042095,0.61392707,-0.07464721,132.558,45.408,70.440
21461993575,0.50915349,0.59949583,0.61303622,-0.07452559,132.184,45.530,70.203
21481993675,0.51133615,0.59856683,0.61214143,-0.07440348,131.808,45.651,69.964
21501993775,0.51351500,0.59762913,0.61124754,-0.07428498,131.431,45.771,69.725
21521993875,0.51568991,0.59668267,0.61035442,-0.07417010,131.054,45.891,69.484
21541993975,0.51786095,0.59572744,0.60946214,-0.07405886,130.675,46.011,69.243
21561994075,0.52002805,0.59476358,0.60857075,-0.07395130,130.296,46.130,69.001
21581994175,0.52219176,0.59379584,0.60767537,-0.07384325,129.915,46.248,68.757
21601994275,0.52435219,0.59282434,0.60677612,-0.07373472,129.533,46.365,68.512
21621994375,0.52650923,0.59184897,0.60587299,-0.07362573,129.149,46.481,68.265
21641994475,0.52866280,0.59086984,0.60496593,-0.07351626,128.763,46.596,68.017
21661994575,0.53081304,0.58988690,0.60405499,-0.07340632,128.376,46.709,67.766
21681994675,0.53295988,0.58890015,0.60314018,-0.07329591,127.988,46.822,67.515
21701994775,0.53511280,0.58790475,0.60221779,-0.07318491,127.596,46.933,67.260
21721994875,0.53727168,0.58690071,0.60128778,-0.07307331,127.201,47.045,67.003
21741994975,0.53943658,0.58588785,0.60035014,-0.07296113,126.802,47.155,66.743
21761995075,0.54160738,0.58486629,0.59940475,-0.07284834,126.401,47.265,66.480
21781995175,0.54377455,0.58384079,0.59845537,-0.07273507,125.998,47.373,66.215
21801995275,0.54593807,0.58281142,0.59750199,-0.07262131,125.593,47.480,65.949
21821995375,0.54809797,0.58177811,0.59654468,-0.07250707,125.187,47.586,65.682
21841995475,0.55025423,0.58074099,0.59558338,-0.07239234,124.779,47.691,65.412
21861995575,0.55240685,0.57969999,0.59461808,-0.07227714,124.370,47.795,65.141
21881995675,0.55455577,0.57865512,0.59364885,-0.07216145,123.959,47.897,64.868
21901995775,0.55670094,0.57760638,0.59267563,-0.07204528,123.546,47.997,64.594
21921995875,0.55884248,0.57655382,0.59169847,-0.07192864,123.132,48.097,64.318
21941995975,0.56098026,0.57549739,0.59071738,-0.07181150,122.717,48.195,64.041
21961996075,0.56311429,0.57443714,0.58973235,-0.07169390,122.300,48.292,63.762
22001996275,0.56524462,0.57337302,0.58874339,-0.07157581,121.881,48.387,63.481
22021996375,0.56737113,0.57230514,0.58775055,-0.07145725,121.461,48.481,63.199
22041996475,0.56949389,0.57123345,0.58675373,-0.07133822,121.040,48.574,62.915
22061996575,0.57161283,0.57015789,0.58575302,-0.07121871,120.617,48.665,62.629
22081996675,0.57372797,0.56907856,0.58474845,-0.07109872,120.193,48.755,62.343
22101996775,0.57584852,0.56799030,0.58373588,-0.07097813,119.765,48.844,62.053
22121996875,0.57797438,0.56689304,0.58271539,-0.07085694,119.335,48.932,61.761
22141996975,0.58010542,0.56578672,0.58168685,-0.07073513,118.900,49.019,61.466
22161997025,0.58224171,0.56467128,0.58065027,-0.07061272,118.463,49.104,61.168
22181997175,0.58437401,0.56355202,0.57960969,-0.07048982,118.024,49.189,60.868
22201997275,0.58650219,0.56242883,0.57856506,-0.07036643,117.584,49.272,60.568
22221997375,0.58862638,0.56130177,0.57751650,-0.07024256,117.142,49.353,60.265
22241997475,0.59074652,0.56017083,0.57646394,-0.07011820,116.699,49.433,59.962
22261997575,0.59286255,0.55903602,0.57540739,-0.06999336,116.255,49.511,59.657
22281997675,0.59497452,0.55789733,0.57434684,-0.06986804,115.809,49.588,59.350
22301997775,0.59709084,0.55674493,0.57328266,-0.06974686,115.361,49.664,59.041
22321997875,0.59921151,0.55557871,0.57221466,-0.06962983,114.910,49.740,58.731
22341997975,0.60133636,0.55439866,0.57114279,-0.06951696,114.456,49.816,58.418
22361998075,0.60346538,0.55320472,0.57006711,-0.06940826,113.999,49.891,58.103
22381998175,0.60559011,0.55200690,0.56898737,-0.06929907,113.541,49.965,57.787
22401998275,0.60771054,0.55080509,0.56790358,-0.06918939,113.081,50.037,57.469
22421998350,0.60982662,0.54959941,0.56681567,-0.06907922,112.621,50.108,57.150
22441998475,0.61193836,0.54838979,0.56572384,-0.06896856,112.158,50.176,56.829
22461998575,0.61404574,0.54717624,0.56462789,-0.06885739,111.695,50.243,56.508
22481998675,0.61614877,0.54595882,0.56352794,-0.06874575,111.231,50.309,56.185
22501998775,0.61823851,0.54474294,0.56242836,-0.06863375,110.767,50.372,55.862
22521998875,0.62031507,0.54352880,0.56132919,-0.06852142,110.304,50.434,55.539
22541998975,0.62237853,0.54231632,0.56023055,-0.06840874,109.842,50.493,55.216
22561999075,0.62442881,0.54110563,0.55913246,-0.06829574,109.380,50.551,54.894
22581999175,0.62647480,0.53989118,0.55803049,-0.06818226,108.918,50.607,54.570
22601999275,0.62851650,0.53867304,0.55692470,-0.06806832,108.455,50.661,54.245
22641999475,0.63055384,0.53745115,0.55581504,-0.06795391,107.990,50.713,53.920
22661999575,0.63258684,0.53622562,0.55470157,-0.06783903,107.525,50.764,53.593
22681999675,0.63461548,0.53499633,0.55358434,-0.06772368,107.059,50.813,53.265
22701999775,0.63664848,0.53375781,0.55245864,-0.06760771,106.589,50.861,52.935
22721999875,0.63868564,0.53250986,0.55132461,-0.06749113,106.117,50.907,52.603
22741999975,0.64072698,0.53125256,0.55018216,-0.06737392,105.642,50.952,52.268
22762000075,0.64277244,0.52998585,0.54903114,-0.06725607,105.164,50.995,51.931
22782000175,0.64481336,0.52871531,0.54787630,-0.06713776,104.686,51.037,51.593
22802000275,0.64684963,0.52744102,0.54671746,-0.06701896,104.206,51.076,51.255
22822000375,0.64888126,0.52616298,0.54555482,-0.06689968,103.726,51.114,50.915
22842000475,0.65090835,0.52488118,0.54438823,-0.06677993,103.245,51.151,50.575
22862000575,0.65293074,0.52359563,0.54321778,-0.06665970,102.763,51.185,50.234
22882000300,0.65494847,0.52230638,0.54204345,-0.06653899,102.281,51.217,49.892
23002003600,0.65696102,0.52100909,0.54086941,-0.06642304,101.798,51.249,49.550
23022003050,0.65896839,0.51970375,0.53969574,-0.06631187,101.315,51.280,49.208
23042002475,0.66097051,0.51839036,0.53852230,-0.06620549,100.831,51.310,48.865
23062001975,0.66296738,0.51706898,0.53734922,-0.06610392,100.347,51.339,48.522
23082001675,0.66495955,0.51574397,0.53617233,-0.06600188,99.863,51.366,48.178
23102001775,0.66694748,0.51441956,0.53498745,-0.06589406,99.378,51.390,47.834
23122001875,0.66893119,0.51309574,0.53379470,-0.06578044,98.892,51.412,47.488
23142001975,0.67091072,0.51177251,0.53259403,-0.06566101,98.405,51.431,47.143
23162002075,0.67288595,0.51044989,0.53138542,-0.06553575,97.918,51.447,46.796
23182002175,0.67485636,0.50912368,0.53017312,-0.06541002,97.431,51.461,46.449
23202002275,0.67682201,0.50779378,0.52895695,-0.06528382,96.944,51.474,46.102
23222002350,0.67878282,0.50646031,0.52773708,-0.06515716,96.456,51.484,45.755
23272002625,0.68073875,0.50512320,0.52651340,-0.06503004,95.968,51.493,45.407
23292002725,0.68264979,0.50382084,0.52530259,-0.06489244,95.490,51.498,45.067
23312002825,0.68451619,0.50255328,0.52410489,-0.06474436,95.022,51.498,44.733
23332002925,0.68633825,0.50132084,0.52292055,-0.06458577,94.564,51.495,44.407
23352003025,0.68811619,0.50012368,0.52174985,-0.06441669,94.116,51.488,44.087
23372003125,0.68988997,0.49892351,0.52057606,-0.06424723,93.668,51.480,43.768
23392003225,0.69165969,0.49772036,0.51939911,-0.06407738,93.221,51.470,43.449
23412003325,0.69342524,0.49651423,0.51821899,-0.06390715,92.774,51.458,43.130
23432003425,0.69518661,0.49530512,0.51703584,-0.06373654,92.327,51.445,42.811
23452003525,0.69694382,0.49409306,0.51584959,-0.06356554,91.880,51.430,42.493
23472003625,0.69869685,0.49287802,0.51466024,-0.06339416,91.434,51.414,42.175
23492003725,0.70045424,0.49165803,0.51345873,-0.06321663,90.986,51.395,41.856
23512003825,0.70221591,0.49043307,0.51224512,-0.06303296,90.536,51.374,41.536
23532003900,0.70398176,0.48920307,0.51101935,-0.06284312,90.084,51.351,41.214
23552004025,0.70575178,0.48796800,0.50978136,-0.06264709,89.631,51.325,40.892
23572004125,0.70751739,0.48672986,0.50854021,-0.06245067,89.179,51.297,40.570
23592004225,0.70927858,0.48548871,0.50729585,-0.06225386,88.727,51.267,40.249
23612004325,0.71103531,0.48424453,0.50604838,-0.06205666,88.275,51.237,39.928
23632004425,0.71278769,0.48299736,0.50479776,-0.06185907,87.824,51.204,39.608
23652004525,0.71453559,0.48174715,0.50354397,-0.06166110,87.374,51.170,39.289
23672004625,0.71627903,0.48049393,0.50228703,-0.06146274,86.924,51.134,38.970
23692004725,0.71801752,0.47923374,0.50103080,-0.06126973,86.475,51.098,38.652
23712004825,0.71975106,0.47796655,0.49977532,-0.06108207,86.027,51.061,38.335
23732004925,0.72147965,0.47669238,0.49852052,-0.06089978,85.579,51.024,38.018
23752005025,0.72320324,0.47541127,0.49726644,-0.06072288,85.132,50.985,37.702
23772005125,0.72492236,0.47412720,0.49600926,-0.06054560,84.686,50.946,37.386
23792005225,0.72663695,0.47284022,0.49474901,-0.06036794,84.240,50.904,37.072
23812005325,0.72834706,0.47155026,0.49348566,-0.06018991,83.795,50.862,36.758
23832005425,0.73005259,0.47025737,0.49221927,-0.06001150,83.351,50.817,36.445
23852005525,0.73175365,0.46896157,0.49094981,-0.05983272,82.907,50.771,36.132
23872005625,0.73345011,0.46766287,0.48967731,-0.05965357,82.465,50.724,35.821
23912005825,0.73514199,0.46636122,0.48840174,-0.05947405,82.023,50.675,35.511
23932005925,0.73683697,0.46505034,0.48711774,-0.05929397,81.581,50.624,35.200
23952006025,0.73853487,0.46373016,0.48582524,-0.05911336,81.137,50.572,34.888
23972006125,0.74023569,0.46240067,0.48452425,-0.05893218,80.692,50.518,34.577
23992006225,0.74193931,0.46106184,0.48321471,-0.05875045,80.246,50.462,34.264
24012006325,0.74363816,0.45972002,0.48190203,-0.05856835,79.801,50.405,33.953
24032006425,0.74533218,0.45837522,0.48058626,-0.05838587,79.357,50.347,33.643
24052006525,0.74702144,0.45702749,0.47926739,-0.05820301,78.914,50.286,33.334
24072007575,0.74870592,0.45567679,0.47794542,-0.05801978,78.472,50.225,33.027
24092006725,0.75038552,0.45432320,0.47662041,-0.05783617,78.032,50.161,32.720
24112006825,0.75206029,0.45296666,0.47529230,-0.05765219,77.592,50.096,32.414
24132007750,0.75373024,0.45160720,0.47396111,-0.05746783,77.154,50.030,32.110
24152007025,0.75539529,0.45024481,0.47262689,-0.05728311,76.717,49.962,31.807
24172007100,0.75705552,0.44887954,0.47128963,-0.05709802,76.281,49.893,31.505
24192007225,0.75871086,0.44751137,0.46994933,-0.05691256,75.846,49.822,31.205
24212007300,0.76036131,0.44614035,0.46860600,-0.05672674,75.412,49.750,30.905
24232007425,0.76200682,0.44476643,0.46725965,-0.05654055,74.980,49.677,30.608
24252007500,0.76364750,0.44338962,0.46591029,-0.05635399,74.549,49.602,30.311
24272007625,0.76528317,0.44200999,0.46455792,-0.05616707,74.119,49.525,30.016
24292007725,0.76691401,0.44062752,0.46320257,-0.05597979,73.690,49.447,29.722
24312007825,0.76853937,0.43923849,0.46184772,-0.05579828,73.263,49.369,29.429
24332007925,0.77015936,0.43784294,0.46049345,-0.05562255,72.836,49.289,29.137
24352008025,0.77177399,0.43644089,0.45913970,-0.05545261,72.411,49.210,28.846
24372008125,0.77338320,0.43503237,0.45778650,-0.05528848,71.986,49.130,28.556
24392008225,0.77498740,0.43362105,0.45643032,-0.05512400,71.563,49.048,28.267
24412008325,0.77658665,0.43220693,0.45507124,-0.05495916,71.141,48.965,27.980
24432008425,0.77818090,0.43079004,0.45370921,-0.05479397,70.720,48.881,27.694
24452008525,0.77977014,0.42937040,0.45234427,-0.05462843,70.301,48.795,27.409
24472008625,0.78135437,0.42794797,0.45097643,-0.05446253,69.883,48.708,27.126
24492008725,0.78293353,0.42652279,0.44960567,-0.05429629,69.467,48.620,26.845
24542008975,0.78451425,0.42508459,0.44822961,-0.05413576,69.049,48.531,26.563
24562009075,0.78609639,0.42363334,0.44684818,-0.05398097,68.631,48.441,26.281
24582009175,0.78767991,0.42216900,0.44546136,-0.05383192,68.212,48.350,25.998
24602009275,0.78926468,0.42069161,0.44406909,-0.05368862,67.792,48.258,25.715
24622009375,0.79084420,0.41921142,0.44267386,-0.05354495,67.374,48.165,25.434
24642009475,0.79241848,0.41772842,0.44127569,-0.05340094,66.957,48.070,25.155
24662009550,0.79398751,0.41624263,0.43987459,-0.05325656,66.541,47.974,24.877
24682009675,0.79555124,0.41475409,0.43847054,-0.05311184,66.127,47.877,24.600
24702009775,0.79711646,0.41325602,0.43705767,-0.05296657,65.713,47.778,24.324
24722009875,0.79868305,0.41174835,0.43563586,-0.05282075,65.298,47.678,24.048
24742009975,0.80025107,0.41023105,0.43420517,-0.05267438,64.883,47.575,23.772
24762010075,0.80182028,0.40870416,0.43276551,-0.05252746,64.468,47.471,23.497
24782010175,0.80338401,0.40717444,0.43132287,-0.05238018,64.054,47.366,23.224
24802010275,0.80494219,0.40564194,0.42987728,-0.05223254,63.642,47.259,22.952
24822010375,0.80649483,0.40410662,0.42842871,-0.05208453,63.232,47.151,22.682
24842010475,0.80804187,0.40256852,0.42697719,-0.05193617,62.823,47.041,22.414
24862010575,0.80958343,0.40102765,0.42552271,-0.05178745,62.415,46.931,22.147
24882010675,0.81111938,0.39948401,0.42406532,-0.05163838,62.010,46.819,21.883
24902010775,0.81264973,0.39793763,0.42260501,-0.05148894,61.605,46.705,21.619
24922010875,0.81417447,0.39638850,0.42114177,-0.05133916,61.203,46.591,21.358
24942010975,0.81569362,0.39483663,0.41967565,-0.05118902,60.802,46.475,21.098
24962011075,0.81720710,0.39328206,0.41820663,-0.05103852,60.403,46.358,20.840
24982011175,0.81871504,0.39172477,0.41673476,-0.05088768,60.005,46.240,20.584
25002011275,0.82021731,0.39016479,0.41525999,-0.05073648,59.609,46.120,20.329
25022011375,0.82171386,0.38860214,0.41378236,-0.05058494,59.215,46.000,20.077
25042011475,0.82320482,0.38703677,0.41230187,-0.05043305,58.822,45.878,19.826
25062011575,0.82469010,0.38546875,0.41081855,-0.05028081,58.431,45.755,19.576
25082011675,0.82616973,0.38389808,0.40933239,-0.05012822,58.041,45.630,19.329
25102011775,0.82764363,0.38232478,0.40784344,-0.04997529,57.653,45.505,19.083
25122011875,0.82911181,0.38074884,0.40635166,-0.04982201,57.267,45.378,18.839
25162012075,0.83057433,0.37917027,0.40485710,-0.04966839,56.882,45.251,18.597
25182012175,0.83203107,0.37758908,0.40335971,-0.04951443,56.499,45.122,18.356
25202012275,0.83348215,0.37600529,0.40185958,-0.04936013,56.118,44.992,18.118
25222012375,0.83492744,0.37441891,0.40035668,-0.04920549,55.738,44.861,17.881
25242012475,0.83636701,0.37282997,0.39885101,-0.04905051,55.360,44.728,17.646
25262012550,0.83780080,0.37123844,0.39734259,-0.04889519,54.984,44.595,17.412
25282012675,0.83922881,0.36964437,0.39583144,-0.04873953,54.609,44.461,17.181
25302012775,0.84065711,0.36804065,0.39431122,-0.04858333,54.234,44.325,16.950
25322012875,0.84208566,0.36642724,0.39278194,-0.04842658,53.859,44.187,16.720
25342012975,0.84351438,0.36480415,0.39124355,-0.04826928,53.484,44.048,16.490
25362013075,0.84494311,0.36317134,0.38969603,-0.04811142,53.110,43.907,16.262
25382013175,0.84636587,0.36153594,0.38814571,-0.04795322,52.737,43.765,16.035
25402013275,0.84778255,0.35989797,0.38659266,-0.04779468,52.365,43.622,15.810
25422013375,0.84919322,0.35825744,0.38503683,-0.04763579,51.995,43.478,15.587
25442013450,0.85059780,0.35661435,0.38347828,-0.04747657,51.627,43.333,15.366
25462013575,0.85199630,0.35496870,0.38191697,-0.04731701,51.261,43.187,15.146
25482013650,0.85338879,0.35332054,0.38035294,-0.04715712,50.896,43.039,14.929
25502013775,0.85477477,0.35166684,0.37878904,-0.04700370,50.532,42.892,14.712
25522013875,0.85615432,0.35000756,0.37722525,-0.04685678,50.169,42.744,14.496
25542013975,0.85752743,0.34834281,0.37566158,-0.04671636,49.808,42.596,14.282
25562014075,0.85889399,0.34667256,0.37409800,-0.04658246,49.447,42.448,14.068
25582014175,0.86025447,0.34499985,0.37253174,-0.04644824,49.088,42.299,13.856
25602014275,0.86160880,0.34332469,0.37096286,-0.04631368,48.731,42.148,13.646
25622014375,0.86295706,0.34164709,0.36939132,-0.04617880,48.375,41.997,13.437
25642013850,0.86429912,0.33996704,0.36781716,-0.04604358,48.021,41.845,13.231
25752017400,0.86563504,0.33828458,0.36624038,-0.04590804,47.669,41.692,13.026
25802016025,0.86697036,0.33659241,0.36465442,-0.04577194,47.316,41.537,12.822
25822015575,0.86830509,0.33489051,0.36305928,-0.04563529,46.964,41.381,12.619
25842015475,0.86963904,0.33317891,0.36145490,-0.04549808,46.612,41.223,12.416
25862015575,0.87097222,0.33145753,0.35984132,-0.04536032,46.259,41.063,12.215
25882015675,0.87229896,0.32973370,0.35822508,-0.04522222,45.909,40.903,12.015
25902015775,0.87359846,0.32804540,0.35662478,-0.04506379,45.567,40.742,11.824
25922015875,0.87487102,0.32639271,0.35504061,-0.04488501,45.235,40.582,11.640
25942015975,0.87611699,0.32477570,0.35347271,-0.04468589,44.911,40.421,11.463
25962016075,0.87733656,0.32319447,0.35192129,-0.04446638,44.597,40.259,11.294
25982016175,0.87855053,0.32161117,0.35036761,-0.04424660,44.284,40.098,11.127
26002014975,0.87975883,0.32002580,0.34881166,-0.04402652,43.972,39.935,10.961
26022016375,0.88096148,0.31843835,0.34725344,-0.04380617,43.662,39.772,10.796
26042016475,0.88215840,0.31684887,0.34569302,-0.04358553,43.353,39.608,10.634
26062016575,0.88334966,0.31525734,0.34413034,-0.04336461,43.045,39.443,10.472
26082016675,0.88453525,0.31366375,0.34256548,-0.04314341,42.739,39.278,10.313
26102016775,0.88571024,0.31207833,0.34100261,-0.04291510,42.436,39.112,10.156
26122016875,0.88687474,0.31050107,0.33944181,-0.04267967,42.136,38.946,10.003
26142016975,0.88802880,0.30893198,0.33788314,-0.04243712,41.839,38.779,9.853
26162017075,0.88917243,0.30737111,0.33632666,-0.04218744,41.546,38.612,9.705
26182017175,0.89031053,0.30580831,0.33476806,-0.04193749,41.254,38.444,9.560
26202017275,0.89144313,0.30424359,0.33320740,-0.04168729,40.963,38.275,9.416
26222017375,0.89257014,0.30267698,0.33164465,-0.04143682,40.673,38.106,9.273
26242017475,0.89369160,0.30110848,0.33007982,-0.04118609,40.384,37.936,9.131
26262017575,0.89480752,0.29953814,0.32851297,-0.04093511,40.097,37.766,8.991
26282017675,0.89591783,0.29796588,0.32694402,-0.04068387,39.811,37.595,8.853
26302017775,0.89702719,0.29638171,0.32536861,-0.04043931,39.524,37.423,8.714
26322017875,0.89813560,0.29478556,0.32378668,-0.04020143,39.236,37.251,8.575
26342017975,0.89924288,0.29317746,0.32219815,-0.03997023,38.948,37.078,8.436
26362018075,0.90034896,0.29155737,0.32060307,-0.03974573,38.659,36.905,8.296
26382018175,0.90144926,0.28993544,0.31900591,-0.03952098,38.371,36.731,8.158
26432018425,0.90254372,0.28831163,0.31740671,-0.03929597,38.085,36.556,8.021
26452018525,0.90363240,0.28668594,0.31580544,-0.03907070,37.799,36.381,7.886
26472018625,0.90471530,0.28505844,0.31420216,-0.03884519,37.515,36.205,7.752
26492018725,0.90579230,0.28342906,0.31259683,-0.03861942,37.232,36.028,7.620
26512018825,0.90686381,0.28180039,0.31098723,-0.03838617,36.950,35.851,7.490
26532018925,0.90792978,0.28017238,0.30937338,-0.03814542,36.670,35.673,7.362
26552019000,0.90899020,0.27854502,0.30775529,-0.03789718,36.392,35.493,7.236
26572019125,0.91004503,0.27691832,0.30613300,-0.03764143,36.116,35.313,7.113
26592019225,0.91109401,0.27528983,0.30450872,-0.03738543,35.840,35.132,6.990
26612019325,0.91213709,0.27365959,0.30288246,-0.03712920,35.566,34.950,6.870
26632019425,0.91317427,0.27202755,0.30125427,-0.03687272,35.292,34.768,6.750
26652019525,0.91420561,0.27039379,0.29962415,-0.03661601,35.020,34.586,6.632
26672019625,0.91523099,0.26875827,0.29799205,-0.03635906,34.749,34.403,6.515
26692019725,0.91625047,0.26712099,0.29635805,-0.03610187,34.479,34.219,6.400
26712019825,0.91726822,0.26547202,0.29471722,-0.03585154,34.208,34.035,6.284
26732019925,0.91828418,0.26381135,0.29306957,-0.03560806,33.936,33.851,6.168
26752020025,0.91929829,0.26213896,0.29141504,-0.03537146,33.664,33.665,6.052
26772020125,0.92031038,0.26045489,0.28975359,-0.03514174,33.391,33.479,5.936
26792020225,0.92131633,0.25876909,0.28809020,-0.03491177,33.118,33.292,5.820
26812020325,0.92231613,0.25708154,0.28642488,-0.03468158,32.847,33.105,5.707
26832020425,0.92330980,0.25539228,0.28475767,-0.03445115,32.577,32.918,5.594
26852020525,0.92429727,0.25370133,0.28308856,-0.03422050,32.308,32.730,5.483
26872020625,0.92527860,0.25200868,0.28141755,-0.03398961,32.040,32.542,5.373
26892020725,0.92625374,0.25031435,0.27974465,-0.03375850,31.773,32.353,5.264
26912020825,0.92722273,0.24861833,0.27806991,-0.03352717,31.507,32.163,5.157
26932020925,0.92818552,0.24692068,0.27639329,-0.03329561,31.242,31.974,5.051
26952021025,0.92914206,0.24522136,0.27471486,-0.03306382,30.978,31.784,4.946
26972021125,0.93009245,0.24352041,0.27303457,-0.03283182,30.715,31.593,4.843
26992021225,0.93103665,0.24181785,0.27135247,-0.03259960,30.453,31.402,4.740
27012021325,0.93197459,0.24011366,0.26966855,-0.03236715,30.191,31.211,4.639
27062021575,0.93290633,0.23840787,0.26798281,-0.03213450,29.931,31.019,4.539
27082021675,0.93383187,0.23670048,0.26629531,-0.03190163,29.671,30.827,4.440
27102021775,0.93475091,0.23498940,0.26460794,-0.03167601,29.412,30.635,4.342
27122021875,0.93565947,0.23328236,0.26292786,-0.03145788,29.155,30.444,4.244
27142021975,0.93655771,0.23157941,0.26125517,-0.03124726,28.899,30.254,4.147
27162022050,0.93744564,0.22988059,0.25958985,-0.03104416,28.645,30.065,4.051
27182022175,0.93832356,0.22818804,0.25793010,-0.03084109,28.393,29.876,3.957
27202022275,0.93919545,0.22649400,0.25626868,-0.03063782,28.141,29.686,3.864
27222022375,0.94006133,0.22479852,0.25460562,-0.03043435,27.891,29.497,3.771
27242022475,0.94092119,0.22310159,0.25294092,-0.03023069,27.641,29.307,3.680
27262022575,0.94177496,0.22140321,0.25127462,-0.03002684,27.392,29.116,3.590
27282022675,0.94262266,0.21970342,0.24960667,-0.02982279,27.144,28.926,3.502
27302022775,0.94346434,0.21800223,0.24793713,-0.02961855,26.896,28.735,3.414
27322022875,0.94430363,0.21629183,0.24625868,-0.02941388,26.648,28.542,3.327
27342022975,0.94514042,0.21457227,0.24457131,-0.02920878,26.400,28.349,3.240
27362023075,0.94597471,0.21284349,0.24287502,-0.02900325,26.152,28.155,3.154
27382023175,0.94680637,0.21110551,0.24116980,-0.02879728,25.903,27.959,3.069
27402023275,0.94763172,0.20936614,0.23946296,-0.02859113,25.655,27.763,2.985
27422023375,0.94845074,0.20762536,0.23775454,-0.02838478,25.408,27.567,2.902
27442023475,0.94926345,0.20588320,0.23604453,-0.02817824,25.161,27.370,2.820
27462023575,0.95006984,0.20413968,0.23433293,-0.02797152,24.916,27.173,2.740
27482023675,0.95086986,0.20239478,0.23261979,-0.02776461,24.671,26.976,2.660
27502023750,0.95166361,0.20064855,0.23090509,-0.02755751,24.426,26.779,2.582
27522023875,0.95245779,0.19888531,0.22917408,-0.02734975,24.181,26.579,2.503
27542023975,0.95325232,0.19710506,0.22742671,-0.02714131,23.933,26.378,2.425
27562024075,0.95404702,0.19530778,0.22566298,-0.02693220,23.685,26.174,2.347
27582024175,0.95484173,0.19349343,0.22388281,-0.02672242,23.435,25.969,2.270
27602024275,0.95562959,0.19167770,0.22210106,-0.02651244,23.185,25.763,2.194
27622024375,0.95641059,0.18986061,0.22031772,-0.02630228,22.937,25.557,2.118
27642024475,0.95718479,0.18804216,0.21853280,-0.02609193,22.689,25.351,2.044
27662024525,0.95795220,0.18622237,0.21674633,-0.02588139,22.441,25.145,1.971
27702024750,0.95871276,0.18440124,0.21495831,-0.02567067,22.195,24.938,1.899
27722024875,0.95946622,0.18257709,0.21317023,-0.02546742,21.949,24.731,1.828
27742024975,0.96021271,0.18074994,0.21138209,-0.02527166,21.703,24.524,1.756
27762025075,0.96095210,0.17891981,0.20959389,-0.02508339,21.457,24.318,1.685
27782025175,0.96168447,0.17708671,0.20780562,-0.02490262,21.212,24.111,1.614
27802025275,0.96240997,0.17525236,0.20601587,-0.02472167,20.967,23.904,1.543
27822025375,0.96312857,0.17341676,0.20422465,-0.02454054,20.723,23.697,1.474
27842025475,0.96384037,0.17157994,0.20243198,-0.02435924,20.480,23.490,1.406
27862025575,0.96454525,0.16974188,0.20063786,-0.02417777,20.238,23.282,1.339
27882025675,0.96524328,0.16790262,0.19884232,-0.02399612,19.996,23.074,1.274
27902025775,0.96593446,0.16606215,0.19704536,-0.02381431,19.754,22.866,1.209
27922025875,0.96661872,0.16422050,0.19524699,-0.02363232,19.513,22.657,1.145
27942025975,0.96729612,0.16237769,0.19344723,-0.02345016,19.273,22.449,1.082
27962026075,0.96796656,0.16053371,0.19164608,-0.02326784,19.034,22.240,1.021
27982026175,0.96863019,0.15868859,0.18984358,-0.02308535,18.795,22.031,0.960
28002026275,0.96928686,0.15684235,0.18803973,-0.02290270,18.557,21.821,0.900
28022026375,0.96993661,0.15499498,0.18623453,-0.02271989,18.319,21.612,0.842
28042026475,0.97057950,0.15314651,0.18442801,-0.02253691,18.082,21.402,0.784
28062041250,0.97121543,0.15129694,0.18262017,-0.02235377,17.845,21.192,0.728
28082025375,0.97184443,0.14944631,0.18081103,-0.02217047,17.609,20.982,0.672
28102026775,0.97246653,0.14759460,0.17900060,-0.02198702,17.373,20.771,0.617
28122026875,0.97308153,0.14574040,0.17719008,-0.02181117,17.138,20.561,0.563
28142026975,0.97368944,0.14388376,0.17537946,-0.02164295,16.903,20.350,0.509
28162027075,0.97429019,0.14202470,0.17356873,-0.02148235,16.668,20.140,0.454
28182027175,0.97488385,0.14016323,0.17175791,-0.02132939,16.433,19.930,0.400
28202027275,0.97547060,0.13830076,0.16994585,-0.02117627,16.199,19.719,0.347
28222027375,0.97605038,0.13643731,0.16813260,-0.02102300,15.966,19.509,0.294
28242027475,0.97662318,0.13457289,0.16631815,-0.02086958,15.733,19.298,0.243
28262027550,0.97718906,0.13270752,0.16450252,-0.02071601,15.500,19.087,0.192
28282027675,0.97774798,0.13084120,0.16268571,-0.02056230,15.268,18.875,0.143
28302027775,0.97829998,0.12897395,0.16086774,-0.02040843,15.036,18.664,0.095
28342027950,0.97884494,0.12710577,0.15904862,-0.02025443,14.805,18.452,0.047
28362028075,0.97938299,0.12523669,0.15722838,-0.02010028,14.574,18.241,0.001
28492031150,0.97991401,0.12336672,0.15540701,-0.01994598,14.344,18.029,359.955
28512030500,0.98043811,0.12149587,0.15358454,-0.01979155,14.114,17.816,359.910
28532029950,0.98095518,0.11962415,0.15176097,-0.01963697,13.885,17.604,359.867
28552029525,0.98146528,0.11775159,0.14993633,-0.01948225,13.656,17.392,359.824
28572029125,0.98196840,0.11587819,0.14811061,-0.01932740,13.427,17.179,359.782
28592029225,0.98246455,0.11400396,0.14628385,-0.01917240,13.199,16.966,359.741
28612029325,0.98295367,0.11212891,0.14445604,-0.01901728,12.972,16.753,359.701
28632029425,0.98343581,0.11025308,0.14262719,-0.01886201,12.744,16.540,359.662
28652029525,0.98391092,0.10837645,0.14079735,-0.01870661,12.518,16.327,359.624
28672029625,0.98437905,0.10649906,0.13896649,-0.01855108,12.291,16.114,359.587
28692029700,0.98484015,0.10462090,0.13713464,-0.01839541,12.065,15.900,359.551
28712029825,0.98528522,0.10278540,0.13533793,-0.01821732,11.845,15.690,359.519
28732029925,0.98571455,0.10099254,0.13357648,-0.01801678,11.631,15.484,359.492
28752030025,0.98612869,0.09924233,0.13185042,-0.01779381,11.422,15.282,359.470
28772030125,0.98652798,0.09753477,0.13015985,-0.01754839,11.220,15.084,359.452
28792030225,0.98692131,0.09582662,0.12846851,-0.01730286,11.018,14.886,359.435
28812030325,0.98730880,0.09411789,0.12677641,-0.01705723,10.816,14.687,359.418
28832030425,0.98769033,0.09240861,0.12508355,-0.01681150,10.614,14.489,359.403
28852030525,0.98806590,0.09069877,0.12338993,-0.01656566,10.413,14.291,359.388
28872030625,0.98843557,0.08898839,0.12169557,-0.01631973,10.211,14.092,359.374
28892030725,0.98879933,0.08727747,0.12000048,-0.01607370,10.010,13.894,359.360
28912030825,0.98915881,0.08555800,0.11829691,-0.01582731,9.809,13.694,359.347
28932030925,0.98951387,0.08382998,0.11658483,-0.01558057,9.606,13.494,359.335
28982031175,0.98986453,0.08209341,0.11486425,-0.01533347,9.403,13.292,359.323
29002031275,0.99021059,0.08034831,0.11313519,-0.01508600,9.199,13.090,359.312
29022031375,0.99055046,0.07860271,0.11140542,-0.01483845,8.995,12.888,359.302
29042031450,0.99088424,0.07685661,0.10967495,-0.01459081,8.792,12.685,359.292
29062031575,0.99121183,0.07511004,0.10794380,-0.01434307,8.588,12.483,359.283
29082031675,0.99153328,0.07336301,0.10621198,-0.01409524,8.385,12.280,359.275
29102031775,0.99184853,0.07161551,0.10447951,-0.01384733,8.182,12.078,359.267
29122031875,0.99215764,0.06986757,0.10274638,-0.01359933,7.979,11.875,359.261
29142033075,0.99246055,0.06811920,0.10101262,-0.01335125,7.777,11.673,359.255
29162032075,0.99275732,0.06637041,0.09927822,-0.01310308,7.574,11.470,359.249
29182032175,0.99304789,0.06462120,0.09754321,-0.01285483,7.372,11.268,359.245
29202032275,0.99333233,0.06287159,0.09580759,-0.01260650,7.170,11.065,359.241
29222032375,0.99361056,0.06112159,0.09407138,-0.01235810,6.968,10.862,359.238
29242032450,0.99388266,0.05937120,0.09233458,-0.01210961,6.766,10.660,359.236
29262032575,0.99414855,0.05762045,0.09059721,-0.01186105,6.564,10.457,359.234
29282032675,0.99440825,0.05586934,0.08885927,-0.01161242,6.363,10.255,359.233
29302032775,0.99466181,0.05411789,0.08712079,-0.01136371,6.161,10.052,359.233
29322032875,0.99491024,0.05235806,0.08537390,-0.01111468,5.959,9.848,359.234
29342032975,0.99515355,0.05058986,0.08361862,-0.01086530,5.756,9.644,359.235
29362033075,0.99539155,0.04881330,0.08185493,-0.01061560,5.552,9.439,359.237
29382033175,0.99562424,0.04702839,0.08008286,-0.01036556,5.347,9.232,359.239
29402033250,0.99585050,0.04524318,0.07831027,-0.01011545,5.143,9.026,359.242
29422033375,0.99607038,0.04345768,0.07653718,-0.00986528,4.938,8.820,359.246
29442033475,0.99628383,0.04167189,0.07476359,-0.00961505,4.734,8.614,359.251
29462033575,0.99649084,0.03988584,0.07298952,-0.00936475,4.530,8.408,359.256
29482033675,0.99669141,0.03809953,0.07121497,-0.00911440,4.325,8.201,359.262
29502033775,0.99688560,0.03631297,0.06943998,-0.00886398,4.121,7.995,359.269
29522033875,0.99707407,0.03451760,0.06765692,-0.00862121,3.916,7.788,359.276
29542033975,0.99725682,0.03271342,0.06586581,-0.00838608,3.710,7.580,359.282
29562034075,0.99743372,0.03090046,0.06406662,-0.00815861,3.503,7.372,359.288
29582034175,0.99760473,0.02907875,0.06225935,-0.00793878,3.295,7.162,359.294
29622034350,0.99776906,0.02725685,0.06045167,-0.00771890,3.087,6.953,359.301
29642034475,0.99792671,0.02543477,0.05864358,-0.00749896,2.879,6.744,359.309
29662034575,0.99807775,0.02361251,0.05683510,-0.00727898,2.672,6.534,359.317
29682034675,0.99822217,0.02179010,0.05502624,-0.00705895,2.464,6.325,359.326
29702034775,0.99835992,0.01996755,0.05321702,-0.00683887,2.256,6.115,359.336
29722034875,0.99849045,0.01815332,0.05141520,-0.00661103,2.049,5.907,359.347
29742034975,0.99861401,0.01634741,0.04962083,-0.00637544,1.844,5.700,359.360
29762035075,0.99873048,0.01454983,0.04783392,-0.00613210,1.639,5.493,359.375
29782035175,0.99884009,0.01276055,0.04605453,-0.00588100,1.436,5.287,359.392
29802035275,0.99894327,0.01097120,0.04427484,-0.00562987,1.232,5.082,359.409
29822035375,0.99904001,0.00918177,0.04249486,-0.00537869,1.029,4.876,359.427
29842035475,0.99913031,0.00739228,0.04071461,-0.00512749,0.825,4.671,359.446
29862035575,0.99921417,0.00560275,0.03893410,-0.00487625,0.622,4.466,359.465
29882035675,0.99929160,0.00381318,0.03715333,-0.00462498,0.418,4.260,359.485
29902035775,0.99936259,0.00202359,0.03537233,-0.00437367,0.215,4.055,359.506
29922035875,0.99942738,0.00022568,0.03358316,-0.00413006,0.010,3.849,359.527
29942035975,0.99948585,-0.00158052,0.03178582,-0.00389414,-0.196,3.642,359.547
29962036075,0.99953800,-0.00339497,0.02998031,-0.00366592,-0.402,3.435,359.568
29982036175,0.99958366,-0.00521766,0.02816662,-0.00344539,-0.610,3.226,359.588
30002036275,0.99962270,-0.00704032,0.02635274,-0.00322483,-0.817,3.017,359.609
30022036375,0.99965507,-0.00886293,0.02453868,-0.00300426,-1.025,2.809,359.630
30042036475,0.99968076,-0.01068548,0.02272446,-0.00278366,-1.233,2.601,359.653
30062036575,0.99969983,-0.01250795,0.02091009,-0.00256305,-1.440,2.392,359.676
30082036675,0.99971223,-0.01433035,0.01909558,-0.00234242,-1.648,2.184,359.700
30102036775,0.99971795,-0.01615265,0.01728094,-0.00212177,-1.856,1.976,359.725
30122036875,0.99971700,-0.01798299,0.01545809,-0.00190883,-2.065,1.767,359.749
30142036975,0.99970919,-0.01982133,0.01362702,-0.00170360,-2.275,1.557,359.774
30162037075,0.99969459,-0.02166765,0.01178773,-0.00150607,-2.486,1.347,359.798
30182037150,0.99967301,-0.02352191,0.00994020,-0.00131626,-2.698,1.135,359.822
30202037275,0.99964458,-0.02537600,0.00809260,-0.00112643,-2.910,0.924,359.847
30222037375,0.99960923,-0.02722993,0.00624495,-0.00093660,-3.122,0.712,359.873
30262037575,0.99956703,-0.02908366,0.00439726,-0.00074676,-3.334,0.501,359.900
30282037675,0.99951792,-0.03093719,0.00254953,-0.00055692,-3.546,0.290,359.927
30302037750,0.99946195,-0.03279051,0.00070179,-0.00036707,-3.758,0.079,359.955
30322037875,0.99939907,-0.03464360,-0.00114570,-0.00016924,-3.971,-0.132,359.985
30342037975,0.99932933,-0.03649646,-0.00299290,0.00003658,-4.183,-0.343,0.017
30362038050,0.99925268,-0.03834910,-0.00483978,0.00025039,-4.396,-0.553,0.050
30382038175,0.99916911,-0.04020150,-0.00668633,0.00047218,-4.609,-0.763,0.085
30402038275,0.99907869,-0.04205363,-0.00853283,0.00069396,-4.822,-0.974,0.121
30422038375,0.99898136,-0.04390547,-0.01037928,0.00091574,-5.035,-1.184,0.157
30442038475,0.99887711,-0.04575701,-0.01222565,0.00113751,-5.248,-1.394,0.194
30462038575,0.99876601,-0.04760823,-0.01407194,0.00135928,-5.461,-1.603,0.232
30482038675,0.99864805,-0.04945912,-0.01591813,0.00158103,-5.675,-1.813,0.271
30502038775,0.99852318,-0.05130967,-0.01776421,0.00180278,-5.889,-2.022,0.311
30522038875,0.99839139,-0.05315972,-0.01961058,0.00201653,-6.103,-2.232,0.350
30542038975,0.99825281,-0.05500925,-0.02145724,0.00222230,-6.317,-2.441,0.390
30562039075,0.99810731,-0.05685824,-0.02330419,0.00242007,-6.531,-2.651,0.429
30582039175,0.99795496,-0.05870664,-0.02515143,0.00260985,-6.745,-2.860,0.468
30602039275,0.99779576,-0.06055464,-0.02699850,0.00279962,-6.959,-3.069,0.508
30622039375,0.99762970,-0.06240222,-0.02884538,0.00298936,-7.174,-3.278,0.549
30642039475,0.99745673,-0.06424937,-0.03069207,0.00317908,-7.389,-3.487,0.590
30662039575,0.99727690,-0.06609608,-0.03253854,0.00336879,-7.604,-3.696,0.633
30682039675,0.99709022,-0.06794234,-0.03438479,0.00355846,-7.819,-3.904,0.676
30702039775,0.99689662,-0.06978813,-0.03623081,0.00374812,-8.035,-4.112,0.720
30722039875,0.99669617,-0.07163343,-0.03807657,0.00393775,-8.250,-4.321,0.764
30742039975,0.99648893,-0.07347824,-0.03992207,0.00412735,-8.466,-4.529,0.810
30762040075,0.99627477,-0.07532255,-0.04176730,0.00431692,-8.683,-4.736,0.856
30782040175,0.99605370,-0.07716633,-0.04361223,0.00450646,-8.899,-4.944,0.903
30802040275,0.99582583,-0.07900959,-0.04545688,0.00469597,-9.116,-5.152,0.951
30822040375,0.99559110,-0.08085231,-0.04730120,0.00488545,-9.332,-5.359,1.000
30842040475,0.99534953,-0.08269446,-0.04914520,0.00507490,-9.550,-5.566,1.050
30862040575,0.99510103,-0.08453605,-0.05098886,0.00526431,-9.767,-5.773,1.100
30912040825,0.99484575,-0.08637705,-0.05283217,0.00545369,-9.985,-5.980,1.151
30932040925,0.99458241,-0.08822536,-0.05468310,0.00564329,-10.203,-6.187,1.203
30952041025,0.99431103,-0.09008095,-0.05654165,0.00583312,-10.423,-6.395,1.256
30972041125,0.99403149,-0.09194382,-0.05840779,0.00602318,-10.645,-6.604,1.310
30992041225,0.99374366,-0.09381391,-0.06028150,0.00621347,-10.867,-6.814,1.365
31012041325,0.99344879,-0.09568334,-0.06215479,0.00640371,-11.090,-7.023,1.421
31032041425,0.99314678,-0.09755210,-0.06402763,0.00659391,-11.313,-7.232,1.478
31052041500,0.99283773,-0.09942015,-0.06590002,0.00678406,-11.537,-7.441,1.536
31072041625,0.99252164,-0.10128750,-0.06777193,0.00697416,-11.760,-7.650,1.594
31092041725,0.99219841,-0.10315412,-0.06964336,0.00716421,-11.984,-7.858,1.654
31212044875,0.99186814,-0.10502001,-0.07151430,0.00735421,-12.209,-8.066,1.714
31232044125,0.99152935,-0.10689302,-0.07339271,0.00754442,-12.435,-8.275,1.775
31252043675,0.99118197,-0.10877311,-0.07527857,0.00773485,-12.662,-8.485,1.837
31272043150,0.99082589,-0.11066027,-0.07717186,0.00792549,-12.890,-8.695,1.901
31292042725,0.99046105,-0.11255447,-0.07907257,0.00811634,-13.119,-8.906,1.965
31312042800,0.99008894,-0.11444784,-0.08097269,0.00830713,-13.349,-9.116,2.030
31332042925,0.98971260,-0.11632533,-0.08285536,0.00850523,-13.578,-9.325,2.097
31352043025,0.98933232,-0.11818697,-0.08472055,0.00871065,-13.805,-9.531,2.165
31372043125,0.98894817,-0.12003279,-0.08656824,0.00892337,-14.031,-9.734,2.235
31392043225,0.98856038,-0.12186280,-0.08839843,0.00914340,-14.256,-9.936,2.305
31412043325,0.98816574,-0.12369196,-0.09022801,0.00936336,-14.480,-10.137,2.377
31432043400,0.98776430,-0.12552027,-0.09205697,0.00958326,-14.706,-10.338,2.449
31452043525,0.98735607,-0.12734772,-0.09388530,0.00980309,-14.931,-10.539,2.523
31472043625,0.98694104,-0.12917429,-0.09571297,0.01002286,-15.157,-10.739,2.597
31492043725,0.98651916,-0.13099997,-0.09753998,0.01024256,-15.384,-10.939,2.672
31512043825,0.98609048,-0.13282475,-0.09936633,0.01046219,-15.611,-11.139,2.747
31552044025,0.98566246,-0.13461824,-0.10115908,0.01068855,-15.835,-11.335,2.824
31572044125,0.98523545,-0.13638049,-0.10291826,0.01092165,-16.055,-11.526,2.901
31592044225,0.98480976,-0.13811158,-0.10464387,0.01116148,-16.272,-11.714,2.979
31612044325,0.98438573,-0.13981153,-0.10633589,0.01140805,-16.486,-11.897,3.058
31632044425,0.98395580,-0.14151065,-0.10802729,0.01165455,-16.700,-12.081,3.137
31652044500,0.98351997,-0.14320891,-0.10971803,0.01190097,-16.915,-12.264,3.217
31672044625,0.98307824,-0.14490633,-0.11140811,0.01214733,-17.130,-12.446,3.298
31692044725,0.98263061,-0.14660287,-0.11309754,0.01239361,-17.345,-12.629,3.379
31712044825,0.98217714,-0.14829853,-0.11478628,0.01263982,-17.561,-12.811,3.461
31732044925,0.98171765,-0.14999421,-0.11647315,0.01289380,-17.778,-12.992,3.545
31752045025,0.98125213,-0.15168993,-0.11815812,0.01315555,-17.995,-13.173,3.631
31772045125,0.98078066,-0.15338568,-0.11984118,0.01342506,-18.213,-13.353,3.718
31792045225,0.98030317,-0.15508147,-0.12152229,0.01370232,-18.431,-13.533,3.807
31812045325,0.97981983,-0.15677634,-0.12320266,0.01397950,-18.650,-13.712,3.897
31832045425,0.97933054,-0.15847024,-0.12488230,0.01425659,-18.869,-13.891,3.987
31852045525,0.97883540,-0.16016322,-0.12656118,0.01453361,-19.089,-14.070,4.079
31872045625,0.97833443,-0.16185522,-0.12823930,0.01481053,-19.309,-14.248,4.171
31892045725,0.97782749,-0.16354625,-0.12991667,0.01508736,-19.530,-14.426,4.264
31912045825,0.97731477,-0.16523631,-0.13159324,0.01536411,-19.751,-14.604,4.357
31932045925,0.97679383,-0.16693199,-0.13327827,0.01563322,-19.974,-14.783,4.451
31952046025,0.97626472,-0.16863327,-0.13497177,0.01589470,-20.197,-14.962,4.545
31972046075,0.97572732,-0.17034012,-0.13667369,0.01614855,-20.422,-15.142,4.639
31992046200,0.97518152,-0.17205249,-0.13838406,0.01639478,-20.649,-15.323,4.734
32012046325,0.97462970,-0.17376378,-0.14009356,0.01664090,-20.876,-15.503,4.829
32032046425,0.97407180,-0.17547399,-0.14180221,0.01688692,-21.103,-15.684,4.925
32052046525,0.97350782,-0.17718312,-0.14350997,0.01713284,-21.331,-15.863,5.023
32072047575,0.97293782,-0.17889115,-0.14521684,0.01737865,-21.559,-16.043,5.120
32092046725,0.97236174,-0.18059807,-0.14692280,0.01762435,-21.788,-16.222,5.219
32112046825,0.97177970,-0.18230385,-0.14862785,0.01786994,-22.017,-16.401,5.319
32132046925,0.97118884,-0.18401612,-0.15033987,0.01811569,-22.248,-16.580,5.419
32152047025,0.97058928,-0.18573485,-0.15205885,0.01836159,-22.481,-16.759,5.521
32192047225,0.96998078,-0.18746001,-0.15378478,0.01860765,-22.715,-16.939,5.624
32212047325,0.96936339,-0.18919156,-0.15551761,0.01885385,-22.950,-17.120,5.729
32232047425,0.96873969,-0.19092190,-0.15724944,0.01909994,-23.187,-17.300,5.834
32252047525,0.96810979,-0.19265100,-0.15898027,0.01934590,-23.423,-17.480,5.940
32272047625,0.96747369,-0.19437887,-0.16071005,0.01959173,-23.661,-17.659,6.047
32292047725,0.96683127,-0.19610548,-0.16243881,0.01983744,-23.899,-17.838,6.155
32312047825,0.96618271,-0.19783083,-0.16416653,0.02008303,-24.137,-18.016,6.264
32332047925,0.96552509,-0.19956115,-0.16590263,0.02032103,-24.377,-18.195,6.373
32352048025,0.96485847,-0.20129639,-0.16764712,0.02055145,-24.619,-18.375,6.483
32372048125,0.96418267,-0.20303650,-0.16940001,0.02077430,-24.861,-18.556,6.593
32392048225,0.96349770,-0.20478146,-0.17116125,0.02098958,-25.105,-18.737,6.704
32412048325,0.96280628,-0.20652506,-0.17292136,0.02120471,-25.350,-18.918,6.815
32432048425,0.96210849,-0.20826727,-0.17468031,0.02141971,-25.596,-19.099,6.928
32452048525,0.96140426,-0.21000810,-0.17643809,0.02163456,-25.842,-19.279,7.041
32472048625,0.96069360,-0.21174753,-0.17819470,0.02184927,-26.088,-19.459,7.155
32492048725,0.95997661,-0.21348555,-0.17995013,0.02206383,-26.335,-19.638,7.271
32512048825,0.95925319,-0.21522215,-0.18170436,0.02227824,-26.583,-19.817,7.387
32532048925,0.95852333,-0.21695732,-0.18345737,0.02249251,-26.832,-19.995,7.504
32552049025,0.95778716,-0.21869104,-0.18520917,0.02270663,-27.081,-20.173,7.622
32572049125,0.95704454,-0.22042330,-0.18695973,0.02292059,-27.331,-20.350,7.741
32592049225,0.95629561,-0.22215410,-0.18870904,0.02313441,-27.582,-20.527,7.861
32612049325,0.95554024,-0.22388341,-0.19045709,0.02334807,-27.833,-20.703,7.982
32632049425,0.95477855,-0.22561122,-0.19220388,0.02356157,-28.085,-20.879,8.104
32652049525,0.95401049,-0.22733754,-0.19394939,0.02377492,-28.338,-21.054,8.227
32672049625,0.95323610,-0.22906235,-0.19569361,0.02398810,-28.592,-21.229,8.351
32692049700,0.95245534,-0.23078562,-0.19743651,0.02420113,-28.846,-21.403,8.476
32712049825,0.95166820,-0.23250736,-0.19917811,0.02441400,-29.101,-21.577,8.602
32732049925,0.95087475,-0.23422755,-0.20091838,0.02462670,-29.356,-21.750,8.729
32752050025,0.95007497,-0.23594618,-0.20265731,0.02483924,-29.613,-21.923,8.857
32772050125,0.94926882,-0.23766324,-0.20439489,0.02505162,-29.870,-22.095,8.986
32792050225,0.94845641,-0.23937872,-0.20613112,0.02526383,-30.127,-22.267,9.115
32832050425,0.94763762,-0.24109259,-0.20786595,0.02547587,-30.386,-22.438,9.246
32852050525,0.94681257,-0.24280487,-0.20959942,0.02568774,-30.645,-22.608,9.378
32872050625,0.94598114,-0.24451552,-0.21133149,0.02589943,-30.905,-22.778,9.511
32892050700,0.94514346,-0.24622455,-0.21306214,0.02611096,-31.166,-22.948,9.645
32912050825,0.94429952,-0.24793194,-0.21479137,0.02632231,-31.427,-23.117,9.780
32932050925,0.94344944,-0.24963596,-0.21652116,0.02652594,-31.689,-23.285,9.915
32952051025,0.94259334,-0.25133657,-0.21825150,0.02672186,-31.952,-23.454,10.050
32972051125,0.94173110,-0.25303379,-0.21998240,0.02691007,-32.214,-23.623,10.185
32992051225,0.94086289,-0.25472757,-0.22171386,0.02709058,-32.478,-23.791,10.321
33012051325,0.93998837,-0.25641963,-0.22344382,0.02727090,-32.742,-23.959,10.457
33032051425,0.93910760,-0.25810999,-0.22517233,0.02745105,-33.006,-24.126,10.595
33052051525,0.93822062,-0.25979865,-0.22689931,0.02763101,-33.272,-24.293,10.733
33072051625,0.93732733,-0.26148558,-0.22862479,0.02781079,-33.538,-24.459,10.873
33092051725,0.93642789,-0.26317075,-0.23034875,0.02799038,-33.806,-24.625,11.013
33112051825,0.93552214,-0.26485419,-0.23207119,0.02816978,-34.073,-24.790,11.155
33132051925,0.93461019,-0.26653585,-0.23379207,0.02834900,-34.342,-24.954,11.298
33152052700,0.93369204,-0.26821575,-0.23551139,0.02852803,-34.612,-25.118,11.442
33172052125,0.93276769,-0.26989385,-0.23722917,0.02870687,-34.882,-25.281,11.586
33192052200,0.93183708,-0.27157018,-0.23894535,0.02888552,-35.153,-25.444,11.732
33212052325,0.93090034,-0.27324468,-0.24065994,0.02906398,-35.426,-25.606,11.879
33232052425,0.92995733,-0.27491739,-0.24237293,0.02924224,-35.698,-25.767,12.027
33252052500,0.92900819,-0.27658823,-0.24408431,0.02942031,-35.972,-25.928,12.176
33272052575,0.92805284,-0.27825728,-0.24579407,0.02959819,-36.247,-26.088,12.326
33292052725,0.92709136,-0.27992442,-0.24750219,0.02977586,-36.522,-26.247,12.477
33312052825,0.92612368,-0.28158975,-0.24920867,0.02995334,-36.798,-26.406,12.629
33332052925,0.92514557,-0.28326035,-0.25092113,0.03013088,-37.077,-26.565,12.783
33352053025,0.92415696,-0.28493616,-0.25263950,0.03030847,-37.357,-26.723,12.939
33372053100,0.92315775,-0.28661719,-0.25436381,0.03048611,-37.639,-26.882,13.096
33392053225,0.92214793,-0.28830341,-0.25609398,0.03066381,-37.924,-27.041,13.255
33412053275,0.92113173,-0.28998759,-0.25782239,0.03084129,-38.209,-27.199,13.415
33432053425,0.92010915,-0.29166982,-0.25954902,0.03101856,-38.495,-27.357,13.576
33472053600,0.91908026,-0.29335001,-0.26127386,0.03119561,-38.783,-27.514,13.739
33492053725,0.91804504,-0.29502821,-0.26299691,0.03137245,-39.071,-27.670,13.902
33512053825,0.91700351,-0.29670435,-0.26471815,0.03154908,-39.360,-27.825,14.067
33532053925,0.91595566,-0.29837847,-0.26643756,0.03172548,-39.650,-27.980,14.232
33552054025,0.91490149,-0.30005053,-0.26815513,0.03190167,-39.941,-28.133,14.399
33572054125,0.91384107,-0.30172053,-0.26987085,0.03207764,-40.232,-28.287,14.567
33592054225,0.91277432,-0.30338842,-0.27158472,0.03225339,-40.525,-28.439,14.736
33612054325,0.91170126,-0.30505425,-0.27329671,0.03242892,-40.819,-28.590,14.906
33632054400,0.91062194,-0.30671796,-0.27500683,0.03260422,-41.113,-28.741,15.078
33652054525,0.90953630,-0.30837956,-0.27671507,0.03277929,-41.409,-28.891,15.250
33672054625,0.90844446,-0.31003904,-0.27842137,0.03295415,-41.705,-29.040,15.424
33692054725,0.90734637,-0.31169641,-0.28012577,0.03312877,-42.003,-29.189,15.598
33712054825,0.90624195,-0.31335160,-0.28182822,0.03330317,-42.301,-29.337,15.774
33732054925,0.90512687,-0.31500936,-0.28353876,0.03347034,-42.601,-29.485,15.951
33752055025,0.90400088,-0.31666961,-0.28525734,0.03363031,-42.903,-29.633,16.129
33772055075,0.90286404,-0.31833231,-0.28698391,0.03378307,-43.207,-29.782,16.308
33892058250,0.90171623,-0.31999740,-0.28871849,0.03392862,-43.513,-29.932,16.488
33912057500,0.90056199,-0.32166022,-0.29045102,0.03407393,-43.820,-30.081,16.670
33932057075,0.89940107,-0.32332307,-0.29217890,0.03422619,-44.128,-30.228,16.853
33952056525,0.89823347,-0.32498595,-0.29390210,0.03438540,-44.438,-30.374,17.039
33972056125,0.89705914,-0.32664889,-0.29562062,0.03455153,-44.749,-30.518,17.226
33992056225,0.89587820,-0.32831183,-0.29733443,0.03472459,-45.061,-30.660,17.415
34012056325,0.89469087,-0.32997245,-0.29904613,0.03489741,-45.374,-30.802,17.606
34032056425,0.89349717,-0.33163068,-0.30075568,0.03506997,-45.689,-30.943,17.797
34052056525,0.89229709,-0.33328658,-0.30246311,0.03524228,-46.004,-31.083,17.990
34072056625,0.89109063,-0.33494011,-0.30416837,0.03541434,-46.321,-31.222,18.184
34112056825,0.88987786,-0.33659124,-0.30587146,0.03558615,-46.638,-31.360,18.379
34132056925,0.88868397,-0.33821079,-0.30753005,0.03577070,-46.951,-31.493,18.573
34152057025,0.88750935,-0.33979890,-0.30914426,0.03596799,-47.258,-31.621,18.766
34172057125,0.88635439,-0.34135577,-0.31071419,0.03617801,-47.561,-31.743,18.957
34192057200,0.88521945,-0.34288153,-0.31223989,0.03640074,-47.859,-31.860,19.146
34212057325,0.88407922,-0.34440526,-0.31376371,0.03662325,-48.157,-31.976,19.337
34232057425,0.88293374,-0.34592691,-0.31528565,0.03684555,-48.456,-32.091,19.528
34252057525,0.88178289,-0.34744650,-0.31680572,0.03706763,-48.757,-32.205,19.721
34272057625,0.88062680,-0.34896401,-0.31832388,0.03728948,-49.058,-32.318,19.914
34292057725,0.87946540,-0.35047939,-0.31984013,0.03751111,-49.359,-32.431,20.108
34312057825,0.87829876,-0.35199270,-0.32135448,0.03773251,-49.662,-32.543,20.303
34332057925,0.87712145,-0.35351062,-0.32287419,0.03795394,-49.967,-32.654,20.500
34352058025,0.87593335,-0.35503307,-0.32439926,0.03817537,-50.274,-32.765,20.699
34372058125,0.87473452,-0.35656005,-0.32592964,0.03839682,-50.583,-32.876,20.900
34392058225,0.87352479,-0.35809150,-0.32746530,0.03861827,-50.894,-32.986,21.102
34412058325,0.87230968,-0.35962072,-0.32899892,0.03883949,-51.207,-33.096,21.305
34432058425,0.87108910,-0.36114773,-0.33053049,0.03906046,-51.520,-33.205,21.510
34452058525,0.86986309,-0.36267248,-0.33206004,0.03928119,-51.834,-33.312,21.715
34472058625,0.86863172,-0.36419496,-0.33358750,0.03950167,-52.149,-33.419,21.921
34492058700,0.86739492,-0.36571518,-0.33511287,0.03972191,-52.464,-33.525,22.128
34512058825,0.86615270,-0.36723313,-0.33663619,0.03994191,-52.781,-33.630,22.336
34532058925,0.86490518,-0.36874881,-0.33815739,0.04016165,-53.098,-33.733,22.546
34552059025,0.86365223,-0.37026221,-0.33967650,0.04038115,-53.416,-33.836,22.756
34572059125,0.86239392,-0.37177327,-0.34119350,0.04060039,-53.736,-33.938,22.967
34592059225,0.86113024,-0.37328205,-0.34270838,0.04081938,-54.055,-34.039,23.178
34612058025,0.85986120,-0.37478849,-0.34422114,0.04103812,-54.376,-34.139,23.391
34632059425,0.85858685,-0.37629262,-0.34573174,0.04125661,-54.698,-34.238,23.605
34652059525,0.85730714,-0.37779438,-0.34724021,0.04147483,-55.020,-34.336,23.820
34672059625,0.85602206,-0.37929380,-0.34874651,0.04169280,-55.343,-34.433,24.035
34692059725,0.85473174,-0.38079089,-0.35025063,0.04191051,-55.667,-34.529,24.252
34712059825,0.85343605,-0.38228559,-0.35175258,0.04212796,-55.992,-34.624,24.469
34752060025,0.85213506,-0.38377792,-0.35325235,0.04234515,-56.318,-34.718,24.687
34772060125,0.85082877,-0.38526785,-0.35474995,0.04256207,-56.644,-34.811,24.907
34792060225,0.84951723,-0.38675541,-0.35624531,0.04277873,-56.971,-34.903,25.127
34812060325,0.84820038,-0.38824055,-0.35773847,0.04299513,-57.299,-34.993,25.348
34832060425,0.84687829,-0.38972327,-0.35922939,0.04321125,-57.628,-35.083,25.569
34852060525,0.84555089,-0.39120358,-0.36071807,0.04342711,-57.957,-35.172,25.792
34872060625,0.84421825,-0.39268148,-0.36220455,0.04364270,-58.288,-35.260,26.016
34892060725,0.84288037,-0.39415690,-0.36368874,0.04385801,-58.619,-35.346,26.240
34912060825,0.84153724,-0.39562988,-0.36517069,0.04407306,-58.951,-35.432,26.465
34932060925,0.84018278,-0.39710677,-0.36665744,0.04428807,-59.285,-35.517,26.692
34952061025,0.83881694,-0.39858752,-0.36814892,0.04450304,-59.621,-35.601,26.921
34972061125,0.83743960,-0.40007207,-0.36964512,0.04471798,-59.960,-35.685,27.152
34992061225,0.83605081,-0.40156040,-0.37114602,0.04493287,-60.301,-35.768,27.385
35012061325,0.83465654,-0.40304613,-0.37264451,0.04514747,-60.642,-35.850,27.618
35032061425,0.83325696,-0.40452927,-0.37414062,0.04536179,-60.985,-35.931,27.852
35052061525,0.83185202,-0.40600979,-0.37563431,0.04557581,-61.328,-36.011,28.087
35072061625,0.83044165,-0.40748772,-0.37712556,0.04578954,-61.672,-36.089,28.323
35092061725,0.82902598,-0.40896302,-0.37861440,0.04600297,-62.017,-36.167,28.560
35112061825,0.82760501,-0.41043568,-0.38010079,0.04621610,-62.362,-36.243,28.797
35132061900,0.82617861,-0.41190568,-0.38158473,0.04642894,-62.708,-36.318,29.036
35152062000,0.82474697,-0.41337305,-0.38306624,0.04664148,-63.055,-36.392,29.275
35172062125,0.82330996,-0.41483775,-0.38454527,0.04685371,-63.402,-36.465,29.515
35192062225,0.82186770,-0.41629976,-0.38602179,0.04706565,-63.751,-36.536,29.755
35212062325,0.82042009,-0.41775909,-0.38749585,0.04727728,-64.099,-36.607,29.997
35232062375,0.81896722,-0.41921574,-0.38896742,0.04748861,-64.449,-36.676,30.239
35252062525,0.81750911,-0.42066970,-0.39043647,0.04769963,-64.799,-36.744,30.482
35272062625,0.81604570,-0.42212093,-0.39190301,0.04791035,-65.150,-36.811,30.725
35292062725,0.81457698,-0.42356947,-0.39336702,0.04812076,-65.502,-36.876,30.970
35312062825,0.81310308,-0.42501524,-0.39482850,0.04833085,-65.854,-36.941,31.215
35332062925,0.81162429,-0.42645514,-0.39629084,0.04853414,-66.207,-37.005,31.460
35352063025,0.81014073,-0.42788914,-0.39775404,0.04873063,-66.560,-37.069,31.706
35392063225,0.80865228,-0.42931718,-0.39921808,0.04892034,-66.913,-37.132,31.951
35412063325,0.80715901,-0.43073928,-0.40068299,0.04910327,-67.267,-37.195,32.197
35432063425,0.80566061,-0.43215862,-0.40214533,0.04928588,-67.621,-37.257,32.444
35452063525,0.80415696,-0.43357515,-0.40360507,0.04946818,-67.976,-37.317,32.691
35472063625,0.80264819,-0.43498892,-0.40506223,0.04965016,-68.331,-37.377,32.939
35492063725,0.80113423,-0.43639991,-0.40651676,0.04983182,-68.688,-37.435,33.188
35512063800,0.79961514,-0.43780807,-0.40796870,0.05001315,-69.044,-37.491,33.437
35532063925,0.79808408,-0.43921939,-0.40942478,0.05019441,-69.403,-37.547,33.688
35552064025,0.79654109,-0.44063380,-0.41088498,0.05037557,-69.764,-37.602,33.941
35572064125,0.79498601,-0.44205129,-0.41234922,0.05055664,-70.127,-37.657,34.195
35592064225,0.79341888,-0.44347182,-0.41381750,0.05073762,-70.493,-37.710,34.452
35612064325,0.79184645,-0.44488937,-0.41528302,0.05091825,-70.859,-37.761,34.708
35632064425,0.79026872,-0.44630396,-0.41674578,0.05109854,-71.225,-37.812,34.966
35652064525,0.78868574,-0.44771558,-0.41820574,0.05127850,-71.592,-37.861,35.224
35672064600,0.78709751,-0.44912422,-0.41966292,0.05145811,-71.960,-37.909,35.482
35692064725,0.78550404,-0.45052987,-0.42111734,0.05163739,-72.327,-37.956,35.741
35712064825,0.78390533,-0.45193252,-0.42256892,0.05181631,-72.696,-38.001,36.001
35732064925,0.78230184,-0.45332876,-0.42402130,0.05198863,-73.065,-38.046,36.260
35752065025,0.78069353,-0.45471862,-0.42547449,0.05215435,-73.434,-38.090,36.520
35772065100,0.77908045,-0.45610204,-0.42692846,0.05231349,-73.803,-38.134,36.780
35792065225,0.77746254,-0.45747903,-0.42838326,0.05246605,-74.173,-38.177,37.041
35812065325,0.77583951,-0.45885295,-0.42983520,0.05261827,-74.543,-38.220,37.302
35832065425,0.77421135,-0.46022385,-0.43128428,0.05277013,-74.913,-38.261,37.563
35852065525,0.77257800,-0.46159166,-0.43273050,0.05292165,-75.284,-38.300,37.825
35872065600,0.77093953,-0.46295640,-0.43417382,0.05307281,-75.655,-38.338,38.087
35892065700,0.76929593,-0.46431807,-0.43561426,0.05322362,-76.027,-38.375,38.350
35912065800,0.76764721,-0.46567667,-0.43705180,0.05337407,-76.399,-38.411,38.613
35932065925,0.76599336,-0.46703213,-0.43848643,0.05352417,-76.772,-38.445,38.876
35952066025,0.76432717,-0.46839020,-0.43992469,0.05367414,-77.146,-38.478,39.141
35972066125,0.76264852,-0.46975076,-0.44136649,0.05382398,-77.523,-38.510,39.408
36022066375,0.76095748,-0.47111380,-0.44281185,0.05397367,-77.901,-38.540,39.676
36042066475,0.75925392,-0.47247925,-0.44426066,0.05412323,-78.282,-38.570,39.946
36062081250,0.75754505,-0.47384146,-0.44570643,0.05427241,-78.663,-38.598,40.216
36082065375,0.75583106,-0.47520041,-0.44714910,0.05442121,-79.044,-38.625,40.486
36102066775,0.75411183,-0.47655609,-0.44858873,0.05456964,-79.425,-38.650,40.757
36122066850,0.75238734,-0.47790846,-0.45002523,0.05471770,-79.807,-38.674,41.028
36142066975,0.75065774,-0.47925755,-0.45145866,0.05486538,-80.189,-38.696,41.299
36162067075,0.74892294,-0.48060337,-0.45288897,0.05501268,-80.571,-38.717,41.570
36182067175,0.74718302,-0.48194584,-0.45431614,0.05515960,-80.953,-38.737,41.842
36202067275,0.74543792,-0.48328501,-0.45574021,0.05530614,-81.336,-38.755,42.114
36222067375,0.74368769,-0.48462084,-0.45716113,0.05545230,-81.719,-38.772,42.386
36242067475,0.74193233,-0.48595333,-0.45857891,0.05559808,-82.102,-38.787,42.659
36262067575,0.74017191,-0.48728248,-0.45999351,0.05574347,-82.485,-38.801,42.931
36282067675,0.73840630,-0.48860827,-0.46140495,0.05588849,-82.868,-38.814,43.204
36302067775,0.73663568,-0.48993069,-0.46281323,0.05603311,-83.252,-38.825,43.477
36322067875,0.73485994,-0.49124974,-0.46421829,0.05617735,-83.635,-38.835,43.750
36342067975,0.73307151,-0.49257082,-0.46562648,0.05632142,-84.021,-38.843,44.024
36362068075,0.73127031,-0.49389386,-0.46703774,0.05646531,-84.408,-38.850,44.300
36382068175,0.72945631,-0.49521884,-0.46845198,0.05660902,-84.797,-38.856,44.577
36402068275,0.72762936,-0.49654564,-0.46986920,0.05675254,-85.187,-38.860,44.855
36422068350,0.72579730,-0.49786893,-0.47128305,0.05689565,-85.578,-38.863,45.133
36442068475,0.72396004,-0.49918866,-0.47269356,0.05703836,-85.968,-38.864,45.411
36462068575,0.72211760,-0.50050485,-0.47410068,0.05718067,-86.359,-38.864,45.689
36482068675,0.72027004,-0.50181746,-0.47550443,0.05732256,-86.750,-38.862,45.967
36502068775,0.71841729,-0.50312650,-0.47690481,0.05746405,-87.140,-38.859,46.245
36522068575,0.71655947,-0.50443196,-0.47830176,0.05760513,-87.531,-38.855,46.523
36662071250,0.71469700,-0.50572997,-0.47969934,0.05774006,-87.921,-38.850,46.801
36682070700,0.71282989,-0.50702059,-0.48109755,0.05786888,-88.311,-38.844,47.079
36702070250,0.71095818,-0.50830370,-0.48249638,0.05799159,-88.702,-38.838,47.357
36722069875,0.70908189,-0.50957936,-0.48389584,0.05810821,-89.092,-38.831,47.634
36742069975,0.70722347,-0.51084358,-0.48526537,0.05823514,-89.477,-38.821,47.908
36762070075,0.70538312,-0.51209652,-0.48660508,0.05837237,-89.857,-38.807,48.179
36782070175,0.70356107,-0.51333827,-0.48791501,0.05851986,-90.232,-38.791,48.445
36802070275,0.70175755,-0.51456898,-0.48919532,0.05867760,-90.602,-38.771,48.708
36822070375,0.69994944,-0.51579642,-0.49047247,0.05883496,-90.971,-38.750,48.971
36842070475,0.69813693,-0.51702052,-0.49174646,0.05899194,-91.340,-38.727,49.233
36862070575,0.69631982,-0.51824135,-0.49301729,0.05914854,-91.709,-38.703,49.496
36882070675,0.69449830,-0.51945877,-0.49428496,0.05930476,-92.078,-38.678,49.757
36902070775,0.69267231,-0.52067292,-0.49554944,0.05946060,-92.447,-38.652,50.019
36922070875,0.69084185,-0.52188367,-0.49681073,0.05961606,-92.815,-38.624,50.280
36942070975,0.68901414,-0.52309400,-0.49805450,0.05978197,-93.181,-38.593,50.540
36962071075,0.68718928,-0.52430391,-0.49928078,0.05995831,-93.545,-38.560,50.798
36982071175,0.68536729,-0.52551353,-0.50048953,0.06014505,-93.907,-38.523,51.054
37002071275,0.68354827,-0.52672285,-0.50168085,0.06034217,-94.267,-38.483,51.308
37022071375,0.68172497,-0.52792883,-0.50286901,0.06053892,-94.626,-38.442,51.562
37042071475,0.67989743,-0.52913159,-0.50405407,0.06073529,-94.985,-38.399,51.816
37062071575,0.67806566,-0.53033102,-0.50523597,0.06093128,-95.344,-38.355,52.068
37082071675,0.67622966,-0.53152716,-0.50641471,0.06112690,-95.702,-38.311,52.321
37102071775,0.67438942,-0.53271997,-0.50759029,0.06132213,-96.059,-38.264,52.573
37122071875,0.67254502,-0.53390950,-0.50876272,0.06151697,-96.416,-38.217,52.824
37142071975,0.67068809,-0.53510052,-0.50993782,0.06171164,-96.774,-38.168,53.076
37162072075,0.66881853,-0.53629309,-0.51111555,0.06190611,-97.134,-38.118,53.329
37182072150,0.66693640,-0.53748703,-0.51229590,0.06210040,-97.494,-38.067,53.582
37202072275,0.66504151,-0.53868240,-0.51347876,0.06229448,-97.855,-38.014,53.836
37222072350,0.66314238,-0.53987426,-0.51465827,0.06248817,-98.216,-37.960,54.089
37242072475,0.66123897,-0.54106265,-0.51583451,0.06268145,-98.576,-37.905,54.341
37262072550,0.65933132,-0.54224753,-0.51700741,0.06287432,-98.936,-37.848,54.593
37302072775,0.65741938,-0.54342890,-0.51817697,0.06306680,-99.295,-37.790,54.844
37322072875,0.65550315,-0.54460680,-0.51934320,0.06325886,-99.654,-37.731,55.095
37342072975,0.65359128,-0.54577643,-0.52050030,0.06345031,-100.010,-37.671,55.344
37362073075,0.65168375,-0.54693788,-0.52164841,0.06364116,-100.364,-37.610,55.590
37382073175,0.64978063,-0.54809123,-0.52278745,0.06383140,-100.716,-37.548,55.836
37402073275,0.64788198,-0.54923642,-0.52391756,0.06402104,-101.065,-37.485,56.079
37422073375,0.64597934,-0.55037814,-0.52504438,0.06421029,-101.414,-37.420,56.321
37442073475,0.64407265,-0.55151653,-0.52616793,0.06439913,-101.763,-37.355,56.563
37462073575,0.64216197,-0.55265141,-0.52728826,0.06458757,-102.110,-37.288,56.804
37482073675,0.64024723,-0.55378288,-0.52840525,0.06477562,-102.457,-37.220,57.045
37502073775,0.63832855,-0.55491090,-0.52951896,0.06496325,-102.804,-37.151,57.284
37522073875,0.63640589,-0.55603546,-0.53062940,0.06515048,-103.149,-37.081,57.523
37542073975,0.63447106,-0.55715686,-0.53174651,0.06533243,-103.496,-37.010,57.763
37562074075,0.63252407,-0.55827504,-0.53287035,0.06550910,-103.844,-36.939,58.003
37582074175,0.63056487,-0.55938995,-0.53400081,0.06568049,-104.192,-36.867,58.244
37602074250,0.62859344,-0.56050152,-0.53513789,0.06584663,-104.542,-36.795,58.485
37622074375,0.62661791,-0.56160945,-0.53627151,0.06601235,-104.891,-36.722,58.726
37642074475,0.62463838,-0.56271380,-0.53740174,0.06617764,-105.239,-36.647,58.966
37662074575,0.62265480,-0.56381452,-0.53852844,0.06634250,-105.587,-36.571,59.205
37682074675,0.62066722,-0.56491160,-0.53965169,0.06650694,-105.934,-36.495,59.443
37702074775,0.61867559,-0.56600505,-0.54077148,0.06667095,-106.280,-36.417,59.680
37722074875,0.61668003,-0.56709480,-0.54188776,0.06683452,-106.626,-36.337,59.917
37742074975,0.61468935,-0.56817657,-0.54299510,0.06699747,-106.969,-36.257,60.152
37762075075,0.61270368,-0.56925035,-0.54409355,0.06715979,-107.309,-36.177,60.384
37782075175,0.61072302,-0.57031620,-0.54518312,0.06732149,-107.648,-36.095,60.615
37802075250,0.60874742,-0.57137412,-0.54626393,0.06748257,-107.984,-36.012,60.844
37822075375,0.60676813,-0.57242846,-0.54734129,0.06764323,-108.319,-35.929,61.072
37842075475,0.60478497,-0.57347929,-0.54841524,0.06780346,-108.654,-35.844,61.299
37862075575,0.60279810,-0.57452655,-0.54948580,0.06796327,-108.988,-35.758,61.526
37882075675,0.60080749,-0.57557023,-0.55055296,0.06812267,-109.321,-35.671,61.751
37902075775,0.59881312,-0.57661033,-0.55161667,0.06828164,-109.653,-35.583,61.976
37942075975,0.59681505,-0.57764685,-0.55267698,0.06844018,-109.984,-35.494,62.199
37962076050,0.59480476,-0.57867956,-0.55374378,0.06859373,-110.317,-35.405,62.424
37982076175,0.59278220,-0.57970846,-0.55481696,0.06874230,-110.650,-35.315,62.648
38002076275,0.59074742,-0.58073336,-0.55589658,0.06888589,-110.985,-35.224,62.874
38022076375,0.58870023,-0.58175427,-0.55698258,0.06902451,-111.320,-35.133,63.100
38042076475,0.58664936,-0.58277148,-0.55806494,0.06916270,-111.654,-35.041,63.325
38062076575,0.58459467,-0.58378494,-0.55914372,0.06930044,-111.988,-34.948,63.549
38082076675,0.58253622,-0.58479464,-0.56021893,0.06943773,-112.321,-34.854,63.772
38102076775,0.58047402,-0.58580053,-0.56129050,0.06957457,-112.653,-34.758,63.994
38122076875,0.57840806,-0.58680272,-0.56235844,0.06971097,-112.984,-34.662,64.216
38142076975,0.57632923,-0.58780515,-0.56342798,0.06984711,-113.315,-34.564,64.437
38162077075,0.57423741,-0.58880782,-0.56449902,0.06998299,-113.648,-34.465,64.658
38182077150,0.57213265,-0.58981061,-0.56557143,0.07011861,-113.981,-34.364,64.880
38202077275,0.57001483,-0.59081352,-0.56664526,0.07025395,-114.314,-34.262,65.101
38222077375,0.56789321,-0.59181249,-0.56771535,0.07038883,-114.647,-34.159,65.322
38242077475,0.56576782,-0.59280753,-0.56878161,0.07052324,-114.979,-34.055,65.542
38262077575,0.56363863,-0.59379858,-0.56984407,0.07065718,-115.310,-33.949,65.760
38282077675,0.56150573,-0.59478569,-0.57090276,0.07079065,-115.640,-33.843,65.978
38302077775,0.55936903,-0.59576887,-0.57195765,0.07092364,-115.969,-33.736,66.194
38322077875,0.55722862,-0.59674805,-0.57300872,0.07105616,-116.298,-33.627,66.410
38342077975,0.55508453,-0.59772331,-0.57405597,0.07118822,-116.625,-33.518,66.624
38362078075,0.55293673,-0.59869450,-0.57509941,0.07131980,-116.951,-33.407,66.838
38382078175,0.55078524,-0.59966177,-0.57613897,0.07145090,-117.277,-33.296,67.050
38402078275,0.54863012,-0.60062498,-0.57717478,0.07158152,-117.602,-33.184,67.262
38422078375,0.54647130,-0.60158426,-0.57820666,0.07171167,-117.925,-33.070,67.472
38442078450,0.54430884,-0.60253948,-0.57923472,0.07184134,-118.248,-32.956,67.681
38462078575,0.54214275,-0.60349071,-0.58025891,0.07197053,-118.570,-32.840,67.890
38482078650,0.53997308,-0.60443795,-0.58127928,0.07209924,-118.891,-32.724,68.097
38502078775,0.53779978,-0.60538107,-0.58229572,0.07222747,-119.211,-32.607,68.303
38522078875,0.53562289,-0.60632026,-0.58330834,0.07235523,-119.530,-32.488,68.508
38572079125,0.53343350,-0.60725439,-0.58432668,0.07247839,-119.850,-32.369,68.714
38592079225,0.53123158,-0.60818344,-0.58535081,0.07259698,-120.171,-32.250,68.920
38612079325,0.52901709,-0.60910732,-0.58638066,0.07271103,-120.492,-32.129,69.126
38632079425,0.52679002,-0.61002600,-0.58741617,0.07282053,-120.814,-32.009,69.333
38652079525,0.52455932,-0.61094046,-0.58844757,0.07292953,-121.136,-31.887,69.539
38672079625,0.52232498,-0.61185074,-0.58947498,0.07303803,-121.456,-31.764,69.743
38692079725,0.52008706,-0.61275679,-0.59049833,0.07314603,-121.775,-31.640,69.947
38712079825,0.51784551,-0.61365861,-0.59151757,0.07325352,-122.094,-31.515,70.149
38732079925,0.51560044,-0.61455625,-0.59253275,0.07336051,-122.411,-31.389,70.351
38752080025,0.51335120,-0.61545432,-0.59353894,0.07347111,-122.728,-31.262,70.551
38772080125,0.51109791,-0.61635292,-0.59453613,0.07358531,-123.043,-31.133,70.749
38792080225,0.50884044,-0.61725205,-0.59552431,0.07370307,-123.356,-31.002,70.945
38812080325,0.50657886,-0.61815166,-0.59650344,0.07382441,-123.669,-30.869,71.140
38832080425,0.50431383,-0.61904699,-0.59747845,0.07394523,-123.980,-30.736,71.333
38852080525,0.50204533,-0.61993808,-0.59844929,0.07406554,-124.291,-30.602,71.526
38872080625,0.49977332,-0.62082487,-0.59941608,0.07418534,-124.601,-30.466,71.717
38892080700,0.49749789,-0.62170738,-0.60037869,0.07430463,-124.909,-30.330,71.907
38912080825,0.49521902,-0.62258565,-0.60133719,0.07442340,-125.217,-30.193,72.096
38932080925,0.49293673,-0.62345958,-0.60229152,0.07454167,-125.524,-30.055,72.284
38952081025,0.49065226,-0.62431955,-0.60325170,0.07465155,-125.830,-29.918,72.473
38972081125,0.48836556,-0.62516564,-0.60421765,0.07475307,-126.136,-29.781,72.661
38992081200,0.48607674,-0.62599778,-0.60518944,0.07484626,-126.442,-29.645,72.849
39012081300,0.48378575,-0.62681592,-0.60616708,0.07493118,-126.747,-29.510,73.038
39032081425,0.48149142,-0.62762970,-0.60714054,0.07501558,-127.052,-29.374,73.225
39052081525,0.47919378,-0.62843919,-0.60810983,0.07509947,-127.356,-29.236,73.412
39072081625,0.47689283,-0.62924439,-0.60907489,0.07518283,-127.658,-29.098,73.597
39092081725,0.47458863,-0.63004524,-0.61003584,0.07526568,-127.960,-28.959,73.781
39112081825,0.47228113,-0.63084173,-0.61099255,0.07534802,-128.261,-28.820,73.964
39132081925,0.46997041,-0.63163394,-0.61194503,0.07542983,-128.561,-28.679,74.146
39152082025,0.46764588,-0.63242978,-0.61289263,0.07551504,-128.861,-28.536,74.327
39172082125,0.46530756,-0.63322926,-0.61383522,0.07560361,-129.161,-28.392,74.508
39212082325,0.46295539,-0.63403225,-0.61477280,0.07569551,-129.461,-28.245,74.687
39232082425,0.46058935,-0.63483882,-0.61570519,0.07579074,-129.762,-28.096,74.865
39252082525,0.45822003,-0.63564080,-0.61663324,0.07588543,-130.061,-27.946,75.042
39272082625,0.45584744,-0.63643831,-0.61755687,0.07597958,-130.359,-27.795,75.218
39292082075,0.45347160,-0.63723123,-0.61847615,0.07607318,-130.657,-27.644,75.393
39402085750,0.45109254,-0.63801962,-0.61939096,0.07616624,-130.953,-27.491,75.567
39422085125,0.44871086,-0.63879853,-0.62030649,0.07625516,-131.249,-27.339,75.740
39442084700,0.44632658,-0.63956797,-0.62122267,0.07633995,-131.544,-27.186,75.913
39462084250,0.44393978,-0.64032787,-0.62213957,0.07642063,-131.839,-27.034,76.085
39482083675,0.44155037,-0.64107817,-0.62305713,0.07649722,-132.133,-26.881,76.257
39502083775,0.43915784,-0.64182401,-0.62397027,0.07657326,-132.426,-26.728,76.428
39522083875,0.43676221,-0.64256519,-0.62487894,0.07664876,-132.718,-26.573,76.598
39542083950,0.43436342,-0.64330184,-0.62578321,0.07672371,-133.009,-26.418,76.766
39562084075,0.43199080,-0.64403540,-0.62666053,0.07680465,-133.295,-26.263,76.930
39582084175,0.42964447,-0.64476603,-0.62751102,0.07689156,-133.576,-26.108,77.089
39602084275,0.42732450,-0.64549392,-0.62833494,0.07698440,-133.852,-25.952,77.244
39622084375,0.42503107,-0.64621925,-0.62913233,0.07708314,-134.122,-25.797,77.394
39642084475,0.42273489,-0.64694041,-0.62992567,0.07718139,-134.392,-25.640,77.543
39662084575,0.42043599,-0.64765745,-0.63071495,0.07727914,-134.661,-25.483,77.690
39682084675,0.41813439,-0.64837027,-0.63150018,0.07737640,-134.929,-25.326,77.837
39702084775,0.41583011,-0.64907897,-0.63228136,0.07747316,-135.196,-25.168,77.983
39722084850,0.41352314,-0.64978343,-0.63305849,0.07756943,-135.463,-25.009,78.128
39742084975,0.41121352,-0.65048379,-0.63383156,0.07766519,-135.728,-24.850,78.272
39762085075,0.40891027,-0.65118742,-0.63458622,0.07776688,-135.992,-24.689,78.412
39782085175,0.40661347,-0.65189439,-0.63532257,0.07787448,-136.252,-24.527,78.550
39802085275,0.40432313,-0.65260476,-0.63604063,0.07798796,-136.510,-24.365,78.684
39852085525,0.40203932,-0.65331864,-0.63674045,0.07810728,-136.765,-24.201,78.816
39872085625,0.39975300,-0.65402848,-0.63743627,0.07822613,-137.020,-24.036,78.946
39892085725,0.39746422,-0.65473419,-0.63812810,0.07834447,-137.274,-23.871,79.075
39912085825,0.39517292,-0.65543580,-0.63881600,0.07846234,-137.527,-23.705,79.204
39932085925,0.39287919,-0.65613341,-0.63949990,0.07857971,-137.780,-23.539,79.331
39952086025,0.39058301,-0.65682685,-0.64017981,0.07869659,-138.031,-23.372,79.457
39972086125,0.38828439,-0.65751624,-0.64085579,0.07881299,-138.283,-23.205,79.583
39992086225,0.38598335,-0.65820152,-0.64152771,0.07892890,-138.533,-23.038,79.707
40012086275,0.38367990,-0.65888274,-0.64219564,0.07904430,-138.782,-22.869,79.831
40032086425,0.38137406,-0.65955979,-0.64285964,0.07915922,-139.031,-22.701,79.954
40052086525,0.37906587,-0.66023278,-0.64351958,0.07927365,-139.280,-22.532,80.075
40072087575,0.37675530,-0.66090167,-0.64417547,0.07938758,-139.527,-22.362,80.196
40092086725,0.37444237,-0.66156638,-0.64482743,0.07950102,-139.774,-22.192,80.316
40112086825,0.37212712,-0.66222703,-0.64547533,0.07961396,-140.020,-22.021,80.435
40132086925,0.36980957,-0.66288352,-0.64611918,0.07972641,-140.266,-21.850,80.553
40152087025,0.36747921,-0.66353822,-0.64676261,0.07983849,-140.512,-21.678,80.670
40172087125,0.36513609,-0.66419095,-0.64740556,0.07995020,-140.758,-21.505,80.788
40192087225,0.36278015,-0.66484177,-0.64804792,0.08006153,-141.005,-21.330,80.905
40212087325,0.36041141,-0.66549063,-0.64868963,0.08017249,-141.252,-21.154,81.021
40232087425,0.35804030,-0.66613513,-0.64932716,0.08028293,-141.499,-20.978,81.137
40252087525,0.35566691,-0.66677535,-0.64996052,0.08039285,-141.745,-20.801,81.252
40272087625,0.35329121,-0.66741127,-0.65058970,0.08050225,-141.990,-20.624,81.366
40292087725,0.35091326,-0.66804284,-0.65121460,0.08061113,-142.235,-20.447,81.479
40312087825,0.34853300,-0.66867012,-0.65183538,0.08071949,-142.479,-20.269,81.591
40332087925,0.34615052,-0.66929311,-0.65245193,0.08082733,-142.722,-20.090,81.702
40352088025,0.34376645,-0.66990656,-0.65306962,0.08093189,-142.965,-19.912,81.812
40372088125,0.34138080,-0.67051041,-0.65368843,0.08103318,-143.208,-19.734,81.923
40392088225,0.33899361,-0.67110479,-0.65430838,0.08113121,-143.450,-19.555,82.034
40412088325,0.33660486,-0.67168957,-0.65492946,0.08122601,-143.692,-19.377,82.144
40432088400,0.33421397,-0.67227006,-0.65554637,0.08132029,-143.933,-19.199,82.254
40452088525,0.33182091,-0.67284620,-0.65615898,0.08141404,-144.174,-19.020,82.362
40492088725,0.32942569,-0.67341799,-0.65676743,0.08150728,-144.414,-18.841,82.470
40512088825,0.32702839,-0.67398548,-0.65737164,0.08159998,-144.653,-18.661,82.577
40532088925,0.32462895,-0.67454857,-0.65797162,0.08169216,-144.892,-18.481,82.682
40552089025,0.32222810,-0.67510211,-0.65857273,0.08178122,-145.131,-18.300,82.788
40572089125,0.31982580,-0.67564601,-0.65917498,0.08186719,-145.369,-18.120,82.894
40592089225,0.31742212,-0.67618030,-0.65977842,0.08195006,-145.607,-17.941,82.999
40612089325,0.31501704,-0.67670500,-0.66038299,0.08202987,-145.844,-17.761,83.105
40632089425,0.31260994,-0.67722535,-0.66098332,0.08210916,-146.081,-17.581,83.209
40652089525,0.31020081,-0.67774129,-0.66157943,0.08218791,-146.317,-17.400,83.313
40672089625,0.30778971,-0.67825294,-0.66217124,0.08226614,-146.553,-17.219,83.416
40692089725,0.30537662,-0.67876017,-0.66275883,0.08234385,-146.788,-17.038,83.518
40712089825,0.30296156,-0.67926306,-0.66334212,0.08242101,-147.022,-16.856,83.619
40732089925,0.30054456,-0.67976159,-0.66392118,0.08249766,-147.256,-16.674,83.719
40752090025,0.29811424,-0.68026274,-0.66449356,0.08257629,-147.491,-16.490,83.818
40772090125,0.29567054,-0.68076652,-0.66505921,0.08265690,-147.725,-16.304,83.916
40792090225,0.29321352,-0.68127280,-0.66561806,0.08273944,-147.960,-16.117,84.012
40812090325,0.29074308,-0.68178159,-0.66617006,0.08282390,-148.195,-15.928,84.108
40832090425,0.28827074,-0.68228579,-0.66671759,0.08290782,-148.429,-15.739,84.202
40852090525,0.28579646,-0.68278545,-0.66726071,0.08299118,-148.663,-15.550,84.296
40872090600,0.28332028,-0.68328059,-0.66779935,0.08307399,-148.897,-15.360,84.389
40892090725,0.28084219,-0.68377113,-0.66833359,0.08315624,-149.130,-15.169,84.481
40912090825,0.27836224,-0.68425709,-0.66886330,0.08323793,-149.362,-14.979,84.572
40932090925,0.27588043,-0.68473852,-0.66938859,0.08331908,-149.594,-14.788,84.662
40952091025,0.27339745,-0.68521005,-0.66991484,0.08339746,-149.826,-14.597,84.752
40972091425,0.27091330,-0.68567163,-0.67044210,0.08347310,-150.057,-14.406,84.842
40992091525,0.26842803,-0.68612325,-0.67097044,0.08354602,-150.288,-14.215,84.932
41012091625,0.26594162,-0.68656498,-0.67149973,0.08361624,-150.519,-14.025,85.022
41032091700,0.26345345,-0.68700212,-0.67202455,0.08368590,-150.749,-13.834,85.111
41052091825,0.26096353,-0.68743473,-0.67254490,0.08375500,-150.979,-13.643,85.199
41072091925,0.25847185,-0.68786269,-0.67306077,0.08382355,-151.208,-13.451,85.286
41092092025,0.25597847,-0.68828613,-0.67357218,0.08389153,-151.436,-13.259,85.373
41132092225,0.25348336,-0.68870497,-0.67407906,0.08395896,-151.665,-13.067,85.458
41152092325,0.25098658,-0.68911916,-0.67458147,0.08402583,-151.892,-12.874,85.543
41172092425,0.24848813,-0.68952882,-0.67507941,0.08409214,-152.120,-12.681,85.627
41192092525,0.24598801,-0.68993390,-0.67557281,0.08415789,-152.347,-12.488,85.710
41212092625,0.24348626,-0.69033432,-0.67606169,0.08422308,-152.573,-12.295,85.792
41232092725,0.24098289,-0.69073015,-0.67654610,0.08428770,-152.799,-12.101,85.873
41252092825,0.23847792,-0.69112146,-0.67702603,0.08435177,-153.024,-11.907,85.954
41272092925,0.23597135,-0.69150805,-0.67750138,0.08441527,-153.249,-11.712,86.034
41292093025,0.23346320,-0.69189012,-0.67797232,0.08447821,-153.474,-11.517,86.112
41312093125,0.23095351,-0.69226754,-0.67843866,0.08454059,-153.698,-11.322,86.190
41332093225,0.22844228,-0.69264036,-0.67890048,0.08460241,-153.922,-11.127,86.268
41352093325,0.22591923,-0.69300425,-0.67936581,0.08466195,-154.147,-10.931,86.345
41372093425,0.22338438,-0.69335920,-0.67983460,0.08471922,-154.372,-10.734,86.423
41392093500,0.22083771,-0.69370508,-0.68030673,0.08477423,-154.598,-10.536,86.502
41412093600,0.21827921,-0.69404191,-0.68078220,0.08482701,-154.824,-10.338,86.580
41432093725,0.21571922,-0.69437391,-0.68125296,0.08487920,-155.051,-10.139,86.658
41452093800,0.21315776,-0.69470114,-0.68171906,0.08493080,-155.277,-9.940,86.735
41472093925,0.21059480,-0.69502354,-0.68218046,0.08498182,-155.502,-9.741,86.812
41492094025,0.20803042,-0.69534123,-0.68263716,0.08503225,-155.727,-9.542,86.887
41512094125,0.20546459,-0.69565409,-0.68308914,0.08508211,-155.952,-9.342,86.962
41532094225,0.20289734,-0.69596213,-0.68353641,0.08513137,-156.176,-9.142,87.035
41552094325,0.20031768,-0.69626635,-0.68398124,0.08518014,-156.401,-8.941,87.109
41572094425,0.19772558,-0.69656658,-0.68442363,0.08522842,-156.626,-8.738,87.182
41592094525,0.19512106,-0.69686288,-0.68486339,0.08527619,-156.852,-8.535,87.254
41612094625,0.19250412,-0.69715506,-0.68530059,0.08532346,-157.079,-8.330,87.326
41632094725,0.18988581,-0.69744223,-0.68573290,0.08537012,-157.305,-8.125,87.397
41652094825,0.18726614,-0.69772452,-0.68616033,0.08541617,-157.531,-7.920,87.467
41672094925,0.18464513,-0.69800180,-0.68658286,0.08546161,-157.756,-7.715,87.536
41692095025,0.18202282,-0.69827408,-0.68700045,0.08550644,-157.982,-7.509,87.605
41712095125,0.17939921,-0.69854140,-0.68741322,0.08555066,-158.206,-7.303,87.672
41732095225,0.17677431,-0.69880378,-0.68782103,0.08559427,-158.431,-7.097,87.739
41772095425,0.17414884,-0.69905561,-0.68822956,0.08563586,-158.655,-6.891,87.806
41792095525,0.17152281,-0.69929701,-0.68863875,0.08567546,-158.879,-6.685,87.872
41812095625,0.16889624,-0.69952792,-0.68904865,0.08571307,-159.103,-6.479,87.939
41832095725,0.16626917,-0.69974834,-0.68945920,0.08574871,-159.326,-6.273,88.006
41852095825,0.16364090,-0.69996381,-0.68986487,0.08578375,-159.549,-6.067,88.072
41872095925,0.16101147,-0.70017421,-0.69026560,0.08581818,-159.772,-5.860,88.137
41892096025,0.15838090,-0.70037973,-0.69066143,0.08585199,-159.995,-5.654,88.201
41912096125,0.15574919,-0.70058018,-0.69105232,0.08588520,-160.217,-5.447,88.265
41932096225,0.15311638,-0.70077568,-0.69143832,0.08591779,-160.439,-5.240,88.328
41952096325,0.15048178,-0.70097172,-0.69181377,0.08595099,-160.660,-5.032,88.389
41972096425,0.14784543,-0.70116830,-0.69217873,0.08598478,-160.882,-4.824,88.448
41992096525,0.14520735,-0.70136535,-0.69253314,0.08601914,-161.102,-4.615,88.505
42012096625,0.14256753,-0.70156300,-0.69287699,0.08605406,-161.323,-4.406,88.561
42032096400,0.13992670,-0.70175564,-0.69321591,0.08608835,-161.543,-4.196,88.616
42142099900,0.13728487,-0.70194328,-0.69354993,0.08612204,-161.763,-3.987,88.671
42162099200,0.13464276,-0.70212036,-0.69388455,0.08615401,-161.983,-3.777,88.725
42182098725,0.13200037,-0.70228690,-0.69421989,0.08618429,-162.202,-3.567,88.779
42202098275,0.12935774,-0.70244288,-0.69455588,0.08621291,-162.422,-3.358,88.834
42222097675,0.12671487,-0.70258838,-0.69489253,0.08623987,-162.641,-3.149,88.888
42242097750,0.12407109,-0.70272881,-0.69522423,0.08626623,-162.860,-2.939,88.942
42262097875,0.12142644,-0.70286423,-0.69555098,0.08629197,-163.078,-2.729,88.995
42282097975,0.11878092,-0.70299464,-0.69587278,0.08631709,-163.297,-2.519,89.047
42302098075,0.11613455,-0.70312011,-0.69618964,0.08634160,-163.515,-2.309,89.098
42322098175,0.11348736,-0.70324051,-0.69650155,0.08636550,-163.733,-2.098,89.148
42342098275,0.11083936,-0.70335591,-0.69680846,0.08638877,-163.951,-1.888,89.198
42362098375,0.10823326,-0.70348233,-0.69708735,0.08641388,-164.165,-1.680,89.243
42412098625,0.10566912,-0.70362002,-0.69733846,0.08644081,-164.375,-1.474,89.284
42432098725,0.10314698,-0.70376915,-0.69756198,0.08646951,-164.580,-1.272,89.320
42452098800,0.10066690,-0.70393002,-0.69775814,0.08649993,-164.783,-1.072,89.352
42472098925,0.09818620,-0.70408654,-0.69795001,0.08652981,-164.985,-0.871,89.384
42492099025,0.09570490,-0.70423865,-0.69813752,0.08655915,-165.186,-0.671,89.414
42512099125,0.09322299,-0.70438641,-0.69832069,0.08658797,-165.388,-0.471,89.444
42532099225,0.09074050,-0.70452982,-0.69849950,0.08661623,-165.590,-0.270,89.473
42552099325,0.08825745,-0.70466882,-0.69867396,0.08664396,-165.791,-0.070,89.502
42572099425,0.08579560,-0.70480901,-0.69883573,0.08667178,-165.991,0.129,89.528
42592099525,0.08335495,-0.70495057,-0.69898486,0.08669966,-166.188,0.327,89.553
42612099625,0.08093555,-0.70509356,-0.69912148,0.08672759,-166.384,0.523,89.575
42632099725,0.07853743,-0.70523810,-0.69924569,0.08675556,-166.578,0.718,89.596
42652099825,0.07613885,-0.70537859,-0.69936585,0.08678303,-166.772,0.913,89.615
42672099900,0.07373983,-0.70551497,-0.69948202,0.08680999,-166.966,1.108,89.635
42692100025,0.07134038,-0.70564729,-0.69959408,0.08683646,-167.159,1.303,89.653
42712100125,0.06894053,-0.70577550,-0.69970214,0.08686242,-167.353,1.498,89.671
42732100225,0.06654026,-0.70589960,-0.69980615,0.08688787,-167.547,1.693,89.688
42752100325,0.06413962,-0.70601964,-0.69990605,0.08691283,-167.740,1.888,89.704
42772100425,0.06171683,-0.70612961,-0.70000994,0.08693687,-167.936,2.084,89.722
42792100525,0.05927190,-0.70622939,-0.70011771,0.08696000,-168.133,2.283,89.739
42812100625,0.05680483,-0.70631886,-0.70022923,0.08698222,-168.331,2.483,89.758
42832100725,0.05431563,-0.70639789,-0.70034432,0.08700354,-168.532,2.685,89.777
42852100825,0.05182610,-0.70647252,-0.70045513,0.08702433,-168.733,2.886,89.795
42872100875,0.04933624,-0.70654279,-0.70056152,0.08704457,-168.933,3.088,89.812
42892101000,0.04684607,-0.70660865,-0.70066357,0.08706427,-169.134,3.290,89.829
42912101125,0.04435562,-0.70667011,-0.70076132,0.08708344,-169.334,3.492,89.845
42932101225,0.04186488,-0.70672721,-0.70085466,0.08710206,-169.535,3.694,89.860
42952101325,0.03937389,-0.70677984,-0.70094365,0.08712014,-169.735,3.896,89.875
42972101375,0.03688265,-0.70682818,-0.70102829,0.08713768,-169.935,4.098,89.889
42992101525,0.03439119,-0.70687205,-0.70110857,0.08715467,-170.136,4.301,89.902
43012101625,0.03189951,-0.70691156,-0.70118451,0.08717113,-170.336,4.503,89.915
43052101825,0.02940763,-0.70694667,-0.70125604,0.08718704,-170.537,4.705,89.927
43072101925,0.02691557,-0.70697737,-0.70132327,0.08720241,-170.737,4.907,89.938
43092102025,0.02442334,-0.70700365,-0.70138609,0.08721724,-170.938,5.110,89.948
43112102125,0.02193096,-0.70702559,-0.70144457,0.08723152,-171.138,5.312,89.958
43132102225,0.01943844,-0.70704311,-0.70149869,0.08724527,-171.339,5.515,89.967
43152102325,0.01694580,-0.70705622,-0.70154846,0.08725847,-171.540,5.717,89.975
43172102425,0.01445306,-0.70706499,-0.70159388,0.08727113,-171.740,5.920,89.983
43192102525,0.01196023,-0.70706934,-0.70163494,0.08728325,-171.941,6.122,89.990
43212103050,0.00946732,-0.70706928,-0.70167160,0.08729482,-172.142,6.325,89.996
43232102725,0.00697435,-0.70706481,-0.70170391,0.08730585,-172.342,6.527,90.001
43252102825,0.00448135,-0.70705599,-0.70173186,0.08731634,-172.543,6.730,90.006
43272102925,0.00198831,-0.70704275,-0.70175546,0.08732629,-172.744,6.932,90.010
43292103000,0.00050474,0.70702511,0.70177472,-0.08733569,-172.945,7.135,90.013
43312103125,0.00299779,0.70700306,0.70178956,-0.08734456,-173.146,7.337,90.016
43332103225,0.00549082,0.70697665,0.70180011,-0.08735287,-173.348,7.540,90.018
43352103325,0.00798381,0.70694584,0.70180625,-0.08736064,-173.549,7.743,90.019
43372103425,0.01048731,0.70690423,0.70181429,-0.08736799,-173.751,7.946,90.020
43392103500,0.01300130,0.70685178,0.70182419,-0.08737490,-173.954,8.150,90.022
43412103625,0.01552577,0.70678842,0.70183581,-0.08738139,-174.158,8.355,90.024
43432103700,0.01806070,0.70671415,0.70184922,-0.08738749,-174.363,8.561,90.027
43452103825,0.02059550,0.70663530,0.70185810,-0.08739303,-174.567,8.767,90.028
43472103925,0.02313018,0.70655191,0.70186251,-0.08739801,-174.772,8.973,90.029
43492104025,0.02566470,0.70646399,0.70186234,-0.08740243,-174.977,9.179,90.029
43512104125,0.02819907,0.70637149,0.70185769,-0.08740628,-175.183,9.385,90.028
43532104225,0.03073324,0.70627451,0.70184857,-0.08740957,-175.388,9.591,90.027
43552104325,0.03326723,0.70617294,0.70183486,-0.08741230,-175.593,9.797,90.025
43572104400,0.03580100,0.70606685,0.70181668,-0.08741447,-175.799,10.003,90.022
43592104525,0.03833453,0.70595616,0.70179397,-0.08741607,-176.005,10.208,90.018
43612104625,0.04086782,0.70584100,0.70176673,-0.08741711,-176.211,10.414,90.014
43632104725,0.04340085,0.70572126,0.70173502,-0.08741760,-176.417,10.620,90.009
43682104950,0.04593360,0.70559704,0.70169872,-0.08741751,-176.623,10.826,90.003
43702105075,0.04846606,0.70546824,0.70165795,-0.08741686,-176.829,11.032,89.996
43722105175,0.05099820,0.70533490,0.70161271,-0.08741566,-177.036,11.238,89.989
43742105275,0.05353002,0.70519704,0.70156294,-0.08741389,-177.242,11.443,89.980
43762105375,0.05606148,0.70505458,0.70150864,-0.08741156,-177.449,11.649,89.971
43782105475,0.05859260,0.70490766,0.70144981,-0.08740867,-177.656,11.855,89.962
43802105575,0.06112333,0.70475620,0.70138645,-0.08740521,-177.864,12.060,89.951
43822105675,0.06365367,0.70460016,0.70131862,-0.08740120,-178.071,12.266,89.940
43842105775,0.06618360,0.70443964,0.70124632,-0.08739661,-178.279,12.471,89.928
43862105875,0.06871310,0.70427454,0.70116943,-0.08739147,-178.487,12.677,89.915
43882105975,0.07124216,0.70410496,0.70108807,-0.08738577,-178.695,12.882,89.901
43902106025,0.07377077,0.70393085,0.70100218,-0.08737950,-178.903,13.088,89.887
43922106175,0.07629890,0.70375216,0.70091182,-0.08737268,-179.112,13.293,89.872
43942106275,0.07882654,0.70356899,0.70081693,-0.08736528,-179.320,13.499,89.856
43962106375,0.08137611,0.70337856,0.70071763,-0.08735737,-179.531,13.706,89.839
43982106475,0.08394758,0.70318085,0.70061380,-0.08734892,-179.744,13.915,89.822
44002106575,0.08654091,0.70297563,0.70050532,-0.08733993,-179.959,14.125,89.803
44022106675,0.08915608,0.70276284,0.70039201,-0.08733038,179.824,14.338,89.784
44042106775,0.09177063,0.70254517,0.70027393,-0.08732023,179.606,14.550,89.764
44062121550,0.09438456,0.70232272,0.70015103,-0.08730947,179.389,14.762,89.743
44082105675,0.09699783,0.70209539,0.70002323,-0.08729812,179.171,14.974,89.722
44102107075,0.09961043,0.70186317,0.69989067,-0.08728615,178.952,15.186,89.699
44122107175,0.10222235,0.70162618,0.69975328,-0.08727359,178.734,15.398,89.676
44142107275,0.10483356,0.70138431,0.69961101,-0.08726043,178.515,15.610,89.651
44162107375,0.10744335,0.70113206,0.69946957,-0.08724750,178.296,15.822,89.627
44182107475,0.11005171,0.70086932,0.69932890,-0.08723483,178.077,16.034,89.603
44202107575,0.11265860,0.70059621,0.69918901,-0.08722244,177.858,16.246,89.579
44222107900,0.11526403,0.70031267,0.69904989,-0.08721035,177.639,16.457,89.555
44242107775,0.11786865,0.70002431,0.69890594,-0.08719765,177.419,16.669,89.530
44262107875,0.12047248,0.69973111,0.69875717,-0.08718435,177.199,16.880,89.505
44312108125,0.12307546,0.69943315,0.69860363,-0.08717046,176.979,17.092,89.478
44332108225,0.12567760,0.69913030,0.69844526,-0.08715597,176.759,17.303,89.451
44352108325,0.12827888,0.69882268,0.69828206,-0.08714087,176.538,17.514,89.422
44372108425,0.13087857,0.69850469,0.69811964,-0.08712620,176.317,17.725,89.394
44392108525,0.13347667,0.69817626,0.69795799,-0.08711198,176.096,17.936,89.366
44412108625,0.13607316,0.69783747,0.69779718,-0.08709823,175.875,18.147,89.338
44432108725,0.13866800,0.69748831,0.69763708,-0.08708496,175.653,18.358,89.310
44452108825,0.14126191,0.69713432,0.69747221,-0.08707108,175.432,18.569,89.281
44472108925,0.14385483,0.69677556,0.69730252,-0.08705661,175.210,18.780,89.251
44492109025,0.14644676,0.69641197,0.69712800,-0.08704154,174.988,18.991,89.220
44512109125,0.14903769,0.69604361,0.69694871,-0.08702587,174.765,19.201,89.188
44532109225,0.15162760,0.69567049,0.69676465,-0.08700961,174.542,19.412,89.156
44552109325,0.15421645,0.69529253,0.69657576,-0.08699275,174.318,19.622,89.122
44572109425,0.15681607,0.69491345,0.69637603,-0.08697404,174.093,19.833,89.087
44592109525,0.15942639,0.69453311,0.69616526,-0.08695347,173.866,20.045,89.049
44612109600,0.16204740,0.69415152,0.69594347,-0.08693100,173.637,20.257,89.010
44632109725,0.16467905,0.69376856,0.69571060,-0.08690659,173.406,20.470,88.968
44652109825,0.16730955,0.69338059,0.69547284,-0.08688157,173.175,20.683,88.926
44672109925,0.16993885,0.69298774,0.69523007,-0.08685593,172.944,20.896,88.882
44692110025,0.17256692,0.69258994,0.69498229,-0.08682966,172.712,21.109,88.838
44712110125,0.17519379,0.69218719,0.69472963,-0.08680278,172.479,21.321,88.792
44732109800,0.17781939,0.69177955,0.69447201,-0.08677528,172.246,21.533,88.746
44842113300,0.18044372,0.69136697,0.69420946,-0.08674716,172.013,21.745,88.699
44862112550,0.18306608,0.69094390,0.69394743,-0.08671987,171.779,21.957,88.651
44882112150,0.18568644,0.69051033,0.69368601,-0.08669343,171.545,22.169,88.604
44902111675,0.18830480,0.69006634,0.69342518,-0.08666785,171.311,22.381,88.556
44942111275,0.19092111,0.68961185,0.69316489,-0.08664315,171.077,22.593,88.509
44962111375,0.19353676,0.68915808,0.69289416,-0.08661631,170.842,22.804,88.459
44982111475,0.19612963,0.68870938,0.69261473,-0.08658737,170.607,23.014,88.408
45002111575,0.19869979,0.68826598,0.69232678,-0.08655632,170.374,23.221,88.355
45022111675,0.20124720,0.68782794,0.69203037,-0.08652317,170.142,23.426,88.300
45042111775,0.20377122,0.68738991,0.69173115,-0.08648950,169.911,23.629,88.245
45062111875,0.20629388,0.68694729,0.69142735,-0.08645526,169.680,23.832,88.189
45082111950,0.20881517,0.68650007,0.69111890,-0.08642043,169.448,24.035,88.132
45102112075,0.21133508,0.68604833,0.69080591,-0.08638504,169.216,24.237,88.074
45122112175,0.21385357,0.68559206,0.69048828,-0.08634907,168.982,24.439,88.015
45142112275,0.21637064,0.68513113,0.69016606,-0.08631252,168.749,24.641,87.955
45162112375,0.21888766,0.68467677,0.68982834,-0.08627196,168.514,24.843,87.891
45182112475,0.22137165,0.68423617,0.68947828,-0.08622745,168.280,25.041,87.826
45202112575,0.22382270,0.68380964,0.68911612,-0.08617898,168.048,25.235,87.758
45222112650,0.22624080,0.68339723,0.68874204,-0.08612651,167.817,25.427,87.688
45242112775,0.22862466,0.68298817,0.68836713,-0.08607364,167.589,25.616,87.618
45262112875,0.23100713,0.68257499,0.68798804,-0.08602027,167.361,25.804,87.546
45282112975,0.23338822,0.68215775,0.68760490,-0.08596637,167.131,25.992,87.474
45302113050,0.23576792,0.68173647,0.68721759,-0.08591196,166.901,26.180,87.400
45322113175,0.23814619,0.68131101,0.68682623,-0.08585703,166.671,26.367,87.326
45342113275,0.24052304,0.68088150,0.68643069,-0.08580159,166.439,26.554,87.251
45362113375,0.24289845,0.68044794,0.68603104,-0.08574564,166.207,26.741,87.175
45382113475,0.24527310,0.68001574,0.68562186,-0.08568722,165.974,26.928,87.097
45402113550,0.24764694,0.67958498,0.68520314,-0.08562634,165.740,27.114,87.016
45422113675,0.25002000,0.67915559,0.68477488,-0.08556297,165.505,27.299,86.934
45442113775,0.25239223,0.67872763,0.68433708,-0.08549708,165.268,27.484,86.850
45462113875,0.25476295,0.67829555,0.68389517,-0.08543067,165.031,27.669,86.765
45482113975,0.25713214,0.67785943,0.68344915,-0.08536376,164.793,27.853,86.679
45502114075,0.25949979,0.67741919,0.68299901,-0.08529634,164.555,28.037,86.592
45522114175,0.26186585,0.67697489,0.68254477,-0.08522840,164.315,28.220,86.504
45572114425,0.26423037,0.67652655,0.68208641,-0.08515995,164.075,28.404,86.414
45592114525,0.26660347,0.67606592,0.68162793,-0.08509304,163.834,28.588,86.325
45612114625,0.26898509,0.67559284,0.68116927,-0.08502771,163.591,28.773,86.235
45632114725,0.27137524,0.67510742,0.68071038,-0.08496395,163.347,28.958,86.145
45652114825,0.27377388,0.67460948,0.68025112,-0.08490180,163.102,29.145,86.054
45672114925,0.27617079,0.67410737,0.67978770,-0.08483913,162.855,29.331,85.963
45692115025,0.27856600,0.67360109,0.67931998,-0.08477592,162.609,29.517,85.870
45712115125,0.28095946,0.67309058,0.67884809,-0.08471219,162.361,29.702,85.776
45732115225,0.28335118,0.67257589,0.67837197,-0.08464793,162.112,29.888,85.681
45752115325,0.28574115,0.67205703,0.67789161,-0.08458315,161.863,30.072,85.585
45772115425,0.28812933,0.67153400,0.67740703,-0.08451784,161.613,30.257,85.488
45792115525,0.29051575,0.67100680,0.67691827,-0.08445200,161.361,30.441,85.390
45812115625,0.29290032,0.67047542,0.67642528,-0.08438564,161.110,30.624,85.290
45832115725,0.29528311,0.66993988,0.67592812,-0.08431876,160.857,30.808,85.190
45852115825,0.29766405,0.66940016,0.67542672,-0.08425134,160.603,30.991,85.088
45872115925,0.30004311,0.66885626,0.67492115,-0.08418341,160.349,31.173,84.985
45892116025,0.30242035,0.66830826,0.67441136,-0.08411495,160.093,31.355,84.881
45912116125,0.30479568,0.66775608,0.67389739,-0.08404598,159.837,31.537,84.776
45932116225,0.30716911,0.66719973,0.67337924,-0.08397648,159.580,31.718,84.670
45952116325,0.30954066,0.66663927,0.67285687,-0.08390645,159.322,31.899,84.563
45972116425,0.31192097,0.66607147,0.67232853,-0.08383586,159.062,32.080,84.454
45992116525,0.31430998,0.66549629,0.67179412,-0.08376468,158.800,32.262,84.343
46012116600,0.31670770,0.66491377,0.67125362,-0.08369292,158.536,32.444,84.231
46032116700,0.31911406,0.66432375,0.67070693,-0.08362058,158.269,32.627,84.117
46052116825,0.32151839,0.66372943,0.67015594,-0.08354769,158.002,32.809,84.002
46072116900,0.32392061,0.66313088,0.66960061,-0.08347427,157.734,32.991,83.886
46092117025,0.32632077,0.66252798,0.66904098,-0.08340031,157.465,33.172,83.768
46112117125,0.32871881,0.66192091,0.66847700,-0.08332581,157.194,33.353,83.650
46132117225,0.33111474,0.66130948,0.66790873,-0.08325078,156.923,33.533,83.530
46152117325,0.33350852,0.66069382,0.66733617,-0.08317520,156.651,33.713,83.408
46172117425,0.33591011,0.66006529,0.66676259,-0.08310170,156.377,33.893,83.286
46212117625,0.33831945,0.65942371,0.66618788,-0.08303030,156.101,34.075,83.163
46232117725,0.34073648,0.65876913,0.66561204,-0.08296099,155.824,34.257,83.040
46252117825,0.34316117,0.65810144,0.66503495,-0.08289380,155.545,34.439,82.916
46272117925,0.34558356,0.65742940,0.66445345,-0.08282606,155.265,34.622,82.790
46292118025,0.34800366,0.65675300,0.66386753,-0.08275777,154.984,34.803,82.663
46312118125,0.35042146,0.65607220,0.66327721,-0.08268892,154.702,34.984,82.535
46332118225,0.35283688,0.65538698,0.66268247,-0.08261953,154.419,35.165,82.405
46352118325,0.35524997,0.65469748,0.66208327,-0.08254958,154.134,35.345,82.274
46372118425,0.35765019,0.65400708,0.66148186,-0.08247915,153.850,35.524,82.142
46392118525,0.36003757,0.65331590,0.66087836,-0.08240823,153.566,35.701,82.009
46412118625,0.36241207,0.65262401,0.66027272,-0.08233684,153.281,35.877,81.875
46432118725,0.36477375,0.65193146,0.65966505,-0.08226497,152.997,36.052,81.740
46452118825,0.36713308,0.65123469,0.65905315,-0.08219258,152.712,36.226,81.604
46472118925,0.36949006,0.65053374,0.65843701,-0.08211965,152.425,36.400,81.467
46492119025,0.37184465,0.64982861,0.65781665,-0.08204620,152.138,36.573,81.328
46512119125,0.37419686,0.64911932,0.65719205,-0.08197222,151.849,36.745,81.188
46532119225,0.37654665,0.64840585,0.65656322,-0.08189771,151.559,36.917,81.046
46552119300,0.37889403,0.64768821,0.65593016,-0.08182269,151.268,37.088,80.903
46572119425,0.38124937,0.64696270,0.65529048,-0.08174706,150.974,37.260,80.758
46592119500,0.38361263,0.64622927,0.65464413,-0.08167083,150.678,37.432,80.611
46612119625,0.38598377,0.64548790,0.65399110,-0.08159400,150.380,37.604,80.462
46632119700,0.38836271,0.64473850,0.65333128,-0.08151656,150.078,37.776,80.311
46652119825,0.39073908,0.64398474,0.65266711,-0.08143858,149.776,37.947,80.158
46672119925,0.39311284,0.64322674,0.65199858,-0.08136005,149.472,38.118,80.004
46692120025,0.39548400,0.64246446,0.65132570,-0.08128098,149.167,38.288,79.849
46712120100,0.39785251,0.64169794,0.65064853,-0.08120137,148.861,38.458,79.692
46732120225,0.40021837,0.64092708,0.64996701,-0.08112122,148.554,38.627,79.533
46752120325,0.40258157,0.64015198,0.64928114,-0.08104053,148.245,38.795,79.373
46772120400,0.40494144,0.63936740,0.64859605,-0.08096252,147.935,38.963,79.212
46792120500,0.40729794,0.63857341,0.64791173,-0.08088721,147.625,39.131,79.051
46832120725,0.40965110,0.63777000,0.64722824,-0.08081461,147.314,39.298,78.889
46852120825,0.41200089,0.63695711,0.64654553,-0.08074474,147.002,39.466,78.727
46872120925,0.41434795,0.63614005,0.64585853,-0.08067434,146.689,39.632,78.563
46892121025,0.41669226,0.63531876,0.64516723,-0.08060340,146.374,39.799,78.397
46912121125,0.41903377,0.63449323,0.64447165,-0.08053192,146.058,39.964,78.230
46932121225,0.42137250,0.63366342,0.64377171,-0.08045991,145.741,40.129,78.061
46952121325,0.42370844,0.63282949,0.64306754,-0.08038736,145.422,40.292,77.891
46972121425,0.42605174,0.63198721,0.64235634,-0.08031420,145.101,40.456,77.718
46992121525,0.42840233,0.63113672,0.64163804,-0.08024041,144.776,40.620,77.543
47012121625,0.43076020,0.63027781,0.64091259,-0.08016598,144.449,40.784,77.366
47032121725,0.43312526,0.62941051,0.64017993,-0.08009093,144.119,40.948,77.186
47052121825,0.43548733,0.62853885,0.63944292,-0.08001532,143.788,41.111,77.005
47072121925,0.43784642,0.62766290,0.63870144,-0.07993916,143.455,41.274,76.822
47092122025,0.44020247,0.62678260,0.63795561,-0.07986245,143.120,41.435,76.637
47112122125,0.44255552,0.62589800,0.63720530,-0.07978520,142.784,41.596,76.451
47132122225,0.44490549,0.62500912,0.63645071,-0.07970738,142.447,41.756,76.262
47152122325,0.44725242,0.62411588,0.63569164,-0.07962903,142.108,41.915,76.072
47172122375,0.44959560,0.62321329,0.63493323,-0.07955369,141.768,42.074,75.882
47192122525,0.45193508,0.62230128,0.63417542,-0.07948141,141.427,42.232,75.690
47212122625,0.45427081,0.62137997,0.63341820,-0.07941218,141.085,42.390,75.498
47232122725,0.45660275,0.62044936,0.63266164,-0.07934605,140.742,42.548,75.305
47252122825,0.45893160,0.61951441,0.63190067,-0.07927936,140.398,42.705,75.110
47272122925,0.46125725,0.61857522,0.63113534,-0.07921213,140.052,42.862,74.913
47292123000,0.46357974,0.61763179,0.63036573,-0.07914435,139.704,43.017,74.715
47312123125,0.46589905,0.61668414,0.62959176,-0.07907602,139.355,43.171,74.514
47332123225,0.46821514,0.61573219,0.62881345,-0.07900716,139.004,43.325,74.312
47352123325,0.47052801,0.61477602,0.62803078,-0.07893775,138.651,43.478,74.109
47372123425,0.47283763,0.61381561,0.62724382,-0.07886779,138.297,43.629,73.903
47392123525,0.47514403,0.61285096,0.62645257,-0.07879730,137.942,43.780,73.695
47412123000,0.47744712,0.61188215,0.62565696,-0.07872626,137.584,43.930,73.486
47522126675,0.47974697,0.61090910,0.62485707,-0.07865468,137.225,44.079,73.275
47542125950,0.48204347,0.60993183,0.62405288,-0.07858256,136.864,44.227,73.062
47562125475,0.48433667,0.60895038,0.62324440,-0.07850990,136.502,44.374,72.847
47582125000,0.48663703,0.60796523,0.62242347,-0.07843271,136.136,44.520,72.629
47602124575,0.48894441,0.60697627,0.62159014,-0.07835097,135.766,44.665,72.407
47622124675,0.49125883,0.60598350,0.62074429,-0.07826465,135.391,44.809,72.181
47642124775,0.49358016,0.60498679,0.61988586,-0.07817374,135.013,44.952,71.951
47662124850,0.49589798,0.60398579,0.61902303,-0.07808227,134.634,45.094,71.720
47682124975,0.49821228,0.60298049,0.61815578,-0.07799025,134.252,45.235,71.487
47702125075,0.50052303,0.60197091,0.61728418,-0.07789767,133.869,45.375,71.251
47722125175,0.50283015,0.60095698,0.61640811,-0.07780453,133.484,45.513,71.014
47742125275,0.50513375,0.59993881,0.61552769,-0.07771084,133.097,45.651,70.775
47762125375,0.50743371,0.59891635,0.61464286,-0.07761659,132.708,45.787,70.534
47782125475,0.50969326,0.59792316,0.61375308,-0.07751013,132.322,45.918,70.293
47802125575,0.51191241,0.59695935,0.61285865,-0.07739145,131.940,46.043,70.050
47822125650,0.51409143,0.59602517,0.61195982,-0.07726049,131.560,46.162,69.808
47842125775,0.51623046,0.59512079,0.61105675,-0.07711723,131.183,46.276,69.565
47862125850,0.51836622,0.59421265,0.61014986,-0.07697350,130.804,46.389,69.320
47882125950,0.52049881,0.59330088,0.60923916,-0.07682928,130.425,46.501,69.074
47902126075,0.52262813,0.59238535,0.60832465,-0.07668458,130.043,46.611,68.826
47922126175,0.52475417,0.59146619,0.60740638,-0.07653940,129.661,46.721,68.577
47942126275,0.52687699,0.59054333,0.60648435,-0.07639375,129.276,46.829,68.326
47962126375,0.52899647,0.58961678,0.60555851,-0.07624763,128.891,46.936,68.074
47982126450,0.53110254,0.58868653,0.60463727,-0.07610539,128.506,47.042,67.822
48002126575,0.53319520,0.58775276,0.60372061,-0.07596704,128.122,47.147,67.570
48022126675,0.53527451,0.58681542,0.60280865,-0.07583263,127.739,47.251,67.319
48042126750,0.53734046,0.58587462,0.60190141,-0.07570216,127.357,47.354,67.068
48062141550,0.53940326,0.58493030,0.60099059,-0.07557124,126.973,47.456,66.815
48102125775,0.54146272,0.58398247,0.60007614,-0.07543986,126.588,47.557,66.561
48122127175,0.54351902,0.58303112,0.59915811,-0.07530803,126.202,47.657,66.306
48142127275,0.54557204,0.58207631,0.59823650,-0.07517575,125.814,47.755,66.049
48162127375,0.54762179,0.58111805,0.59731132,-0.07504302,125.425,47.852,65.791
48182127475,0.54967761,0.58015126,0.59637874,-0.07490972,125.032,47.949,65.530
48202127575,0.55173951,0.57917595,0.59543872,-0.07477582,124.637,48.045,65.266
48222127675,0.55380744,0.57819211,0.59449124,-0.07464134,124.238,48.140,65.000
48242127775,0.55588132,0.57719964,0.59353632,-0.07450626,123.837,48.235,64.731
48262127875,0.55795175,0.57620358,0.59257764,-0.07437072,123.433,48.328,64.461
48282127975,0.56001866,0.57520401,0.59161532,-0.07423472,123.029,48.420,64.189
48302128075,0.56208211,0.57420081,0.59064931,-0.07409826,122.623,48.511,63.916
48322128175,0.56414211,0.57319403,0.58967960,-0.07396133,122.216,48.600,63.641
48342128275,0.56619853,0.57218373,0.58870625,-0.07382395,121.807,48.688,63.365
48362128375,0.56825149,0.57116979,0.58772922,-0.07368611,121.397,48.775,63.087
48382128475,0.57030088,0.57015240,0.58674854,-0.07354781,120.985,48.861,62.809
48402128575,0.57234675,0.56913143,0.58576423,-0.07340905,120.573,48.945,62.528
48422128675,0.57438904,0.56810689,0.58477628,-0.07326984,120.159,49.028,62.246
48442128750,0.57642776,0.56707883,0.58378470,-0.07313017,119.743,49.109,61.963
48462128850,0.57846290,0.56604725,0.58278948,-0.07299004,119.327,49.190,61.679
48482128975,0.58049446,0.56501216,0.58179063,-0.07284947,118.909,49.268,61.393
48502129075,0.58252239,0.56397361,0.58078820,-0.07270844,118.490,49.346,61.106
48522129175,0.58454674,0.56293148,0.57978213,-0.07256696,118.069,49.422,60.817
48542129250,0.58656740,0.56188583,0.57877243,-0.07242502,117.648,49.497,60.528
48562129375,0.58858448,0.56083673,0.57775921,-0.07228263,117.225,49.570,60.236
48582129475,0.59059840,0.55978876,0.57673782,-0.07213510,116.800,49.641,59.944
48602129575,0.59260929,0.55874193,0.57570845,-0.07198239,116.374,49.710,59.649
48622129675,0.59461707,0.55769622,0.57467097,-0.07182451,115.946,49.776,59.352
48642129775,0.59662169,0.55665159,0.57362550,-0.07166142,115.517,49.841,59.054
48662129875,0.59862256,0.55560356,0.57257646,-0.07149789,115.086,49.904,58.754
48682129975,0.60061973,0.55455202,0.57152379,-0.07133391,114.655,49.965,58.453
48732130225,0.60261321,0.55349702,0.57046765,-0.07116950,114.222,50.025,58.152
48752130325,0.60460287,0.55243856,0.56940788,-0.07100463,113.789,50.084,57.849
48772130425,0.60658878,0.55137670,0.56834459,-0.07083932,113.354,50.141,57.545
48792130525,0.60857034,0.55030686,0.56728220,-0.07067843,112.919,50.197,57.241
48812130625,0.61054754,0.54922903,0.56622064,-0.07052195,112.483,50.253,56.936
48832130725,0.61252040,0.54814327,0.56515992,-0.07036991,112.047,50.308,56.631
48852130825,0.61448890,0.54704958,0.56410009,-0.07022233,111.610,50.363,56.325
48872130925,0.61645359,0.54595256,0.56303680,-0.07007431,111.173,50.416,56.018
48892131025,0.61841440,0.54485208,0.56196994,-0.06992585,110.734,50.467,55.710
48912131125,0.62037140,0.54374820,0.56089962,-0.06977697,110.294,50.517,55.402
48932131225,0.62232453,0.54264098,0.55982584,-0.06962764,109.854,50.566,55.092
48952131325,0.62427378,0.54153037,0.55874854,-0.06947789,109.413,50.613,54.782
48972131425,0.62621915,0.54041636,0.55766779,-0.06932770,108.971,50.658,54.471
48992131525,0.62817764,0.53928345,0.55657893,-0.06918181,108.524,50.703,54.156
49012131625,0.63014901,0.53813148,0.55548191,-0.06904021,108.073,50.749,53.839
49032131725,0.63213325,0.53696042,0.55437660,-0.06890293,107.618,50.794,53.518
49052131825,0.63413018,0.53577018,0.55326295,-0.06876996,107.158,50.839,53.194
49072131925,0.63612294,0.53457636,0.55214560,-0.06863654,106.697,50.882,52.869
49092132025,0.63811141,0.53337896,0.55102456,-0.06850266,106.236,50.924,52.543
49112132125,0.64009565,0.53217804,0.54989988,-0.06836832,105.774,50.964,52.217
49132132225,0.64207560,0.53097355,0.54877150,-0.06823352,105.311,51.002,51.890
49152132325,0.64405131,0.52976555,0.54763949,-0.06809828,104.847,51.038,51.562
49172132425,0.64602268,0.52855402,0.54650384,-0.06796257,104.382,51.073,51.233
49192132525,0.64798981,0.52733892,0.54536456,-0.06782641,103.917,51.107,50.903
49212132625,0.64995253,0.52612036,0.54422158,-0.06768981,103.452,51.138,50.573
49232133225,0.65191102,0.52489823,0.54307503,-0.06755275,102.985,51.168,50.243
49252132825,0.65386510,0.52367270,0.54192483,-0.06741524,102.519,51.196,49.912
49272132925,0.65581483,0.52244359,0.54077107,-0.06727728,102.051,51.223,49.580
49292133025,0.65776020,0.52121103,0.53961366,-0.06713888,101.583,51.248,49.247
49312133125,0.65970123,0.51997501,0.53845268,-0.06700002,101.115,51.271,48.915
49352133325,0.66163784,0.51873553,0.53728807,-0.06686072,100.646,51.292,48.581
49372133425,0.66356999,0.51749259,0.53611994,-0.06672098,100.177,51.312,48.248
49392133525,0.66549724,0.51624191,0.53495234,-0.06658608,99.708,51.331,47.914
49412133625,0.66741955,0.51498353,0.53378528,-0.06645606,99.238,51.349,47.580
49432133725,0.66933686,0.51371741,0.53261882,-0.06633094,98.769,51.366,47.246
49452133825,0.67124915,0.51244366,0.53145289,-0.06621072,98.299,51.383,46.912
49472133925,0.67315698,0.51116651,0.53028345,-0.06609006,97.829,51.398,46.577
49492134025,0.67506039,0.50988597,0.52911049,-0.06596897,97.358,51.411,46.242
49512134125,0.67695928,0.50860202,0.52793401,-0.06584743,96.888,51.422,45.907
49532134200,0.67885363,0.50731468,0.52675396,-0.06572545,96.417,51.432,45.572
49552134325,0.68074352,0.50602394,0.52557045,-0.06560305,95.946,51.440,45.237
49572134425,0.68262881,0.50472987,0.52438349,-0.06548019,95.475,51.446,44.901
49592134525,0.68451834,0.50343060,0.52318400,-0.06535130,95.001,51.449,44.564
49612134600,0.68641198,0.50212616,0.52197200,-0.06521633,94.525,51.450,44.225
49632134725,0.68830961,0.50081646,0.52074748,-0.06507528,94.048,51.449,43.884
49652134825,0.69021124,0.49950147,0.51951045,-0.06492812,93.568,51.445,43.542
49672134900,0.69210809,0.49818301,0.51826978,-0.06478051,93.088,51.439,43.200
49692135025,0.69400012,0.49686113,0.51702559,-0.06463246,92.608,51.431,42.859
49712135125,0.69588745,0.49553582,0.51577783,-0.06448396,92.129,51.422,42.517
49732135225,0.69776994,0.49420708,0.51452649,-0.06433503,91.650,51.410,42.176
49752135325,0.69964761,0.49287495,0.51327157,-0.06418563,91.171,51.397,41.835
49772135425,0.70152044,0.49153942,0.51201314,-0.06403581,90.692,51.382,41.494
49792135525,0.70338798,0.49019641,0.51075512,-0.06389114,90.214,51.367,41.153
49812135625,0.70525008,0.48884591,0.50949746,-0.06375165,89.735,51.350,40.813
49832135725,0.70710689,0.48748800,0.50824022,-0.06361736,89.258,51.333,40.473
49852135775,0.70895827,0.48612267,0.50698340,-0.06348827,88.780,51.314,40.134
49872135925,0.71080476,0.48475400,0.50572306,-0.06335876,88.303,51.294,39.795
49892136025,0.71264642,0.48338199,0.50445920,-0.06322881,87.827,51.272,39.456
49912136125,0.71448308,0.48200664,0.50319189,-0.06309842,87.350,51.249,39.118
49932136225,0.71631491,0.48062795,0.50192112,-0.06296760,86.875,51.224,38.780
49992136525,0.71814173,0.47924596,0.50064695,-0.06283634,86.400,51.196,38.443
50012136600,0.71997094,0.47785044,0.49936783,-0.06271021,85.923,51.168,38.105
50032136725,0.72180241,0.47644132,0.49808383,-0.06258923,85.445,51.140,37.766
50052136825,0.72363615,0.47501862,0.49679485,-0.06247341,84.965,51.110,37.426
50072136925,0.72547197,0.47358230,0.49550086,-0.06236275,84.483,51.079,37.085
50092137025,0.72730267,0.47214258,0.49420336,-0.06225164,84.003,51.046,36.745
50112137100,0.72912818,0.47069952,0.49290231,-0.06214009,83.522,51.012,36.405
50132136675,0.73094845,0.46925312,0.49159777,-0.06202810,83.043,50.976,36.066
50242140350,0.73276353,0.46780336,0.49028975,-0.06191566,82.564,50.938,35.728
50262139650,0.73457342,0.46635029,0.48897821,-0.06180279,82.086,50.898,35.391
50282139200,0.73637807,0.46489388,0.48766321,-0.06168947,81.609,50.856,35.054
50302138725,0.73817748,0.46343416,0.48634472,-0.06157571,81.133,50.813,34.719
50322138175,0.73997164,0.46197113,0.48502278,-0.06146152,80.657,50.768,34.384
50342138275,0.74176055,0.46050483,0.48369738,-0.06134689,80.183,50.721,34.050
50362138375,0.74354416,0.45903525,0.48236853,-0.06123183,79.709,50.673,33.717
50382138475,0.74530143,0.45759329,0.48104167,-0.06109906,79.243,50.620,33.391
50402138575,0.74703252,0.45617905,0.47971690,-0.06094857,78.785,50.564,33.070
50422138675,0.74873769,0.45479262,0.47839445,-0.06078035,78.334,50.504,32.755
50442138775,0.75041705,0.45343411,0.47707447,-0.06059434,77.891,50.440,32.447
50462138875,0.75209159,0.45207265,0.47575140,-0.06040794,77.450,50.375,32.140
50482138975,0.75376129,0.45070830,0.47442529,-0.06022115,77.009,50.308,31.834
50502139075,0.75542611,0.44934106,0.47309610,-0.06003397,76.570,50.240,31.530
50522139175,0.75708610,0.44797090,0.47176388,-0.05984641,76.132,50.170,31.227
50542139275,0.75874114,0.44659784,0.47042862,-0.05965846,75.695,50.099,30.925
50562139375,0.76039135,0.44522193,0.46909031,-0.05947013,75.259,50.026,30.624
50582139475,0.76202935,0.44384971,0.46775460,-0.05928160,74.827,49.952,30.326
50622139675,0.76365525,0.44248122,0.46642154,-0.05909289,74.398,49.877,30.031
50642139775,0.76526904,0.44111651,0.46509117,-0.05890400,73.972,49.801,29.738
50662139875,0.76687086,0.43975565,0.46376354,-0.05871493,73.549,49.724,29.448
50682139975,0.76846790,0.43839204,0.46243301,-0.05852550,73.128,49.645,29.160
50702140075,0.77006012,0.43702573,0.46109962,-0.05833571,72.708,49.565,28.873
50722140175,0.77164757,0.43565667,0.45976335,-0.05814555,72.289,49.483,28.587
50742140275,0.77323025,0.43428493,0.45842424,-0.05795503,71.871,49.400,28.302
50762140375,0.77480811,0.43291047,0.45708227,-0.05776415,71.455,49.316,28.020
50782140475,0.77637500,0.43154728,0.45573628,-0.05756072,71.043,49.229,27.740
50802140550,0.77793092,0.43019542,0.45438635,-0.05734472,70.635,49.139,27.465
50822140675,0.77947599,0.42885482,0.45303252,-0.05711614,70.231,49.047,27.193
50842140775,0.78101015,0.42752561,0.45167491,-0.05687495,69.831,48.952,26.925
50862140875,0.78253967,0.42619377,0.45031452,-0.05663342,69.432,48.855,26.658
50882140950,0.78406447,0.42485940,0.44895145,-0.05639155,69.035,48.758,26.393
50902141075,0.78558451,0.42352247,0.44758567,-0.05614934,68.639,48.659,26.130
50922141175,0.78709984,0.42218298,0.44621721,-0.05590679,68.245,48.559,25.868
50942141275,0.78861046,0.42084095,0.44484603,-0.05566391,67.852,48.458,25.608
50962141375,0.79011625,0.41949639,0.44347221,-0.05542069,67.461,48.356,25.349
50982141475,0.79161650,0.41814220,0.44210240,-0.05518975,67.071,48.254,25.091
51002141575,0.79311788,0.41677168,0.44073072,-0.05497095,66.679,48.153,24.832
51022141675,0.79462045,0.41538477,0.43935713,-0.05476429,66.286,48.051,24.572
51042141775,0.79612410,0.41398156,0.43798158,-0.05456980,65.892,47.950,24.311
51062141850,0.79762959,0.41256896,0.43659738,-0.05437478,65.497,47.847,24.051
51082141975,0.79913014,0.41115379,0.43521047,-0.05417943,65.104,47.743,23.792
51102142075,0.80062574,0.40973607,0.43382084,-0.05398374,64.712,47.637,23.535
51122142175,0.80211639,0.40831578,0.43242851,-0.05378772,64.322,47.531,23.279
51142142275,0.80360198,0.40689299,0.43103352,-0.05359136,63.934,47.423,23.025
51162142375,0.80508262,0.40546766,0.42963582,-0.05339466,63.547,47.314,22.773
51182142450,0.80655783,0.40403637,0.42823872,-0.05320407,63.161,47.205,22.522
51202142575,0.80802763,0.40259916,0.42684215,-0.05301960,62.776,47.096,22.271
51222142650,0.80949193,0.40115604,0.42544618,-0.05284125,62.392,46.986,22.022
51262142875,0.81095082,0.39970702,0.42405075,-0.05266904,62.009,46.876,21.774
51282142975,0.81240469,0.39825553,0.42265272,-0.05249650,61.627,46.764,21.527
51302143075,0.81385350,0.39680153,0.42125204,-0.05232364,61.247,46.652,21.282
51322143150,0.81529725,0.39534512,0.41984877,-0.05215044,60.869,46.539,21.038
51342143275,0.81673592,0.39388624,0.41844288,-0.05197693,60.492,46.424,20.796
51362143375,0.81816959,0.39242491,0.41703439,-0.05180310,60.117,46.308,20.555
51382143475,0.81959814,0.39096114,0.41562331,-0.05162894,59.743,46.192,20.317
51402143575,0.82102203,0.38949829,0.41420653,-0.05144792,59.371,46.073,20.080
51422143675,0.82244122,0.38803631,0.41278407,-0.05126002,59.001,45.952,19.846
51442143775,0.82385570,0.38657522,0.41135594,-0.05106523,58.633,45.830,19.614
51462143875,0.82526547,0.38511503,0.40992218,-0.05086353,58.267,45.706,19.384
51482143975,0.82667017,0.38365242,0.40848586,-0.05066152,57.903,45.581,19.156
51502144075,0.82806969,0.38218743,0.40704700,-0.05045920,57.540,45.455,18.930
51522144175,0.82946402,0.38072008,0.40560561,-0.05025656,57.178,45.328,18.706
51542144275,0.83085322,0.37925035,0.40416169,-0.05005361,56.819,45.199,18.483
51562144375,0.83223730,0.37777826,0.40271530,-0.04985034,56.460,45.070,18.261
51582144475,0.83361620,0.37630382,0.40126637,-0.04964677,56.103,44.940,18.042
51602144575,0.83500224,0.37481293,0.39980239,-0.04944249,55.745,44.808,17.821
51622144675,0.83639538,0.37330550,0.39832333,-0.04923750,55.384,44.674,17.601
51642144775,0.83779538,0.37178150,0.39682907,-0.04903178,55.022,44.538,17.380
51662144850,0.83920211,0.37024084,0.39531961,-0.04882534,54.658,44.400,17.158
51682144975,0.84060329,0.36869773,0.39380750,-0.04861857,54.296,44.261,16.939
51702145050,0.84199882,0.36715215,0.39229277,-0.04841148,53.936,44.120,16.721
51722145175,0.84338874,0.36560413,0.39077541,-0.04820406,53.576,43.979,16.504
51742145275,0.84477305,0.36405367,0.38925543,-0.04799633,53.219,43.837,16.290
51762145375,0.84615171,0.36250079,0.38773289,-0.04778827,52.863,43.694,16.077
51782144175,0.84752470,0.36094546,0.38620773,-0.04757989,52.509,43.550,15.866
51802145575,0.84889126,0.35938159,0.38468578,-0.04738474,52.155,43.407,15.656
51822145650,0.85025144,0.35780913,0.38316703,-0.04720283,51.802,43.264,15.445
51842145775,0.85160524,0.35622820,0.38165140,-0.04703419,51.449,43.121,15.235
51892146025,0.85295254,0.35463879,0.38013896,-0.04687886,51.097,42.979,15.024
51912146100,0.85429424,0.35304701,0.37862396,-0.04672321,50.746,42.836,14.816
51932146225,0.85563022,0.35145289,0.37710646,-0.04656726,50.397,42.692,14.609
51952146325,0.85696054,0.34985644,0.37558645,-0.04641099,50.049,42.547,14.403
51972146400,0.85828507,0.34825766,0.37406394,-0.04625442,49.703,42.402,14.200
51992146525,0.85960436,0.34665954,0.37253612,-0.04609068,49.359,42.254,13.999
52012146625,0.86091822,0.34506211,0.37100309,-0.04591976,49.016,42.105,13.800
52032146725,0.86222678,0.34346536,0.36946481,-0.04574167,48.676,41.955,13.604
52052146825,0.86352992,0.34186924,0.36792135,-0.04555637,48.338,41.803,13.410
52072147875,0.86482733,0.34027085,0.36637545,-0.04537078,48.002,41.650,13.218
52092147025,0.86611897,0.33867019,0.36482707,-0.04518488,47.667,41.496,13.028
52112147125,0.86740482,0.33706728,0.36327627,-0.04499868,47.333,41.342,12.839
52132147225,0.86868489,0.33546212,0.36172307,-0.04481218,47.001,41.187,12.652
52152147325,0.86995918,0.33385473,0.36016744,-0.04462538,46.670,41.030,12.466
52172147425,0.87122768,0.33224511,0.35860944,-0.04443828,46.341,40.873,12.283
52192147525,0.87249589,0.33062595,0.35704240,-0.04425068,46.012,40.715,12.100
52212147625,0.87376368,0.32899722,0.35546634,-0.04406257,45.682,40.555,11.917
52232147725,0.87503099,0.32735896,0.35388124,-0.04387394,45.353,40.394,11.736
52252147825,0.87629777,0.32571107,0.35228705,-0.04368480,45.024,40.231,11.555
52272147925,0.87755847,0.32406095,0.35069045,-0.04349536,44.696,40.068,11.376
52292148000,0.87881309,0.32240859,0.34909144,-0.04330562,44.370,39.903,11.199
52312148125,0.88006169,0.32075402,0.34749001,-0.04311558,44.045,39.738,11.023
52332148225,0.88130420,0.31909722,0.34588617,-0.04292525,43.721,39.573,10.849
52352148325,0.88254064,0.31743822,0.34427997,-0.04273462,43.399,39.406,10.676
52372148425,0.88377100,0.31577703,0.34267136,-0.04254369,43.078,39.239,10.506
52392148525,0.88499987,0.31410077,0.34105873,-0.04236637,42.757,39.071,10.334
52412148625,0.88622701,0.31240946,0.33944201,-0.04220268,42.434,38.904,10.161
52432148725,0.88745254,0.31070313,0.33782116,-0.04205264,42.110,38.736,9.988
52452148825,0.88867623,0.30898175,0.33619609,-0.04191627,41.785,38.568,9.813
52472148925,0.88989365,0.30725819,0.33456865,-0.04177960,41.461,38.399,9.640
52522149175,0.89110470,0.30553243,0.33293882,-0.04164264,41.139,38.230,9.469
52542149275,0.89230937,0.30380452,0.33130661,-0.04150538,40.818,38.059,9.299
52562149375,0.89350772,0.30207440,0.32967207,-0.04136782,40.498,37.888,9.131
52582149475,0.89469975,0.30034217,0.32803515,-0.04122997,40.180,37.716,8.965
52602149575,0.89588070,0.29861790,0.32640034,-0.04108490,39.866,37.544,8.802
52622149675,0.89705068,0.29690161,0.32476768,-0.04093261,39.554,37.371,8.642
52642149775,0.89820975,0.29519334,0.32313722,-0.04077308,39.246,37.197,8.485
52662149875,0.89935803,0.29349312,0.32150900,-0.04060632,38.941,37.023,8.331
52682149975,0.90050012,0.29179090,0.31987858,-0.04043928,38.637,36.848,8.179
52702150075,0.90163594,0.29008663,0.31824595,-0.04027196,38.334,36.673,8.028
52722150150,0.90276563,0.28838038,0.31661114,-0.04010436,38.033,36.497,7.879
52742150250,0.90388906,0.28667215,0.31497416,-0.03993649,37.733,36.320,7.731
52762150375,0.90500629,0.28496194,0.31333497,-0.03976834,37.434,36.143,7.585
52782150475,0.90611726,0.28324977,0.31169367,-0.03959992,37.136,35.965,7.440
52802150550,0.90722638,0.28152558,0.31004551,-0.03943824,36.838,35.787,7.296
52822150675,0.90833366,0.27978942,0.30839053,-0.03928330,36.539,35.607,7.151
52842150525,0.90943885,0.27804121,0.30672866,-0.03913512,36.240,35.427,7.006
52952153925,0.91054201,0.27628103,0.30505988,-0.03899369,35.940,35.246,6.860
52972153300,0.91163868,0.27451888,0.30338895,-0.03885199,35.641,35.064,6.717
52992152800,0.91272914,0.27275720,0.30171365,-0.03870273,35.344,34.881,6.576
53012152350,0.91381341,0.27099597,0.30003402,-0.03854590,35.049,34.697,6.437
53032151725,0.91489154,0.26923522,0.29835010,-0.03838149,34.755,34.512,6.300
53052151825,0.91596341,0.26747495,0.29666188,-0.03820950,34.463,34.326,6.166
53072151925,0.91702873,0.26571277,0.29497156,-0.03803724,34.172,34.139,6.033
53092152000,0.91808754,0.26394868,0.29327914,-0.03786470,33.883,33.952,5.902
53112152125,0.91913980,0.26218271,0.29158461,-0.03769190,33.594,33.764,5.772
53152152325,0.92018551,0.26041487,0.28988802,-0.03751883,33.307,33.576,5.644
53172152425,0.92122465,0.25864518,0.28818938,-0.03734549,33.021,33.387,5.517
53192152500,0.92223644,0.25691888,0.28651783,-0.03715099,32.744,33.200,5.397
53212152600,0.92322123,0.25523606,0.28487355,-0.03693531,32.475,33.015,5.284
53232152725,0.92417938,0.25359678,0.28325674,-0.03669845,32.215,32.832,5.178
53252152800,0.92511129,0.25200111,0.28166756,-0.03644041,31.964,32.651,5.079
53272152925,0.92603767,0.25040394,0.28007668,-0.03618214,31.713,32.469,4.981
53292153025,0.92695850,0.24880527,0.27848414,-0.03592366,31.464,32.287,4.884
53312153125,0.92787373,0.24720509,0.27688992,-0.03566496,31.215,32.105,4.788
53332153200,0.92878336,0.24560344,0.27529401,-0.03540605,30.967,31.922,4.694
53352153325,0.92968744,0.24400032,0.27369648,-0.03514692,30.720,31.739,4.601
53372153425,0.93058598,0.24239573,0.27209729,-0.03488758,30.474,31.556,4.508
53392153525,0.93147862,0.24078751,0.27049839,-0.03463547,30.228,31.373,4.416
53412153625,0.93236536,0.23917568,0.26889983,-0.03439060,29.983,31.190,4.324
53432153725,0.93324625,0.23756026,0.26730153,-0.03415296,29.737,31.007,4.232
53452153825,0.93412131,0.23594128,0.26570353,-0.03392258,29.493,30.824,4.141
53472153925,0.93499070,0.23432089,0.26410395,-0.03369199,29.249,30.641,4.050
53492154025,0.93585455,0.23269910,0.26250279,-0.03346121,29.005,30.458,3.961
53512154125,0.93671280,0.23107591,0.26090005,-0.03323022,28.763,30.274,3.872
53532154225,0.93756539,0.22945134,0.25929576,-0.03299903,28.521,30.090,3.785
53552154325,0.93841237,0.22782540,0.25768989,-0.03276765,28.280,29.905,3.699
53572154425,0.93925375,0.22619809,0.25608248,-0.03253607,28.040,29.721,3.613
53592154525,0.94009328,0.22456165,0.25446630,-0.03230405,27.800,29.535,3.529
53612154625,0.94093096,0.22291608,0.25284132,-0.03207160,27.559,29.348,3.444
53632154725,0.94176668,0.22126137,0.25120750,-0.03183871,27.317,29.160,3.361
53652154825,0.94260037,0.21959750,0.24956489,-0.03160539,27.076,28.971,3.278
53672154925,0.94342816,0.21793227,0.24792072,-0.03137187,26.835,28.781,3.196
53692155025,0.94425005,0.21626569,0.24627501,-0.03113815,26.594,28.591,3.115
53712155125,0.94506615,0.21459776,0.24462776,-0.03090425,26.355,28.401,3.035
53732155225,0.94587630,0.21292850,0.24297899,-0.03067015,26.116,28.211,2.957
53752155325,0.94668061,0.21125792,0.24132870,-0.03043585,25.878,28.020,2.879
53792155525,0.94747907,0.20958602,0.23967694,-0.03020137,25.641,27.829,2.802
53812155625,0.94827133,0.20791093,0.23802534,-0.02997428,25.404,27.638,2.726
53832155725,0.94905752,0.20623261,0.23637393,-0.02975457,25.167,27.448,2.649
53852155825,0.94983751,0.20455113,0.23472269,-0.02954226,24.930,27.257,2.573
53872155925,0.95061141,0.20286651,0.23307164,-0.02933736,24.694,27.066,2.497
53892156025,0.95137942,0.20118064,0.23141915,-0.02913227,24.459,26.876,2.421
53912156125,0.95214152,0.19949351,0.22976521,-0.02892700,24.224,26.685,2.347
53932156200,0.95289773,0.19780514,0.22810985,-0.02872156,23.989,26.493,2.274
53952156325,0.95364803,0.19611555,0.22645308,-0.02851593,23.756,26.302,2.201
53972156425,0.95439237,0.19442475,0.22479489,-0.02831013,23.523,26.110,2.130
53992156525,0.95513105,0.19273452,0.22313376,-0.02809653,23.291,25.917,2.061
54012156625,0.95587057,0.19102918,0.22145487,-0.02787464,23.058,25.723,1.992
54032156725,0.95661086,0.18930864,0.21975823,-0.02764444,22.824,25.526,1.925
54052156825,0.95735168,0.18757293,0.21804379,-0.02740594,22.589,25.326,1.859
54072156925,0.95809263,0.18582022,0.21631305,-0.02716676,22.352,25.125,1.793
54092157025,0.95882720,0.18406628,0.21458088,-0.02692741,22.116,24.923,1.729
54112157125,0.95955533,0.18231110,0.21284726,-0.02668787,21.880,24.722,1.665
54132157225,0.96027708,0.18055472,0.21111223,-0.02644816,21.645,24.520,1.602
54152157325,0.96099246,0.17879711,0.20937578,-0.02620827,21.411,24.317,1.541
54172157425,0.96170139,0.17703833,0.20763795,-0.02596820,21.178,24.115,1.480
54192157525,0.96240371,0.17527670,0.20590013,-0.02573565,20.944,23.912,1.419
54212157625,0.96309638,0.17352016,0.20416984,-0.02551086,20.712,23.711,1.359
54232157700,0.96377951,0.17176875,0.20244709,-0.02529384,20.481,23.511,1.299
54252157825,0.96445310,0.17002250,0.20073187,-0.02508460,20.252,23.311,1.240
54272157925,0.96511757,0.16828306,0.19902287,-0.02487545,20.024,23.112,1.182
54292158025,0.96577579,0.16654253,0.19731259,-0.02466613,19.796,22.913,1.125
54312158125,0.96642780,0.16480093,0.19560105,-0.02445666,19.569,22.714,1.068
54332158225,0.96707362,0.16305827,0.19388825,-0.02424703,19.343,22.514,1.013
54352158325,0.96771324,0.16131456,0.19217418,-0.02403724,19.117,22.315,0.959
54372158425,0.96834660,0.15956983,0.19045889,-0.02382730,18.892,22.115,0.905
54422158675,0.96897376,0.15782405,0.18874238,-0.02361720,18.667,21.915,0.853
54442158775,0.96960014,0.15606140,0.18700954,-0.02340646,18.441,21.713,0.801
54462158875,0.97022557,0.15428184,0.18526034,-0.02319507,18.213,21.509,0.749
54482158975,0.97084999,0.15248539,0.18349476,-0.02298303,17.983,21.303,0.697
54502159075,0.97147310,0.15067199,0.18171278,-0.02277033,17.753,21.095,0.646
54522159175,0.97208947,0.14885756,0.17992955,-0.02255748,17.522,20.887,0.596
54542159275,0.97269917,0.14704211,0.17814508,-0.02234447,17.292,20.679,0.546
54562159375,0.97330219,0.14522564,0.17635937,-0.02213131,17.063,20.471,0.498
54582159475,0.97389841,0.14340818,0.17457245,-0.02191800,16.834,20.262,0.451
54602159575,0.97448546,0.14159767,0.17279194,-0.02170478,16.607,20.054,0.405
54622159675,0.97506338,0.13979417,0.17101787,-0.02149167,16.381,19.847,0.360
54642159775,0.97563219,0.13799769,0.16925025,-0.02127866,16.156,19.641,0.316
54662159875,0.97619206,0.13620825,0.16748914,-0.02106575,15.933,19.435,0.273
54682159975,0.97674543,0.13441789,0.16572690,-0.02085271,15.711,19.229,0.232
54702160075,0.97729224,0.13262665,0.16396357,-0.02063953,15.489,19.023,0.191
54722160175,0.97783256,0.13083452,0.16219914,-0.02042621,15.267,18.817,0.151
54742160250,0.97836637,0.12904152,0.16043362,-0.02021275,15.046,18.611,0.112
54762160375,0.97889370,0.12724766,0.15866704,-0.01999916,14.825,18.405,0.074
54782160475,0.97941446,0.12545295,0.15689941,-0.01978544,14.604,18.198,0.037
54802160575,0.97993076,0.12364817,0.15512405,-0.01957916,14.383,17.991,359.999
54822160675,0.98044252,0.12183332,0.15334097,-0.01938032,14.161,17.783,359.962
54842160775,0.98094970,0.12000844,0.15155013,-0.01918893,13.938,17.574,359.924
54862160875,0.98145217,0.11817352,0.14975153,-0.01900500,13.714,17.364,359.885
54882160975,0.98194784,0.11633781,0.14795190,-0.01882094,13.490,17.154,359.848
54902161075,0.98243672,0.11450128,0.14615126,-0.01863674,13.267,16.944,359.811
54922161175,0.98291886,0.11266396,0.14434960,-0.01845242,13.045,16.734,359.776
54942161275,0.98339427,0.11082587,0.14254695,-0.01826798,12.822,16.524,359.741
54962161375,0.98386288,0.10898701,0.14074333,-0.01808340,12.600,16.313,359.707
54982161450,0.98432469,0.10714741,0.13893872,-0.01789870,12.379,16.103,359.674
55002161575,0.98477972,0.10530706,0.13713317,-0.01771388,12.157,15.892,359.642
55052161825,0.98522800,0.10346600,0.13532667,-0.01752894,11.937,15.681,359.611
55072161925,0.98566949,0.10162421,0.13351923,-0.01734387,11.716,15.470,359.581
55092162000,0.98610419,0.09978173,0.13171089,-0.01715869,11.496,15.259,359.551
55112162125,0.98653209,0.09793857,0.12990162,-0.01697338,11.276,15.048,359.523
55132162225,0.98695314,0.09609472,0.12809147,-0.01678796,11.056,14.837,359.495
55152162325,0.98736745,0.09425022,0.12628043,-0.01660243,10.837,14.625,359.468
55172162425,0.98777497,0.09240506,0.12446852,-0.01641678,10.618,14.414,359.442
55192162525,0.98817569,0.09055927,0.12265576,-0.01623102,10.400,14.203,359.417
55212162625,0.98856968,0.08871383,0.12084142,-0.01603725,10.182,13.991,359.394
55232162725,0.98895699,0.08686875,0.11902555,-0.01583547,9.964,13.779,359.372
55252162825,0.98933768,0.08502401,0.11720816,-0.01562568,9.747,13.567,359.352
55272162925,0.98971158,0.08317964,0.11538929,-0.01540788,9.530,13.354,359.334
55292163025,0.99007875,0.08133469,0.11356961,-0.01518997,9.314,13.141,359.317
55312163125,0.99043900,0.07948917,0.11174916,-0.01497196,9.098,12.929,359.301
55332163225,0.99079245,0.07764311,0.10992793,-0.01475384,8.882,12.716,359.285
55352163325,0.99113911,0.07579651,0.10810594,-0.01453562,8.666,12.504,359.271
55372163425,0.99147886,0.07394940,0.10628321,-0.01431731,8.451,12.291,359.257
55392163500,0.99181181,0.07210176,0.10445975,-0.01409889,8.236,12.078,359.244
55412163625,0.99213910,0.07024392,0.10262891,-0.01389596,8.020,11.864,359.230
55432163725,0.99246061,0.06837591,0.10079066,-0.01370854,7.802,11.650,359.214
55452163825,0.99277627,0.06649777,0.09894498,-0.01353661,7.584,11.435,359.198
55472163925,0.99308598,0.06460954,0.09709182,-0.01338020,7.364,11.220,359.180
55492164025,0.99338865,0.06272085,0.09523798,-0.01322369,7.145,11.004,359.164
55512163625,0.99368417,0.06083172,0.09338345,-0.01306709,6.926,10.788,359.148
55622167050,0.99397272,0.05894215,0.09152826,-0.01291039,6.707,10.572,359.133
55672165650,0.99425530,0.05704412,0.08966458,-0.01275334,6.487,10.355,359.119
55692165050,0.99453187,0.05513763,0.08779240,-0.01259594,6.267,10.138,359.105
55712165125,0.99480242,0.05322269,0.08591175,-0.01243819,6.046,9.919,359.092
55732165225,0.99506670,0.05129931,0.08402261,-0.01228008,5.824,9.699,359.081
55752165325,0.99532372,0.04937556,0.08213286,-0.01212188,5.603,9.479,359.069
55772165425,0.99557340,0.04745145,0.08024251,-0.01196360,5.381,9.260,359.059
55792165525,0.99581575,0.04552698,0.07835156,-0.01180522,5.160,9.040,359.050
55812165625,0.99604625,0.04364431,0.07649826,-0.01162420,4.944,8.824,359.044
55832165725,0.99626529,0.04180342,0.07468273,-0.01142054,4.733,8.613,359.043
55852165825,0.99647337,0.04000431,0.07290504,-0.01119424,4.528,8.406,359.046
55872165925,0.99667090,0.03824695,0.07116529,-0.01094530,4.327,8.204,359.052
55892166025,0.99686223,0.03648935,0.06942508,-0.01069629,4.127,8.001,359.059
55912166125,0.99704736,0.03473152,0.06768445,-0.01044721,3.927,7.799,359.067
55932166225,0.99722624,0.03297348,0.06594339,-0.01019807,3.726,7.596,359.076
55952166325,0.99739897,0.03121524,0.06420193,-0.00994886,3.526,7.394,359.085
55972166425,0.99756551,0.02945680,0.06246006,-0.00969960,3.326,7.192,359.095
55992166525,0.99772584,0.02769817,0.06071781,-0.00945027,3.126,6.989,359.106
56012166625,0.99787939,0.02594792,0.05898285,-0.00919318,2.927,6.788,359.118
56032166725,0.99802613,0.02420602,0.05725522,-0.00892832,2.729,6.587,359.132
56052166825,0.99816626,0.02247247,0.05553496,-0.00865569,2.532,6.388,359.148
56072167875,0.99829984,0.02074728,0.05382209,-0.00837531,2.336,6.189,359.165
56092167025,0.99842739,0.01902195,0.05210889,-0.00809487,2.140,5.990,359.183
56112167125,0.99854898,0.01729652,0.05039538,-0.00781438,1.944,5.792,359.202
56132167225,0.99866456,0.01557098,0.04868158,-0.00753385,1.748,5.593,359.221
56152167325,0.99877411,0.01384535,0.04696747,-0.00725327,1.553,5.395,359.241
56172167425,0.99887770,0.01211963,0.04525309,-0.00697265,1.357,5.197,359.262
56192167525,0.99897528,0.01039384,0.04353843,-0.00669199,1.161,4.998,359.283
56212167625,0.99906760,0.00865158,0.04180774,-0.00641874,0.963,4.798,359.304
56232167725,0.99915451,0.00689286,0.04006099,-0.00615290,0.763,4.597,359.325
56252167825,0.99923587,0.00511771,0.03829818,-0.00589448,0.562,4.393,359.346
56272167925,0.99931151,0.00332616,0.03651929,-0.00564347,0.358,4.188,359.366
56312168125,0.99938065,0.00153458,0.03474017,-0.00539242,0.155,3.983,359.387
56332168225,0.99944341,-0.00025700,0.03296083,-0.00514134,-0.049,3.778,359.409
56352168325,0.99949968,-0.00204858,0.03118127,-0.00489023,-0.253,3.572,359.431
56372168425,0.99954957,-0.00384015,0.02940151,-0.00463908,-0.456,3.368,359.455
56392168525,0.99959296,-0.00563169,0.02762157,-0.00438791,-0.660,3.163,359.479
56412168625,0.99962980,-0.00741518,0.02584940,-0.00413697,-0.863,2.959,359.503
56432168725,0.99966013,-0.00919060,0.02408501,-0.00388628,-1.065,2.756,359.529
56452168825,0.99968404,-0.01095794,0.02232843,-0.00363582,-1.266,2.554,359.555
56472168925,0.99970162,-0.01271720,0.02057967,-0.00338561,-1.466,2.353,359.582
56492169025,0.99971294,-0.01447637,0.01883079,-0.00313537,-1.667,2.153,359.609
56512169125,0.99971813,-0.01623546,0.01708178,-0.00288512,-1.867,1.952,359.637
56532169225,0.99971706,-0.01799445,0.01533267,-0.00263485,-2.067,1.751,359.666
56552169325,0.99970978,-0.01975333,0.01358346,-0.00238456,-2.268,1.551,359.696
56572169425,0.99969625,-0.02151208,0.01183417,-0.00213426,-2.469,1.351,359.726
56592169525,0.99967659,-0.02327070,0.01008481,-0.00188394,-2.669,1.150,359.757
56612169625,0.99965048,-0.02503718,0.00832741,-0.00163335,-2.871,0.949,359.789
56632169725,0.99961799,-0.02681150,0.00656198,-0.00138248,-3.074,0.747,359.821
56652169825,0.99957901,-0.02859364,0.00478854,-0.00113133,-3.278,0.545,359.855
56672169900,0.99953341,-0.03038360,0.00300709,-0.00087991,-3.483,0.341,359.889
56692170000,0.99948138,-0.03217336,0.00122562,-0.00062849,-3.688,0.138,359.923
56712170125,0.99942285,-0.03396292,-0.00055586,-0.00037706,-3.893,-0.065,359.959
56732170225,0.99935794,-0.03575225,-0.00233734,-0.00012563,-4.098,-0.268,359.995
56752170325,0.99928659,-0.03754136,-0.00411880,0.00012581,-4.303,-0.471,0.032
56772170425,0.99920875,-0.03933022,-0.00590023,0.00037724,-4.509,-0.674,0.070
56792170525,0.99912453,-0.04111883,-0.00768163,0.00062867,-4.714,-0.877,0.108
56812170600,0.99903387,-0.04290712,-0.00946330,0.00087211,-4.920,-1.079,0.146
56832170725,0.99893677,-0.04469505,-0.01124526,0.00110757,-5.126,-1.282,0.184
56852170825,0.99883324,-0.04648260,-0.01302750,0.00133504,-5.332,-1.484,0.222
56872170925,0.99872333,-0.04826976,-0.01481003,0.00155451,-5.538,-1.687,0.260
56892171000,0.99860698,-0.05005660,-0.01659246,0.00177398,-5.744,-1.889,0.298
56912171125,0.99848419,-0.05184311,-0.01837479,0.00199344,-5.951,-2.091,0.337
56952171325,0.99835497,-0.05362930,-0.02015700,0.00221288,-6.157,-2.293,0.377
56972171425,0.99821937,-0.05541514,-0.02193908,0.00243231,-6.364,-2.495,0.418
56992171525,0.99807733,-0.05720063,-0.02372102,0.00265173,-6.571,-2.697,0.459
57012171600,0.99792886,-0.05898574,-0.02550280,0.00287112,-6.778,-2.898,0.501
57032171725,0.99777400,-0.06077048,-0.02728442,0.00309050,-6.985,-3.100,0.544
57052171825,0.99761271,-0.06255483,-0.02906587,0.00330986,-7.193,-3.301,0.588
57072171900,0.99744499,-0.06433877,-0.03084712,0.00352920,-7.401,-3.502,0.632
57092172025,0.99727088,-0.06612230,-0.03262819,0.00374851,-7.609,-3.703,0.677
57112172125,0.99709034,-0.06790541,-0.03440903,0.00396780,-7.817,-3.904,0.723
57132172225,0.99690336,-0.06968807,-0.03618966,0.00418707,-8.025,-4.104,0.769
57152172325,0.99671000,-0.07147030,-0.03797006,0.00440631,-8.234,-4.305,0.817
57172172400,0.99651027,-0.07325206,-0.03975021,0.00462552,-8.442,-4.505,0.865
57192172525,0.99630404,-0.07503334,-0.04153011,0.00484470,-8.651,-4.705,0.913
57212172625,0.99609053,-0.07682207,-0.04331774,0.00506411,-8.862,-4.906,0.963
57232172725,0.99586952,-0.07861821,-0.04511308,0.00528376,-9.073,-5.107,1.013
57252173425,0.99564099,-0.08042175,-0.04691613,0.00550365,-9.285,-5.310,1.065
57272172925,0.99540478,-0.08223268,-0.04872686,0.00572376,-9.499,-5.513,1.117
57292173025,0.99516201,-0.08404305,-0.05053727,0.00594384,-9.713,-5.715,1.170
57312173125,0.99491256,-0.08585285,-0.05234734,0.00616388,-9.927,-5.918,1.224
57332173200,0.99465650,-0.08766209,-0.05415707,0.00638387,-10.142,-6.120,1.279
57352173325,0.99439383,-0.08947075,-0.05596643,0.00660383,-10.356,-6.322,1.335
57372173425,0.99412453,-0.09127881,-0.05777542,0.00682374,-10.571,-6.524,1.391
57392173525,0.99384862,-0.09308626,-0.05958403,0.00704360,-10.787,-6.726,1.448
57412173625,0.99356610,-0.09489309,-0.06139223,0.00726342,-11.002,-6.928,1.506
57432173725,0.99327689,-0.09669928,-0.06320003,0.00748319,-11.218,-7.129,1.564
57452173825,0.99298114,-0.09850484,-0.06500741,0.00770291,-11.435,-7.330,1.624
57472173925,0.99267870,-0.10030974,-0.06681436,0.00792257,-11.651,-7.531,1.684
57492174025,0.99236971,-0.10211396,-0.06862085,0.00814219,-11.868,-7.732,1.745
57512174125,0.99205405,-0.10391752,-0.07042690,0.00836175,-12.085,-7.932,1.807
57532174225,0.99173182,-0.10572037,-0.07223247,0.00858126,-12.303,-8.132,1.869
57552174325,0.99140298,-0.10752252,-0.07403756,0.00880070,-12.520,-8.332,1.933
57592174525,0.99106753,-0.10932396,-0.07584216,0.00902009,-12.739,-8.532,1.997
57612174625,0.99072558,-0.11112406,-0.07764713,0.00923150,-12.957,-8.731,2.061
57632174725,0.99037707,-0.11292280,-0.07945246,0.00943494,-13.176,-8.931,2.125
57652174825,0.99002206,-0.11472015,-0.08125818,0.00963040,-13.394,-9.131,2.189
57672174925,0.98966050,-0.11651610,-0.08306427,0.00981788,-13.613,-9.330,2.253
57692175025,0.98929238,-0.11831126,-0.08486979,0.01000530,-13.833,-9.529,2.317
57712175125,0.98891771,-0.12010564,-0.08667476,0.01019265,-14.052,-9.729,2.383
57732175200,0.98853642,-0.12189922,-0.08847916,0.01037994,-14.272,-9.927,2.449
57752175325,0.98814857,-0.12369199,-0.09028296,0.01056715,-14.493,-10.126,2.516
57772175425,0.98775417,-0.12548395,-0.09208617,0.01075430,-14.714,-10.324,2.584
57792175525,0.98735315,-0.12727505,-0.09388876,0.01094137,-14.935,-10.522,2.653
57812175625,0.98694372,-0.12907387,-0.09569768,0.01113653,-15.157,-10.721,2.723
57832175725,0.98652571,-0.13088037,-0.09751290,0.01133976,-15.382,-10.920,2.796
57852175825,0.98609906,-0.13269456,-0.09933438,0.01155106,-15.607,-11.119,2.871
57872175925,0.98566377,-0.13451640,-0.10116210,0.01177043,-15.835,-11.318,2.947
57892176025,0.98522162,-0.13633732,-0.10298911,0.01198972,-16.063,-11.517,3.025
57912176125,0.98477268,-0.13815731,-0.10481542,0.01220893,-16.291,-11.716,3.103
57932176225,0.98431695,-0.13997634,-0.10664099,0.01242805,-16.519,-11.915,3.183
57952176325,0.98385441,-0.14179441,-0.10846584,0.01264709,-16.748,-12.113,3.263
57972176425,0.98338515,-0.14361149,-0.11028994,0.01286604,-16.978,-12.311,3.344
57992176500,0.98290908,-0.14542758,-0.11211327,0.01308490,-17.208,-12.509,3.425
58012176600,0.98242420,-0.14724953,-0.11394496,0.01329608,-17.439,-12.707,3.508
58032176725,0.98193055,-0.14907728,-0.11578497,0.01349958,-17.672,-12.906,3.590
58052176825,0.98142791,-0.15091079,-0.11763332,0.01369542,-17.905,-13.107,3.673
58072176925,0.98091632,-0.15275002,-0.11948999,0.01388358,-18.140,-13.308,3.756
58092177025,0.98039770,-0.15458816,-0.12134580,0.01407164,-18.376,-13.508,3.839
58112177100,0.97987211,-0.15642519,-0.12320075,0.01425960,-18.612,-13.708,3.924
58132177200,0.97933954,-0.15826112,-0.12505482,0.01444746,-18.849,-13.908,4.010
58152177325,0.97880000,-0.16009593,-0.12690800,0.01463521,-19.086,-14.108,4.097
58172177325,0.97825348,-0.16192958,-0.12876029,0.01482286,-19.323,-14.307,4.184
58282180600,0.97770000,-0.16376208,-0.13061164,0.01501041,-19.561,-14.506,4.273
58302179900,0.97713965,-0.16559237,-0.13246338,0.01519004,-19.800,-14.705,4.361
58322179425,0.97657245,-0.16742042,-0.13431551,0.01536175,-20.038,-14.904,4.450
58342178950,0.97599846,-0.16924621,-0.13616800,0.01552555,-20.277,-15.102,4.539
58362178375,0.97541761,-0.17106971,-0.13802087,0.01568144,-20.517,-15.301,4.627
58382178475,0.97482979,-0.17289199,-0.13987277,0.01583722,-20.757,-15.499,4.717
58402178575,0.97423506,-0.17471303,-0.14172368,0.01599289,-20.997,-15.697,4.808
58422178675,0.97363830,-0.17651980,-0.14355497,0.01616349,-21.237,-15.893,4.900
58442178775,0.97303957,-0.17831233,-0.14536661,0.01634900,-21.475,-16.085,4.995
58462178875,0.97243911,-0.18009068,-0.14715861,0.01654942,-21.713,-16.275,5.092
58482178975,0.97183710,-0.18185490,-0.14893094,0.01676475,-21.949,-16.462,5.190
58502179075,0.97122860,-0.18361790,-0.15070227,0.01697996,-22.186,-16.648,5.290
58522179175,0.97061360,-0.18537968,-0.15247260,0.01719506,-22.424,-16.835,5.390
58542179275,0.96999222,-0.18714024,-0.15424192,0.01741005,-22.662,-17.020,5.491
58562179350,0.96936429,-0.18889953,-0.15601021,0.01762492,-22.901,-17.206,5.594
58582179475,0.96872997,-0.19065757,-0.15777746,0.01783967,-23.140,-17.391,5.697
58602179550,0.96808916,-0.19241434,-0.15954366,0.01805431,-23.380,-17.575,5.801
58622179675,0.96744728,-0.19415723,-0.16128996,0.01828376,-23.619,-17.757,5.907
58642179775,0.96680450,-0.19588624,-0.16301638,0.01852804,-23.858,-17.936,6.015
58662179875,0.96616101,-0.19760145,-0.16472287,0.01878712,-24.095,-18.112,6.124
58682179975,0.96551692,-0.19930293,-0.16640943,0.01906100,-24.331,-18.285,6.236
58702180075,0.96486682,-0.20100315,-0.16809496,0.01933475,-24.568,-18.458,6.348
58722180175,0.96421069,-0.20270213,-0.16977943,0.01960839,-24.805,-18.630,6.462
58742180275,0.96354860,-0.20439985,-0.17146285,0.01988190,-25.043,-18.802,6.576
58762180375,0.96288049,-0.20609629,-0.17314520,0.02015529,-25.282,-18.973,6.691
58782180450,0.96220636,-0.20779145,-0.17482649,0.02042856,-25.521,-19.144,6.807
58802180575,0.96152627,-0.20948531,-0.17650667,0.02070169,-25.761,-19.315,6.924
58822180675,0.96084017,-0.21117787,-0.17818575,0.02097470,-26.002,-19.485,7.041
58862180875,0.96014810,-0.21286911,-0.17986372,0.02124758,-26.243,-19.654,7.160
58882180975,0.95945001,-0.21455902,-0.18154058,0.02152033,-26.485,-19.823,7.279
58902181075,0.95874596,-0.21624760,-0.18321630,0.02179294,-26.727,-19.992,7.400
58922181150,0.95803595,-0.21793483,-0.18489090,0.02206541,-26.970,-20.160,7.521
58942181275,0.95731997,-0.21962070,-0.18656433,0.02233775,-27.214,-20.328,7.643
58962181375,0.95659804,-0.22130522,-0.18823659,0.02260995,-27.458,-20.495,7.766
58982181475,0.95587009,-0.22298834,-0.18990768,0.02288201,-27.703,-20.662,7.890
59002181575,0.95513624,-0.22467008,-0.19157760,0.02315392,-27.949,-20.828,8.015
59022181675,0.95439643,-0.22635043,-0.19324632,0.02342569,-28.195,-20.994,8.140
59042181775,0.95365071,-0.22802936,-0.19491383,0.02369732,-28.442,-21.159,8.267
59062181875,0.95289898,-0.22970685,-0.19658014,0.02396880,-28.689,-21.323,8.394
59082181975,0.95214134,-0.23138294,-0.19824521,0.02424013,-28.938,-21.487,8.523
59102182075,0.95137781,-0.23305757,-0.19990906,0.02451130,-29.187,-21.651,8.652
59122182175,0.95060831,-0.23473077,-0.20157166,0.02478233,-29.436,-21.814,8.782
59142182275,0.94983292,-0.23640248,-0.20323299,0.02505320,-29.687,-21.977,8.913
59162182375,0.94905156,-0.23807274,-0.20489307,0.02532391,-29.938,-22.139,9.045
59182182450,0.94826436,-0.23974150,-0.20655186,0.02559447,-30.189,-22.300,9.178
59202182575,0.94747120,-0.24140877,-0.20820938,0.02586487,-30.442,-22.461,9.312
59222182675,0.94667596,-0.24306552,-0.20985976,0.02612727,-30.693,-22.621,9.446
59242182775,0.94587874,-0.24471176,-0.21150300,0.02638168,-30.944,-22.780,9.579
59262182875,0.94507968,-0.24634746,-0.21313916,0.02662811,-31.195,-22.939,9.711
59282182975,0.94427878,-0.24797264,-0.21476823,0.02686656,-31.444,-23.096,9.843
59302183075,0.94347221,-0.24959633,-0.21639602,0.02710485,-31.694,-23.253,9.976
59322183175,0.94265997,-0.25121853,-0.21802251,0.02734298,-31.945,-23.410,10.110
59342183275,0.94184208,-0.25283921,-0.21964771,0.02758094,-32.196,-23.566,10.245
59362183375,0.94101858,-0.25445837,-0.22127157,0.02781875,-32.448,-23.721,10.381
59382183475,0.94018942,-0.25607604,-0.22289412,0.02805638,-32.701,-23.876,10.517
59402183575,0.93935460,-0.25769216,-0.22451532,0.02829384,-32.955,-24.030,10.655
59422183675,0.93850642,-0.25932127,-0.22615063,0.02853167,-33.212,-24.185,10.794
59442183775,0.93764472,-0.26096332,-0.22780000,0.02876985,-33.471,-24.342,10.936
59462183875,0.93676931,-0.26261824,-0.22946338,0.02900837,-33.734,-24.499,11.080
59502184075,0.93588006,-0.26428604,-0.23114075,0.02924724,-33.999,-24.657,11.225
59522184150,0.93498474,-0.26595211,-0.23281661,0.02948593,-34.266,-24.814,11.372
59542184275,0.93408346,-0.26761645,-0.23449096,0.02972442,-34.533,-24.971,11.520
59562184375,0.93317610,-0.26927909,-0.23616382,0.02996273,-34.801,-25.127,11.668
59582184475,0.93226278,-0.27093998,-0.23783515,0.03020084,-35.070,-25.283,11.818
59602184550,0.93134344,-0.27259913,-0.23950495,0.03043875,-35.340,-25.438,11.969
59622184675,0.93041831,-0.27425462,-0.24117538,0.03066903,-35.610,-25.592,12.120
59642184775,0.92948747,-0.27590638,-0.24284646,0.03089168,-35.880,-25.747,12.271
59662184875,0.92855090,-0.27755448,-0.24451818,0.03110670,-36.151,-25.902,12.422
59682184975,0.92760861,-0.27919880,-0.24619053,0.03131410,-36.423,-26.056,12.574
59702185050,0.92666030,-0.28084135,-0.24786131,0.03152130,-36.695,-26.210,12.726
59722185175,0.92570609,-0.28248206,-0.24953048,0.03172830,-36.968,-26.363,12.879
59742185275,0.92474586,-0.28412098,-0.25119805,0.03193509,-37.242,-26.516,13.034
59762185375,0.92377973,-0.28575808,-0.25286403,0.03214168,-37.517,-26.667,13.189
59782185475,0.92280769,-0.28739333,-0.25452834,0.03234806,-37.792,-26.819,13.346
59802185575,0.92182964,-0.28902671,-0.25619105,0.03255424,-38.068,-26.969,13.503
59822185675,0.92084575,-0.29065827,-0.25785211,0.03276020,-38.346,-27.119,13.662
59842185775,0.91985583,-0.29228795,-0.25951150,0.03296595,-38.624,-27.268,13.822
59862185875,0.91886008,-0.29391572,-0.26116922,0.03317149,-38.902,-27.417,13.982
59882185975,0.91785836,-0.29554164,-0.26282525,0.03337682,-39.182,-27.564,14.144
59902186075,0.91685081,-0.29716563,-0.26447961,0.03358193,-39.463,-27.711,14.307
59922186175,0.91583729,-0.29878771,-0.26613227,0.03378683,-39.744,-27.858,14.470
59942186250,0.91481793,-0.30040789,-0.26778319,0.03399152,-40.026,-28.003,14.635
59962186350,0.91379267,-0.30202612,-0.26943243,0.03419597,-40.310,-28.148,14.801
59982186450,0.91276151,-0.30364242,-0.27107990,0.03440022,-40.593,-28.292,14.968
60002186575,0.91172451,-0.30525675,-0.27272564,0.03460424,-40.878,-28.436,15.136
60022186675,0.91067702,-0.30687615,-0.27437717,0.03480830,-41.165,-28.579,15.305
60042186775,0.90961891,-0.30850053,-0.27603447,0.03501239,-41.454,-28.723,15.476
60062201550,0.90855014,-0.31012985,-0.27769753,0.03521650,-41.746,-28.866,15.650
60082185675,0.90747064,-0.31176409,-0.27936625,0.03542065,-42.039,-29.009,15.824
60132187225,0.90638512,-0.31339628,-0.28103313,0.03562456,-42.333,-29.151,16.000
60152187325,0.90529358,-0.31502637,-0.28269812,0.03582823,-42.628,-29.293,16.177
60172187425,0.90419602,-0.31665435,-0.28436124,0.03603166,-42.924,-29.434,16.355
60192187525,0.90309238,-0.31828025,-0.28602248,0.03623485,-43.221,-29.574,16.535
60212187600,0.90198278,-0.31990400,-0.28768179,0.03643780,-43.519,-29.713,16.715
60232187725,0.90086222,-0.32153255,-0.28934669,0.03664077,-43.819,-29.852,16.897
60252187825,0.89973074,-0.32316580,-0.29101712,0.03684374,-44.122,-29.991,17.081
60272187925,0.89858824,-0.32480377,-0.29269305,0.03704672,-44.426,-30.129,17.267
60292188025,0.89743465,-0.32644638,-0.29437444,0.03724970,-44.733,-30.268,17.454
60312188125,0.89627481,-0.32808676,-0.29605380,0.03745243,-45.041,-30.405,17.643
60332188225,0.89510882,-0.32972485,-0.29773113,0.03765490,-45.349,-30.542,17.833
60352188325,0.89393663,-0.33136070,-0.29940641,0.03785710,-45.659,-30.678,18.024
60372187125,0.89275831,-0.33299422,-0.30107960,0.03805905,-45.970,-30.813,18.216
60392188525,0.89157385,-0.33462548,-0.30275074,0.03826074,-46.281,-30.947,18.409
60412188625,0.89038318,-0.33625442,-0.30441976,0.03846215,-46.594,-31.080,18.603
60432188725,0.88919187,-0.33787179,-0.30608198,0.03865594,-46.905,-31.212,18.797
60452188825,0.88799995,-0.33947763,-0.30773741,0.03884211,-47.216,-31.344,18.991
60472188925,0.88680750,-0.34107196,-0.30938604,0.03902067,-47.527,-31.474,19.184
60492189025,0.88561469,-0.34265476,-0.31102797,0.03919163,-47.836,-31.604,19.376
60512189125,0.88441592,-0.34423527,-0.31266782,0.03936232,-48.147,-31.733,19.570
60532189225,0.88321131,-0.34581348,-0.31430557,0.03953275,-48.458,-31.861,19.765
60552189325,0.88200080,-0.34738940,-0.31594124,0.03970293,-48.771,-31.988,19.961
60572189425,0.88078445,-0.34896302,-0.31757480,0.03987283,-49.084,-32.114,20.158
60592189525,0.87956220,-0.35053429,-0.31920627,0.04004247,-49.398,-32.239,20.356
60612189625,0.87833411,-0.35210326,-0.32083559,0.04021185,-49.713,-32.363,20.555
60632189725,0.87709481,-0.35367656,-0.32247013,0.04038120,-50.031,-32.487,20.756
60652189825,0.87584418,-0.35525414,-0.32410979,0.04055054,-50.351,-32.611,20.959
60672189925,0.87458211,-0.35683602,-0.32575458,0.04071984,-50.673,-32.734,21.164
60692190025,0.87330866,-0.35842210,-0.32740447,0.04088912,-50.997,-32.857,21.371
60712190125,0.87202913,-0.36000571,-0.32905209,0.04105811,-51.323,-32.978,21.579
60762190375,0.87074363,-0.36158681,-0.33069745,0.04122682,-51.649,-33.099,21.788
60782190475,0.86945218,-0.36316547,-0.33234054,0.04139525,-51.977,-33.219,21.999
60802190575,0.86815464,-0.36474159,-0.33398134,0.04156339,-52.305,-33.338,22.210
60822190675,0.86685121,-0.36631522,-0.33561981,0.04173125,-52.634,-33.456,22.423
60842190775,0.86554176,-0.36788630,-0.33725598,0.04189882,-52.965,-33.572,22.636
60862190650,0.86422634,-0.36945486,-0.33888984,0.04206610,-53.296,-33.688,22.851
60982193900,0.86290503,-0.37102088,-0.34052137,0.04223308,-53.628,-33.803,23.066
61002193250,0.86157775,-0.37258434,-0.34215054,0.04239978,-53.961,-33.916,23.283
61022192750,0.86024451,-0.37414524,-0.34377736,0.04256619,-54.295,-34.029,23.501
61042192250,0.85890532,-0.37570357,-0.34540182,0.04273231,-54.631,-34.141,23.720
61062191875,0.85756028,-0.37725928,-0.34702387,0.04289812,-54.967,-34.251,23.940
61082191975,0.85620928,-0.37881243,-0.34864357,0.04306365,-55.304,-34.360,24.161
61102192050,0.85485238,-0.38036296,-0.35026085,0.04322888,-55.642,-34.469,24.383
61122192175,0.85348964,-0.38191086,-0.35187569,0.04339380,-55.981,-34.576,24.607
61142192275,0.85212100,-0.38345611,-0.35348815,0.04355843,-56.321,-34.682,24.831
61162192375,0.85074651,-0.38499874,-0.35509816,0.04372276,-56.661,-34.787,25.056
61182192475,0.84936613,-0.38653874,-0.35670573,0.04388679,-57.003,-34.891,25.283
61202192575,0.84797990,-0.38807604,-0.35831082,0.04405052,-57.346,-34.994,25.510
61222192650,0.84660470,-0.38960007,-0.35988280,0.04423355,-57.686,-35.092,25.738
61242192775,0.84524083,-0.39111087,-0.36142170,0.04443588,-58.024,-35.185,25.965
61262192875,0.84388846,-0.39260858,-0.36292759,0.04465747,-58.359,-35.273,26.192
61282192975,0.84254783,-0.39409339,-0.36440045,0.04489829,-58.692,-35.356,26.419
61302193075,0.84120190,-0.39557576,-0.36587104,0.04513883,-59.025,-35.439,26.647
61322193175,0.83985078,-0.39705566,-0.36733937,0.04537909,-59.359,-35.520,26.875
61342193275,0.83849442,-0.39853305,-0.36880541,0.04561906,-59.694,-35.600,27.105
61392193525,0.83713281,-0.40000799,-0.37026912,0.04585876,-60.029,-35.679,27.335
61412193625,0.83576602,-0.40148044,-0.37173057,0.04609816,-60.366,-35.757,27.566
61432193725,0.83439434,-0.40294740,-0.37319288,0.04633060,-60.702,-35.834,27.797
61452193825,0.83301789,-0.40440890,-0.37465608,0.04655609,-61.039,-35.912,28.029
61472193925,0.83163661,-0.40586486,-0.37612021,0.04677463,-61.377,-35.988,28.260
61492194025,0.83025050,-0.40731531,-0.37758523,0.04698623,-61.715,-36.065,28.492
61512194125,0.82885927,-0.40876323,-0.37904790,0.04719755,-62.053,-36.141,28.725
61532194200,0.82746291,-0.41020858,-0.38050821,0.04740857,-62.392,-36.215,28.958
61552194325,0.82606137,-0.41165140,-0.38196617,0.04761930,-62.732,-36.288,29.193
61572194425,0.82465470,-0.41309166,-0.38342175,0.04782973,-63.073,-36.361,29.428
61592194525,0.82324290,-0.41452935,-0.38487494,0.04803986,-63.414,-36.432,29.663
61612194625,0.82182598,-0.41596448,-0.38632575,0.04824970,-63.756,-36.502,29.900
61632194725,0.82040358,-0.41740009,-0.38777083,0.04846580,-64.099,-36.570,30.137
61652194825,0.81897569,-0.41883621,-0.38921016,0.04868815,-64.443,-36.636,30.376
61672194900,0.81754225,-0.42027286,-0.39064372,0.04891674,-64.788,-36.700,30.616
61692195025,0.81610340,-0.42170995,-0.39207149,0.04915156,-65.133,-36.762,30.858
61712195100,0.81465948,-0.42314446,-0.39349681,0.04938608,-65.480,-36.822,31.100
61732195225,0.81321043,-0.42457634,-0.39491969,0.04962029,-65.827,-36.882,31.342
61752195325,0.81175631,-0.42600554,-0.39634010,0.04985419,-66.174,-36.941,31.585
61772195425,0.81029719,-0.42743212,-0.39775807,0.05008777,-66.522,-36.998,31.829
61792195525,0.80883300,-0.42885602,-0.39917353,0.05032105,-66.871,-37.054,32.073
61812195625,0.80736375,-0.43027723,-0.40058652,0.05055401,-67.220,-37.109,32.318
61832195725,0.80589658,-0.43168655,-0.40199360,0.05077997,-67.568,-37.163,32.563
61852195825,0.80443150,-0.43308398,-0.40339482,0.05099894,-67.914,-37.217,32.806
61872195925,0.80296862,-0.43446952,-0.40479019,0.05121094,-68.260,-37.270,33.048
61892196025,0.80150801,-0.43584320,-0.40617982,0.05141598,-68.604,-37.322,33.289
61912196125,0.80004257,-0.43721429,-0.40756696,0.05162071,-68.948,-37.373,33.531
61932196200,0.79857236,-0.43858275,-0.40895170,0.05182513,-69.293,-37.423,33.774
61952196325,0.79709738,-0.43994856,-0.41033396,0.05202924,-69.639,-37.472,34.017
61972196375,0.79561764,-0.44131175,-0.41171378,0.05223304,-69.985,-37.519,34.260
62022196675,0.79413307,-0.44267228,-0.41309112,0.05243652,-70.331,-37.566,34.504
62042196775,0.79263693,-0.44403610,-0.41447276,0.05263993,-70.680,-37.612,34.750
62062196875,0.79112911,-0.44540310,-0.41585863,0.05284325,-71.030,-37.656,34.997
62082196975,0.78960955,-0.44677329,-0.41724867,0.05304649,-71.383,-37.700,35.246
62102197075,0.78807819,-0.44814661,-0.41864288,0.05324963,-71.737,-37.743,35.496
62122197175,0.78654194,-0.44951713,-0.42003447,0.05345244,-72.092,-37.785,35.747
62142197275,0.78500080,-0.45088485,-0.42142347,0.05365492,-72.448,-37.825,35.998
62162197375,0.78345478,-0.45224977,-0.42280981,0.05385706,-72.804,-37.864,36.250
62182197475,0.78190392,-0.45361188,-0.42419356,0.05405887,-73.160,-37.902,36.502
62202197575,0.78034818,-0.45497116,-0.42557466,0.05426035,-73.517,-37.939,36.755
62222197675,0.77878797,-0.45632425,-0.42695677,0.05445525,-73.873,-37.975,37.007
62242197775,0.77722341,-0.45767105,-0.42833984,0.05464360,-74.230,-38.011,37.260
62262199075,0.77565449,-0.45901161,-0.42972395,0.05482539,-74.588,-38.047,37.513
62282197975,0.77408117,-0.46034586,-0.43110901,0.05500064,-74.945,-38.082,37.766
62302198075,0.77250302,-0.46167728,-0.43249142,0.05517556,-75.303,-38.116,38.019
62322198175,0.77092010,-0.46300584,-0.43387115,0.05535013,-75.661,-38.149,38.273
62342198275,0.76933235,-0.46433151,-0.43524820,0.05552436,-76.019,-38.180,38.527
62362198350,0.76773989,-0.46565431,-0.43662253,0.05569824,-76.378,-38.211,38.782
62382198475,0.76614261,-0.46697423,-0.43799415,0.05587178,-76.737,-38.240,39.036
62402198575,0.76454061,-0.46829122,-0.43936306,0.05604497,-77.097,-38.267,39.292
62422198675,0.76292706,-0.46960747,-0.44073951,0.05621193,-77.458,-38.295,39.548
62442198775,0.76130188,-0.47092292,-0.44212350,0.05637268,-77.821,-38.322,39.805
62462198850,0.75966501,-0.47223744,-0.44351500,0.05652721,-78.185,-38.350,40.064
62482198975,0.75801641,-0.47355103,-0.44491395,0.05667554,-78.552,-38.377,40.324
62502199075,0.75636297,-0.47486156,-0.44631004,0.05682351,-78.918,-38.402,40.584
62522199175,0.75470465,-0.47616905,-0.44770324,0.05697112,-79.285,-38.427,40.845
62542199275,0.75304151,-0.47747350,-0.44909361,0.05711836,-79.653,-38.450,41.106
62562199375,0.75137353,-0.47877485,-0.45048106,0.05726523,-80.020,-38.471,41.367
62582199475,0.74970067,-0.48007315,-0.45186561,0.05741174,-80.388,-38.492,41.628
62602199575,0.74802303,-0.48136836,-0.45324728,0.05755788,-80.756,-38.511,41.890
62652199825,0.74633265,-0.48266959,-0.45462862,0.05770984,-81.126,-38.528,42.153
62672199925,0.74462944,-0.48397684,-0.45600957,0.05786762,-81.497,-38.543,42.418
62692200025,0.74291342,-0.48529002,-0.45739004,0.05803119,-81.871,-38.556,42.684
62712200100,0.74118441,-0.48660913,-0.45877001,0.05820053,-82.247,-38.567,42.951
62732200225,0.73945051,-0.48792496,-0.46014693,0.05836949,-82.622,-38.576,43.219
62752200325,0.73771167,-0.48923758,-0.46152079,0.05853805,-82.998,-38.584,43.487
62772200425,0.73596787,-0.49054691,-0.46289158,0.05870623,-83.374,-38.591,43.755
62792200525,0.73421919,-0.49185297,-0.46425927,0.05887402,-83.750,-38.596,44.023
62812200600,0.73246562,-0.49315578,-0.46562386,0.05904141,-84.126,-38.600,44.291
62832200725,0.73069954,-0.49446064,-0.46699166,0.05920863,-84.504,-38.602,44.560
62852200825,0.72892076,-0.49576753,-0.46836263,0.05937567,-84.883,-38.603,44.831
62872200925,0.72712940,-0.49707642,-0.46973673,0.05954253,-85.264,-38.603,45.102
62892201025,0.72532529,-0.49838722,-0.47111386,0.05970919,-85.646,-38.602,45.375
62912201125,0.72351617,-0.49969459,-0.47248775,0.05987544,-86.029,-38.599,45.648
62932201225,0.72170204,-0.50099850,-0.47385836,0.06004127,-86.412,-38.595,45.921
62952201325,0.71988291,-0.50229895,-0.47522572,0.06020670,-86.794,-38.589,46.193
62972201425,0.71805888,-0.50359595,-0.47658980,0.06037171,-87.177,-38.582,46.466
62992201525,0.71622986,-0.50488943,-0.47795060,0.06053630,-87.559,-38.573,46.739
63012201600,0.71439594,-0.50617951,-0.47930810,0.06070048,-87.941,-38.563,47.011
63032201725,0.71255702,-0.50746602,-0.48066229,0.06086423,-88.323,-38.552,47.283
63052201800,0.71071327,-0.50874907,-0.48201317,0.06102757,-88.705,-38.539,47.555
63072201925,0.70886457,-0.51002860,-0.48336071,0.06119049,-89.087,-38.525,47.827
63092202025,0.70701098,-0.51130462,-0.48470494,0.06135298,-89.469,-38.509,48.099
63112202100,0.70515251,-0.51257712,-0.48604581,0.06151505,-89.850,-38.492,48.370
63132202225,0.70328921,-0.51384610,-0.48738334,0.06167670,-90.231,-38.474,48.642
63152202325,0.70142102,-0.51511151,-0.48871750,0.06183792,-90.612,-38.454,48.913
63172202425,0.69954801,-0.51637334,-0.49004829,0.06199871,-90.993,-38.433,49.184
63192202525,0.69767016,-0.51763165,-0.49137571,0.06215908,-91.374,-38.410,49.454
63212202625,0.69578749,-0.51888639,-0.49269971,0.06231901,-91.754,-38.386,49.725
63232202725,0.69390059,-0.52013355,-0.49402449,0.06247297,-92.134,-38.361,49.995
63282202975,0.69200933,-0.52137327,-0.49535000,0.06262094,-92.514,-38.336,50.264
63302203075,0.69011384,-0.52260536,-0.49667630,0.06276295,-92.893,-38.311,50.534
63322203175,0.68821406,-0.52382994,-0.49800330,0.06289902,-93.273,-38.285,50.803
63342203275,0.68630958,-0.52505088,-0.49932691,0.06303465,-93.652,-38.257,51.072
63362203375,0.68440032,-0.52626824,-0.50064707,0.06316985,-94.030,-38.228,51.341
63382203475,0.68248641,-0.52748197,-0.50196379,0.06330462,-94.409,-38.198,51.609
63402203575,0.68056780,-0.52869201,-0.50327700,0.06343895,-94.787,-38.167,51.877
63422203675,0.67864442,-0.52989846,-0.50458682,0.06357284,-95.164,-38.133,52.144
63442203750,0.67670816,-0.53110611,-0.50589901,0.06370649,-95.543,-38.099,52.412
63462203875,0.67475885,-0.53231502,-0.50721365,0.06383990,-95.923,-38.063,52.681
63482203975,0.67279655,-0.53352505,-0.50853056,0.06397307,-96.305,-38.026,52.951
63502204075,0.67082107,-0.53473610,-0.50984979,0.06410597,-96.687,-37.987,53.221
63522204150,0.66884083,-0.53594339,-0.51116538,0.06423843,-97.069,-37.946,53.491
63542204275,0.66685587,-0.53714687,-0.51247734,0.06437042,-97.451,-37.904,53.761
63562203675,0.66486609,-0.53834647,-0.51378560,0.06450196,-97.832,-37.861,54.030
63662207475,0.66287160,-0.53954226,-0.51509023,0.06463303,-98.213,-37.816,54.298
63682206650,0.66086394,-0.54073900,-0.51639700,0.06476384,-98.595,-37.770,54.567
63702206175,0.65884310,-0.54193658,-0.51770580,0.06489437,-98.977,-37.722,54.836
63722205725,0.65680891,-0.54313493,-0.51901662,0.06502463,-99.361,-37.673,55.106
63742205275,0.65476149,-0.54433405,-0.52032942,0.06515460,-99.746,-37.622,55.377
63762205375,0.65270925,-0.54552913,-0.52163839,0.06528409,-100.131,-37.570,55.647
63782205475,0.65065217,-0.54672021,-0.52294350,0.06541310,-100.515,-37.516,55.916
63802205575,0.64859027,-0.54790729,-0.52424479,0.06554163,-100.898,-37.461,56.185
63822205675,0.64652359,-0.54909027,-0.52554214,0.06566967,-101.281,-37.404,56.453
63842205775,0.64448613,-0.55025494,-0.52680862,0.06580166,-101.656,-37.346,56.716
63862205875,0.64247793,-0.55140144,-0.52804428,0.06593759,-102.024,-37.286,56.973
63882205975,0.64049941,-0.55253005,-0.52924931,0.06607746,-102.385,-37.225,57.224
63922206150,0.63855076,-0.55364090,-0.53042388,0.06622125,-102.739,-37.163,57.471
63942206275,0.63659799,-0.55474818,-0.53159499,0.06636463,-103.093,-37.099,57.716
63962206375,0.63464111,-0.55585188,-0.53276277,0.06650758,-103.445,-37.034,57.961
63982206475,0.63268012,-0.55695200,-0.53392702,0.06665010,-103.797,-36.968,58.205
64002206550,0.63071513,-0.55804855,-0.53508794,0.06679219,-104.149,-36.901,58.449
64022206675,0.62874603,-0.55914152,-0.53624535,0.06693386,-104.500,-36.832,58.692
64042206775,0.62678939,-0.56023049,-0.53737932,0.06708477,-104.846,-36.761,58.931
64062221550,0.62484527,-0.56131560,-0.53848988,0.06724492,-105.188,-36.688,59.166
64082205675,0.62291378,-0.56239694,-0.53957707,0.06741426,-105.526,-36.612,59.398
64102207075,0.62099504,-0.56347466,-0.54064101,0.06759280,-105.860,-36.534,59.627
64122207175,0.61907262,-0.56454897,-0.54170167,0.06777092,-106.193,-36.455,59.854
64142207275,0.61714643,-0.56561989,-0.54275906,0.06794865,-106.526,-36.374,60.081
64162207375,0.61521655,-0.56668741,-0.54381323,0.06812596,-106.858,-36.293,60.307
64182207475,0.61328298,-0.56775153,-0.54486412,0.06830285,-107.188,-36.211,60.532
64202207575,0.61134577,-0.56881219,-0.54591173,0.06847935,-107.519,-36.127,60.757
64222207675,0.60940480,-0.56986952,-0.54695606,0.06865543,-107.848,-36.043,60.980
64242207750,0.60745186,-0.57092327,-0.54800707,0.06882641,-108.178,-35.958,61.204
64262207875,0.60548681,-0.57197356,-0.54906476,0.06899231,-108.510,-35.872,61.429
64282207975,0.60350960,-0.57302016,-0.55012894,0.06915312,-108.842,-35.786,61.654
64302208075,0.60152030,-0.57406312,-0.55119973,0.06930887,-109.175,-35.700,61.880
64322208175,0.59952718,-0.57510257,-0.55226707,0.06946418,-109.508,-35.612,62.105
64342208275,0.59753036,-0.57613838,-0.55333102,0.06961907,-109.840,-35.524,62.329
64362208375,0.59552985,-0.57717061,-0.55439150,0.06977352,-110.171,-35.434,62.552
64382208475,0.59352565,-0.57819927,-0.55544853,0.06992754,-110.501,-35.344,62.775
64402208575,0.59151775,-0.57922435,-0.55650210,0.07008112,-110.830,-35.252,62.996
64422208675,0.58950615,-0.58024579,-0.55755222,0.07023427,-111.159,-35.160,63.217
64442208775,0.58748233,-0.58126330,-0.55860877,0.07038245,-111.488,-35.066,63.438
64462208875,0.58544630,-0.58227688,-0.55967170,0.07052567,-111.819,-34.973,63.659
64482208975,0.58339798,-0.58328635,-0.56074095,0.07066395,-112.150,-34.878,63.881
64502209050,0.58133739,-0.58429170,-0.56181651,0.07079730,-112.482,-34.784,64.104
64552209325,0.57927299,-0.58529329,-0.56288850,0.07093019,-112.814,-34.688,64.326
64572209400,0.57720488,-0.58629113,-0.56395680,0.07106262,-113.144,-34.591,64.547
64592209525,0.57513309,-0.58728522,-0.56502151,0.07119460,-113.474,-34.493,64.766
64612209625,0.57305759,-0.58827555,-0.56608260,0.07132612,-113.803,-34.394,64.985
64632209700,0.57097727,-0.58927107,-0.56713063,0.07146634,-114.131,-34.292,65.202
64652209825,0.56889212,-0.59027189,-0.56816554,0.07161523,-114.457,-34.188,65.418
64672209925,0.56680214,-0.59127802,-0.56918740,0.07177272,-114.781,-34.081,65.631
64692210000,0.56470740,-0.59228939,-0.57019615,0.07193883,-115.105,-33.971,65.842
64712210125,0.56260896,-0.59329695,-0.57120121,0.07210447,-115.427,-33.860,66.052
64732210225,0.56050694,-0.59430069,-0.57220262,0.07226964,-115.749,-33.748,66.262
64752210325,0.55840123,-0.59530056,-0.57320029,0.07243435,-116.069,-33.636,66.470
64772210400,0.55629200,-0.59629661,-0.57419425,0.07259859,-116.389,-33.522,66.677
64792210525,0.55417913,-0.59728879,-0.57518452,0.07276236,-116.708,-33.408,66.883
64812210625,0.55206269,-0.59827715,-0.57617110,0.07292566,-117.026,-33.292,67.088
64832210725,0.54994386,-0.59925240,-0.57716352,0.07307968,-117.343,-33.177,67.294
64852210825,0.54782265,-0.60021460,-0.57816172,0.07322443,-117.660,-33.063,67.499
64872210900,0.54569906,-0.60116369,-0.57916588,0.07335995,-117.977,-32.949,67.704
64892211025,0.54357314,-0.60209960,-0.58017588,0.07348629,-118.294,-32.837,67.909
64912211125,0.54144377,-0.60303169,-0.58118212,0.07361215,-118.609,-32.723,68.113
64932211225,0.53931087,-0.60395992,-0.58218467,0.07373753,-118.924,-32.608,68.316
64952211300,0.53717452,-0.60488421,-0.58318347,0.07386245,-119.238,-32.492,68.518
64972211425,0.53503472,-0.60580468,-0.58417851,0.07398689,-119.551,-32.376,68.719
64992211525,0.53289145,-0.60672122,-0.58516979,0.07411085,-119.863,-32.258,68.919
65012211600,0.53074479,-0.60763383,-0.58615732,0.07423434,-120.174,-32.140,69.118
65032211725,0.52859408,-0.60854727,-0.58713621,0.07436159,-120.484,-32.020,69.316
65052211825,0.52643937,-0.60946143,-0.58810645,0.07449257,-120.792,-31.898,69.512
65072211925,0.52428073,-0.61037636,-0.58906806,0.07462729,-121.100,-31.774,69.706
65092212025,0.52211809,-0.61129212,-0.59002095,0.07476572,-121.406,-31.649,69.899
65112212125,0.51995206,-0.61220390,-0.59097010,0.07490367,-121.712,-31.523,70.090
65132212225,0.51778275,-0.61311173,-0.59191543,0.07504113,-122.016,-31.396,70.281
65182212475,0.51561004,-0.61401564,-0.59285688,0.07517811,-122.320,-31.268,70.470
65202212575,0.51343399,-0.61491561,-0.59379458,0.07531460,-122.623,-31.140,70.659
65222212675,0.51125473,-0.61581159,-0.59472847,0.07545061,-122.925,-31.010,70.846
65242212775,0.50907207,-0.61670363,-0.59565848,0.07558614,-123.226,-30.880,71.033
65262212875,0.50688618,-0.61759162,-0.59658468,0.07572117,-123.526,-30.749,71.218
65282212975,0.50469702,-0.61847574,-0.59750700,0.07585572,-123.825,-30.617,71.402
65302213075,0.50250465,-0.61935580,-0.59842551,0.07598978,-124.123,-30.484,71.585
65322213175,0.50030899,-0.62023187,-0.59934014,0.07612336,-124.420,-30.350,71.768
65342213275,0.49811009,-0.62110394,-0.60025090,0.07625644,-124.717,-30.216,71.949
65362213375,0.49590802,-0.62197202,-0.60115784,0.07638902,-125.012,-30.080,72.129
65382213475,0.49370274,-0.62283611,-0.60206085,0.07652112,-125.307,-29.944,72.308
65402213575,0.49149427,-0.62369621,-0.60295999,0.07665273,-125.601,-29.807,72.486
65422213675,0.48928267,-0.62455225,-0.60385531,0.07678384,-125.893,-29.670,72.663
65442213775,0.48705867,-0.62540275,-0.60475618,0.07691070,-126.187,-29.532,72.840
65462213875,0.48482227,-0.62624758,-0.60566258,0.07703333,-126.481,-29.393,73.018
65482213975,0.48257348,-0.62708676,-0.60657454,0.07715175,-126.776,-29.253,73.196
65502214075,0.48031223,-0.62792009,-0.60749191,0.07726598,-127.072,-29.113,73.374
65522214175,0.47804779,-0.62874931,-0.60840529,0.07737968,-127.367,-28.972,73.552
65542214250,0.47578016,-0.62957430,-0.60931462,0.07749288,-127.661,-28.831,73.728
65562214375,0.47350937,-0.63039511,-0.61021984,0.07760555,-127.954,-28.688,73.904
65582214475,0.47123542,-0.63121176,-0.61112100,0.07771771,-128.246,-28.545,74.078
65602214575,0.46895832,-0.63202411,-0.61201811,0.07782935,-128.538,-28.401,74.251
65622214675,0.46667811,-0.63283235,-0.61291116,0.07794047,-128.828,-28.256,74.423
65642214750,0.46438545,-0.63363451,-0.61380947,0.07804751,-129.119,-28.111,74.596
65662214875,0.46208030,-0.63443059,-0.61471307,0.07815047,-129.411,-27.965,74.769
65682214975,0.45976266,-0.63522047,-0.61562186,0.07824935,-129.704,-27.818,74.942
65702215075,0.45743248,-0.63600415,-0.61653578,0.07834418,-129.997,-27.671,75.116
65722215175,0.45509917,-0.63678348,-0.61744547,0.07843848,-130.289,-27.523,75.288
65742215275,0.45276272,-0.63755840,-0.61835092,0.07853223,-130.581,-27.374,75.460
65762215375,0.45042315,-0.63832891,-0.61925215,0.07862544,-130.871,-27.224,75.630
65782215450,0.44808048,-0.63909507,-0.62014902,0.07871811,-131.161,-27.074,75.799
65822215675,0.44573471,-0.63985682,-0.62104172,0.07881024,-131.450,-26.923,75.968
65842215775,0.44338590,-0.64061415,-0.62193006,0.07890183,-131.738,-26.771,76.135
65862215875,0.44103402,-0.64136702,-0.62281412,0.07899287,-132.025,-26.618,76.301
65882215975,0.43867907,-0.64211553,-0.62369394,0.07908336,-132.311,-26.464,76.466
65902216075,0.43632114,-0.64285958,-0.62456942,0.07917332,-132.596,-26.310,76.630
65922216175,0.43396020,-0.64359927,-0.62544066,0.07926273,-132.880,-26.155,76.792
65942216275,0.43159625,-0.64433444,-0.62630755,0.07935159,-133.164,-26.000,76.954
65962216350,0.42922935,-0.64506525,-0.62717009,0.07943990,-133.447,-25.843,77.115
65982216475,0.42685947,-0.64579153,-0.62802833,0.07952767,-133.728,-25.686,77.275
66002216575,0.42448667,-0.64651340,-0.62888229,0.07961489,-134.009,-25.529,77.433
66022216675,0.42211094,-0.64723086,-0.62973189,0.07970156,-134.289,-25.370,77.591
66042216750,0.41973230,-0.64794385,-0.63057715,0.07978769,-134.569,-25.211,77.747
66062216875,0.41735077,-0.64865232,-0.63141805,0.07987326,-134.847,-25.051,77.902
66082216975,0.41496637,-0.64935637,-0.63225460,0.07995828,-135.125,-24.891,78.057
66102217075,0.41257909,-0.65005594,-0.63308680,0.08004275,-135.401,-24.729,78.210
66122217175,0.41018900,-0.65075099,-0.63391465,0.08012667,-135.677,-24.567,78.362
66142217275,0.40779606,-0.65144163,-0.63473815,0.08021004,-135.952,-24.405,78.513
66162217375,0.40540034,-0.65212774,-0.63555729,0.08029286,-136.226,-24.242,78.663
66182217475,0.40300179,-0.65280938,-0.63637203,0.08037512,-136.500,-24.078,78.812
66202217575,0.40060049,-0.65348649,-0.63718235,0.08045683,-136.772,-23.913,78.960
66222217550,0.39819643,-0.65415913,-0.63798833,0.08053798,-137.044,-23.748,79.107
66342220800,0.39577928,-0.65482974,-0.63879371,0.08061872,-137.316,-23.582,79.254
66362220025,0.39334902,-0.65549833,-0.63959843,0.08069900,-137.589,-23.414,79.400
66382219525,0.39090568,-0.65616482,-0.64040244,0.08077886,-137.862,-23.245,79.546
66402219100,0.38844916,-0.65682912,-0.64120567,0.08085826,-138.135,-23.075,79.691
66452218825,0.38598990,-0.65748870,-0.64200431,0.08093709,-138.408,-22.904,79.836
66472218925,0.38354805,-0.65814394,-0.64278573,0.08101819,-138.677,-22.733,79.977
66492219025,0.38112366,-0.65879488,-0.64354998,0.08110154,-138.942,-22.562,80.115
66512219125,0.37871680,-0.65944171,-0.64429718,0.08118715,-139.204,-22.392,80.250
66532219225,0.37632760,-0.66008443,-0.64502746,0.08127499,-139.463,-22.221,80.382
66552219325,0.37393591,-0.66072279,-0.64575344,0.08136228,-139.721,-22.051,80.513
66572219425,0.37154171,-0.66135675,-0.64647508,0.08144902,-139.979,-21.879,80.643
66592219525,0.36914504,-0.66198629,-0.64719248,0.08153524,-140.235,-21.707,80.772
66612219625,0.36674592,-0.66261142,-0.64790553,0.08162090,-140.491,-21.535,80.900
66632219725,0.36434433,-0.66323215,-0.64861423,0.08170602,-140.747,-21.362,81.027
66652219825,0.36197048,-0.66385210,-0.64929742,0.08179608,-140.997,-21.189,81.150
66672219925,0.35962451,-0.66447145,-0.64995515,0.08189104,-141.243,-21.017,81.269
66692220025,0.35730648,-0.66509038,-0.65058768,0.08199089,-141.484,-20.846,81.383
66712220100,0.35501650,-0.66570908,-0.65119505,0.08209561,-141.721,-20.675,81.493
66732220200,0.35272437,-0.66632378,-0.65179855,0.08219983,-141.957,-20.504,81.602
66752220325,0.35043013,-0.66693443,-0.65239811,0.08230355,-142.193,-20.332,81.710
66772220425,0.34813380,-0.66754115,-0.65299374,0.08240679,-142.427,-20.160,81.817
66792220500,0.34583536,-0.66814381,-0.65358549,0.08250953,-142.662,-19.987,81.923
66812220625,0.34353486,-0.66874242,-0.65417325,0.08261178,-142.895,-19.814,82.029
66832220725,0.34123227,-0.66933709,-0.65475714,0.08271352,-143.128,-19.641,82.133
66852220825,0.33891708,-0.66992974,-0.65534043,0.08281489,-143.362,-19.466,82.238
66872220925,0.33658919,-0.67052037,-0.65592313,0.08291586,-143.596,-19.291,82.342
66892221025,0.33424866,-0.67110890,-0.65650511,0.08301646,-143.831,-19.114,82.446
66912221125,0.33189547,-0.67169529,-0.65708637,0.08311664,-144.066,-18.936,82.549
66932221225,0.32954019,-0.67227745,-0.65766352,0.08321631,-144.300,-18.758,82.652
66952221325,0.32718286,-0.67285544,-0.65823662,0.08331545,-144.534,-18.579,82.753
66972221425,0.32482347,-0.67342925,-0.65880561,0.08341409,-144.768,-18.400,82.854
66992221525,0.32246208,-0.67399889,-0.65937048,0.08351220,-145.001,-18.220,82.954
67012221625,0.32009870,-0.67456430,-0.65993124,0.08360979,-145.233,-18.040,83.053
67032221725,0.31773329,-0.67512554,-0.66048789,0.08370686,-145.465,-17.860,83.152
67082221975,0.31535590,-0.67567915,-0.66104901,0.08380099,-145.697,-17.679,83.250
67102222075,0.31296653,-0.67622501,-0.66161454,0.08389218,-145.930,-17.498,83.349
67122222175,0.31056511,-0.67676318,-0.66218442,0.08398046,-146.164,-17.315,83.449
67142222275,0.30815172,-0.67729348,-0.66275865,0.08406583,-146.399,-17.133,83.549
67162222375,0.30573630,-0.67781943,-0.66332859,0.08415066,-146.633,-16.950,83.648
67182222475,0.30331895,-0.67834103,-0.66389424,0.08423495,-146.867,-16.766,83.746
67202222575,0.30089962,-0.67885822,-0.66445565,0.08431870,-147.100,-16.582,83.844
67222222675,0.29847836,-0.67937106,-0.66501278,0.08440191,-147.332,-16.398,83.940
67242222775,0.29605448,-0.67988485,-0.66556013,0.08448695,-147.564,-16.213,84.035
67262222875,0.29362807,-0.68039954,-0.66609782,0.08457381,-147.795,-16.027,84.128
67282222975,0.29119903,-0.68091518,-0.66662574,0.08466247,-148.025,-15.840,84.220
67302223075,0.28876746,-0.68143177,-0.66714394,0.08475292,-148.255,-15.652,84.310
67322223175,0.28633404,-0.68194395,-0.66765785,0.08484282,-148.484,-15.464,84.399
67342223275,0.28389874,-0.68245167,-0.66816741,0.08493217,-148.712,-15.275,84.487
67362223375,0.28146163,-0.68295509,-0.66867268,0.08502097,-148.940,-15.087,84.574
67382223475,0.27902269,-0.68345404,-0.66917366,0.08510923,-149.167,-14.898,84.661
67402223575,0.27658197,-0.68394858,-0.66967028,0.08519693,-149.394,-14.708,84.746
67422223675,0.27413943,-0.68443871,-0.67016256,0.08528408,-149.621,-14.518,84.831
67442223775,0.27170667,-0.68491757,-0.67065316,0.08536839,-149.846,-14.330,84.915
67462223875,0.26928368,-0.68538523,-0.67114210,0.08544986,-150.070,-14.142,84.999
67482223975,0.26687050,-0.68584174,-0.67162949,0.08552852,-150.292,-13.955,85.082
67502224075,0.26446721,-0.68628711,-0.67211533,0.08560441,-150.514,-13.769,85.165
67522224175,0.26206225,-0.68672824,-0.67259693,0.08567977,-150.734,-13.583,85.247
67542224250,0.25965565,-0.68716514,-0.67307442,0.08575460,-150.955,-13.396,85.328
67562224350,0.25724748,-0.68759775,-0.67354769,0.08582889,-151.175,-13.209,85.408
67582224450,0.25483766,-0.68802607,-0.67401677,0.08590265,-151.394,-13.022,85.488
67602224575,0.25242630,-0.68845010,-0.67448169,0.08597587,-151.613,-12.834,85.567
67622224650,0.25001335,-0.68886989,-0.67494243,0.08604856,-151.832,-12.647,85.645
67642224775,0.24758793,-0.68928665,-0.67540157,0.08612082,-152.051,-12.458,85.722
67662224850,0.24515007,-0.68970037,-0.67585921,0.08619265,-152.271,-12.268,85.800
67702225075,0.24269973,-0.69011098,-0.67631513,0.08626404,-152.491,-12.077,85.877
67722225175,0.24023692,-0.69051844,-0.67676938,0.08633500,-152.712,-11.884,85.953
67742225275,0.23777255,-0.69092143,-0.67721927,0.08640539,-152.933,-11.692,86.029
67762225375,0.23530667,-0.69131994,-0.67766476,0.08647523,-153.153,-11.499,86.104
67782225475,0.23283926,-0.69171405,-0.67810589,0.08654451,-153.373,-11.306,86.178
67802225575,0.23037036,-0.69210368,-0.67854267,0.08661324,-153.592,-11.113,86.251
67822225675,0.22789995,-0.69248885,-0.67897511,0.08668140,-153.811,-10.919,86.324
67842225775,0.22542879,-0.69286412,-0.67940867,0.08674718,-154.030,-10.726,86.396
67862225875,0.22295687,-0.69322950,-0.67984337,0.08681062,-154.248,-10.532,86.469
67882225975,0.22048420,-0.69358498,-0.68027925,0.08687171,-154.466,-10.339,86.541
67902226075,0.21801081,-0.69393057,-0.68071634,0.08693048,-154.684,-10.146,86.614
67922226175,0.21553601,-0.69427174,-0.68114901,0.08698868,-154.902,-9.953,86.686
67942226275,0.21305984,-0.69460839,-0.68157732,0.08704633,-155.119,-9.759,86.757
67962226375,0.21058229,-0.69494063,-0.68200123,0.08710342,-155.336,-9.565,86.827
67982226475,0.20810337,-0.69526833,-0.68242073,0.08715995,-155.553,-9.371,86.897
68002226575,0.20562313,-0.69559163,-0.68283588,0.08721591,-155.769,-9.177,86.966
68022226650,0.20314157,-0.69591039,-0.68324661,0.08727132,-155.985,-8.982,87.034
68042226775,0.20064768,-0.69622558,-0.68365526,0.08732626,-156.201,-8.786,87.101
68062241550,0.19814144,-0.69653720,-0.68406177,0.08738073,-156.418,-8.589,87.168
68082225675,0.19562289,-0.69684511,-0.68446606,0.08743473,-156.636,-8.392,87.235
68102227075,0.19309199,-0.69714922,-0.68486804,0.08748825,-156.854,-8.193,87.301
68122227175,0.19055980,-0.69744873,-0.68526548,0.08754119,-157.072,-7.993,87.367
68142227275,0.18802635,-0.69774354,-0.68565840,0.08759354,-157.290,-7.794,87.431
68162227375,0.18549165,-0.69803375,-0.68604666,0.08764531,-157.507,-7.594,87.495
68182227475,0.18295571,-0.69831932,-0.68643039,0.08769649,-157.724,-7.394,87.558
68202227575,0.18041855,-0.69860017,-0.68680954,0.08774709,-157.941,-7.194,87.621
68222227675,0.17788018,-0.69887644,-0.68718415,0.08779711,-158.157,-6.993,87.682
68242227775,0.17532955,-0.69914871,-0.68755627,0.08784663,-158.374,-6.792,87.743
68262227875,0.17276667,-0.69941694,-0.68792582,0.08789565,-158.592,-6.589,87.804
68282227975,0.17019151,-0.69968116,-0.68829280,0.08794416,-158.810,-6.386,87.864
68332228225,0.16760410,-0.69994116,-0.68865710,0.08799217,-159.029,-6.181,87.924
68352228325,0.16501555,-0.70019639,-0.68901664,0.08803956,-159.247,-5.976,87.983
68372228425,0.16242585,-0.70044672,-0.68937147,0.08808635,-159.466,-5.770,88.041
68392228525,0.15983501,-0.70069230,-0.68972152,0.08813253,-159.684,-5.565,88.098
68412228625,0.15724309,-0.70093298,-0.69006681,0.08817811,-159.902,-5.359,88.154
68432228725,0.15465008,-0.70116884,-0.69040734,0.08822307,-160.119,-5.154,88.210
68452228825,0.15205671,-0.70139438,-0.69074869,0.08826619,-160.336,-4.948,88.266
68472228925,0.14946300,-0.70160955,-0.69109094,0.08830749,-160.554,-4.742,88.322
68492229025,0.14686896,-0.70181435,-0.69143397,0.08834698,-160.770,-4.536,88.377
68512229100,0.14427461,-0.70200878,-0.69177788,0.08838470,-160.987,-4.331,88.433
68532229225,0.14167927,-0.70219839,-0.69211704,0.08842180,-161.204,-4.125,88.488
68552229325,0.13908295,-0.70238316,-0.69245142,0.08845829,-161.420,-3.919,88.543
68572229425,0.13648568,-0.70256311,-0.69278097,0.08849418,-161.636,-3.713,88.596
68592229525,0.13388747,-0.70273823,-0.69310582,0.08852945,-161.852,-3.507,88.649
68612229600,0.13128833,-0.70290846,-0.69342589,0.08856412,-162.067,-3.300,88.701
68632229725,0.12868829,-0.70307392,-0.69374114,0.08859818,-162.282,-3.094,88.752
68652229825,0.12607692,-0.70322925,-0.69405895,0.08863066,-162.498,-2.886,88.804
68672229925,0.12345420,-0.70337439,-0.69437933,0.08866160,-162.715,-2.678,88.855
68692230025,0.12082016,-0.70350939,-0.69470209,0.08869100,-162.933,-2.469,88.908
68712230125,0.11817479,-0.70363408,-0.69502717,0.08871888,-163.151,-2.259,88.960
68732230200,0.11552858,-0.70375371,-0.69534737,0.08874612,-163.369,-2.049,89.012
68752230325,0.11288156,-0.70386839,-0.69566256,0.08877273,-163.587,-1.839,89.063
68772230425,0.11023372,-0.70397806,-0.69597286,0.08879871,-163.804,-1.628,89.113
68792230525,0.10758511,-0.70408267,-0.69627815,0.08882406,-164.022,-1.418,89.162
68812230625,0.10493573,-0.70418233,-0.69657856,0.08884877,-164.239,-1.207,89.211
68832230725,0.10228560,-0.70427692,-0.69687396,0.08887286,-164.456,-0.996,89.259
68852230825,0.09962355,-0.70436662,-0.69716591,0.08889636,-164.674,-0.784,89.306
68872230925,0.09694957,-0.70445132,-0.69745433,0.08891928,-164.892,-0.571,89.352
68892231025,0.09426370,-0.70453095,-0.69773912,0.08894161,-165.111,-0.356,89.398
68912230600,0.09156592,-0.70460546,-0.69802034,0.08896335,-165.331,-0.141,89.444
69022234100,0.08886748,-0.70467478,-0.69829637,0.08898443,-165.551,0.074,89.488
69042233450,0.08617958,-0.70473891,-0.69856590,0.08900480,-165.770,0.289,89.532
69062232875,0.08350229,-0.70479798,-0.69882894,0.08902448,-165.987,0.503,89.575
69082232425,0.08083559,-0.70485198,-0.69908553,0.08904347,-166.204,0.716,89.616
69102230775,0.07817954,-0.70490104,-0.69933575,0.08906177,-166.419,0.929,89.656
69122232175,0.07552293,-0.70494503,-0.69958103,0.08907945,-166.635,1.142,89.696
69142232275,0.07286578,-0.70498407,-0.69982135,0.08909649,-166.850,1.354,89.735
69162232375,0.07020812,-0.70501804,-0.70005661,0.08911289,-167.065,1.567,89.773
69182232475,0.06754995,-0.70504701,-0.70028698,0.08912866,-167.280,1.781,89.810
69202232575,0.06489131,-0.70507091,-0.70051229,0.08914380,-167.495,1.994,89.847
69222232650,0.06223220,-0.70508987,-0.70073265,0.08915830,-167.709,2.207,89.883
69242232775,0.05957051,-0.70512056,-0.70093113,0.08917364,-167.924,2.421,89.915
69262232875,0.05696244,-0.70516431,-0.70110184,0.08918962,-168.135,2.632,89.942
69282232975,0.05440802,-0.70522147,-0.70124513,0.08920621,-168.340,2.838,89.966
69302233075,0.05190731,-0.70529228,-0.70136130,0.08922338,-168.542,3.041,89.985
69322233175,0.04946247,-0.70536023,-0.70146751,0.08923986,-168.738,3.239,90.002
69342233275,0.04701734,-0.70542395,-0.70156950,0.08925579,-168.935,3.437,90.019
69362233375,0.04457192,-0.70548350,-0.70166731,0.08927120,-169.132,3.636,90.035
69382233475,0.04212624,-0.70553881,-0.70176095,0.08928606,-169.329,3.834,90.051
69402233575,0.03968031,-0.70558983,-0.70185030,0.08930039,-169.526,4.032,90.065
69422233675,0.03723413,-0.70563668,-0.70193553,0.08931419,-169.722,4.231,90.079
69442233775,0.03478773,-0.70567930,-0.70201647,0.08932744,-169.919,4.429,90.093
69462233875,0.03232988,-0.70571721,-0.70209426,0.08934020,-170.117,4.629,90.106
69482233975,0.02986058,-0.70575041,-0.70216870,0.08935243,-170.315,4.829,90.118
69502234075,0.02737985,-0.70577878,-0.70223981,0.08936415,-170.515,5.031,90.130
69522234175,0.02488770,-0.70580226,-0.70230746,0.08937534,-170.715,5.233,90.141
69542234275,0.02239540,-0.70582139,-0.70237082,0.08938598,-170.916,5.435,90.151
69592234525,0.01990296,-0.70583612,-0.70242977,0.08939606,-171.116,5.638,90.161
69612234625,0.01741039,-0.70584649,-0.70248437,0.08940559,-171.317,5.840,90.170
69632234700,0.01491772,-0.70585245,-0.70253456,0.08941456,-171.517,6.043,90.179
69652234825,0.01242495,-0.70585400,-0.70258045,0.08942297,-171.718,6.245,90.186
69672234925,0.00993210,-0.70585120,-0.70262194,0.08943083,-171.918,6.447,90.193
69692235025,0.00743920,-0.70584399,-0.70265901,0.08943813,-172.119,6.650,90.199
69712235125,0.00494624,-0.70583242,-0.70269179,0.08944488,-172.320,6.853,90.205
69732235225,0.00245326,-0.70581645,-0.70272017,0.08945107,-172.521,7.055,90.210
69752235325,0.00003974,0.70579606,0.70274419,-0.08945671,-172.722,7.258,90.214
69772235425,0.00253274,0.70577133,0.70276386,-0.08946179,-172.923,7.460,90.217
69792235500,0.00502572,0.70574218,0.70277911,-0.08946631,-173.124,7.663,90.220
69812235625,0.00751867,0.70570868,0.70279002,-0.08947027,-173.325,7.865,90.222
69832235725,0.01001158,0.70567077,0.70279658,-0.08947369,-173.526,8.068,90.223
69852235825,0.01250513,0.70563406,0.70279312,-0.08947645,-173.728,8.271,90.223
69872235925,0.01499933,0.70559859,0.70277965,-0.08947857,-173.929,8.474,90.221
69892236000,0.01749414,0.70556438,0.70275617,-0.08948001,-174.131,8.677,90.217
69912236125,0.01998957,0.70553136,0.70272267,-0.08948076,-174.334,8.880,90.212
69932236200,0.02248486,0.70549393,0.70268476,-0.08948094,-174.536,9.082,90.206
69952236325,0.02498002,0.70545214,0.70264250,-0.08948057,-174.738,9.285,90.199
69972236425,0.02747502,0.70540595,0.70259589,-0.08947965,-174.941,9.488,90.191
69992236525,0.02996985,0.70535535,0.70254487,-0.08947816,-175.144,9.691,90.183
70012236625,0.03246450,0.70530033,0.70248950,-0.08947612,-175.347,9.894,90.174
70032236725,0.03495894,0.70524096,0.70242971,-0.08947352,-175.550,10.097,90.164
70052236825,0.03747494,0.70516956,0.70237207,-0.08947068,-175.755,10.301,90.155
70072236925,0.04001248,0.70508599,0.70231634,-0.08946761,-175.962,10.508,90.146
70092237025,0.04257153,0.70499015,0.70226252,-0.08946433,-176.170,10.716,90.137
70112237125,0.04515207,0.70488197,0.70221043,-0.08946083,-176.380,10.925,90.129
70132237225,0.04773232,0.70476902,0.70215362,-0.08945674,-176.591,11.135,90.119
70152237325,0.05031224,0.70465142,0.70209217,-0.08945206,-176.802,11.345,90.109
70172237425,0.05289182,0.70452911,0.70202601,-0.08944678,-177.013,11.554,90.098
70222237650,0.05547106,0.70440203,0.70195514,-0.08944090,-177.224,11.764,90.087
70242237775,0.05804992,0.70427030,0.70187962,-0.08943442,-177.435,11.974,90.074
70262237875,0.06060594,0.70413631,0.70179892,-0.08942731,-177.645,12.181,90.061
70282237975,0.06313908,0.70400012,0.70171326,-0.08941958,-177.853,12.387,90.047
70302238075,0.06564937,0.70386183,0.70162266,-0.08941124,-178.059,12.591,90.032
70322238175,0.06813678,0.70372164,0.70152724,-0.08940232,-178.264,12.793,90.016
70342238275,0.07062378,0.70357704,0.70142752,-0.08939283,-178.469,12.995,89.999
70362238375,0.07311033,0.70342809,0.70132339,-0.08938279,-178.675,13.197,89.982
70382238475,0.07559642,0.70327479,0.70121497,-0.08937219,-178.880,13.399,89.963
70402238575,0.07808205,0.70311707,0.70110214,-0.08936103,-179.086,13.600,89.945
70422238650,0.08056720,0.70295501,0.70098495,-0.08934933,-179.292,13.802,89.925
70442238775,0.08305184,0.70278853,0.70086342,-0.08933707,-179.499,14.004,89.904
70462238875,0.08555767,0.70260936,0.70074320,-0.08932493,-179.707,14.207,89.884
70482238975,0.08808468,0.70241725,0.70062417,-0.08931293,-179.917,14.412,89.864
70502239075,0.09063281,0.70221221,0.70050627,-0.08930109,179.871,14.619,89.844
70522239175,0.09320205,0.70199406,0.70038927,-0.08928942,179.657,14.828,89.824
70542239275,0.09577066,0.70177120,0.70026767,-0.08927716,179.443,15.037,89.804
70562239375,0.09833864,0.70154363,0.70014137,-0.08926430,179.229,15.245,89.782
70582239475,0.10090597,0.70131141,0.70001036,-0.08925083,179.014,15.453,89.760
70602239575,0.10347262,0.70107454,0.69987476,-0.08923679,178.799,15.662,89.737
70622239675,0.10603858,0.70083302,0.69973445,-0.08922214,178.584,15.870,89.713
70642239775,0.10860384,0.70058680,0.69958949,-0.08920690,178.369,16.078,89.688
70662239875,0.11116837,0.70033592,0.69943988,-0.08919106,178.153,16.286,89.662
70682239975,0.11373216,0.70008034,0.69928563,-0.08917464,177.936,16.494,89.636
70702240075,0.11629520,0.69982016,0.69912666,-0.08915761,177.720,16.702,89.608
70722240175,0.11885745,0.69955528,0.69896311,-0.08914000,177.503,16.910,89.580
70742240250,0.12141892,0.69928575,0.69879484,-0.08912178,177.286,17.118,89.551
70762240350,0.12397958,0.69901150,0.69862193,-0.08910298,177.068,17.325,89.521
70782240475,0.12653941,0.69873267,0.69844437,-0.08908358,176.850,17.533,89.491
70802240575,0.12909840,0.69844913,0.69826216,-0.08906358,176.632,17.740,89.459
70822240675,0.13165653,0.69816101,0.69807529,-0.08904301,176.413,17.947,89.426
70862240875,0.13421378,0.69786817,0.69788378,-0.08902182,176.194,18.155,89.393
70882240975,0.13678129,0.69756889,0.69768727,-0.08900005,175.974,18.363,89.359
70902241075,0.13935901,0.69726312,0.69748563,-0.08897767,175.752,18.571,89.323
70922241175,0.14194694,0.69695079,0.69727880,-0.08895469,175.529,18.781,89.287
70942241275,0.14454503,0.69663179,0.69706684,-0.08893109,175.304,18.991,89.250
70962241350,0.14714213,0.69630802,0.69685000,-0.08890688,175.079,19.201,89.212
70982241475,0.14973819,0.69597942,0.69662839,-0.08888206,174.854,19.411,89.173
71002241575,0.15233324,0.69564599,0.69640195,-0.08885662,174.628,19.621,89.133
71022241675,0.15492724,0.69530779,0.69617075,-0.08883057,174.402,19.831,89.092
71042241750,0.15752016,0.69496483,0.69593471,-0.08880391,174.175,20.040,89.050
71062241875,0.16011129,0.69461149,0.69569945,-0.08877789,173.949,20.250,89.008
71082241975,0.16270061,0.69424778,0.69546497,-0.08875254,173.722,20.459,88.966
71102242075,0.16528809,0.69387376,0.69523120,-0.08872788,173.495,20.668,88.924
71122242125,0.16787374,0.69348943,0.69499815,-0.08870394,173.267,20.878,88.883
71142242275,0.17045821,0.69310027,0.69476038,-0.08867937,173.040,21.087,88.840
71162242375,0.17304152,0.69270635,0.69451779,-0.08865420,172.811,21.296,88.796
71182242475,0.17562364,0.69230765,0.69427043,-0.08862842,172.583,21.505,88.752
71202242575,0.17820455,0.69190425,0.69401830,-0.08860202,172.354,21.713,88.706
71222242675,0.18078423,0.69149601,0.69376135,-0.08857501,172.124,21.922,88.660
71242242750,0.18336266,0.69108301,0.69349962,-0.08854740,171.894,22.130,88.612
71262242875,0.18595089,0.69066310,0.69323236,-0.08851916,171.662,22.339,88.564
71282244700,0.18854888,0.69023615,0.69295949,-0.08849027,171.429,22.549,88.514
71302243075,0.19115658,0.68980211,0.69268095,-0.08846074,171.194,22.759,88.463
71322243175,0.19377398,0.68936098,0.69239664,-0.08843056,170.958,22.971,88.411
71342243275,0.19639000,0.68891490,0.69210744,-0.08839975,170.721,23.182,88.358
71362243375,0.19900462,0.68846393,0.69181329,-0.08836831,170.483,23.392,88.304
71382243475,0.20161782,0.68800807,0.69151419,-0.08833624,170.245,23.603,88.248
71402243575,0.20422959,0.68754727,0.69121015,-0.08830354,170.007,23.813,88.192
71422243675,0.20683990,0.68708158,0.69090122,-0.08827021,169.767,24.023,88.135
71442243775,0.20944874,0.68661100,0.69058734,-0.08823625,169.527,24.233,88.077
71492244025,0.21204437,0.68613243,0.69027507,-0.08820337,169.288,24.442,88.018
71512244125,0.21462682,0.68564588,0.68996435,-0.08817160,169.050,24.650,87.960
71532244225,0.21719608,0.68515152,0.68965530,-0.08814096,168.812,24.857,87.902
71552244325,0.21975213,0.68464929,0.68934804,-0.08811149,168.575,25.063,87.844
71572244100,0.22230670,0.68414235,0.68903601,-0.08808141,168.338,25.269,87.786
71682247550,0.22485971,0.68363070,0.68871927,-0.08805072,168.100,25.475,87.726
71702246800,0.22742215,0.68311185,0.68839663,-0.08801939,167.860,25.681,87.665
71722246325,0.22999395,0.68258572,0.68806809,-0.08798739,167.619,25.888,87.602
71742245800,0.23257510,0.68205225,0.68773359,-0.08795474,167.376,26.096,87.538
71762245375,0.23516554,0.68151140,0.68739307,-0.08792141,167.131,26.304,87.473
71782245475,0.23775430,0.68096566,0.68704766,-0.08788746,166.885,26.513,87.407
71802245575,0.24034137,0.68041509,0.68669730,-0.08785289,166.639,26.720,87.340
71822245675,0.24292673,0.67985964,0.68634212,-0.08781768,166.392,26.928,87.271
71842245775,0.24551035,0.67929941,0.68598205,-0.08778185,166.144,27.135,87.202
71862245875,0.24806093,0.67875332,0.68561006,-0.08774164,165.898,27.339,87.130
71882245975,0.25057852,0.67822158,0.68522632,-0.08769703,165.653,27.540,87.055
71902246075,0.25306314,0.67770439,0.68483114,-0.08764800,165.410,27.737,86.979
71922246175,0.25551486,0.67720187,0.68442458,-0.08759453,165.168,27.930,86.900
71942246275,0.25796494,0.67669499,0.68401366,-0.08754049,164.925,28.124,86.820
71962246375,0.26041335,0.67618376,0.68359828,-0.08748589,164.682,28.317,86.739
71982246450,0.26286009,0.67566818,0.68317854,-0.08743073,164.438,28.510,86.657
72002246575,0.26530513,0.67514825,0.68275446,-0.08737500,164.193,28.702,86.574
72022246675,0.26774848,0.67462403,0.68232590,-0.08731871,163.947,28.894,86.489
72042246775,0.27019009,0.67409539,0.68189299,-0.08726186,163.701,29.086,86.404
72062261550,0.27261984,0.67357081,0.68145180,-0.08720236,163.454,29.277,86.317
72082245675,0.27503774,0.67305022,0.68100238,-0.08714019,163.207,29.466,86.227
72112247100,0.27744380,0.67253375,0.68054479,-0.08707532,162.960,29.653,86.137
72132247225,0.27983797,0.67202145,0.68007910,-0.08700777,162.713,29.839,86.044
72152247325,0.28223044,0.67150491,0.67960918,-0.08693968,162.464,30.025,85.950
72172247425,0.28462112,0.67098427,0.67913502,-0.08687104,162.215,30.210,85.855
72192247525,0.28701007,0.67045939,0.67865664,-0.08680187,161.965,30.395,85.759
72212247625,0.28939721,0.66993040,0.67817408,-0.08673216,161.715,30.579,85.662
72232247725,0.29178256,0.66939723,0.67768729,-0.08666191,161.463,30.764,85.564
72252247825,0.29416677,0.66886526,0.67719090,-0.08658878,161.210,30.947,85.464
72272247925,0.29652837,0.66834074,0.67668831,-0.08651290,160.958,31.128,85.362
72292248025,0.29886737,0.66782367,0.67617971,-0.08643427,160.707,31.307,85.259
72312248125,0.30118379,0.66731417,0.67566508,-0.08635286,160.457,31.483,85.154
72332248225,0.30347702,0.66680700,0.67514998,-0.08627109,160.208,31.657,85.049
72352248325,0.30576846,0.66629595,0.67463094,-0.08618882,159.958,31.831,84.943
72372248425,0.30805814,0.66578102,0.67410797,-0.08610605,159.707,32.004,84.836
72392248525,0.31034607,0.66526222,0.67358112,-0.08602277,159.455,32.177,84.728
72412248625,0.31263217,0.66473961,0.67305040,-0.08593901,159.203,32.350,84.618
72432248725,0.31491646,0.66421318,0.67251575,-0.08585474,158.949,32.522,84.508
72452248800,0.31719893,0.66368288,0.67197722,-0.08576998,158.695,32.694,84.396
72472248925,0.31950021,0.66313690,0.67143637,-0.08568712,158.438,32.867,84.284
72492249025,0.32182023,0.66257513,0.67089313,-0.08560617,158.179,33.042,84.170
72512249125,0.32415894,0.66199744,0.67034727,-0.08552714,157.917,33.219,84.056
72532249225,0.32651624,0.66140383,0.66979879,-0.08545004,157.652,33.397,83.940
72552249325,0.32887152,0.66080606,0.66924620,-0.08537240,157.386,33.575,83.823
72572249425,0.33122474,0.66020423,0.66868937,-0.08529425,157.119,33.752,83.706
72592249525,0.33357590,0.65959823,0.66812843,-0.08521555,156.851,33.929,83.586
72612249600,0.33592501,0.65898818,0.66756332,-0.08513632,156.583,34.105,83.466
72632249725,0.33827204,0.65837401,0.66699404,-0.08505657,156.313,34.281,83.344
72652249825,0.34061694,0.65775579,0.66642064,-0.08497629,156.042,34.456,83.221
72672249925,0.34295973,0.65713346,0.66584307,-0.08489548,155.770,34.631,83.097
72692250025,0.34530038,0.65650702,0.66526139,-0.08481415,155.497,34.805,82.972
72742250275,0.34763891,0.65587652,0.66467559,-0.08473229,155.223,34.979,82.845
72762250375,0.34997526,0.65524191,0.66408563,-0.08464989,154.948,35.153,82.717
72782250475,0.35230944,0.65460330,0.66349155,-0.08456697,154.672,35.326,82.588
72802250575,0.35464141,0.65396059,0.66289335,-0.08448353,154.395,35.498,82.457
72822250675,0.35697120,0.65331376,0.66229099,-0.08439957,154.117,35.670,82.325
72842250775,0.35929877,0.65266293,0.66168457,-0.08431508,153.838,35.841,82.192
72862250875,0.36163458,0.65200448,0.66107178,-0.08422998,153.556,36.013,82.057
72882250950,0.36397862,0.65133834,0.66045266,-0.08414429,153.272,36.185,81.920
72902251075,0.36633080,0.65066445,0.65982705,-0.08405799,152.986,36.357,81.781
72922251175,0.36869115,0.64998281,0.65919501,-0.08397108,152.697,36.530,81.641
72942251275,0.37104908,0.64929700,0.65855867,-0.08388362,152.408,36.701,81.499
72962251375,0.37340462,0.64860702,0.65791810,-0.08379562,152.117,36.873,81.355
72982251475,0.37575778,0.64791280,0.65727329,-0.08370709,151.824,37.043,81.210
73002251575,0.37810850,0.64721447,0.65662426,-0.08361802,151.531,37.214,81.064
73022251675,0.38045681,0.64651191,0.65597099,-0.08352840,151.236,37.383,80.916
73042251775,0.38280264,0.64580524,0.65531349,-0.08343825,150.941,37.552,80.767
73062251875,0.38514602,0.64509439,0.65465176,-0.08334756,150.644,37.720,80.616
73082251975,0.38748690,0.64437938,0.65398586,-0.08325633,150.345,37.888,80.464
73102252075,0.38982531,0.64366025,0.65331566,-0.08316457,150.046,38.055,80.311
73122252175,0.39216119,0.64293694,0.65264136,-0.08307227,149.745,38.221,80.156
73142252275,0.39449456,0.64220947,0.65196276,-0.08297943,149.443,38.387,79.999
73162252375,0.39682537,0.64147788,0.65127999,-0.08288607,149.140,38.552,79.842
73182252475,0.39915362,0.64074218,0.65059304,-0.08279216,148.835,38.717,79.682
73202252550,0.40147933,0.64000231,0.64990187,-0.08269773,148.529,38.880,79.521
73222252675,0.40380242,0.63925833,0.64920658,-0.08260276,148.222,39.044,79.359
73242252775,0.40612292,0.63851029,0.64850706,-0.08250726,147.914,39.206,79.195
73262252875,0.40845042,0.63774896,0.64780581,-0.08241440,147.603,39.369,79.030
73282252975,0.41078487,0.63697439,0.64710289,-0.08232417,147.291,39.533,78.864
73302253075,0.41312620,0.63618654,0.64639819,-0.08223660,146.976,39.697,78.697
73322253175,0.41547439,0.63538533,0.64569157,-0.08215171,146.659,39.861,78.528
73372253425,0.41781983,0.63457990,0.64498073,-0.08206628,146.341,40.025,78.358
73392253525,0.42016247,0.63377023,0.64426553,-0.08198029,146.022,40.189,78.186
73412253625,0.42250231,0.63295633,0.64354604,-0.08189376,145.701,40.351,78.013
73432253725,0.42483932,0.63213819,0.64282233,-0.08180668,145.379,40.513,77.838
73452253825,0.42717353,0.63131589,0.64209425,-0.08171906,145.055,40.674,77.661
73472253925,0.42950487,0.63048935,0.64136195,-0.08163089,144.730,40.834,77.483
73492254025,0.43183336,0.62965864,0.64062536,-0.08154218,144.403,40.994,77.303
73512254125,0.43415898,0.62882370,0.63988447,-0.08145293,144.075,41.152,77.121
73532254225,0.43648168,0.62798458,0.63913935,-0.08136313,143.746,41.310,76.938
73552254325,0.43880150,0.62714130,0.63839000,-0.08127280,143.415,41.467,76.753
73572254425,0.44111839,0.62629384,0.63763636,-0.08118191,143.083,41.624,76.567
73592254525,0.44343233,0.62544215,0.63687849,-0.08109049,142.749,41.779,76.379
73612254625,0.44574335,0.62458634,0.63611633,-0.08099853,142.413,41.934,76.189
73632254725,0.44805136,0.62372637,0.63534999,-0.08090603,142.076,42.088,75.997
73652254825,0.45035639,0.62286228,0.63457936,-0.08081299,141.738,42.241,75.804
73672254925,0.45266849,0.62198973,0.63380158,-0.08071931,141.397,42.393,75.608
73692255000,0.45498753,0.62110871,0.63301653,-0.08062501,141.052,42.546,75.410
73712255125,0.45731351,0.62021917,0.63222420,-0.08053005,140.705,42.699,75.210
73732255225,0.45964634,0.61932111,0.63142449,-0.08043444,140.354,42.851,75.006
73752255325,0.46197599,0.61841881,0.63062042,-0.08033828,140.002,43.002,74.801
73772255425,0.46430248,0.61751217,0.62981200,-0.08024156,139.649,43.153,74.595
73792255525,0.46662575,0.61660135,0.62899929,-0.08014429,139.294,43.302,74.386
73812255625,0.46894583,0.61568618,0.62818217,-0.08004647,138.937,43.451,74.176
73832255725,0.47126266,0.61476684,0.62736076,-0.07994810,138.578,43.599,73.964
73852255825,0.47357622,0.61384326,0.62653506,-0.07984918,138.218,43.745,73.750
73872255900,0.47587600,0.61291486,0.62571305,-0.07975359,137.859,43.891,73.536
73892256025,0.47816202,0.61198169,0.62489486,-0.07966135,137.499,44.036,73.322
73912256125,0.48043427,0.61104393,0.62408054,-0.07957251,137.141,44.179,73.108
73932256225,0.48269281,0.61010152,0.62327009,-0.07948708,136.783,44.322,72.894
73952256325,0.48494816,0.60915506,0.62245554,-0.07940112,136.423,44.463,72.679
74002256550,0.48720026,0.60820454,0.62163681,-0.07931463,136.062,44.604,72.461
74022256675,0.48944911,0.60724998,0.62081397,-0.07922762,135.699,44.744,72.242
74042256775,0.49169472,0.60629141,0.61998701,-0.07914007,135.335,44.882,72.021
74062256875,0.49395663,0.60531962,0.61914927,-0.07905179,134.966,45.021,71.797
74082256975,0.49623474,0.60433453,0.61830068,-0.07896273,134.592,45.160,71.569
74102257075,0.49852893,0.60333610,0.61744112,-0.07887290,134.213,45.300,71.337
74122257150,0.50083911,0.60232413,0.61657053,-0.07878230,133.829,45.440,71.101
74142257250,0.50314569,0.60130787,0.61569548,-0.07869113,133.444,45.578,70.863
74162257350,0.50544870,0.60028738,0.61481607,-0.07859940,133.056,45.715,70.624
74182257475,0.50774813,0.59926254,0.61393231,-0.07850711,132.667,45.852,70.383
74202257550,0.51004392,0.59823346,0.61304414,-0.07841426,132.276,45.987,70.139
74222257525,0.51233608,0.59720016,0.61215162,-0.07832085,131.884,46.121,69.894
74342260775,0.51462460,0.59616256,0.61125469,-0.07822689,131.489,46.253,69.647
74362260050,0.51690882,0.59511578,0.61035824,-0.07813648,131.094,46.386,69.399
74382259525,0.51918870,0.59405994,0.60946214,-0.07804964,130.697,46.517,69.149
74402259050,0.52146429,0.59299499,0.60856646,-0.07796640,130.299,46.649,68.899
74422258650,0.52373552,0.59192097,0.60767120,-0.07788677,129.900,46.779,68.648
74442258775,0.52600306,0.59084272,0.60677159,-0.07780658,129.499,46.909,68.394
74462258875,0.52823943,0.58978450,0.60586905,-0.07771781,129.100,47.034,68.141
74482258975,0.53044474,0.58874643,0.60496372,-0.07762046,128.703,47.155,67.886
74502259075,0.53261918,0.58772862,0.60405576,-0.07751451,128.309,47.272,67.632
74522259175,0.53476274,0.58673131,0.60314542,-0.07739993,127.916,47.384,67.377
74542259275,0.53690290,0.58573025,0.60223120,-0.07728485,127.522,47.495,67.121
74562259375,0.53903967,0.58472538,0.60131305,-0.07716928,127.127,47.605,66.863
74582259475,0.54117286,0.58371675,0.60039109,-0.07705320,126.730,47.713,66.603
74622259675,0.54330266,0.58270437,0.59946525,-0.07693664,126.331,47.820,66.342
74642259750,0.54542893,0.58168823,0.59853554,-0.07681958,125.931,47.927,66.078
74662259875,0.54754353,0.58068293,0.59759647,-0.07669345,125.530,48.030,65.813
74682259975,0.54964644,0.57968849,0.59664810,-0.07655823,125.128,48.129,65.546
74702260075,0.55173767,0.57870489,0.59569043,-0.07641387,124.725,48.225,65.277
74722260175,0.55381733,0.57773221,0.59472364,-0.07626035,124.321,48.318,65.006
74742260275,0.55589354,0.57675594,0.59375310,-0.07610635,123.916,48.410,64.733
74762260375,0.55796629,0.57577610,0.59277886,-0.07595187,123.509,48.501,64.459
74782260475,0.56003553,0.57479268,0.59180099,-0.07579692,123.101,48.590,64.183
74802260575,0.56210130,0.57380563,0.59081936,-0.07564151,122.692,48.678,63.907
74822260675,0.56416363,0.57281506,0.58983409,-0.07548562,122.281,48.764,63.628
74842260775,0.56622237,0.57182086,0.58884513,-0.07532926,121.870,48.850,63.348
74862260875,0.56828624,0.57081330,0.58785319,-0.07517681,121.455,48.935,63.067
74882260975,0.57035524,0.56979227,0.58685809,-0.07502831,121.038,49.020,62.783
74902261075,0.57242918,0.56875783,0.58585989,-0.07488374,120.618,49.105,62.498
74922261175,0.57450813,0.56770980,0.58485848,-0.07474312,120.195,49.190,62.210
74942261275,0.57658339,0.56665820,0.58385330,-0.07460203,119.772,49.273,61.921
74962261375,0.57865489,0.56560290,0.58284438,-0.07446045,119.346,49.355,61.631
74982261475,0.58072269,0.56454396,0.58183169,-0.07431840,118.920,49.436,61.339
75002261575,0.58278674,0.56348139,0.58081526,-0.07417586,118.492,49.515,61.046
75022261675,0.58484697,0.56241518,0.57979506,-0.07403285,118.063,49.593,60.752
75042261775,0.58690351,0.56134534,0.57877111,-0.07388936,117.632,49.669,60.456
75062261875,0.58894718,0.56027716,0.57774758,-0.07374554,117.203,49.744,60.160
75082261950,0.59097797,0.55921078,0.57672453,-0.07360139,116.773,49.816,59.864
75102262050,0.59299600,0.55814612,0.57570195,-0.07345691,116.345,49.887,59.568
75122262175,0.59500122,0.55708337,0.57467991,-0.07331211,115.917,49.956,59.272
75142262275,0.59700280,0.55601710,0.57365429,-0.07316686,115.488,50.024,58.975
75162262375,0.59900063,0.55494738,0.57262516,-0.07302115,115.058,50.090,58.677
75182262450,0.60099477,0.55387419,0.57159239,-0.07287499,114.627,50.155,58.377
75202262575,0.60298514,0.55279762,0.57055610,-0.07272838,114.194,50.218,58.077
75252262825,0.60497177,0.55171758,0.56951630,-0.07258131,113.761,50.280,57.775
75272262925,0.60696357,0.55062866,0.56846869,-0.07243366,113.324,50.340,57.471
75292263025,0.60896051,0.54953086,0.56741315,-0.07228540,112.885,50.400,57.164
75312263125,0.61096251,0.54842412,0.56634980,-0.07213654,112.443,50.458,56.855
75332263225,0.61296946,0.54730844,0.56527847,-0.07198706,111.997,50.515,56.544
75352263325,0.61497247,0.54618919,0.56420350,-0.07183713,111.551,50.571,56.231
75372263425,0.61697155,0.54506648,0.56312490,-0.07168674,111.103,50.625,55.918
75392263525,0.61896664,0.54394019,0.56204271,-0.07153589,110.655,50.678,55.603
75412263625,0.62095773,0.54281044,0.56095684,-0.07138456,110.206,50.729,55.288
75432263725,0.62294483,0.54167718,0.55986738,-0.07123279,109.756,50.778,54.971
75452263825,0.62492794,0.54054040,0.55877429,-0.07108055,109.304,50.826,54.654
75472263925,0.62690699,0.53940016,0.55767763,-0.07092786,108.853,50.872,54.335
75492264025,0.62888199,0.53825647,0.55657738,-0.07077470,108.400,50.917,54.016
75512264125,0.63085294,0.53710926,0.55547351,-0.07062110,107.946,50.960,53.696
75532264225,0.63281989,0.53595865,0.55436611,-0.07046704,107.492,51.002,53.375
75552264300,0.63478267,0.53480452,0.55325508,-0.07031252,107.036,51.041,53.053
75572264425,0.63674140,0.53364700,0.55214053,-0.07015755,106.581,51.080,52.731
75592264525,0.63869607,0.53248602,0.55102241,-0.07000213,106.124,51.116,52.408
75612264625,0.64064658,0.53132159,0.54990077,-0.06984626,105.667,51.151,52.084
75632264725,0.64259297,0.53015375,0.54877555,-0.06968994,105.209,51.185,51.759
75652264800,0.64453518,0.52898252,0.54764676,-0.06953317,104.750,51.217,51.434
75672264925,0.64647275,0.52780348,0.54651874,-0.06938110,104.291,51.248,51.108
75692265025,0.64840561,0.52661669,0.54539138,-0.06923375,103.832,51.278,50.783
75712265125,0.65033370,0.52542216,0.54426473,-0.06909113,103.373,51.307,50.457
75732265225,0.65225703,0.52421987,0.54313874,-0.06895327,102.913,51.336,50.130
75752265300,0.65417624,0.52301425,0.54200929,-0.06881496,102.453,51.363,49.804
75772265425,0.65609115,0.52180523,0.54087639,-0.06867621,101.992,51.389,49.476
75792265525,0.65800190,0.52059287,0.53973997,-0.06853702,101.531,51.413,49.148
75812265625,0.65990841,0.51937717,0.53860009,-0.06839739,101.069,51.435,48.820
75832265725,0.66181070,0.51815808,0.53745675,-0.06825731,100.607,51.456,48.491
75882265975,0.66370869,0.51693571,0.53630990,-0.06811680,100.144,51.475,48.162
75902266050,0.66561085,0.51570415,0.53515488,-0.06797569,99.679,51.492,47.831
75922266175,0.66751707,0.51446337,0.53399158,-0.06783399,99.212,51.508,47.499
75942266275,0.66942722,0.51321328,0.53281999,-0.06769168,98.742,51.522,47.164
75962266375,0.67134130,0.51195395,0.53164005,-0.06754877,98.270,51.535,46.828
75982266475,0.67325097,0.51069117,0.53045660,-0.06740541,97.798,51.546,46.492
76002266575,0.67515612,0.50942504,0.52926958,-0.06726159,97.326,51.555,46.155
76022266675,0.67705673,0.50815547,0.52807903,-0.06711733,96.853,51.563,45.818
76042266775,0.67895287,0.50688255,0.52688497,-0.06697263,96.380,51.569,45.481
76062281550,0.68084449,0.50560623,0.52568740,-0.06682748,95.908,51.573,45.144
76082265675,0.68273973,0.50432056,0.52448142,-0.06668171,95.433,51.575,44.805
76102267050,0.68463868,0.50302547,0.52326697,-0.06653534,94.956,51.576,44.465
76122267175,0.68654108,0.50172102,0.52204400,-0.06638835,94.477,51.575,44.124
76142267275,0.68844700,0.50040704,0.52081251,-0.06624075,93.995,51.573,43.781
76162267375,0.69034815,0.49908966,0.51957738,-0.06609268,93.514,51.568,43.438
76182267475,0.69224459,0.49776882,0.51833874,-0.06594416,93.033,51.562,43.095
76202267575,0.69413620,0.49644452,0.51709646,-0.06579519,92.553,51.554,42.752
76222267675,0.69602305,0.49511683,0.51585066,-0.06564577,92.072,51.545,42.410
76242267750,0.69790506,0.49378571,0.51460129,-0.06549589,91.592,51.533,42.068
76262267875,0.69978225,0.49245119,0.51334840,-0.06534556,91.111,51.520,41.726
76282267975,0.70165414,0.49110916,0.51209587,-0.06520037,90.632,51.506,41.384
76302268075,0.70352066,0.48975965,0.51084369,-0.06506034,90.152,51.491,41.042
76322268150,0.70538181,0.48840272,0.50959194,-0.06492548,89.673,51.475,40.701
76342268275,0.70723760,0.48703831,0.50834060,-0.06479581,89.194,51.458,40.361
76362268350,0.70908850,0.48567057,0.50708574,-0.06466568,88.715,51.439,40.020
76382268475,0.71093446,0.48429948,0.50582743,-0.06453512,88.237,51.419,39.680
76402268575,0.71277559,0.48292506,0.50456560,-0.06440411,87.759,51.397,39.341
76422268675,0.71461183,0.48154730,0.50330031,-0.06427266,87.282,51.373,39.002
76442268775,0.71644306,0.48016623,0.50203151,-0.06414076,86.805,51.348,38.663
76462268875,0.71826947,0.47878185,0.50075930,-0.06400842,86.329,51.320,38.325
76512269125,0.72009033,0.47739017,0.49948743,-0.06388138,85.853,51.292,37.988
76532269225,0.72190577,0.47599122,0.49821597,-0.06375965,85.378,51.263,37.651
76552269325,0.72371572,0.47458500,0.49694487,-0.06364325,84.903,51.233,37.314
76572269425,0.72552013,0.47317156,0.49567413,-0.06353220,84.429,51.203,36.978
76592269525,0.72731960,0.47175485,0.49439999,-0.06342071,83.955,51.170,36.643
76612269625,0.72911406,0.47033492,0.49312246,-0.06330878,83.482,51.136,36.308
76632269725,0.73090351,0.46891174,0.49184152,-0.06319642,83.009,51.100,35.974
76652269825,0.73268789,0.46748531,0.49055719,-0.06308362,82.538,51.062,35.641
76672269925,0.73447490,0.46604931,0.48926413,-0.06297021,82.065,51.023,35.307
76692270025,0.73626441,0.46460369,0.48796231,-0.06285616,81.591,50.982,34.973
76712270125,0.73805636,0.46314842,0.48665166,-0.06274149,81.115,50.938,34.638
76732270225,0.73985070,0.46168345,0.48533216,-0.06262619,80.639,50.893,34.302
76752270325,0.74163973,0.46021521,0.48400921,-0.06251044,80.163,50.847,33.967
76772270425,0.74342346,0.45874369,0.48268282,-0.06239425,79.688,50.798,33.634
76792270525,0.74520195,0.45726892,0.48135298,-0.06227761,79.214,50.748,33.301
76812270625,0.74697512,0.45579088,0.48001972,-0.06216053,78.741,50.695,32.969
76832270725,0.74874294,0.45430961,0.47868305,-0.06204300,78.270,50.642,32.639
76852270825,0.75050545,0.45282507,0.47734296,-0.06192503,77.799,50.586,32.309
76872270925,0.75226259,0.45133734,0.47599947,-0.06180663,77.329,50.529,31.981
76892271025,0.75401443,0.44984639,0.47465259,-0.06168778,76.861,50.470,31.653
76912270625,0.75576085,0.44835222,0.47330236,-0.06156850,76.393,50.409,31.327
77022274175,0.75750196,0.44685486,0.47194871,-0.06144877,75.927,50.347,31.003
77042273450,0.75923759,0.44535434,0.47059175,-0.06132861,75.462,50.283,30.679
77062273000,0.76096785,0.44385064,0.46923143,-0.06120801,74.998,50.217,30.357
77082272525,0.76269269,0.44234377,0.46786773,-0.06108698,74.535,50.150,30.035
77102272075,0.76441211,0.44083375,0.46650073,-0.06096551,74.074,50.081,29.716
77142272275,0.76612610,0.43932059,0.46513042,-0.06084361,73.614,50.010,29.397
77162272375,0.76783460,0.43780431,0.46375677,-0.06072127,73.155,49.938,29.080
77182272475,0.76953763,0.43628493,0.46237984,-0.06059850,72.697,49.864,28.765
77202272575,0.77123523,0.43476242,0.46099961,-0.06047530,72.241,49.788,28.450
77222272675,0.77292728,0.43323681,0.45961609,-0.06035167,71.786,49.711,28.138
77242272775,0.77461386,0.43170813,0.45822930,-0.06022761,71.333,49.632,27.826
77262272850,0.77629495,0.43017638,0.45683923,-0.06010312,70.881,49.552,27.516
77282272975,0.77793658,0.42868599,0.45546430,-0.05996067,70.441,49.469,27.216
77302273075,0.77953917,0.42723709,0.45410472,-0.05980024,70.013,49.383,26.925
77322273175,0.78110296,0.42582992,0.45276079,-0.05962181,69.597,49.295,26.644
77342273275,0.78262830,0.42446455,0.45143265,-0.05942538,69.194,49.205,26.372
77362273375,0.78414893,0.42309663,0.45010182,-0.05922859,68.791,49.114,26.102
77382273475,0.78566492,0.42172620,0.44876829,-0.05903144,68.391,49.021,25.833
77402273575,0.78717613,0.42035323,0.44743207,-0.05883394,67.991,48.927,25.566
77422273675,0.78868270,0.41897774,0.44609314,-0.05863609,67.593,48.832,25.300
77442273775,0.79018450,0.41759974,0.44475159,-0.05843789,67.197,48.736,25.036
77462273875,0.79168153,0.41621923,0.44340733,-0.05823933,66.802,48.639,24.773
77482273975,0.79318118,0.41483298,0.44205123,-0.05803388,66.406,48.539,24.511
77502274075,0.79468328,0.41344091,0.44068328,-0.05782153,66.011,48.436,24.250
77522274175,0.79618782,0.41204304,0.43930340,-0.05760225,65.616,48.332,23.990
77542274275,0.79769468,0.41063929,0.43791160,-0.05737604,65.222,48.225,23.731
77562274350,0.79919654,0.40923300,0.43651709,-0.05714947,64.828,48.116,23.473
77582274450,0.80069345,0.40782413,0.43511987,-0.05692254,64.436,48.007,23.217
77602274550,0.80218536,0.40641275,0.43371990,-0.05669526,64.046,47.896,22.963
77622274675,0.80367231,0.40499881,0.43231726,-0.05646763,63.658,47.784,22.711
77642274725,0.80515420,0.40358236,0.43091193,-0.05623964,63.271,47.671,22.460
77662274875,0.80663109,0.40216342,0.42950392,-0.05601131,62.885,47.557,22.210
77682274950,0.80810916,0.40073162,0.42809042,-0.05578884,62.499,47.443,21.961
77702275075,0.80958825,0.39928696,0.42667142,-0.05557227,62.112,47.327,21.712
77722273875,0.81106842,0.39782944,0.42524683,-0.05536160,61.725,47.211,21.462
77772275425,0.81254947,0.39635906,0.42381671,-0.05515682,61.336,47.094,21.212
77792275525,0.81402528,0.39488611,0.42238384,-0.05495170,60.950,46.975,20.964
77812275625,0.81549585,0.39341062,0.42094824,-0.05474621,60.565,46.856,20.718
77832275725,0.81696117,0.39193261,0.41950995,-0.05454038,60.182,46.736,20.474
77852275825,0.81842124,0.39045209,0.41806892,-0.05433419,59.800,46.614,20.231
77872275925,0.81987649,0.38897234,0.41662210,-0.05412112,59.420,46.491,19.990
77892276025,0.82132685,0.38749346,0.41516948,-0.05390115,59.043,46.365,19.752
77912276125,0.82277232,0.38601539,0.41371110,-0.05367426,58.667,46.238,19.517
77932276225,0.82421297,0.38453811,0.41224697,-0.05344046,58.294,46.109,19.284
77952276325,0.82564825,0.38305834,0.41078016,-0.05320631,57.922,45.979,19.052
77972276425,0.82707822,0.38157612,0.40931070,-0.05297181,57.552,45.848,18.823
77992276525,0.82850283,0.38009143,0.40783858,-0.05273698,57.184,45.715,18.595
78012276600,0.82992214,0.37860429,0.40636387,-0.05250180,56.817,45.582,18.369
78032276725,0.83133608,0.37711471,0.40488651,-0.05226629,56.452,45.448,18.145
78052276825,0.83274460,0.37562269,0.40340653,-0.05203044,56.089,45.313,17.922
78072276925,0.83414739,0.37412503,0.40192696,-0.05180091,55.726,45.177,17.700
78092277025,0.83554435,0.37262174,0.40044779,-0.05157770,55.365,45.042,17.480
78112277100,0.83693552,0.37111285,0.39896899,-0.05136084,55.005,44.906,17.260
78132277225,0.83832091,0.36959836,0.39749062,-0.05115034,54.646,44.770,17.042
78152277325,0.83970082,0.36808151,0.39600965,-0.05093950,54.288,44.633,16.825
78172277425,0.84107542,0.36656231,0.39452615,-0.05072834,53.932,44.495,16.610
78192277525,0.84244454,0.36504069,0.39304012,-0.05051685,53.577,44.356,16.396
78212277625,0.84380823,0.36351678,0.39155155,-0.05030503,53.225,44.216,16.185
78232277725,0.84516650,0.36199048,0.39006045,-0.05009289,52.873,44.075,15.975
78252277825,0.84651935,0.36046186,0.38856685,-0.04988043,52.523,43.933,15.767
78272277925,0.84786630,0.35892782,0.38707361,-0.04967441,52.175,43.791,15.559
78292278025,0.84921336,0.35738119,0.38557437,-0.04947462,51.825,43.649,15.352
78312278125,0.85056043,0.35582200,0.38406906,-0.04928107,51.475,43.505,15.144
78332278225,0.85190743,0.35425016,0.38255769,-0.04909376,51.125,43.361,14.937
78352278325,0.85325462,0.35266882,0.38103735,-0.04890591,50.774,43.215,14.730
78402278575,0.85459614,0.35108510,0.37951449,-0.04871772,50.425,43.068,14.525
78422278675,0.85593200,0.34949905,0.37798908,-0.04852921,50.078,42.921,14.321
78442278775,0.85726213,0.34791067,0.37646115,-0.04834037,49.732,42.772,14.119
78462278875,0.85858655,0.34631997,0.37493074,-0.04815122,49.387,42.623,13.919
78482278975,0.85989994,0.34473720,0.37340152,-0.04795511,49.047,42.473,13.723
78502279075,0.86120224,0.34316242,0.37187362,-0.04775204,48.709,42.322,13.530
78522279175,0.86249363,0.34159562,0.37034702,-0.04754202,48.376,42.169,13.340
78542279275,0.86377412,0.34003684,0.36882180,-0.04732502,48.046,42.016,13.154
78562279375,0.86504906,0.33847588,0.36729422,-0.04710772,47.717,41.862,12.969
78582279475,0.86631840,0.33691275,0.36576426,-0.04689012,47.390,41.708,12.786
78602279575,0.86758220,0.33534741,0.36423194,-0.04667221,47.065,41.552,12.604
78622279675,0.86884040,0.33377996,0.36269730,-0.04645400,46.741,41.396,12.425
78642279775,0.87009299,0.33221033,0.36116031,-0.04623550,46.418,41.239,12.246
78662279875,0.87133998,0.33063856,0.35962099,-0.04601669,46.096,41.082,12.070
78682279975,0.87258649,0.32905445,0.35807538,-0.04580432,45.774,40.923,11.893
78702280075,0.87383240,0.32745799,0.35652348,-0.04559838,45.452,40.764,11.716
78722280175,0.87507766,0.32584918,0.35496521,-0.04539890,45.129,40.604,11.539
78742280275,0.87632221,0.32422802,0.35340059,-0.04520588,44.805,40.444,11.362
78762280375,0.87756091,0.32260472,0.35183358,-0.04501256,44.483,40.282,11.187
78782280475,0.87879378,0.32097924,0.35026425,-0.04481893,44.162,40.120,11.013
78802280575,0.88002080,0.31935164,0.34869257,-0.04462501,43.842,39.957,10.841
78822280675,0.88124198,0.31772190,0.34711859,-0.04443079,43.524,39.794,10.670
78842280775,0.88245726,0.31609005,0.34554225,-0.04423627,43.207,39.629,10.501
78862280875,0.88366663,0.31445611,0.34396365,-0.04404146,42.892,39.464,10.334
78882280975,0.88487011,0.31282005,0.34238276,-0.04384636,42.578,39.298,10.168
78902281050,0.88606775,0.31118193,0.34079957,-0.04365096,42.265,39.132,10.004
78922281175,0.88725948,0.30954173,0.33921412,-0.04345527,41.954,38.965,9.841
78942281275,0.88844526,0.30789945,0.33762640,-0.04325930,41.644,38.797,9.680
78962281375,0.88962513,0.30625513,0.33603644,-0.04306303,41.336,38.629,9.520
78982281475,0.89079911,0.30460876,0.33444422,-0.04286648,41.028,38.459,9.362
79032281725,0.89196712,0.30296040,0.33284980,-0.04266964,40.722,38.290,9.205
79052281825,0.89312917,0.30130997,0.33125317,-0.04247252,40.418,38.119,9.050
79072281925,0.89428532,0.29965755,0.32965431,-0.04227512,40.114,37.948,8.897
79092282025,0.89544016,0.29799303,0.32804883,-0.04208434,39.810,37.776,8.743
79112282125,0.89659357,0.29631636,0.32643670,-0.04190018,39.506,37.603,8.589
79132282225,0.89774561,0.29462758,0.32481790,-0.04172267,39.200,37.430,8.435
79152282325,0.89889604,0.29292667,0.32319239,-0.04155180,38.895,37.256,8.281
79172282425,0.90004033,0.29122376,0.32156464,-0.04138065,38.590,37.081,8.129
79192282525,0.90117836,0.28951883,0.31993467,-0.04120921,38.287,36.906,7.978
79212282625,0.90231025,0.28781191,0.31830251,-0.04103748,37.985,36.729,7.828
79232282725,0.90343589,0.28610301,0.31666815,-0.04086548,37.684,36.553,7.680
79252282825,0.90455526,0.28439212,0.31503162,-0.04069319,37.385,36.375,7.534
79272282925,0.90566850,0.28267929,0.31339291,-0.04052062,37.087,36.197,7.389
79292283025,0.90677983,0.28095445,0.31174737,-0.04035476,36.788,36.019,7.244
79312284275,0.90788931,0.27921757,0.31009501,-0.04019562,36.488,35.839,7.099
79332283225,0.90899676,0.27746868,0.30843574,-0.04004321,36.188,35.659,6.953
79352283325,0.91010213,0.27570778,0.30676955,-0.03989752,35.888,35.478,6.808
79372283425,0.91120100,0.27394491,0.30510119,-0.03975155,35.588,35.296,6.664
79392283525,0.91229337,0.27218011,0.30343068,-0.03960530,35.290,35.113,6.522
79412283625,0.91337931,0.27041337,0.30175796,-0.03945877,34.993,34.930,6.381
79432283725,0.91445869,0.26864469,0.30008313,-0.03931195,34.697,34.747,6.242
79452283825,0.91553158,0.26687410,0.29840615,-0.03916486,34.403,34.562,6.104
79472283925,0.91659796,0.26510161,0.29672703,-0.03901748,34.110,34.378,5.967
79492284025,0.91765815,0.26332960,0.29504371,-0.03886251,33.818,34.192,5.833
79512284125,0.91871208,0.26155806,0.29335618,-0.03869992,33.528,34.005,5.701
79532284225,0.91975975,0.25978702,0.29166445,-0.03852973,33.240,33.817,5.572
79552284325,0.92080122,0.25801647,0.28996858,-0.03835190,32.953,33.628,5.445
79572284425,0.92183608,0.25624406,0.28827065,-0.03817381,32.668,33.438,5.319
79592284525,0.92286444,0.25446981,0.28657064,-0.03799544,32.383,33.248,5.195
79612284050,0.92388618,0.25269377,0.28486860,-0.03781680,32.100,33.058,5.072
79722287675,0.92490131,0.25091594,0.28316453,-0.03763789,31.818,32.867,4.950
79742286900,0.92590958,0.24913403,0.28146046,-0.03746611,31.536,32.676,4.829
79762286550,0.92691094,0.24734811,0.27975637,-0.03730145,31.255,32.484,4.709
79782286075,0.92790538,0.24555820,0.27805224,-0.03714394,30.975,32.293,4.588
79802285575,0.92889297,0.24376431,0.27634811,-0.03699357,30.695,32.102,4.469
79822285675,0.92987394,0.24196869,0.27464202,-0.03684294,30.416,31.911,4.350
79842285775,0.93084824,0.24017134,0.27293399,-0.03669205,30.138,31.718,4.233
79862285875,0.93181592,0.23837230,0.27122399,-0.03654090,29.861,31.526,4.118
79882285975,0.93276143,0.23660685,0.26953688,-0.03637564,29.592,31.335,4.007
79902286075,0.93368500,0.23487507,0.26787284,-0.03619629,29.328,31.146,3.902
79922286175,0.93458694,0.23317705,0.26623198,-0.03600284,29.072,30.959,3.802
79942286275,0.93546766,0.23151283,0.26461443,-0.03579528,28.821,30.774,3.707
79962286375,0.93634254,0.22984716,0.26299521,-0.03558750,28.572,30.588,3.613
79982286475,0.93721157,0.22818008,0.26137438,-0.03537951,28.324,30.403,3.521
80002286575,0.93807483,0.22651157,0.25975192,-0.03517129,28.076,30.216,3.429
80022286675,0.93893230,0.22484167,0.25812787,-0.03496285,27.829,30.030,3.339
80042286775,0.93978387,0.22317037,0.25650218,-0.03475420,27.583,29.843,3.249
80062301550,0.94062966,0.22149767,0.25487491,-0.03454533,27.338,29.656,3.161
80082285675,0.94146639,0.21983549,0.25324976,-0.03432149,27.096,29.468,3.076
80102287050,0.94229406,0.21818380,0.25162682,-0.03408266,26.856,29.280,2.995
80122287150,0.94311285,0.21654260,0.25000608,-0.03382883,26.619,29.092,2.917
80142287275,0.94392276,0.21491191,0.24838768,-0.03355999,26.385,28.904,2.842
80162287375,0.94472700,0.21327990,0.24676776,-0.03329096,26.152,28.715,2.768
80182287475,0.94552553,0.21164663,0.24514638,-0.03302171,25.920,28.526,2.696
80202287575,0.94631839,0.21001208,0.24352351,-0.03275228,25.688,28.337,2.624
80222287675,0.94710559,0.20837626,0.24189918,-0.03248264,25.457,28.148,2.553
80242287775,0.94788706,0.20673920,0.24027340,-0.03221281,25.226,27.958,2.484
80292288025,0.94866288,0.20510089,0.23864618,-0.03194279,24.996,27.768,2.415
80312288125,0.94943625,0.20345162,0.23701182,-0.03167989,24.765,27.577,2.346
80332288225,0.95020711,0.20179136,0.23537032,-0.03142411,24.534,27.386,2.277
80352288325,0.95097542,0.20012015,0.23372166,-0.03117546,24.301,27.194,2.207
80372288425,0.95174098,0.19843797,0.23206578,-0.03093395,24.068,27.001,2.137
80392288525,0.95250070,0.19675457,0.23040847,-0.03069224,23.835,26.808,2.067
80412288625,0.95325446,0.19506995,0.22874974,-0.03045035,23.603,26.615,1.999
80432288725,0.95400232,0.19338411,0.22708957,-0.03020826,23.372,26.422,1.932
80452288825,0.95474422,0.19169708,0.22542799,-0.02996599,23.141,26.228,1.866
80472288925,0.95548016,0.19000883,0.22376502,-0.02972353,22.911,26.034,1.801
80492289025,0.95621043,0.18832122,0.22209913,-0.02947325,22.682,25.839,1.737
80512289125,0.95693499,0.18663418,0.22043036,-0.02921515,22.454,25.644,1.676
80532289200,0.95765382,0.18494777,0.21875872,-0.02894923,22.226,25.448,1.616
80552289325,0.95836693,0.18326195,0.21708424,-0.02867547,22.000,25.252,1.559
80572289425,0.95907408,0.18157497,0.21540841,-0.02840153,21.775,25.056,1.502
80592289525,0.95977527,0.17988688,0.21373124,-0.02812741,21.550,24.859,1.446
80612289625,0.96047044,0.17819765,0.21205275,-0.02785312,21.326,24.662,1.392
80632289725,0.96115965,0.17650732,0.21037292,-0.02757866,21.102,24.465,1.338
80652289825,0.96184283,0.17481589,0.20869179,-0.02730402,20.878,24.268,1.285
80672289925,0.96252006,0.17312337,0.20700936,-0.02702922,20.656,24.070,1.233
80692290025,0.96319407,0.17142020,0.20531954,-0.02676166,20.432,23.872,1.180
80712290125,0.96386480,0.16970642,0.20362231,-0.02650136,20.208,23.673,1.128
80732290225,0.96453220,0.16798201,0.20191765,-0.02624832,19.982,23.474,1.075
80752290325,0.96519613,0.16624698,0.20020555,-0.02600255,19.756,23.274,1.021
80772290425,0.96585381,0.16451089,0.19849215,-0.02575661,19.530,23.073,0.969
80792290525,0.96650535,0.16277374,0.19677748,-0.02551051,19.305,22.872,0.917
80812290625,0.96715057,0.16103555,0.19506153,-0.02526424,19.080,22.671,0.867
80832290725,0.96778965,0.15929630,0.19334434,-0.02501781,18.856,22.470,0.817
80852290825,0.96842241,0.15755604,0.19162589,-0.02477122,18.633,22.269,0.768
80872290925,0.96904898,0.15581477,0.18990621,-0.02452446,18.409,22.068,0.720
80922291175,0.96967185,0.15406303,0.18817900,-0.02428502,18.185,21.865,0.672
80942291275,0.97029090,0.15230083,0.18644424,-0.02405290,17.960,21.662,0.624
80962291375,0.97090614,0.15052821,0.18470192,-0.02382809,17.735,21.459,0.575
80982291475,0.97151738,0.14874516,0.18295200,-0.02361062,17.508,21.254,0.526
81002291575,0.97212213,0.14696112,0.18120086,-0.02339298,17.282,21.050,0.477
81022291675,0.97272044,0.14517610,0.17944852,-0.02317519,17.056,20.845,0.430
81042291775,0.97331226,0.14339010,0.17769498,-0.02295725,16.831,20.640,0.384
81062291850,0.97389758,0.14160317,0.17594025,-0.02273915,16.606,20.434,0.339
81082291975,0.97447407,0.13982464,0.17419083,-0.02251339,16.384,20.230,0.295
81102292075,0.97504187,0.13805456,0.17244674,-0.02227998,16.163,20.025,0.254
81122292175,0.97560096,0.13629293,0.17070805,-0.02203890,15.943,19.822,0.215
81142292275,0.97615153,0.13453977,0.16897477,-0.02179016,15.726,19.618,0.178
81162292375,0.97669572,0.13278572,0.16724041,-0.02154128,15.509,19.415,0.142
81182292450,0.97723371,0.13103081,0.16550498,-0.02129227,15.292,19.211,0.107
81202292575,0.97776532,0.12927507,0.16376847,-0.02104311,15.075,19.008,0.072
81222292675,0.97829068,0.12751849,0.16203092,-0.02079382,14.859,18.804,0.039
81242292775,0.97880971,0.12576109,0.16029231,-0.02054440,14.644,18.600,0.006
81262292875,0.97932243,0.12400288,0.15855268,-0.02029484,14.429,18.396,359.974
81282292975,0.97982872,0.12224261,0.15681301,-0.02005298,14.214,18.192,359.942
81302293075,0.98033071,0.12047230,0.15506564,-0.01981854,13.998,17.987,359.910
81322293175,0.98082834,0.11869198,0.15331054,-0.01959153,13.781,17.782,359.877
81342293250,0.98132157,0.11690166,0.15154770,-0.01937194,13.563,17.576,359.844
81362293375,0.98181039,0.11510257,0.14977618,-0.01915196,13.344,17.368,359.812
81382293475,0.98229271,0.11330271,0.14800365,-0.01893184,13.126,17.161,359.781
81402293575,0.98276848,0.11150210,0.14623015,-0.01871160,12.909,16.953,359.750
81422293675,0.98323768,0.10970074,0.14445566,-0.01849123,12.691,16.746,359.721
81442293750,0.98370039,0.10789865,0.14268021,-0.01827075,12.474,16.538,359.692
81462293875,0.98415649,0.10609584,0.14090382,-0.01805014,12.258,16.330,359.664
81482293975,0.98460603,0.10429233,0.13912648,-0.01782941,12.041,16.122,359.637
81502294075,0.98505092,0.10248011,0.13734049,-0.01760828,11.824,15.913,359.610
81522294175,0.98549110,0.10065919,0.13554583,-0.01738675,11.607,15.703,359.585
81562294375,0.98592645,0.09882957,0.13374254,-0.01716483,11.389,15.493,359.559
81582294475,0.98635691,0.09699126,0.13193057,-0.01694251,11.170,15.281,359.535
81602294575,0.98678058,0.09515227,0.13011770,-0.01672007,10.951,15.069,359.511
81622294675,0.98719740,0.09331263,0.12830393,-0.01649752,10.733,14.857,359.489
81642294775,0.98760742,0.09147235,0.12648927,-0.01627485,10.515,14.644,359.467
81662294875,0.98801064,0.08963143,0.12467374,-0.01605207,10.297,14.432,359.446
81682294950,0.98840702,0.08778990,0.12285735,-0.01582919,10.080,14.220,359.425
81702295075,0.98879647,0.08594678,0.12104081,-0.01561408,9.862,14.008,359.405
81722295175,0.98917902,0.08410210,0.11922413,-0.01540678,9.645,13.796,359.385
81742295275,0.98955458,0.08225589,0.11740730,-0.01520727,9.428,13.584,359.364
81762295375,0.98992318,0.08040818,0.11559031,-0.01501556,9.211,13.372,359.344
81782295475,0.99028504,0.07855991,0.11377253,-0.01482374,8.994,13.160,359.324
81802295575,0.99063998,0.07671110,0.11195397,-0.01463183,8.777,12.947,359.305
81822295675,0.99098819,0.07486176,0.11013463,-0.01443981,8.561,12.735,359.287
81842295775,0.99132955,0.07301190,0.10831454,-0.01424770,8.344,12.523,359.270
81862295875,0.99166405,0.07116155,0.10649370,-0.01405548,8.129,12.311,359.254
81882295975,0.99199170,0.06931070,0.10467213,-0.01386317,7.913,12.098,359.239
81902296075,0.99231392,0.06745134,0.10284202,-0.01367048,7.696,11.885,359.224
81922296175,0.99263060,0.06558347,0.10100336,-0.01347742,7.479,11.671,359.210
81942296575,0.99294156,0.06370709,0.09915619,-0.01328397,7.262,11.455,359.196
81962296675,0.99324685,0.06182223,0.09730047,-0.01309015,7.043,11.239,359.184
81982296775,0.99354500,0.05993693,0.09544406,-0.01289623,6.825,11.023,359.172
82002296850,0.99383610,0.05805119,0.09358697,-0.01270223,6.606,10.807,359.161
82022296975,0.99412012,0.05616505,0.09172922,-0.01250813,6.389,10.590,359.151
82042297075,0.99439704,0.05427850,0.08987081,-0.01231394,6.171,10.374,359.142
82062297175,0.99466687,0.05239157,0.08801176,-0.01211966,5.953,10.158,359.133
82082297275,0.99492961,0.05050427,0.08615209,-0.01192530,5.736,9.941,359.126
82102297350,0.99518418,0.04862465,0.08429965,-0.01173114,5.520,9.726,359.119
82122297475,0.99543071,0.04675273,0.08245449,-0.01153718,5.304,9.511,359.113
82142297575,0.99566931,0.04488853,0.08061660,-0.01134343,5.090,9.297,359.109
82192297825,0.99589992,0.04303207,0.07878602,-0.01114988,4.877,9.084,359.105
82212297925,0.99612373,0.04117531,0.07695491,-0.01095626,4.664,8.871,359.102
82232298025,0.99634069,0.03931827,0.07512326,-0.01076256,4.452,8.658,359.099
82252298125,0.99655074,0.03746096,0.07329109,-0.01056879,4.239,8.445,359.098
82272298225,0.99675393,0.03560339,0.07145842,-0.01037494,4.026,8.233,359.097
82292298325,0.99695110,0.03373752,0.06961737,-0.01018074,3.813,8.019,359.097
82312298425,0.99714220,0.03186337,0.06776796,-0.00998617,3.599,7.804,359.098
82332298525,0.99732697,0.02998096,0.06591018,-0.00979125,3.384,7.588,359.100
82352298375,0.99750549,0.02809028,0.06404404,-0.00959598,3.168,7.372,359.102
82472301750,0.99767691,0.02619940,0.06217744,-0.00940063,2.953,7.155,359.105
82492301000,0.99784112,0.02430785,0.06031061,-0.00921319,2.737,6.939,359.108
82512300550,0.99799812,0.02241563,0.05844354,-0.00903366,2.521,6.722,359.111
82532300125,0.99814796,0.02052279,0.05657624,-0.00886204,2.305,6.506,359.114
82552299625,0.99829066,0.01862935,0.05470870,-0.00869833,2.090,6.290,359.116
82572299725,0.99842620,0.01673578,0.05284077,-0.00853455,1.874,6.073,359.120
82592299825,0.99855471,0.01484209,0.05097246,-0.00837072,1.658,5.857,359.124
82612299925,0.99867600,0.01294829,0.04910379,-0.00820682,1.443,5.641,359.129
82632300000,0.99879026,0.01105440,0.04723477,-0.00804287,1.227,5.424,359.135
82652300125,0.99889737,0.00916043,0.04536542,-0.00787886,1.012,5.208,359.142
82672300225,0.99899739,0.00726640,0.04349574,-0.00771479,0.796,4.992,359.150
82692300300,0.99908900,0.00540554,0.04165725,-0.00752789,0.585,4.779,359.161
82712300425,0.99917245,0.00357782,0.03985004,-0.00731814,0.377,4.571,359.176
82732300525,0.99924821,0.00178320,0.03807418,-0.00708556,0.174,4.365,359.194
82752300625,0.99931651,0.00002162,0.03632976,-0.00683013,-0.026,4.164,359.216
82772300725,0.99937862,-0.00173996,0.03458511,-0.00657467,-0.226,3.963,359.238
82822300950,0.99943453,-0.00350152,0.03284024,-0.00631917,-0.426,3.761,359.262
82842301075,0.99948418,-0.00526306,0.03109518,-0.00606362,-0.626,3.560,359.285
82862301175,0.99952763,-0.00702458,0.02934992,-0.00580804,-0.826,3.359,359.310
82882301275,0.99956489,-0.00878604,0.02760447,-0.00555242,-1.026,3.158,359.335
82902301375,0.99959576,-0.01053095,0.02587488,-0.00528138,-1.224,2.959,359.363
82922301475,0.99962044,-0.01225933,0.02416119,-0.00499492,-1.420,2.762,359.393
82942301575,0.99963903,-0.01397120,0.02246346,-0.00469303,-1.614,2.567,359.426
82962301675,0.99965173,-0.01566657,0.02078170,-0.00437572,-1.807,2.373,359.461
82982301775,0.99965858,-0.01736186,0.01909983,-0.00405839,-2.000,2.180,359.497
83002301875,0.99965966,-0.01905704,0.01741785,-0.00374104,-2.192,1.987,359.533
83022301975,0.99965495,-0.02075211,0.01573576,-0.00342366,-2.385,1.795,359.570
83042302075,0.99964440,-0.02244706,0.01405358,-0.00310626,-2.578,1.602,359.608
83062302175,0.99962813,-0.02414188,0.01237132,-0.00278885,-2.771,1.410,359.646
83082302275,0.99960595,-0.02583656,0.01068899,-0.00247142,-2.965,1.217,359.685
83102302350,0.99957788,-0.02753927,0.00899821,-0.00216965,-3.159,1.024,359.723
83122302475,0.99954373,-0.02924996,0.00729898,-0.00188356,-3.354,0.830,359.760
83142302575,0.99950343,-0.03096860,0.00559127,-0.00161313,-3.551,0.635,359.795
83162302675,0.99945694,-0.03269514,0.00387505,-0.00135837,-3.748,0.439,359.830
83182302775,0.99940449,-0.03442148,0.00215881,-0.00110361,-3.945,0.243,359.865
83202302875,0.99934602,-0.03614762,0.00044256,-0.00084884,-4.143,0.047,359.901
83222302975,0.99928153,-0.03787355,-0.00127370,-0.00059406,-4.341,-0.148,359.938
83242303075,0.99921113,-0.03959924,-0.00298995,-0.00033928,-4.539,-0.344,359.975
83262303175,0.99913466,-0.04132470,-0.00470618,-0.00008450,-4.737,-0.539,0.013
83282303275,0.99905229,-0.04304991,-0.00642238,0.00017029,-4.935,-0.734,0.051
83302303375,0.99896342,-0.04478284,-0.00814653,0.00042536,-5.134,-0.930,0.091
83322303600,0.99886811,-0.04652348,-0.00987861,0.00068073,-5.335,-1.127,0.131
83342303575,0.99876624,-0.04827181,-0.01161862,0.00093638,-5.536,-1.325,0.171
83362303675,0.99865764,-0.05002781,-0.01336654,0.00119232,-5.739,-1.523,0.213
83382303775,0.99854290,-0.05178350,-0.01511438,0.00144825,-5.941,-1.721,0.256
83402303875,0.99842191,-0.05353887,-0.01686212,0.00170418,-6.144,-1.919,0.299
83422303975,0.99829477,-0.05529391,-0.01860977,0.00196009,-6.347,-2.117,0.342
83462304175,0.99816138,-0.05704860,-0.02035729,0.00221599,-6.550,-2.315,0.387
83482304275,0.99802178,-0.05880294,-0.02210469,0.00247188,-6.753,-2.512,0.432
83502304375,0.99787533,-0.06056468,-0.02386042,0.00272007,-6.958,-2.711,0.477
83522304475,0.99772197,-0.06233380,-0.02562447,0.00296057,-7.163,-2.910,0.522
83542304575,0.99756157,-0.06411028,-0.02739686,0.00319336,-7.370,-3.110,0.567
83562304675,0.99739408,-0.06589407,-0.02917757,0.00341847,-7.577,-3.311,0.612
83582304775,0.99722016,-0.06767743,-0.03095810,0.00364354,-7.785,-3.512,0.658
83602304875,0.99703985,-0.06946036,-0.03273843,0.00386860,-7.993,-3.712,0.704
83622304975,0.99685311,-0.07124285,-0.03451855,0.00409363,-8.201,-3.913,0.751
83642305075,0.99665999,-0.07302487,-0.03629845,0.00431863,-8.410,-4.113,0.799
83662305175,0.99646044,-0.07480643,-0.03807811,0.00454361,-8.618,-4.313,0.848
83682305275,0.99625450,-0.07658751,-0.03985753,0.00476856,-8.827,-4.513,0.897
83702305375,0.99604207,-0.07836840,-0.04163608,0.00500143,-9.037,-4.713,0.948
83722305450,0.99582320,-0.08014912,-0.04341374,0.00524223,-9.246,-4.912,1.001
83742305575,0.99559790,-0.08192968,-0.04519048,0.00549096,-9.456,-5.111,1.055
83762305650,0.99536616,-0.08371007,-0.04696627,0.00574760,-9.666,-5.309,1.111
83782305775,0.99512798,-0.08548993,-0.04874175,0.00600421,-9.876,-5.508,1.168
83802305875,0.99488336,-0.08726923,-0.05051693,0.00626078,-10.087,-5.706,1.225
83822305975,0.99463236,-0.08904797,-0.05229178,0.00651730,-10.298,-5.904,1.283
83842306075,0.99437499,-0.09082614,-0.05406629,0.00677379,-10.509,-6.102,1.342
83862306175,0.99411112,-0.09260372,-0.05584045,0.00703023,-10.721,-6.299,1.402
83882306275,0.99384093,-0.09438070,-0.05761425,0.00728663,-10.933,-6.497,1.463
83902306375,0.99356312,-0.09616449,-0.05939643,0.00753533,-11.146,-6.695,1.523
83922306450,0.99327767,-0.09795506,-0.06118700,0.00777634,-11.360,-6.894,1.584
83942306575,0.99298441,-0.09975237,-0.06298594,0.00800966,-11.575,-7.094,1.644
83962306675,0.99268341,-0.10155639,-0.06479326,0.00823528,-11.791,-7.294,1.705
83982306775,0.99237573,-0.10335974,-0.06660014,0.00846084,-12.008,-7.495,1.766
84002306875,0.99206150,-0.10516239,-0.06840659,0.00868636,-12.225,-7.695,1.829
84022306975,0.99174058,-0.10696433,-0.07021257,0.00891181,-12.442,-7.895,1.892
84042307075,0.99141312,-0.10876558,-0.07201809,0.00913720,-12.660,-8.095,1.956
84082307275,0.99107903,-0.11056609,-0.07382313,0.00936254,-12.878,-8.294,2.020
84102307375,0.99073833,-0.11236587,-0.07562768,0.00958781,-13.096,-8.494,2.086
84122307475,0.99039102,-0.11416490,-0.07743172,0.00981301,-13.315,-8.693,2.152
84142307575,0.99003714,-0.11596317,-0.07923525,0.01003816,-13.534,-8.891,2.219
84162307675,0.98967665,-0.11776067,-0.08103824,0.01026323,-13.753,-9.090,2.287
84182307775,0.98930961,-0.11955737,-0.08284070,0.01048824,-13.973,-9.288,2.355
84202307875,0.98893589,-0.12135329,-0.08464261,0.01071317,-14.193,-9.486,2.425
84222307975,0.98855567,-0.12314840,-0.08644395,0.01093804,-14.413,-9.684,2.495
84242308075,0.98816878,-0.12494268,-0.08824472,0.01116283,-14.634,-9.882,2.566
84262308175,0.98777539,-0.12673613,-0.09004490,0.01138755,-14.855,-10.079,2.638
84282308275,0.98737538,-0.12852874,-0.09184448,0.01161219,-15.077,-10.276,2.711
84302308375,0.98696876,-0.13032049,-0.09364345,0.01183675,-15.299,-10.472,2.785
84322309175,0.98655564,-0.13211139,-0.09544179,0.01206124,-15.521,-10.669,2.859
84342308575,0.98613590,-0.13390139,-0.09723949,0.01228564,-15.744,-10.865,2.934
84362308675,0.98570955,-0.13569050,-0.09903656,0.01250997,-15.967,-11.061,3.010
84382308775,0.98527670,-0.13747871,-0.10083295,0.01273421,-16.191,-11.256,3.087
84402308875,0.98483723,-0.13926600,-0.10262869,0.01295836,-16.415,-11.451,3.165
84422308975,0.98439127,-0.14105237,-0.10442373,0.01318243,-16.640,-11.646,3.243
84442309075,0.98393869,-0.14283778,-0.10621808,0.01340641,-16.864,-11.841,3.323
84462309175,0.98347956,-0.14462225,-0.10801172,0.01363030,-17.090,-12.035,3.403
84482309275,0.98301393,-0.14640577,-0.10980464,0.01385411,-17.316,-12.229,3.484
84502309375,0.98254168,-0.14818831,-0.11159683,0.01407781,-17.542,-12.423,3.566
84522309475,0.98206294,-0.14996985,-0.11338828,0.01430143,-17.768,-12.616,3.649
84542309575,0.98157763,-0.15175040,-0.11517897,0.01452495,-17.996,-12.809,3.732
84562309675,0.98108578,-0.15352993,-0.11696889,0.01474837,-18.223,-13.002,3.817
84582309775,0.98058742,-0.15530844,-0.11875803,0.01497169,-18.451,-13.194,3.902
84602309875,0.98008251,-0.15708593,-0.12054639,0.01519492,-18.680,-13.386,3.988
84622309975,0.97957104,-0.15886235,-0.12233394,0.01541804,-18.909,-13.578,4.075
84642310075,0.97905308,-0.16063774,-0.12412067,0.01564106,-19.138,-13.769,4.163
84662310175,0.97852856,-0.16241203,-0.12590657,0.01586398,-19.368,-13.961,4.251
84712310425,0.97799760,-0.16418526,-0.12769164,0.01608679,-19.599,-14.151,4.341
84732310525,0.97745782,-0.16596405,-0.12948512,0.01630197,-19.831,-14.343,4.431
84752310625,0.97690922,-0.16774836,-0.13128698,0.01650953,-20.064,-14.535,4.521
84772310725,0.97635174,-0.16953816,-0.13309723,0.01670945,-20.298,-14.728,4.612
84792310825,0.97578526,-0.17133339,-0.13491584,0.01690176,-20.534,-14.922,4.702
84812310925,0.97521210,-0.17312744,-0.13673353,0.01709394,-20.770,-15.116,4.794
84832311025,0.97463220,-0.17492031,-0.13855030,0.01728601,-21.007,-15.309,4.887
84852311125,0.97404557,-0.17671198,-0.14036608,0.01747796,-21.244,-15.502,4.980
84872311225,0.97345221,-0.17850241,-0.14218092,0.01766979,-21.482,-15.694,5.075
84892311325,0.97285223,-0.18029162,-0.14399476,0.01786149,-21.720,-15.886,5.170
84912311400,0.97224545,-0.18207960,-0.14580762,0.01805308,-21.959,-16.078,5.267
84932311525,0.97163200,-0.18386632,-0.14761947,0.01824454,-22.199,-16.269,5.364
84952311625,0.97101188,-0.18565176,-0.14943030,0.01843587,-22.439,-16.460,5.462
84972311700,0.97038507,-0.18743594,-0.15124013,0.01862708,-22.679,-16.651,5.561
84992311825,0.96975160,-0.18921882,-0.15304889,0.01881816,-22.920,-16.841,5.661
85012311925,0.96911144,-0.19100040,-0.15485659,0.01900911,-23.162,-17.031,5.762
85032311850,0.96846455,-0.19278066,-0.15666324,0.01919992,-23.405,-17.220,5.864
85152315075,0.96781105,-0.19455959,-0.15846880,0.01939061,-23.648,-17.409,5.967
85172314400,0.96714813,-0.19634350,-0.16028272,0.01957372,-23.892,-17.599,6.070
85192313900,0.96647584,-0.19813231,-0.16210496,0.01974925,-24.138,-17.789,6.174
85212313450,0.96579397,-0.19992600,-0.16393554,0.01991721,-24.385,-17.980,6.279
85232313025,0.96510255,-0.20172453,-0.16577442,0.02007760,-24.634,-18.172,6.383
85252313125,0.96440423,-0.20352161,-0.16761212,0.02023784,-24.883,-18.364,6.489
85272313225,0.96369910,-0.20531726,-0.16944861,0.02039795,-25.133,-18.555,6.596
85292313325,0.96298707,-0.20711143,-0.17128392,0.02055790,-25.383,-18.746,6.704
85312313425,0.96227682,-0.20888567,-0.17308947,0.02073994,-25.632,-18.933,6.814
85352313625,0.96156865,-0.21064006,-0.17486528,0.02094404,-25.880,-19.115,6.926
85372313725,0.96086276,-0.21237469,-0.17661129,0.02117019,-26.125,-19.293,7.041
85392313825,0.96015942,-0.21408963,-0.17832755,0.02141837,-26.369,-19.468,7.158
85412313925,0.95944995,-0.21580321,-0.18004264,0.02166642,-26.614,-19.641,7.276
85432314025,0.95873427,-0.21751538,-0.18175659,0.02191433,-26.859,-19.815,7.395
85452314100,0.95801240,-0.21922615,-0.18346936,0.02216209,-27.105,-19.987,7.515
85472314225,0.95728433,-0.22093552,-0.18518095,0.02240972,-27.351,-20.160,7.636
85492314325,0.95655012,-0.22264346,-0.18689133,0.02265720,-27.598,-20.332,7.757
85512314425,0.95581621,-0.22433655,-0.18858311,0.02291161,-27.844,-20.501,7.880
85532314525,0.95508265,-0.22601484,-0.19025627,0.02317293,-28.089,-20.668,8.003
85552314625,0.95434970,-0.22767834,-0.19191080,0.02344117,-28.333,-20.832,8.127
85572314725,0.95361745,-0.22932714,-0.19354674,0.02371633,-28.575,-20.993,8.252
85592314825,0.95287949,-0.23097456,-0.19518152,0.02399134,-28.818,-21.155,8.378
85612314925,0.95213580,-0.23262058,-0.19681513,0.02426622,-29.062,-21.315,8.505
85632315025,0.95138639,-0.23426521,-0.19844756,0.02454094,-29.306,-21.475,8.632
85652315125,0.95063132,-0.23590843,-0.20007879,0.02481551,-29.551,-21.635,8.761
85672315225,0.94987047,-0.23755024,-0.20170881,0.02508994,-29.797,-21.794,8.890
85692315325,0.94910395,-0.23919062,-0.20333764,0.02536422,-30.043,-21.953,9.021
85712315425,0.94832814,-0.24083693,-0.20497301,0.02563863,-30.291,-22.112,9.152
85732315525,0.94754303,-0.24248916,-0.20661491,0.02591317,-30.541,-22.271,9.285
85752315600,0.94674850,-0.24414726,-0.20826334,0.02618784,-30.792,-22.430,9.420
85772315725,0.94594449,-0.24581118,-0.20991823,0.02646263,-31.046,-22.590,9.555
85792315825,0.94513452,-0.24747358,-0.21157183,0.02673726,-31.300,-22.749,9.692
85812315925,0.94431871,-0.24913445,-0.21322410,0.02701172,-31.555,-22.907,9.830
85832316025,0.94349706,-0.25079376,-0.21487504,0.02728601,-31.810,-23.065,9.968
85852316125,0.94266945,-0.25245151,-0.21652466,0.02756013,-32.067,-23.223,10.108
85872316225,0.94183606,-0.25410768,-0.21817292,0.02783408,-32.324,-23.380,10.248
85892316325,0.94099671,-0.25576228,-0.21981981,0.02810786,-32.581,-23.536,10.390
85912316400,0.94015157,-0.25741526,-0.22146535,0.02838146,-32.840,-23.691,10.532
85932316525,0.93930054,-0.25906667,-0.22310950,0.02865489,-33.099,-23.846,10.675
85972316725,0.93844366,-0.26071647,-0.22475226,0.02892813,-33.359,-24.001,10.820
85992316825,0.93758094,-0.26236463,-0.22639363,0.02920120,-33.620,-24.155,10.965
86012316925,0.93671238,-0.26401114,-0.22803357,0.02947409,-33.881,-24.308,11.111
86032317025,0.93583798,-0.26565602,-0.22967210,0.02974679,-34.143,-24.461,11.258
86052317125,0.93495774,-0.26729923,-0.23130921,0.03001930,-34.406,-24.613,11.406
86072317225,0.93407172,-0.26894081,-0.23294486,0.03029163,-34.670,-24.764,11.555
86092317325,0.93317986,-0.27058068,-0.23457907,0.03056377,-34.934,-24.915,11.705
86112317425,0.93228239,-0.27221701,-0.23621398,0.03082827,-35.199,-25.065,11.855
86132317525,0.93137944,-0.27384976,-0.23784959,0.03108512,-35.464,-25.216,12.005
86152317625,0.93047088,-0.27547890,-0.23948590,0.03133434,-35.730,-25.366,12.155
86172317725,0.92955679,-0.27710441,-0.24112295,0.03157593,-35.996,-25.517,12.305
86192317825,0.92863697,-0.27872819,-0.24275848,0.03181732,-36.262,-25.667,12.457
86212317875,0.92771131,-0.28035024,-0.24439250,0.03205852,-36.530,-25.816,12.609
86232318025,0.92677993,-0.28197056,-0.24602501,0.03229951,-36.798,-25.964,12.762
86252318125,0.92584276,-0.28358912,-0.24765599,0.03254031,-37.067,-26.112,12.917
86272318225,0.92489988,-0.28520593,-0.24928543,0.03278090,-37.337,-26.259,13.072
86292318325,0.92395121,-0.28682095,-0.25091332,0.03302129,-37.608,-26.405,13.228
86312318400,0.92299247,-0.28844130,-0.25254729,0.03326176,-37.881,-26.552,13.386
86332318525,0.92202365,-0.29006696,-0.25418729,0.03350231,-38.155,-26.699,13.545
86352317325,0.92104459,-0.29169786,-0.25583333,0.03374293,-38.432,-26.845,13.706
86372318725,0.92005521,-0.29333398,-0.25748536,0.03398362,-38.711,-26.992,13.869
86392318825,0.91905993,-0.29496819,-0.25913572,0.03422410,-38.990,-27.138,14.033
86412318925,0.91805875,-0.29660052,-0.26078442,0.03446435,-39.271,-27.283,14.197
