sample_idx,timestamp,sensor_id,sensor_data,q0,q1,q2,q3
10,131883725,1,[-60;-60;3],0.9994379878044128,-0.0334133990108967,0.0026932929176837,0.0001457791804569
22,211884425,1,[-58;-58;4],0.9994180798530579,-0.0340466983616352,0.0020608622580767,0.0002032680495176
34,311884925,1,[-58;-58;4],0.9993979334831238,-0.0346639826893806,0.0014446740970016,0.0002681649057195
46,391885625,1,[-58;-58;4],0.9993770122528076,-0.0352812409400940,0.0008284847717732,0.0003330615581945
58,471886025,1,[-58;-58;4],0.9993553161621094,-0.0358984768390656,0.0002122948499164,0.0003979579487350
70,551887550,1,[-58;-58;4],0.9993329048156738,-0.0365156792104244,-0.0004038952465635,0.0004628540482372
82,631886825,1,[-59;-59;4],0.9993094801902771,-0.0371381789445877,-0.0010254104854539,0.0005279421457089
94,711887525,1,[-59;-59;4],0.9992850422859192,-0.0377659648656845,-0.0016522505320609,0.0005932221538387
106,791887925,1,[-59;-59;4],0.9992598891258240,-0.0383937247097492,-0.0022790892980993,0.0006585016963072
118,871888325,1,[-59;-59;3],0.9992339015007019,-0.0390214286744595,-0.0029063350521028,0.0007131356396712
130,1071890350,1,[-60;-60;3],0.9992067813873291,-0.0396570786833763,-0.0035415680613369,0.0007680575945415
142,1151889725,1,[-60;-60;3],0.9991787075996399,-0.0402953550219536,-0.0041794613935053,0.0008230750681832
154,1231890125,1,[-56;-56;6],0.9991508126258850,-0.0409124009311199,-0.0047953957691789,0.0008932884666137
166,1311890825,1,[-56;-56;6],0.9991231560707092,-0.0415082201361656,-0.0053893714211881,0.0009786979062483
178,1391891225,1,[-56;-56;6],0.9990947246551514,-0.0421040095388889,-0.0059833433479071,0.0010641065891832
190,1471891600,1,[-55;-55;6],0.9990661740303040,-0.0426891371607780,-0.0065666567534208,0.0011491297045723
202,1581892150,1,[-55;-55;6],0.9990369081497192,-0.0432742349803448,-0.0071499650366604,0.0012341521214694
214,1661892575,1,[-54;-54;7],0.9990074634552002,-0.0438487492501736,-0.0077221519313753,0.0013294315431267
226,1741892975,1,[-54;-54;7],0.9989773631095886,-0.0444232337176800,-0.0082943337038159,0.0014247100334615
238,1821893375,1,[-55;-55;5],0.9989463090896606,-0.0450029112398624,-0.0088723152875900,0.0015095381531864
250,1901893775,1,[-55;-55;5],0.9989143013954163,-0.0455877818167210,-0.0094560952857137,0.0015839156694710
262,1981894175,1,[-55;-55;5],0.9988816380500793,-0.0461726188659668,-0.0100398687645793,0.0016582922544330
274,2061894575,1,[-56;-56;6],0.9988476634025574,-0.0467681549489498,-0.0106338020414114,0.0017436934867874
286,2141894975,1,[-56;-56;6],0.9988129138946533,-0.0473636537790298,-0.0112277278676629,0.0018290935549885
298,2241895475,1,[-56;-56;5],0.9987775087356567,-0.0479590632021427,-0.0118218995630741,0.0019091722788289
310,2321895875,1,[-56;-56;5],0.9987413883209229,-0.0485543720424175,-0.0124163171276450,0.0019839294254780
322,2401896275,1,[-56;-56;5],0.9987045526504517,-0.0491496473550797,-0.0130107253789902,0.0020586852915585
334,2481896675,1,[-56;-56;5],0.9986670017242432,-0.0497448891401291,-0.0136051243171096,0.0021334397606552
346,2561897075,1,[-56;-56;5],0.9986287355422974,-0.0503400936722755,-0.0141995139420033,0.0022081925999373
358,2641897775,1,[-58;-58;5],0.9985887408256531,-0.0509511828422546,-0.0148098850622773,0.0022835212294012
370,2721898175,1,[-58;-58;5],0.9985475540161133,-0.0515675432980061,-0.0154255768284202,0.0023590407799929
382,2801898575,1,[-58;-58;4],0.9985057115554810,-0.0521838180720806,-0.0160413943231106,0.0024318990763277
394,2911899125,1,[-57;-57;4],0.9984638094902039,-0.0527893193066120,-0.0166469532996416,0.0024963929317892
406,2991899525,1,[-57;-57;4],0.9984211325645447,-0.0533947795629501,-0.0172525011003017,0.0025608846917748
418,3071899950,1,[-58;-58;5],0.9983769655227661,-0.0540109910070896,-0.0178681295365095,0.0026363956276327
430,3151900325,1,[-58;-58;5],0.9983320236206055,-0.0546271614730358,-0.0184837430715561,0.0027119047008455
442,3231900725,1,[-58;-58;4],0.9982863664627075,-0.0552431941032410,-0.0190996360033751,0.0027820942923427
454,3311901125,1,[-58;-58;4],0.9982399344444275,-0.0558590814471245,-0.0197158064693213,0.0028469641692936
466,3391901525,1,[-58;-58;4],0.9981927275657654,-0.0564749240875244,-0.0203319638967514,0.0029118319507688
478,3491902025,1,[-59;-59;4],0.9981439113616943,-0.0571013279259205,-0.0209587682038546,0.0029770822729915
490,3571902425,1,[-59;-59;4],0.9980943202972412,-0.0577276833355427,-0.0215855557471514,0.0030423304997385
502,3651902825,1,[-59;-59;3],0.9980440139770508,-0.0583538226783276,-0.0222127903252840,0.0030996017158031
514,3821905350,1,[-60;-60;2],0.9979926347732544,-0.0589824467897415,-0.0228429827839136,0.0031516507733613
526,3901904075,1,[-60;-60;2],0.9979398846626282,-0.0596187897026539,-0.0234816260635853,0.0031960122287273
538,3981904475,1,[-60;-60;2],0.9978863000869751,-0.0602550841867924,-0.0241202507168055,0.0032403711229563
550,4061919900,1,[-55;-55;6],0.9978352189064026,-0.0608523748815060,-0.0247169323265553,0.0033151747193187
562,4161906175,1,[-55;-55;6],0.9977844953536987,-0.0614366345107555,-0.0252996217459440,0.0034001253079623
574,4241906575,1,[-54;-54;7],0.9977335929870605,-0.0620156936347485,-0.0258766319602728,0.0034901956096292
586,4321906975,1,[-54;-54;7],0.9976823925971985,-0.0625895485281944,-0.0264479629695415,0.0035853853914887
598,4401907375,1,[-54;-54;7],0.9976305961608887,-0.0631633698940277,-0.0270192753523588,0.0036805730778724
610,4481907775,1,[-55;-55;6],0.9975771903991699,-0.0637474432587624,-0.0276019107550383,0.0037655155174434
622,4561908175,1,[-55;-55;6],0.9975230693817139,-0.0643314719200134,-0.0281845256686211,0.0038504551630467
634,4641908575,1,[-56;-56;6],0.9974677562713623,-0.0649207457900047,-0.0287724565714598,0.0039355847984552
646,4721908975,1,[-56;-56;6],0.9974112510681152,-0.0655152723193169,-0.0293656997382641,0.0040209041908383
658,4821909475,1,[-56;-56;5],0.9973540902137756,-0.0661096721887589,-0.0299590975046158,0.0041035646572709
670,4901909875,1,[-56;-56;5],0.9972961544990540,-0.0667037814855576,-0.0305530019104481,0.0041782530024648
682,4981910275,1,[-56;-56;5],0.9972375631332397,-0.0672978460788727,-0.0311468839645386,0.0042529390193522
694,5061910675,1,[-56;-56;6],0.9971782565116882,-0.0678921118378639,-0.0317402034997940,0.0043355892412364
706,5141911375,1,[-56;-56;6],0.9971181750297546,-0.0684864148497581,-0.0323333218693733,0.0044208918698132
718,5221911750,1,[-57;-57;5],0.9970571398735046,-0.0690832212567329,-0.0329292714595795,0.0045036324299872
730,5301912175,1,[-57;-57;5],0.9969945549964905,-0.0696876496076584,-0.0335337445139885,0.0045786923728883
742,5381912550,1,[-57;-57;5],0.9969312548637390,-0.0702920183539391,-0.0341381952166557,0.0046537485904992
754,5481913075,1,[-58;-58;4],0.9968661665916443,-0.0709065496921539,-0.0347540378570557,0.0047185663133860
766,5561913475,1,[-58;-58;4],0.9968003034591675,-0.0715210214257240,-0.0353698544204235,0.0047833807766438
778,5641913875,1,[-58;-58;5],0.9967336654663086,-0.0721356347203255,-0.0359852612018585,0.0048535005189478
790,5721914275,1,[-58;-58;5],0.9966661930084229,-0.0727503746747971,-0.0366002582013607,0.0049289255402982
802,5801914675,1,[-58;-58;5],0.9965980052947998,-0.0733650624752045,-0.0372152253985405,0.0050043473020196
814,5881915050,1,[-58;-58;4],0.9965290427207947,-0.0739793032407761,-0.0378309488296509,0.0050691482611001
826,5961915475,1,[-58;-58;4],0.9964593648910522,-0.0745934844017029,-0.0384466424584389,0.0051339454948902
838,6071916025,1,[-58;-58;4],0.9963889718055725,-0.0752076059579849,-0.0390623062849045,0.0051987385377288
850,6151916425,1,[-58;-58;4],0.9963177442550659,-0.0758216679096222,-0.0396779365837574,0.0052635278552771
862,6231916825,1,[-59;-59;4],0.9962454438209534,-0.0764383152127266,-0.0402962081134319,0.0053284089080989
874,6311917225,1,[-59;-59;4],0.9961714744567871,-0.0770628154277802,-0.0409224480390549,0.0053935749456286
886,6481920500,1,[-60;-60;3],0.9960963726043701,-0.0776897892355919,-0.0415515340864658,0.0054561803117394
898,6561918475,1,[-60;-60;3],0.9960196018218994,-0.0783242806792259,-0.0421892032027245,0.0055111106485128
910,6641918875,1,[-56;-56;6],0.9959444999694824,-0.0789382830262184,-0.0428042449057102,0.0055811824277043
922,6741919375,1,[-56;-56;6],0.9958711266517639,-0.0795318111777306,-0.0433966591954231,0.0056663951836526
934,6821919775,1,[-55;-55;6],0.9957973957061768,-0.0801226422190666,-0.0439863763749599,0.0057515078224242
946,6901920175,1,[-55;-55;6],0.9957239627838135,-0.0807055011391640,-0.0445680618286133,0.0058363280259073
958,6981920575,1,[-55;-55;6],0.9956498742103577,-0.0812883153557777,-0.0451497137546539,0.0059211440384388
970,7061920975,1,[-56;-56;6],0.9955740571022034,-0.0818789750337601,-0.0457393378019333,0.0060062441043556
982,7141921375,1,[-56;-56;6],0.9954971671104431,-0.0824722126126289,-0.0463315993547440,0.0060914368368685
994,7221921775,1,[-56;-56;6],0.9954195618629456,-0.0830653905868530,-0.0469238236546516,0.0061766249127686
1006,7301922175,1,[-56;-56;6],0.9953413009643555,-0.0836585089564323,-0.0475160181522369,0.0062618083320558
1018,7401922675,1,[-56;-56;6],0.9952622652053833,-0.0842515677213669,-0.0481081753969193,0.0063469875603914
1030,7481923075,1,[-56;-56;5],0.9951826333999634,-0.0848440527915955,-0.0487011969089508,0.0064215599559247
1042,7561923475,1,[-56;-56;5],0.9951022267341614,-0.0854364782571793,-0.0492941848933697,0.0064961272291839
1054,7641923875,1,[-57;-57;5],0.9950204491615295,-0.0860341042280197,-0.0498924702405930,0.0065708826296031
1066,7721924275,1,[-57;-57;5],0.9949371814727783,-0.0866369381546974,-0.0504960529506207,0.0066458256915212
1078,7801924675,1,[-57;-57;5],0.9948531985282898,-0.0872397050261497,-0.0510996021330357,0.0067207640968263
1090,7881925075,1,[-57;-57;5],0.9947685003280640,-0.0878424048423767,-0.0517031103372574,0.0067956973798573
1102,7991925625,1,[-57;-57;5],0.9946830272674561,-0.0884450450539589,-0.0523065812885761,0.0068706255406141
1114,8071926975,1,[-57;-57;5],0.9945967793464661,-0.0890476182103157,-0.0529100112617016,0.0069455485790968
1126,8151926425,1,[-57;-57;5],0.9945098757743835,-0.0896501243114471,-0.0535134077072144,0.0070204664953053
1138,8231926825,1,[-58;-58;4],0.9944218397140503,-0.0902550444006920,-0.0541196651756763,0.0070928269997239
1150,8311927225,1,[-58;-58;4],0.9943319559097290,-0.0908673629164696,-0.0547346062958241,0.0071575255133212
1162,8391927600,1,[-58;-58;4],0.9942412972450256,-0.0914796069264412,-0.0553495064377785,0.0072222184389830
1174,8471928025,1,[-58;-58;4],0.9941498637199402,-0.0920917838811874,-0.0559643656015396,0.0072869057767093
1186,8551928425,1,[-58;-58;4],0.9940577149391174,-0.0927038863301277,-0.0565791800618172,0.0073515879921615
1198,8651928925,1,[-58;-58;4],0.9939647912979126,-0.0933159217238426,-0.0571939498186111,0.0074162641540170
1210,8731929325,1,[-58;-58;4],0.9938710927963257,-0.0939278826117516,-0.0578086785972118,0.0074809347279370
1222,8811929725,1,[-58;-58;4],0.9937766194343567,-0.0945397764444351,-0.0584233589470387,0.0075455997139215
1234,8891930125,1,[-59;-59;4],0.9936797618865967,-0.0951620936393738,-0.0590486638247967,0.0076106432825327
1246,8971930525,1,[-59;-59;4],0.9935821294784546,-0.0957843437790871,-0.0596739239990711,0.0076756812632084
1258,9051930925,1,[-60;-60;3],0.9934828877449036,-0.0964114442467690,-0.0603049769997597,0.0077356128022075
1270,9231933100,1,[-59;-59;4],0.9933825135231018,-0.0970409438014030,-0.0609389059245586,0.0077929883264005
1282,9341932375,1,[-59;-59;4],0.9932824969291687,-0.0976629629731178,-0.0615640096366405,0.0078580062836409
1294,9421932775,1,[-59;-59;4],0.9931816458702087,-0.0982849150896072,-0.0621890649199486,0.0079230181872845
1306,9501933175,1,[-54;-54;7],0.9930884242057800,-0.0988563001155853,-0.0627576112747192,0.0080178417265415
1318,9581933575,1,[-54;-54;7],0.9929945468902588,-0.0994276180863380,-0.0633261129260063,0.0081126606091857
1330,9661933975,1,[-55;-55;7],0.9928991198539734,-0.1000041142106056,-0.0638999119400978,0.0082076666876674
1342,9741934375,1,[-55;-55;7],0.9928020834922791,-0.1005857884883881,-0.0644789934158325,0.0083028590306640
1354,9821934775,1,[-55;-55;7],0.9927044510841370,-0.1011673957109451,-0.0650580301880836,0.0083980457857251
1366,9921935275,1,[-56;-56;6],0.9926043748855591,-0.1017587184906006,-0.0656487643718719,0.0084830354899168
1378,10001935650,1,[-56;-56;6],0.9925035834312439,-0.1023499742150307,-0.0662394464015961,0.0085680196061730
1390,10081936075,1,[-55;-55;6],0.9924035072326660,-0.1029332950711250,-0.0668220892548561,0.0086527094244957
1402,10161936475,1,[-55;-55;6],0.9923031330108643,-0.1035139262676239,-0.0674020200967789,0.0087372967973351
1414,10241936875,1,[-56;-56;6],0.9922016263008118,-0.1040970981121063,-0.0679845735430717,0.0088219735771418
1426,10321937550,1,[-56;-56;6],0.9920980334281921,-0.1046880558133125,-0.0685750693082809,0.0089069334790111
1438,10401937975,1,[-56;-56;6],0.9919937849044800,-0.1052789390087128,-0.0691655203700066,0.0089918868616223
1450,10481938375,1,[-56;-56;5],0.9918888211250305,-0.1058691963553429,-0.0697567611932755,0.0090689081698656
1462,10581938875,1,[-56;-56;5],0.9917832016944885,-0.1064591929316521,-0.0703482329845428,0.0091432817280293
1474,10661939275,1,[-57;-57;5],0.9916759729385376,-0.1070543453097343,-0.0709449872374535,0.0092178406193852
1486,10741939675,1,[-57;-57;5],0.9915670156478882,-0.1076546534895897,-0.0715470239520073,0.0092925848439336
1498,10821940075,1,[-57;-57;5],0.9914573431015015,-0.1082548797130585,-0.0721490010619164,0.0093673216179013
1510,10901940475,1,[-58;-58;4],0.9913451075553894,-0.1088647171854973,-0.0727627426385880,0.0094318753108382
1522,10981940875,1,[-58;-58;4],0.9912320971488953,-0.1094744727015495,-0.0733764320611954,0.0094964206218719
1534,11061941275,1,[-58;-58;4],0.9911183118820190,-0.1100841462612152,-0.0739900618791580,0.0095609594136477
1546,11141941675,1,[-58;-58;4],0.9910038113594055,-0.1106937304139137,-0.0746036320924759,0.0096254907548428
1558,11251942225,1,[-58;-58;4],0.9908885359764099,-0.1113032326102257,-0.0752171501517296,0.0096900146454573
1570,11331942625,1,[-58;-58;4],0.9907724857330322,-0.1119126528501511,-0.0758306086063385,0.0097545310854912
1582,11411943025,1,[-58;-58;4],0.9906557202339172,-0.1125219836831093,-0.0764440074563026,0.0098190400749445
1594,11491943425,1,[-59;-59;4],0.9905360937118530,-0.1131416782736778,-0.0770680010318756,0.0098839262500405
1606,11571943825,1,[-59;-59;4],0.9904157519340515,-0.1137612834572792,-0.0776919424533844,0.0099488040432334
1618,11651944225,1,[-59;-59;4],0.9902945756912231,-0.1143807992339134,-0.0783158168196678,0.0100136734545231
1630,11731944600,1,[-59;-59;4],0.9901726841926575,-0.1150002181529999,-0.0789396315813065,0.0100785363465548
1642,11811944475,1,[-59;-59;4],0.9900499582290649,-0.1156195476651192,-0.0795633867383003,0.0101433899253607
1654,11981946600,1,[-59;-59;3],0.9899265766143799,-0.1162379458546638,-0.0801883041858673,0.0101976888254285
1666,12061960950,1,[-57;-57;4],0.9898044466972351,-0.1168462410569191,-0.0808018893003464,0.0102568687871099
1678,12141946675,1,[-57;-57;4],0.9896836280822754,-0.1174444407224655,-0.0814041346311569,0.0103209288790822
1690,12221947075,1,[-57;-57;4],0.9895620346069336,-0.1180425509810448,-0.0820063203573227,0.0103849824517965
1702,12301947450,1,[-55;-55;6],0.9894438385963440,-0.1186214685440063,-0.0825846269726753,0.0104693435132504
1714,12381947875,1,[-55;-55;6],0.9893249273300171,-0.1192002967000008,-0.0831628814339638,0.0105536971241236
1726,12491948425,1,[-55;-55;6],0.9892053604125977,-0.1197790428996086,-0.0837410762906075,0.0106380442157388
1738,12571948825,1,[-55;-55;6],0.9890850782394409,-0.1203577145934105,-0.0843192115426064,0.0107223829254508
1750,12651949225,1,[-54;-54;6],0.9889646768569946,-0.1209336891770363,-0.0848946273326874,0.0108066191896796
1762,12731949625,1,[-54;-54;6],0.9888452887535095,-0.1215017735958099,-0.0854619964957237,0.0108905592933297
1774,12811950025,1,[-54;-54;6],0.9887251853942871,-0.1220697760581970,-0.0860293135046959,0.0109744928777218
1786,12891950425,1,[-56;-56;6],0.9886010885238647,-0.1226533129811287,-0.0866125449538231,0.0110589955002069
1798,12971950825,1,[-56;-56;6],0.9884752035140991,-0.1232419759035110,-0.0872010365128517,0.0111436806619167
1810,13051951225,1,[-56;-56;5],0.9883486032485962,-0.1238303110003471,-0.0877897962927818,0.0112257264554501
1822,13161951775,1,[-56;-56;5],0.9882214069366455,-0.1244178637862206,-0.0883794799447060,0.0112998671829700
1834,13241952175,1,[-57;-57;5],0.9880929589271545,-0.1250079274177551,-0.0889717638492584,0.0113740963861346
1846,13321952575,1,[-57;-57;5],0.9879620671272278,-0.1256057024002075,-0.0895719677209854,0.0114486040547490
1858,13401952975,1,[-57;-57;5],0.9878304004669189,-0.1262033879756927,-0.0901721045374870,0.0115231042727828
1870,13481953350,1,[-57;-57;5],0.9876980185508728,-0.1268009692430496,-0.0907721742987633,0.0115975951775908
1882,13561953775,1,[-57;-57;5],0.9875649213790894,-0.1273984760046005,-0.0913721770048141,0.0116720777004957
1894,13641954150,1,[-57;-57;4],0.9874311685562134,-0.1279956251382828,-0.0919724553823471,0.0117439217865467
1906,13721954575,1,[-57;-57;4],0.9872967004776001,-0.1285919547080994,-0.0925736874341965,0.0118078682571650
1918,13821955075,1,[-57;-57;4],0.9871615767478943,-0.1291881799697876,-0.0931748524308205,0.0118718054145575
1930,13901955475,1,[-57;-57;4],0.9870256781578064,-0.1297843158245087,-0.0937759429216385,0.0119357341900468
1942,13981955875,1,[-57;-57;4],0.9868890047073364,-0.1303803622722626,-0.0943769663572311,0.0119996536523104
1954,14061956275,1,[-58;-58;3],0.9867505431175232,-0.1309809982776642,-0.0949839353561401,0.0120584992691875
1966,14141956675,1,[-58;-58;3],0.9866101741790771,-0.1315862238407135,-0.0955968499183655,0.0121122719720006
1978,14221957075,1,[-58;-58;3],0.9864690303802490,-0.1321913301944733,-0.0962096899747849,0.0121660353615880
1990,14301957450,1,[-58;-58;4],0.9863269925117493,-0.1327973753213882,-0.0968210473656654,0.0122302975505590
2002,14401957975,1,[-58;-58;4],0.9861842393875122,-0.1334033161401749,-0.0974323302507401,0.0122945513576269
2014,14481958375,1,[-59;-59;4],0.9860388636589050,-0.1340169459581375,-0.0980515182018280,0.0123590826988220
2026,14661961875,1,[-59;-59;3],0.9858921170234680,-0.1346327811479568,-0.0986736491322517,0.0124210733920336
2038,14741959675,1,[-59;-59;3],0.9857446551322937,-0.1352477371692657,-0.0992967709898949,0.0124751785770059
2050,14821960075,1,[-59;-59;3],0.9855964779853821,-0.1358625888824463,-0.0999198183417320,0.0125292725861073
2062,14901960475,1,[-55;-55;6],0.9854546785354614,-0.1364494264125824,-0.1005065441131592,0.0126137072220445
2074,14981960875,1,[-55;-55;6],0.9853146672248840,-0.1370258033275604,-0.1010825708508492,0.0126977507025003
2086,15091961425,1,[-55;-55;7],0.9851739406585693,-0.1376028954982758,-0.1016574278473854,0.0127896573394537
2098,15171961825,1,[-55;-55;7],0.9850324392318726,-0.1381801515817642,-0.1022318527102470,0.0128841791301966
2110,15251962225,1,[-55;-55;6],0.9848902821540833,-0.1387570500373840,-0.1028065755963326,0.0129760680720210
2122,15331962625,1,[-55;-55;6],0.9847475886344910,-0.1393330395221710,-0.1033823341131210,0.0130600798875093
2134,15411963025,1,[-55;-55;6],0.9846042394638062,-0.1399089097976685,-0.1039580181241035,0.0131440823897719
2146,15491963425,1,[-55;-55;6],0.9844601750373840,-0.1404847055673599,-0.1045336350798607,0.0132280755788088
2158,15571963825,1,[-55;-55;6],0.9843153953552246,-0.1410603970289230,-0.1051091775298119,0.0133120594546199
2170,15681964375,1,[-56;-56;6],0.9841686487197876,-0.1416411548852921,-0.1056899651885033,0.0133962258696556
2182,15761964775,1,[-56;-56;6],0.9840198755264282,-0.1422269940376282,-0.1062759831547737,0.0134805748239160
2194,15841965150,1,[-56;-56;6],0.9838704466819763,-0.1428127288818359,-0.1068619340658188,0.0135649135336280
2206,15921965575,1,[-56;-56;6],0.9837203025817871,-0.1433983594179153,-0.1074478030204773,0.0136492419987917
2218,16001965975,1,[-56;-56;6],0.9835693836212158,-0.1439838856458664,-0.1080335900187492,0.0137335611507297
2230,16081965075,1,[-57;-57;5],0.9834165573120117,-0.1445738971233368,-0.1086253896355629,0.0138128241524100
2242,16161966775,1,[-57;-57;5],0.9832617044448853,-0.1451683938503265,-0.1092231869697571,0.0138870291411877
2254,16241967175,1,[-57;-57;5],0.9831061363220215,-0.1457627862691879,-0.1098209023475647,0.0139612238854170
2266,16341967675,1,[-57;-57;5],0.9829498529434204,-0.1463570594787598,-0.1104185357689857,0.0140354083850980
2278,16421968075,1,[-57;-57;5],0.9827927947044373,-0.1469512283802032,-0.1110160872340202,0.0141095817089081
2290,16501968475,1,[-56;-56;5],0.9826371073722839,-0.1475375592708588,-0.1116055920720100,0.0141834588721395
2302,16581968875,1,[-56;-56;5],0.9824814200401306,-0.1481211930513382,-0.1121923625469208,0.0142572289332747
2314,16661969275,1,[-58;-58;4],0.9823236465454102,-0.1487095803022385,-0.1127847582101822,0.0143285654485226
2326,16741969675,1,[-58;-58;4],0.9821611046791077,-0.1493124216794968,-0.1133941784501076,0.0143926152959466
2338,16821970075,1,[-58;-58;4],0.9819977879524231,-0.1499151587486267,-0.1140035167336464,0.0144566539674997
2350,16921970575,1,[-58;-58;5],0.9818336367607117,-0.1505186855792999,-0.1146115660667419,0.0145285278558731
2362,17001970975,1,[-58;-58;5],0.9816686511039734,-0.1511224061250687,-0.1152191311120987,0.0146030057221651
2374,17081971375,1,[-59;-59;3],0.9815016388893127,-0.1517299264669418,-0.1158335283398628,0.0146672064438462
2386,17161971775,1,[-59;-59;3],0.9813326001167297,-0.1523412466049194,-0.1164547502994537,0.0147211300209165
2398,17241972175,1,[-59;-59;3],0.9811628460884094,-0.1529524475336075,-0.1170758754014969,0.0147750424221158
2410,17421974725,1,[-59;-59;3],0.9809922575950623,-0.1535635292530060,-0.1176969185471535,0.0148289427161217
2422,17501973475,1,[-59;-59;3],0.9808208942413330,-0.1541744917631149,-0.1183178573846817,0.0148828309029341
2434,17611974025,1,[-59;-59;3],0.9806487560272217,-0.1547853201627731,-0.1189387142658234,0.0149367079138756
2446,17691974425,1,[-54;-54;7],0.9804863333702087,-0.1553612798452377,-0.1195147484540939,0.0150204803794622
2458,17771974825,1,[-54;-54;7],0.9803267717361450,-0.1559255272150040,-0.1200757995247841,0.0151142124086618
2470,17851975225,1,[-54;-54;7],0.9801665544509888,-0.1564896851778030,-0.1206367686390877,0.0152079341933131
2482,17931975600,1,[-55;-55;7],0.9800027012825012,-0.1570640057325363,-0.1212082579731941,0.0153020275756717
2494,18011976025,1,[-55;-55;7],0.9798381924629211,-0.1576382219791412,-0.1217796653509140,0.0153961097821593
2506,18091976425,1,[-55;-55;6],0.9796730875968933,-0.1582113504409790,-0.1223522499203682,0.0154823530465364
2518,18201976975,1,[-55;-55;6],0.9795073866844177,-0.1587840467691422,-0.1229251697659492,0.0155659774318337
2530,18281977350,1,[-56;-56;6],0.9793394804000854,-0.1593617796897888,-0.1235033050179482,0.0156497806310654
2542,18361977775,1,[-56;-56;6],0.9791693687438965,-0.1599445194005966,-0.1240866556763649,0.0157337635755539
2554,18441978175,1,[-56;-56;6],0.9789986014366150,-0.1605271399021149,-0.1246699094772339,0.0158177372068167
2566,18521978575,1,[-56;-56;6],0.9788271188735962,-0.1611096560955048,-0.1252530813217163,0.0159016977995634
2578,18601978975,1,[-56;-56;6],0.9786549210548401,-0.1616920530796051,-0.1258361637592316,0.0159856472164392
2590,18681979375,1,[-56;-56;5],0.9784820675849915,-0.1622736603021622,-0.1264200061559677,0.0160643737763166
2602,18761979775,1,[-56;-56;5],0.9783086180686951,-0.1628544777631760,-0.1270046383142471,0.0161378756165504
2614,18881980375,1,[-56;-56;5],0.9781345129013062,-0.1634351909160614,-0.1275891661643982,0.0162113662809134
2626,18961980750,1,[-56;-56;5],0.9779596924781799,-0.1640157699584961,-0.1281736046075821,0.0162848439067602
2638,19041981175,1,[-56;-56;5],0.9777841567993164,-0.1645962446928024,-0.1287579685449600,0.0163583122193813
2650,19121981600,1,[-57;-57;5],0.9776048064231873,-0.1651868373155594,-0.1293528079986572,0.0164321493357420
2662,19201981975,1,[-57;-57;5],0.9774247407913208,-0.1657773107290268,-0.1299475580453873,0.0165059734135866
2674,19281982375,1,[-58;-58;5],0.9772422909736633,-0.1663727760314941,-0.1305475085973740,0.0165799781680107
2686,19361982775,1,[-58;-58;5],0.9770575761795044,-0.1669732332229614,-0.1311526596546173,0.0166541598737240
2698,19471983325,1,[-57;-57;5],0.9768729209899902,-0.1675710082054138,-0.1317550539970398,0.0167282335460186
2710,19551983725,1,[-57;-57;5],0.9766899347305298,-0.1681609749794006,-0.1323494166135788,0.0168020073324442
2722,19631984125,1,[-57;-57;5],0.9765061736106873,-0.1687508225440979,-0.1329436749219894,0.0168757699429989
2734,19711984525,1,[-58;-58;4],0.9763194322586060,-0.1693471521139145,-0.1335471123456955,0.0169420037418604
2746,19791984925,1,[-58;-58;4],0.9761312007904053,-0.1699455529451370,-0.1341535598039627,0.0170057211071253
2758,19871985325,1,[-59;-59;3],0.9759414196014404,-0.1705460250377655,-0.1347630023956299,0.0170669201761484
2770,19951985725,1,[-59;-59;3],0.9757485985755920,-0.1711529344320297,-0.1353816241025925,0.0171205941587687
2782,20031986125,1,[-59;-59;3],0.9755550026893616,-0.1717597097158432,-0.1360001415014267,0.0171742532402277
2794,20211988075,1,[-59;-59;3],0.9753606319427490,-0.1723663657903671,-0.1366185545921326,0.0172279011458158
2806,20291987425,1,[-57;-57;4],0.9751687049865723,-0.1729633957147598,-0.1372253745794296,0.0172863472253084
2818,20371987825,1,[-57;-57;4],0.9749792814254761,-0.1735508143901825,-0.1378205865621567,0.0173495952039957
2830,20451988225,1,[-57;-57;4],0.9747890830039978,-0.1741381138563156,-0.1384156942367554,0.0174128320068121
2842,20531988925,1,[-54;-54;7],0.9746077060699463,-0.1746991276741028,-0.1389734447002411,0.0175060667097569
2854,20611989325,1,[-54;-54;7],0.9744256138801575,-0.1752600073814392,-0.1395310908555984,0.0175992883741856
2866,20721989875,1,[-55;-55;7],0.9742411971092224,-0.1758258789777756,-0.1400939375162125,0.0176926907151937
2878,20801990275,1,[-55;-55;7],0.9740544557571411,-0.1763967126607895,-0.1406619548797607,0.0177862700074911
2890,20881990675,1,[-54;-54;7],0.9738678336143494,-0.1769648939371109,-0.1412272453308105,0.0178797412663698
2902,20961991075,1,[-54;-54;7],0.9736831784248352,-0.1775253117084503,-0.1417845189571381,0.0179729163646698
2914,21041991475,1,[-54;-54;7],0.9734978079795837,-0.1780855953693390,-0.1423416882753372,0.0180660784244537
2926,21121991875,1,[-56;-56;6],0.9733068346977234,-0.1786595284938812,-0.1429165154695511,0.0181494299322367
2938,21201992275,1,[-56;-56;6],0.9731135368347168,-0.1792384088039398,-0.1434965133666992,0.0182329583913088
2950,21281992675,1,[-56;-56;6],0.9729194641113281,-0.1798171699047089,-0.1440764069557190,0.0183164738118649
2962,21381993175,1,[-56;-56;6],0.9727247357368469,-0.1803957968950272,-0.1446561962366104,0.0183999761939049
2974,21461993575,1,[-56;-56;6],0.9725292921066284,-0.1809742897748947,-0.1452358961105347,0.0184834636747837
2986,21541993975,1,[-56;-56;5],0.9723333716392517,-0.1815511137247086,-0.1458173990249634,0.0185565799474716
2998,21621994375,1,[-56;-56;5],0.9721367359161377,-0.1821278184652328,-0.1463988125324249,0.0186296813189983
3010,21701994775,1,[-57;-57;5],0.9719375967979431,-0.1827094554901123,-0.1469853967428207,0.0187029615044594
3022,21781995175,1,[-57;-57;5],0.9717360734939575,-0.1832960397005081,-0.1475771367549896,0.0187764167785645
3034,21861995575,1,[-57;-57;5],0.9715337753295898,-0.1838824898004532,-0.1481687873601913,0.0188498571515083
3046,21941995975,1,[-57;-57;5],0.9713308215141296,-0.1844687908887863,-0.1487603187561035,0.0189232863485813
3058,22041996475,1,[-57;-57;5],0.9711270928382874,-0.1850549727678299,-0.1493517309427261,0.0189966987818480
3070,22121996875,1,[-58;-58;5],0.9709199666976929,-0.1856486201286316,-0.1499509513378143,0.0190703831613064
3082,22201997275,1,[-58;-58;5],0.9707112312316895,-0.1862446516752243,-0.1505526900291443,0.0191441494971514
3094,22281997675,1,[-59;-59;4],0.9705008864402771,-0.1868426799774170,-0.1511574536561966,0.0192154105752707
3106,22361998075,1,[-59;-59;4],0.9702872633934021,-0.1874469518661499,-0.1517714858055115,0.0192791856825352
3118,22441998475,1,[-59;-59;4],0.9700728654861450,-0.1880510747432709,-0.1523854136466980,0.0193429477512836
3130,22521998875,1,[-58;-58;4],0.9698603749275208,-0.1886474639177322,-0.1529913097620010,0.0194064080715179
3142,22601999275,1,[-58;-58;4],0.9696481227874756,-0.1892411708831787,-0.1535944491624832,0.0194697584956884
3154,22701999775,1,[-59;-59;4],0.9694332480430603,-0.1898397952318192,-0.1542027443647385,0.0195332858711481
3166,22782000175,1,[-59;-59;4],0.9692158102989197,-0.1904433220624924,-0.1548161804676056,0.0195969864726067
3178,22862000575,1,[-59;-59;4],0.9689975380897522,-0.1910466998815536,-0.1554294973611832,0.0196606703102589
3190,23042002475,1,[-59;-59;3],0.9687787890434265,-0.1916482746601105,-0.1560447365045547,0.0197140164673328
3202,23122001875,1,[-59;-59;4],0.9685590863227844,-0.1922509521245956,-0.1566583067178726,0.0197750888764858
3214,23202002275,1,[-59;-59;4],0.9683385491371155,-0.1928538829088211,-0.1572712361812592,0.0198387224227190
3226,23312002825,1,[-54;-54;6],0.9681310057640076,-0.1934212893247604,-0.1578415036201477,0.0199163947254419
3238,23392003225,1,[-54;-54;6],0.9679273366928101,-0.1939767897129059,-0.1583974659442902,0.0199987366795540
3250,23472003625,1,[-55;-55;7],0.9677219986915588,-0.1945351064205170,-0.1589554548263550,0.0200837366282940
3262,23552004025,1,[-55;-55;7],0.9675130844116211,-0.1951021254062653,-0.1595196574926376,0.0201767403632402
3274,23632004425,1,[-55;-55;7],0.9673034548759460,-0.1956690102815628,-0.1600837558507919,0.0202697291970253
3286,23712004825,1,[-55;-55;6],0.9670933485031128,-0.1962344795465469,-0.1606492996215820,0.0203549768775702
3298,23792005225,1,[-55;-55;6],0.9668825864791870,-0.1967993825674057,-0.1612152606248856,0.0204376354813576
3310,23872005625,1,[-55;-55;6],0.9666711688041687,-0.1973641514778137,-0.1617811173200607,0.0205202773213387
3322,23972006125,1,[-56;-56;6],0.9664552807807922,-0.1979388594627380,-0.1623573601245880,0.0206032861024141
3334,24052006525,1,[-56;-56;6],0.9662386775016785,-0.1985134333372116,-0.1629334986209869,0.0206862781196833
3346,24132007750,1,[-56;-56;6],0.9660213589668274,-0.1990878582000732,-0.1635095179080963,0.0207692570984364
3358,24212007300,1,[-56;-56;6],0.9658033847808838,-0.1996621489524841,-0.1640854179859161,0.0208522193133831
3370,24292007725,1,[-56;-56;5],0.9655847549438477,-0.2002358585596085,-0.1646617352962494,0.0209325961768627
3382,24372008125,1,[-56;-56;5],0.9653656482696533,-0.2008081078529358,-0.1652395427227020,0.0210052430629730
3394,24452008525,1,[-56;-56;5],0.9651457667350769,-0.2013802081346512,-0.1658172160387039,0.0210778750479221
3406,24562009075,1,[-57;-57;4],0.9649224877357483,-0.2019583731889725,-0.1664042621850967,0.0211430639028549
3418,24642009475,1,[-57;-57;4],0.9646975398063660,-0.2025384753942490,-0.1669943630695343,0.0212057624012232
3430,24722009875,1,[-58;-58;4],0.9644689559936523,-0.2031259536743164,-0.1675921976566315,0.0212687291204929
3442,24802010275,1,[-58;-58;4],0.9642385840415955,-0.2037158012390137,-0.1681925356388092,0.0213317740708590
3454,24882010675,1,[-58;-58;4],0.9640075564384460,-0.2043054848909378,-0.1687927544116974,0.0213948041200638
3466,24962011075,1,[-58;-58;4],0.9637757539749146,-0.2048950195312500,-0.1693928390741348,0.0214578155428171
3478,25042011475,1,[-58;-58;4],0.9635431766510010,-0.2054843902587891,-0.1699927896261215,0.0215208120644093
3490,25122011875,1,[-58;-58;4],0.9633098840713501,-0.2060735970735550,-0.1705926060676575,0.0215837918221951
3502,25222012375,1,[-58;-58;4],0.9630758762359619,-0.2066626548767090,-0.1711923032999039,0.0216467548161745
3514,25302012775,1,[-59;-59;4],0.9628391265869141,-0.2072565704584122,-0.1717971116304398,0.0217098891735077
3526,25382013175,1,[-59;-59;4],0.9625995755195618,-0.2078553289175034,-0.1724070161581039,0.0217731967568398
3538,25462013575,1,[-59;-59;4],0.9623592495918274,-0.2084539234638214,-0.1730168014764786,0.0218364857137203
3550,25542013975,1,[-59;-59;3],0.9621183872222900,-0.2090505212545395,-0.1736286580562592,0.0218895059078932
3562,25622014375,1,[-59;-59;3],0.9618768095970154,-0.2096469402313232,-0.1742403805255890,0.0219425093382597
3574,25822015575,1,[-60;-60;3],0.9616313576698303,-0.2102507054805756,-0.1748598366975784,0.0219957772642374
3586,25902015775,1,[-56;-56;6],0.9613919854164124,-0.2108395844697952,-0.1754574328660965,0.0220637340098619
3598,25982016175,1,[-56;-56;6],0.9611597657203674,-0.2114111036062241,-0.1760305911302567,0.0221462827175856
3610,26062016575,1,[-56;-56;6],0.9609268903732300,-0.2119824588298798,-0.1766036301851273,0.0222288165241480
3622,26142016975,1,[-55;-55;7],0.9606972336769104,-0.2125455439090729,-0.1771637946367264,0.0223211962729692
3634,26222017375,1,[-55;-55;7],0.9604668617248535,-0.2131084948778152,-0.1777238547801971,0.0224135592579842
3646,26302017775,1,[-56;-56;6],0.9602339267730713,-0.2136753350496292,-0.1782901585102081,0.0225009787827730
3658,26382018175,1,[-56;-56;6],0.9599983096122742,-0.2142460793256760,-0.1788626909255981,0.0225834567099810
3670,26492018725,1,[-56;-56;7],0.9597619175910950,-0.2148171365261078,-0.1794345378875732,0.0226684734225273
3682,26572019125,1,[-56;-56;7],0.9595246911048889,-0.2153894901275635,-0.1800045371055603,0.0227611437439919
3694,26652019525,1,[-56;-56;7],0.9592868089675903,-0.2159616649150848,-0.1805744171142578,0.0228537973016500
3706,26732019925,1,[-57;-57;6],0.9590451717376709,-0.2165397405624390,-0.1811537295579910,0.0229390542954206
3718,26812020325,1,[-57;-57;6],0.9588018655776978,-0.2171196639537811,-0.1817360967397690,0.0230218321084976
3730,26892020725,1,[-57;-57;6],0.9585578441619873,-0.2176994234323502,-0.1823183447122574,0.0231045950204134
3742,26972021125,1,[-57;-57;6],0.9583131074905396,-0.2182790189981461,-0.1829004436731339,0.0231873393058777
3754,27082021675,1,[-57;-57;5],0.9580677747726440,-0.2188579589128494,-0.1834829896688461,0.0232675150036812
3766,27162022050,1,[-56;-56;5],0.9578261375427246,-0.2194253355264664,-0.1840566992759705,0.0233396403491497
3778,27242022475,1,[-56;-56;5],0.9575838446617126,-0.2199925333261490,-0.1846302747726440,0.0234117507934570
3790,27322022875,1,[-57;-57;5],0.9573386907577515,-0.2205645591020584,-0.1852089464664459,0.0234840326011181
3802,27402023275,1,[-57;-57;5],0.9570907354354858,-0.2211413979530334,-0.1857926994562149,0.0235564839094877
3814,27482023675,1,[-57;-57;5],0.9568420052528381,-0.2217180728912354,-0.1863763183355331,0.0236289203166962
3826,27562024075,1,[-59;-59;5],0.9565838575363159,-0.2223144620656967,-0.1869806945323944,0.0237020887434483
3838,27642024475,1,[-59;-59;5],0.9563249945640564,-0.2229106724262238,-0.1875849068164825,0.0237752404063940
3850,27742024975,1,[-59;-59;4],0.9560655355453491,-0.2235052138566971,-0.1881907582283020,0.0238407328724861
3862,27822025375,1,[-59;-59;4],0.9558053612709045,-0.2240990698337555,-0.1887970566749573,0.0239036586135626
3874,27902025775,1,[-59;-59;4],0.9555444717407227,-0.2246927469968796,-0.1894032061100006,0.0239665657281876
3886,27982026175,1,[-59;-59;4],0.9552828073501587,-0.2252862453460693,-0.1900092065334320,0.0240294542163610
3898,28062041250,1,[-59;-59;4],0.9550203680992126,-0.2258795648813248,-0.1906150430440903,0.0240923240780830
3910,28142026975,1,[-59;-59;3],0.9547573924064636,-0.2264711856842041,-0.1912225484848022,0.0241475440561771
3922,28222027375,1,[-59;-59;3],0.9544937014579773,-0.2270621210336685,-0.1918305009603500,0.0242002028971910
3934,28302027775,1,[-59;-59;3],0.9542292356491089,-0.2276528775691986,-0.1924383044242859,0.0242528412491083
3946,28512030500,1,[-59;-59;3],0.9539640545845032,-0.2282434552907944,-0.1930459588766098,0.0243054609745741
3958,28592029225,1,[-59;-59;3],0.9536980986595154,-0.2288338392972946,-0.1936534494161606,0.0243580620735884
3970,28672029625,1,[-59;-59;3],0.9534314274787903,-0.2294240593910217,-0.1942607909440994,0.0244106426835060
3982,28752030025,1,[-54;-54;6],0.9531857967376709,-0.2299708276987076,-0.1948085725307465,0.0244918037205935
3994,28832030425,1,[-54;-54;6],0.9529395699501038,-0.2305174469947815,-0.1953562349081039,0.0245729479938745
4006,28912030825,1,[-55;-55;6],0.9526904225349426,-0.2310688495635986,-0.1959089636802673,0.0246542654931545
4018,29022031375,1,[-55;-55;6],0.9524383544921875,-0.2316250354051590,-0.1964667588472366,0.0247357506304979
4030,29102031775,1,[-55;-55;6],0.9521856307983398,-0.2321810722351074,-0.1970244348049164,0.0248172190040350
4042,29182032175,1,[-55;-55;6],0.9519321918487549,-0.2327369451522827,-0.1975819617509842,0.0248986706137657
4054,29262032575,1,[-55;-55;6],0.9516781568527222,-0.2332926541566849,-0.1981393545866013,0.0249801054596901
4066,29342032975,1,[-56;-56;6],0.9514200091362000,-0.2338556051254272,-0.1987044215202332,0.0250618048012257
4078,29422033375,1,[-56;-56;6],0.9511600136756897,-0.2344208508729935,-0.1992719322443008,0.0251435767859221
4090,29502033775,1,[-57;-57;5],0.9508982300758362,-0.2349878698587418,-0.1998425275087357,0.0252228938043118
4102,29582034175,1,[-57;-57;5],0.9506325125694275,-0.2355605065822601,-0.2004226595163345,0.0252948757261038
4114,29682034675,1,[-57;-57;5],0.9503660798072815,-0.2361329793930054,-0.2010026425123215,0.0253668371587992
4126,29762035075,1,[-56;-56;6],0.9501033425331116,-0.2366975694894791,-0.2015695720911026,0.0254485309123993
4138,29842035475,1,[-56;-56;6],0.9498398900032043,-0.2372619807720184,-0.2021363526582718,0.0255302079021931
4150,29922035875,1,[-57;-57;5],0.9495735764503479,-0.2378300726413727,-0.2027094364166260,0.0256069935858250
4162,30002036275,1,[-57;-57;5],0.9493044018745422,-0.2384018450975418,-0.2032888531684875,0.0256788879632950
4174,30082036675,1,[-57;-57;5],0.9490344524383545,-0.2389734238386154,-0.2038681060075760,0.0257507637143135
4186,30162037075,1,[-58;-58;4],0.9487593770027161,-0.2395524829626083,-0.2044601291418076,0.0258128847926855
4198,30262037575,1,[-58;-58;4],0.9484835863113403,-0.2401313781738281,-0.2050520032644272,0.0258749872446060
4210,30342037975,1,[-58;-58;5],0.9482068419456482,-0.2407117038965225,-0.2056418061256409,0.0259446445852518
4222,30422038375,1,[-58;-58;5],0.9479293227195740,-0.2412924170494080,-0.2062308043241501,0.0260168109089136
4234,30502038775,1,[-58;-58;4],0.9476510882377625,-0.2418723851442337,-0.2068202942609787,0.0260864309966564
4246,30582039175,1,[-58;-58;4],0.9473723769187927,-0.2424505054950714,-0.2074115574359894,0.0261484608054161
4258,30662039575,1,[-58;-58;4],0.9470929503440857,-0.2430284470319748,-0.2080026566982269,0.0262104682624340
4270,30742039975,1,[-58;-58;4],0.9468128085136414,-0.2436062097549438,-0.2085935920476913,0.0262724570930004
4282,30822040375,1,[-58;-58;4],0.9465318918228149,-0.2441837787628174,-0.2091843783855438,0.0263344272971153
4294,30932040925,1,[-59;-59;4],0.9462478756904602,-0.2447660714387894,-0.2097801864147186,0.0263965614140034
4306,31012041325,1,[-59;-59;4],0.9459607005119324,-0.2453530579805374,-0.2103810012340546,0.0264588613063097
4318,31092041725,1,[-59;-59;4],0.9456727504730225,-0.2459398508071899,-0.2109816521406174,0.0265211407095194
4330,31272043150,1,[-60;-60;4],0.9453791975975037,-0.2465362399816513,-0.2115924954414368,0.0265837721526623
4342,31352043025,1,[-58;-58;5],0.9450919628143311,-0.2471194565296173,-0.2121856510639191,0.0266533754765987
4354,31432043400,1,[-58;-58;5],0.9448063969612122,-0.2476981431245804,-0.2127728313207626,0.0267252903431654
4366,31512043825,1,[-54;-54;6],0.9445249438285828,-0.2482674270868301,-0.2133488208055496,0.0267993286252022
4378,31612044325,1,[-54;-54;6],0.9442573785781860,-0.2488089054822922,-0.2138916552066803,0.0268797781318426
4390,31692044725,1,[-54;-54;6],0.9439891576766968,-0.2493502199649811,-0.2144343256950378,0.0269602108746767
4402,31772045125,1,[-54;-54;7],0.9437200427055359,-0.2498936653137207,-0.2149742096662521,0.0270506814122200
4414,31852045525,1,[-54;-54;7],0.9434502720832825,-0.2504369318485260,-0.2155139595270157,0.0271411333233118
4426,31932045925,1,[-55;-55;6],0.9431775808334351,-0.2509837746620178,-0.2160600572824478,0.0272267293184996
4438,32012046325,1,[-55;-55;6],0.9429018497467041,-0.2515341639518738,-0.2166125029325485,0.0273074693977833
4450,32092046725,1,[-55;-55;6],0.9426254630088806,-0.2520843744277954,-0.2171648144721985,0.0273881889879704
4462,32192047225,1,[-56;-56;6],0.9423434734344482,-0.2526441812515259,-0.2177273035049438,0.0274692606180906
4474,32272047625,1,[-56;-56;6],0.9420607686042786,-0.2532037794589996,-0.2182896286249161,0.0275503136217594
4486,32352048025,1,[-57;-57;5],0.9417738318443298,-0.2537687718868256,-0.2188615798950195,0.0276241004467010
4498,32432048425,1,[-57;-57;5],0.9414849877357483,-0.2543354034423828,-0.2194366157054901,0.0276954490691423
4510,32512048825,1,[-57;-57;5],0.9411954879760742,-0.2549018859863281,-0.2200114876031876,0.0277667790651321
4522,32592049225,1,[-57;-57;5],0.9409052729606628,-0.2554681599140167,-0.2205862104892731,0.0278380867093801
4534,32672049625,1,[-57;-57;5],0.9406144022941589,-0.2560342550277710,-0.2211607545614243,0.0279093738645315
4546,32752050025,1,[-57;-57;5],0.9403228163719177,-0.2566001415252686,-0.2217351496219635,0.0279806423932314
4558,32852050525,1,[-57;-57;5],0.9400305151939392,-0.2571658492088318,-0.2223093658685684,0.0280518885701895
4570,32932050925,1,[-57;-57;4],0.9397376775741577,-0.2577301859855652,-0.2228847891092300,0.0281181074678898
4582,33012051325,1,[-57;-57;4],0.9394443035125732,-0.2582931220531464,-0.2234614342451096,0.0281793009489775
4594,33092051725,1,[-57;-57;4],0.9391502141952515,-0.2588559091091156,-0.2240379005670547,0.0282404720783234
4606,33172052125,1,[-57;-57;4],0.9388554096221924,-0.2594184875488281,-0.2246142029762268,0.0283016227185726
4618,33252052500,1,[-57;-57;4],0.9385599493980408,-0.2599808573722839,-0.2251903414726257,0.0283627528697252
4630,33332052925,1,[-58;-58;4],0.9382612109184265,-0.2605478763580322,-0.2257714718580246,0.0284240469336510
4642,33412053275,1,[-58;-58;4],0.9379591941833496,-0.2611195743083954,-0.2263575643301010,0.0284855030477047
4654,33512053825,1,[-58;-58;4],0.9376564025878906,-0.2616910636425018,-0.2269434928894043,0.0285469386726618
4666,33592054225,1,[-58;-58;4],0.9373528957366943,-0.2622623443603516,-0.2275292426347733,0.0286083538085222
4678,33672054625,1,[-58;-58;4],0.9370486736297607,-0.2628334164619446,-0.2281148284673691,0.0286697447299957
4690,33752055025,1,[-59;-59;3],0.9367401003837585,-0.2634097337722778,-0.2287100404500961,0.0287239067256451
4702,33932057075,1,[-59;-59;4],0.9364293217658997,-0.2639888823032379,-0.2293069511651993,0.0287806298583746
4714,34012056325,1,[-59;-59;4],0.9361176490783691,-0.2645690143108368,-0.2299022674560547,0.0288423206657171
4726,34112056825,1,[-54;-54;6],0.9358117580413818,-0.2651381194591522,-0.2304831445217133,0.0289085116237402
4738,34192057200,1,[-54;-54;6],0.9355244636535645,-0.2656744420528412,-0.2310210913419724,0.0289882533252239
4750,34272057625,1,[-54;-54;6],0.9352365732192993,-0.2662106156349182,-0.2315588742494583,0.0290679745376110
4762,34352058025,1,[-55;-55;6],0.9349440932273865,-0.2667538523674011,-0.2321042120456696,0.0291479527950287
4774,34432058425,1,[-55;-55;6],0.9346495866775513,-0.2672993242740631,-0.2326519489288330,0.0292280036956072
4786,34512058825,1,[-55;-55;6],0.9343544840812683,-0.2678445875644684,-0.2331995368003845,0.0293080359697342
4798,34592059225,1,[-55;-55;6],0.9340587258338928,-0.2683897018432617,-0.2337469607591629,0.0293880458921194
4810,34672059625,1,[-55;-55;6],0.9337623119354248,-0.2689346075057983,-0.2342942208051682,0.0294680371880531
4822,34772060125,1,[-55;-55;6],0.9334652423858643,-0.2694793045520782,-0.2348413169384003,0.0295480061322451
4834,34852060525,1,[-55;-55;6],0.9331675767898560,-0.2700238525867462,-0.2353882491588593,0.0296279564499855
4846,34932060925,1,[-56;-56;6],0.9328665137290955,-0.2705730199813843,-0.2359401583671570,0.0297080706804991
4858,35012061325,1,[-56;-56;6],0.9325621128082275,-0.2711267769336700,-0.2364970147609711,0.0297883469611406
4870,35092061725,1,[-56;-56;6],0.9322570562362671,-0.2716803848743439,-0.2370537072420120,0.0298686027526855
4882,35172062125,1,[-56;-56;6],0.9319512844085693,-0.2722337543964386,-0.2376102358102798,0.0299488361924887
4894,35252062525,1,[-56;-56;6],0.9316449165344238,-0.2727869451045990,-0.2381665855646133,0.0300290491431952
4906,35332062925,1,[-56;-56;5],0.9313380122184753,-0.2733386754989624,-0.2387242168188095,0.0301042795181274
4918,35432063425,1,[-56;-56;5],0.9310305714607239,-0.2738889455795288,-0.2392831295728683,0.0301745254546404
4930,35512063800,1,[-57;-57;5],0.9307211041450500,-0.2744414210319519,-0.2398444414138794,0.0302448440343142
4942,35592064225,1,[-57;-57;5],0.9304068684577942,-0.2750008702278137,-0.2404132485389709,0.0303154140710831
4954,35672064600,1,[-57;-57;5],0.9300919771194458,-0.2755601406097412,-0.2409818917512894,0.0303859636187553
4966,35752065025,1,[-57;-57;4],0.9297765493392944,-0.2761172652244568,-0.2415525466203690,0.0304490607231855
4978,35832065425,1,[-57;-57;4],0.9294605851173401,-0.2766735255718231,-0.2421237528324127,0.0305096562951803
4990,35912065800,1,[-57;-57;4],0.9291439056396484,-0.2772296071052551,-0.2426947802305222,0.0305702313780785
5002,36022066375,1,[-58;-58;4],0.9288210272789001,-0.2777950465679169,-0.2432758659124374,0.0306311491876841
5014,36102066775,1,[-58;-58;4],0.9284974336624146,-0.2783602774143219,-0.2438567429780960,0.0306920446455479
5026,36182067175,1,[-58;-58;4],0.9281730651855469,-0.2789252996444702,-0.2444374561309814,0.0307529177516699
5038,36262067575,1,[-58;-58;4],0.9278480410575867,-0.2794900834560394,-0.2450179606676102,0.0308137647807598
5050,36342067975,1,[-59;-59;4],0.9275195002555847,-0.2800594568252563,-0.2456033974885941,0.0308747738599777
5062,36422068350,1,[-59;-59;4],0.9271874427795410,-0.2806333601474762,-0.2461937367916107,0.0309359412640333
5074,36502068775,1,[-59;-59;4],0.9268546104431152,-0.2812070548534393,-0.2467838972806931,0.0309970844537020
5086,36702070250,1,[-59;-59;3],0.9265214204788208,-0.2817779183387756,-0.2473768442869186,0.0310483295470476
5098,36782070175,1,[-56;-56;5],0.9262037277221680,-0.2823252081871033,-0.2479330003261566,0.0311181917786598
5110,36862070575,1,[-56;-56;5],0.9258854389190674,-0.2828722894191742,-0.2484889775514603,0.0311880316585302
5122,36942070975,1,[-55;-55;7],0.9255689382553101,-0.2834170460700989,-0.2490366697311401,0.0312675274908543
5134,37022071375,1,[-55;-55;7],0.9252542853355408,-0.2839595079421997,-0.2495760619640350,0.0313566811382771
5146,37102071775,1,[-55;-55;7],0.9249390363693237,-0.2845017611980438,-0.2501153051853180,0.0314458124339581
5158,37182072150,1,[-56;-56;7],0.9246174097061157,-0.2850533425807953,-0.2506645321846008,0.0315352901816368
5170,37262072550,1,[-56;-56;7],0.9242951869964600,-0.2856047153472900,-0.2512136101722717,0.0316247418522835
5182,37362073075,1,[-55;-55;7],0.9239765405654907,-0.2861487567424774,-0.2517548501491547,0.0317138992249966
5194,37442073475,1,[-55;-55;7],0.9236586689949036,-0.2866902053356171,-0.2522933781147003,0.0318029411137104
5206,37522073875,1,[-56;-56;6],0.9233388304710388,-0.2872331738471985,-0.2528350353240967,0.0318895950913429
5218,37602074250,1,[-56;-56;6],0.9230142831802368,-0.2877810597419739,-0.2533864378929138,0.0319691225886345
5230,37682074675,1,[-56;-56;6],0.9226890802383423,-0.2883287072181702,-0.2539376616477966,0.0320486277341843
5242,37762075075,1,[-55;-55;6],0.9223675131797791,-0.2888690531253815,-0.2544810771942139,0.0321278311312199
5254,37842075475,1,[-55;-55;6],0.9220467805862427,-0.2894068062305450,-0.2550217807292938,0.0322069264948368
5266,37942075975,1,[-56;-56;5],0.9217240810394287,-0.2899460792541504,-0.2555656135082245,0.0322836339473724
5278,38022076375,1,[-56;-56;5],0.9213965535163879,-0.2904902100563049,-0.2561192214488983,0.0323532260954380
5290,38102076775,1,[-56;-56;5],0.9210684299468994,-0.2910341024398804,-0.2566726207733154,0.0324227996170521
5302,38182077150,1,[-57;-57;5],0.9207338094711304,-0.2915872633457184,-0.2572360038757324,0.0324927121400833
5314,38262077575,1,[-57;-57;5],0.9203984737396240,-0.2921402156352997,-0.2577992081642151,0.0325626023113728
5326,38342077975,1,[-57;-57;5],0.9200624823570251,-0.2926929593086243,-0.2583622038364410,0.0326324664056301
5338,38422078375,1,[-57;-57;5],0.9197257757186890,-0.2932454645633698,-0.2589249908924103,0.0327023081481457
5350,38502078775,1,[-57;-57;5],0.9193884134292603,-0.2937977910041809,-0.2594876289367676,0.0327721238136292
5362,38612079325,1,[-58;-58;4],0.9190447926521301,-0.2943565249443054,-0.2600633203983307,0.0328324884176254
5374,38692079725,1,[-58;-58;4],0.9187004566192627,-0.2949150800704956,-0.2606388032436371,0.0328928269445896
5386,38772080125,1,[-58;-58;5],0.9183552265167236,-0.2954754531383514,-0.2612117528915405,0.0329604782164097
5398,38852080525,1,[-58;-58;5],0.9180091619491577,-0.2960363328456879,-0.2617837190628052,0.0330305546522141
5410,38932080925,1,[-58;-58;3],0.9176625609397888,-0.2965955734252930,-0.2623570263385773,0.0330957137048244
5422,39012081300,1,[-58;-58;3],0.9173157811164856,-0.2971503734588623,-0.2629348933696747,0.0331461839377880
5434,39092081725,1,[-58;-58;3],0.9169682860374451,-0.2977049648761749,-0.2635125815868378,0.0331966280937195
5446,39172082125,1,[-59;-59;4],0.9166153669357300,-0.2982684969902039,-0.2640952467918396,0.0332546457648277
5458,39272082625,1,[-59;-59;4],0.9162601232528687,-0.2988348603248596,-0.2646794617176056,0.0333151705563068
5470,39442084700,1,[-59;-59;3],0.9159044027328491,-0.2993988692760468,-0.2652658224105835,0.0333683490753174
5482,39522083875,1,[-59;-59;3],0.9155480861663818,-0.2999619245529175,-0.2658528089523315,0.0334190614521503
5494,39602084275,1,[-56;-56;5],0.9152084589004517,-0.3005022108554840,-0.2664028406143188,0.0334881618618965
5506,39682084675,1,[-56;-56;5],0.9148681163787842,-0.3010422885417938,-0.2669526934623718,0.0335572436451912
5518,39762085075,1,[-55;-55;7],0.9145298600196838,-0.3015803396701813,-0.2674941122531891,0.0336358584463596
5530,39872085625,1,[-55;-55;7],0.9141935706138611,-0.3021163046360016,-0.2680270671844482,0.0337240174412727
5542,39952086025,1,[-55;-55;7],0.9138566851615906,-0.3026520609855652,-0.2685598433017731,0.0338121503591537
5554,40032086425,1,[-55;-55;7],0.9135192036628723,-0.3031876087188721,-0.2690924406051636,0.0339002609252930
5566,40112086825,1,[-55;-55;7],0.9131810069084167,-0.3037229478359222,-0.2696248590946198,0.0339883491396904
5578,40192087225,1,[-56;-56;7],0.9128361344337463,-0.3042674362659454,-0.2701671421527863,0.0340767726302147
5590,40272087625,1,[-56;-56;7],0.9124906063079834,-0.3048117160797119,-0.2707092463970184,0.0341651774942875
5602,40352088025,1,[-56;-56;6],0.9121445417404175,-0.3053543269634247,-0.2712528109550476,0.0342486947774887
5614,40432088400,1,[-56;-56;6],0.9117980599403381,-0.3058952987194061,-0.2717977762222290,0.0343273282051086
5626,40532088925,1,[-56;-56;5],0.9114509820938110,-0.3064352869987488,-0.2723433673381805,0.0344035103917122
5638,40612089325,1,[-56;-56;5],0.9111035466194153,-0.3069729208946228,-0.2728912234306335,0.0344723835587502
5650,40692089725,1,[-56;-56;5],0.9107554554939270,-0.3075103163719177,-0.2734388709068298,0.0345412343740463
5662,40772090125,1,[-57;-57;6],0.9104018211364746,-0.3080566525459290,-0.2739914059638977,0.0346176065504551
5674,40852090525,1,[-57;-57;6],0.9100458025932312,-0.3086058497428894,-0.2745454609394073,0.0346964672207832
5686,40932090925,1,[-57;-57;5],0.9096892476081848,-0.3091540932655334,-0.2751001119613647,0.0347728841006756
5698,41012091625,1,[-57;-57;5],0.9093322753906250,-0.3096998929977417,-0.2756570279598236,0.0348420031368732
5710,41092092025,1,[-57;-57;5],0.9089746475219727,-0.3102454543113708,-0.2762137651443481,0.0349110960960388
5722,41192092525,1,[-57;-57;5],0.9086163640022278,-0.3107908070087433,-0.2767702639102936,0.0349801667034626
5734,41272092925,1,[-57;-57;5],0.9082573652267456,-0.3113359212875366,-0.2773265838623047,0.0350492075085640
5746,41352093325,1,[-58;-58;4],0.9078947901725769,-0.3118839859962463,-0.2778893709182739,0.0351135693490505
5758,41432093725,1,[-58;-58;4],0.9075285196304321,-0.3124349713325500,-0.2784586548805237,0.0351732447743416
5770,41512094125,1,[-58;-58;4],0.9071615934371948,-0.3129857182502747,-0.2790277004241943,0.0352328978478909
5782,41592094525,1,[-59;-59;4],0.9067876338958740,-0.3135455250740051,-0.2796065509319305,0.0352928824722767
5794,41672094925,1,[-59;-59;4],0.9064129590988159,-0.3141050636768341,-0.2801852226257324,0.0353528410196304
5806,41772095425,1,[-59;-59;3],0.9060377478599548,-0.3146628737449646,-0.2807653248310089,0.0354079417884350
5818,41852095825,1,[-59;-59;3],0.9056620001792908,-0.3152189254760742,-0.2813468575477600,0.0354581885039806
5830,41932096225,1,[-59;-59;4],0.9052854776382446,-0.3157754838466644,-0.2819273769855499,0.0355108194053173
5842,42012096625,1,[-59;-59;4],0.9049079418182373,-0.3163340389728546,-0.2825050950050354,0.0355706550180912
5854,42182098725,1,[-59;-59;3],0.9045299291610718,-0.3168901205062866,-0.2830851674079895,0.0356232337653637
5866,42262097875,1,[-59;-59;3],0.9041513800621033,-0.3174451589584351,-0.2836658358573914,0.0356733761727810
5878,42342098275,1,[-55;-55;6],0.9037781953811646,-0.3179929852485657,-0.2842337191104889,0.0357303507626057
5890,42452098800,1,[-55;-55;6],0.9034227132797241,-0.3185196518898010,-0.2847637832164764,0.0358078852295876
5902,42532099225,1,[-55;-55;6],0.9030666351318359,-0.3190460801124573,-0.2852936387062073,0.0358853973448277
5914,42612099625,1,[-53;-53;7],0.9027224779129028,-0.3195568621158600,-0.2857998907566071,0.0359717831015587
5926,42692100025,1,[-53;-53;7],0.9023777246475220,-0.3200674355030060,-0.2863059639930725,0.0360581502318382
5938,42772100425,1,[-55;-55;6],0.9020261168479919,-0.3205855190753937,-0.2868235409259796,0.0361400432884693
5950,42852100825,1,[-55;-55;6],0.9016675949096680,-0.3211110830307007,-0.2873526513576508,0.0362174697220325
5962,42932101225,1,[-55;-55;6],0.9013084769248962,-0.3216364085674286,-0.2878815233707428,0.0362948700785637
5974,43012101625,1,[-55;-55;6],0.9009487032890320,-0.3221615254878998,-0.2884102165699005,0.0363722443580627
5986,43112102125,1,[-55;-55;6],0.9005883336067200,-0.3226864337921143,-0.2889387309551239,0.0364495925605297
5998,43192102525,1,[-55;-55;6],0.9002273082733154,-0.3232110738754272,-0.2894670367240906,0.0365269184112549
6010,43272102925,1,[-55;-55;6],0.8998656868934631,-0.3237355351448059,-0.2899951338768005,0.0366042144596577
6022,43352103325,1,[-56;-56;5],0.8995019197463989,-0.3242612779140472,-0.2905263900756836,0.0366791822016239
6034,43432103700,1,[-56;-56;5],0.8991328477859497,-0.3247913718223572,-0.2910674810409546,0.0367472060024738
6046,43512104125,1,[-56;-56;5],0.8987631797790527,-0.3253212273120880,-0.2916083931922913,0.0368152037262917
6058,43592104525,1,[-56;-56;5],0.8983928561210632,-0.3258508443832397,-0.2921490967273712,0.0368831753730774
6070,43702105075,1,[-56;-56;5],0.8980219364166260,-0.3263802528381348,-0.2926895916461945,0.0369511209428310
6082,43782105475,1,[-56;-56;5],0.8976503014564514,-0.3269093930721283,-0.2932298779487610,0.0370190404355526
6094,43862105875,1,[-56;-56;5],0.8972780704498291,-0.3274383246898651,-0.2937699556350708,0.0370869301259518
6106,43942106275,1,[-58;-58;5],0.8969018459320068,-0.3279716074466705,-0.2943148016929626,0.0371549762785435
6118,44022106675,1,[-58;-58;5],0.8965150117874146,-0.3285183608531952,-0.2948743402957916,0.0372235327959061
6130,44102107075,1,[-58;-58;5],0.8961275219917297,-0.3290648758411407,-0.2954336702823639,0.0372920557856560
6142,44182107475,1,[-58;-58;4],0.8957396149635315,-0.3296087682247162,-0.2959953844547272,0.0373533964157104
6154,44262107875,1,[-58;-58;4],0.8953511714935303,-0.3301516473293304,-0.2965577542781830,0.0374123193323612
6166,44372108425,1,[-58;-58;3],0.8949621915817261,-0.3306926488876343,-0.2971216738224030,0.0374664478003979
6178,44452108825,1,[-58;-58;3],0.8945727348327637,-0.3312318623065948,-0.2976871132850647,0.0375157780945301
6190,44532109225,1,[-58;-58;3],0.8941826224327087,-0.3317707777023315,-0.2982523143291473,0.0375650785863400
6202,44612109600,1,[-59;-59;4],0.8937847018241882,-0.3323217630386353,-0.2988236844539642,0.0376242324709892
6214,44692110025,1,[-59;-59;4],0.8933860063552856,-0.3328724801540375,-0.2993948161602020,0.0376833602786064
6226,44862112550,1,[-59;-59;3],0.8929868936538696,-0.3334213495254517,-0.2999674975872040,0.0377376973628998
6238,44962111375,1,[-57;-57;4],0.8925904035568237,-0.3339653909206390,-0.3005349636077881,0.0377918258309364
6250,45042111775,1,[-57;-57;4],0.8922031521797180,-0.3344971239566803,-0.3010855913162231,0.0378501452505589
6262,45122112175,1,[-57;-57;4],0.8918153047561646,-0.3350286185741425,-0.3016359508037567,0.0379084385931492
6274,45202112575,1,[-54;-54;6],0.8914412260055542,-0.3355458378791809,-0.3021567165851593,0.0379849039018154
6286,45282112975,1,[-54;-54;6],0.8910716772079468,-0.3360559940338135,-0.3026698231697083,0.0380610786378384
6298,45362113375,1,[-54;-54;7],0.8907014131546021,-0.3365667462348938,-0.3031818270683289,0.0381395965814590
6310,45442113775,1,[-54;-54;7],0.8903302550315857,-0.3370796740055084,-0.3036909699440002,0.0382252112030983
6322,45522114175,1,[-54;-54;7],0.8899585008621216,-0.3375923931598663,-0.3041998744010925,0.0383107960224152
6334,45632114725,1,[-55;-55;6],0.8895797133445740,-0.3381107151508331,-0.3047220706939697,0.0383872352540493
6346,45712115125,1,[-55;-55;6],0.8892002701759338,-0.3386287987232208,-0.3052440881729126,0.0384636446833611
6358,45792115525,1,[-55;-55;6],0.8888202905654907,-0.3391466438770294,-0.3057658672332764,0.0385400280356407
6370,45872115925,1,[-55;-55;6],0.8884396553039551,-0.3396642506122589,-0.3062874376773834,0.0386163815855980
6382,45952116325,1,[-56;-56;6],0.8880566358566284,-0.3401839137077332,-0.3068112432956696,0.0386928021907806
6394,46032116700,1,[-56;-56;6],0.8876678943634033,-0.3407101035118103,-0.3073422610759735,0.0387694574892521
6406,46112117125,1,[-56;-56;6],0.8872784972190857,-0.3412360548973083,-0.3078730702400208,0.0388460904359818
6418,46212117625,1,[-57;-57;5],0.8868835568428040,-0.3417660593986511,-0.3084137439727783,0.0389158688485622
6430,46292118025,1,[-57;-57;5],0.8864863514900208,-0.3422972559928894,-0.3089576065540314,0.0389833450317383
6442,46372118425,1,[-56;-56;5],0.8860920071601868,-0.3428237140178680,-0.3094962835311890,0.0390506163239479
6454,46452118825,1,[-56;-56;5],0.8857004642486572,-0.3433453738689423,-0.3100298345088959,0.0391176827251911
6466,46532119225,1,[-56;-56;5],0.8853082656860352,-0.3438668251037598,-0.3105631470680237,0.0391847230494022
6478,46612119625,1,[-57;-57;5],0.8849084377288818,-0.3443970084190369,-0.3111060857772827,0.0392520837485790
6490,46692120025,1,[-57;-57;5],0.8845080137252808,-0.3449269533157349,-0.3116487860679626,0.0393194183707237
6502,46772120400,1,[-57;-57;4],0.8841071128845215,-0.3454549908638000,-0.3121930956840515,0.0393820144236088
6514,46872120925,1,[-57;-57;4],0.8837057352066040,-0.3459810912609100,-0.3127390444278717,0.0394398719072342
6526,46952121325,1,[-58;-58;4],0.8833020329475403,-0.3465091884136200,-0.3132871985435486,0.0394977889955044
6538,47032121725,1,[-58;-58;4],0.8828923106193542,-0.3470437824726105,-0.3138424754142761,0.0395559370517731
6550,47112122125,1,[-58;-58;4],0.8824819326400757,-0.3475780785083771,-0.3143975138664246,0.0396140590310097
6562,47192122525,1,[-58;-58;3],0.8820712566375732,-0.3481096327304840,-0.3149551153182983,0.0396650992333889
6574,47272122925,1,[-58;-58;3],0.8816599249839783,-0.3486400544643402,-0.3155133724212646,0.0397137589752674
6586,47352123325,1,[-58;-58;3],0.8812479972839355,-0.3491702079772949,-0.3160713911056519,0.0397623889148235
6598,47522126675,1,[-58;-58;3],0.8808353543281555,-0.3497001230716705,-0.3166292011737823,0.0398109890520573
6610,47602124575,1,[-59;-59;4],0.8804163336753845,-0.3502389788627625,-0.3171913027763367,0.0398668572306633
6622,47682124975,1,[-59;-59;4],0.8799948096275330,-0.3507806658744812,-0.3177546560764313,0.0399251282215118
6634,47762125375,1,[-55;-55;7],0.8795793652534485,-0.3513156771659851,-0.3183051645755768,0.0399900451302528
6646,47842125775,1,[-55;-55;7],0.8791837692260742,-0.3518312275409698,-0.3188176453113556,0.0400749668478966
6658,47922126175,1,[-55;-55;7],0.8787875175476074,-0.3523465096950531,-0.3193299174308777,0.0401598550379276
6670,48002126575,1,[-54;-54;6],0.8783963918685913,-0.3528523147106171,-0.3198374211788177,0.0402374342083931
6682,48102125775,1,[-54;-54;6],0.8780065178871155,-0.3533548116683960,-0.3203432261943817,0.0403125584125519
6694,48182127475,1,[-55;-55;6],0.8776125311851501,-0.3538615107536316,-0.3208537101745605,0.0403878316283226
6706,48262127875,1,[-55;-55;6],0.8772143125534058,-0.3543724417686462,-0.3213688433170319,0.0404632538557053
6718,48342128275,1,[-55;-55;6],0.8768154978752136,-0.3548831343650818,-0.3218837678432465,0.0405386462807655
6730,48422128675,1,[-55;-55;6],0.8764160871505737,-0.3553935587406158,-0.3223984539508820,0.0406140089035034
6742,48502129075,1,[-55;-55;6],0.8760160803794861,-0.3559037446975708,-0.3229129314422607,0.0406893454492092
6754,48582129475,1,[-55;-55;7],0.8756152391433716,-0.3564154207706451,-0.3234252631664276,0.0407693199813366
6766,48662129875,1,[-55;-55;7],0.8752135634422302,-0.3569285571575165,-0.3239355087280273,0.0408539324998856
6778,48772130425,1,[-55;-55;6],0.8748113512992859,-0.3574405908584595,-0.3244464695453644,0.0409361831843853
6790,48852130825,1,[-55;-55;6],0.8744089007377625,-0.3579497933387756,-0.3249600529670715,0.0410114154219627
6802,48932131225,1,[-55;-55;6],0.8740058541297913,-0.3584587275981903,-0.3254734277725220,0.0410866215825081
6814,49012131625,1,[-57;-57;5],0.8735916018486023,-0.3589781224727631,-0.3260040581226349,0.0411553420126438
6826,49092132025,1,[-57;-57;5],0.8731731772422791,-0.3595008254051208,-0.3265402615070343,0.0412218831479549
6838,49172132425,1,[-57;-57;5],0.8727540373802185,-0.3600232899188995,-0.3270762264728546,0.0412883907556534
6850,49252132825,1,[-57;-57;5],0.8723343014717102,-0.3605454564094543,-0.3276119530200958,0.0413548685610294
6862,49352133325,1,[-57;-57;5],0.8719139099121094,-0.3610673546791077,-0.3281474411487579,0.0414213165640831
6874,49432133725,1,[-57;-57;4],0.8714933395385742,-0.3615854978561401,-0.3286865055561066,0.0414784438908100
6886,49512134125,1,[-57;-57;4],0.8710721135139465,-0.3621033728122711,-0.3292253613471985,0.0415355414152145
6898,49592134525,1,[-58;-58;5],0.8706462979316711,-0.3626271486282349,-0.3297668993473053,0.0415974222123623
6910,49672134900,1,[-58;-58;5],0.8702159523963928,-0.3631568253040314,-0.3303110897541046,0.0416640862822533
6922,49752135325,1,[-58;-58;5],0.8697849512100220,-0.3636862039566040,-0.3308550715446472,0.0417307130992413
6934,49832135725,1,[-58;-58;4],0.8693536520004272,-0.3642117977142334,-0.3314026296138763,0.0417880490422249
6946,49912136125,1,[-58;-58;4],0.8689217567443848,-0.3647371232509613,-0.3319499492645264,0.0418453477323055
6958,50032136725,1,[-59;-59;3],0.8684839606285095,-0.3652660846710205,-0.3325072228908539,0.0418959371745586
6970,50112137100,1,[-59;-59;3],0.8680437207221985,-0.3657961189746857,-0.3330675959587097,0.0419442653656006
6982,50282139200,1,[-59;-59;3],0.8676027655601501,-0.3663258254528046,-0.3336277306079865,0.0419925600290298
6994,50362138375,1,[-56;-56;6],0.8671663999557495,-0.3668513298034668,-0.3341774046421051,0.0420474931597710
7006,50442138775,1,[-56;-56;6],0.8667451739311218,-0.3673648238182068,-0.3346962332725525,0.0421223975718021
7018,50522139175,1,[-56;-56;6],0.8663233518600464,-0.3678780198097229,-0.3352148532867432,0.0421972721815109
7030,50622139675,1,[-55;-55;6],0.8659065365791321,-0.3683843612670898,-0.3357259333133698,0.0422718562185764
7042,50702140075,1,[-55;-55;6],0.8654909729957581,-0.3688882887363434,-0.3362343907356262,0.0423463210463524
7054,50782140475,1,[-54;-54;8],0.8650781512260437,-0.3693911433219910,-0.3367338478565216,0.0424298048019409
7066,50862140875,1,[-54;-54;8],0.8646680712699890,-0.3698929548263550,-0.3372243046760559,0.0425223000347614
7078,50942141275,1,[-54;-54;8],0.8642573356628418,-0.3703945279121399,-0.3377145528793335,0.0426147691905499
7090,51022141675,1,[-55;-55;6],0.8638413548469543,-0.3708952069282532,-0.3382196724414825,0.0426890589296818
7102,51102142075,1,[-55;-55;6],0.8634228110313416,-0.3713978230953217,-0.3387269973754883,0.0427634045481682
7114,51182142450,1,[-55;-55;5],0.8630039691925049,-0.3718983530998230,-0.3392360806465149,0.0428331196308136
7126,51282142975,1,[-55;-55;5],0.8625847101211548,-0.3723968565464020,-0.3397468924522400,0.0428982116281986
7138,51362143375,1,[-55;-55;5],0.8621648550033569,-0.3728950917720795,-0.3402574658393860,0.0429632700979710
7150,51442143775,1,[-55;-55;6],0.8617439866065979,-0.3733966946601868,-0.3407638669013977,0.0430374890565872
7162,51522144175,1,[-55;-55;6],0.8613225221633911,-0.3738980293273926,-0.3412699997425079,0.0431116744875908
7174,51602144575,1,[-57;-57;6],0.8608927726745605,-0.3744078278541565,-0.3417855203151703,0.0431861765682697
7186,51682144975,1,[-57;-57;6],0.8604547977447510,-0.3749260604381561,-0.3423104286193848,0.0432609952986240
7198,51762145375,1,[-57;-57;6],0.8600162267684937,-0.3754440248012543,-0.3428350985050201,0.0433357842266560
7210,51842145775,1,[-57;-57;4],0.8595778942108154,-0.3759543895721436,-0.3433675169944763,0.0433922149240971
7222,51952146325,1,[-57;-57;4],0.8591389656066895,-0.3764644861221313,-0.3438996672630310,0.0434486158192158
7234,52032146725,1,[-57;-57;5],0.8586989045143127,-0.3769779801368713,-0.3444275557994843,0.0435141362249851
7246,52112147125,1,[-57;-57;5],0.8582581877708435,-0.3774911761283875,-0.3449551761150360,0.0435796231031418
7258,52192147525,1,[-58;-58;5],0.8578130602836609,-0.3780084252357483,-0.3454873561859131,0.0436452515423298
7270,52272147925,1,[-58;-58;5],0.8573633432388306,-0.3785297274589539,-0.3460240960121155,0.0437110178172588
7282,52352148325,1,[-58;-58;5],0.8569130301475525,-0.3790507614612579,-0.3465605378150940,0.0437767542898655
7294,52432148725,1,[-59;-59;3],0.8564552068710327,-0.3795727491378784,-0.3471143841743469,0.0438245423138142
7306,52542149275,1,[-59;-59;3],0.8559967279434204,-0.3800944685935974,-0.3476679623126984,0.0438722968101501
7318,52622149675,1,[-58;-58;4],0.8555430173873901,-0.3806121647357941,-0.3482110500335693,0.0439265966415405
7330,52702150075,1,[-58;-58;4],0.8550904989242554,-0.3811283111572266,-0.3487504720687866,0.0439830571413040
7342,52782150475,1,[-59;-59;3],0.8546355366706848,-0.3816454410552979,-0.3492930233478546,0.0440372936427593
7354,52952153925,1,[-59;-59;3],0.8541743755340576,-0.3821659386157990,-0.3498455286026001,0.0440849214792252
7366,53032151725,1,[-59;-59;4],0.8537120819091797,-0.3826898336410522,-0.3503936827182770,0.0441416166722775
7378,53112152125,1,[-59;-59;4],0.8532490730285645,-0.3832134604454041,-0.3509415388107300,0.0441982783377171
7390,53212152600,1,[-54;-54;7],0.8528137207031250,-0.3837128877639771,-0.3514441251754761,0.0442740619182587
7402,53292153025,1,[-54;-54;7],0.8523872494697571,-0.3842040896415710,-0.3519314527511597,0.0443562082946301
7414,53372153425,1,[-54;-54;6],0.8519603013992310,-0.3846940994262695,-0.3524195551872253,0.0444360524415970
7426,53452153825,1,[-54;-54;6],0.8515331149101257,-0.3851810097694397,-0.3529105186462402,0.0445090569555759
7438,53532154225,1,[-54;-54;6],0.8511053919792175,-0.3856677114963531,-0.3534012436866760,0.0445820353925228
7450,53612154625,1,[-55;-55;6],0.8506712317466736,-0.3861605525016785,-0.3538988828659058,0.0446552410721779
7462,53692155025,1,[-55;-55;6],0.8502344489097595,-0.3866553008556366,-0.3543986678123474,0.0447284989058971
7474,53792155525,1,[-55;-55;5],0.8497972488403320,-0.3871488273143768,-0.3548992276191711,0.0447994656860828
7486,53872155925,1,[-55;-55;5],0.8493597507476807,-0.3876392543315887,-0.3554026484489441,0.0448636114597321
7498,53952156325,1,[-55;-55;5],0.8489217162132263,-0.3881294131278992,-0.3559058010578156,0.0449277237057686
7510,54032156725,1,[-57;-57;6],0.8484707474708557,-0.3886359632015228,-0.3564188778400421,0.0450013652443886
7522,54112157125,1,[-57;-57;6],0.8480151295661926,-0.3891464769840240,-0.3569364249706268,0.0450751408934593
7534,54192157525,1,[-56;-56;5],0.8475611209869385,-0.3896526694297791,-0.3574534356594086,0.0451442860066891
7546,54272157925,1,[-56;-56;5],0.8471127152442932,-0.3901502490043640,-0.3579650819301605,0.0452086254954338
7558,54352158325,1,[-56;-56;5],0.8466637134552002,-0.3906475603580475,-0.3584765195846558,0.0452729314565659
7570,54462158875,1,[-58;-58;5],0.8462020754814148,-0.3911574184894562,-0.3590019345283508,0.0453377179801464
7582,54542159275,1,[-58;-58;5],0.8457358479499817,-0.3916712105274200,-0.3595318198204041,0.0454026386141777
7594,54622159675,1,[-57;-57;5],0.8452749848365784,-0.3921783268451691,-0.3600543141365051,0.0454672724008560
7606,54702160075,1,[-57;-57;5],0.8448154926300049,-0.3926830291748047,-0.3605741560459137,0.0455317869782448
7618,54782160475,1,[-58;-58;4],0.8443534374237061,-0.3931885957717896,-0.3610971570014954,0.0455940999090672
7630,54862160875,1,[-58;-58;4],0.8438851237297058,-0.3936973512172699,-0.3616301417350769,0.0456498898565769
7642,54942161275,1,[-58;-58;4],0.8434161543846130,-0.3942058086395264,-0.3621628582477570,0.0457056462764740
7654,55052161825,1,[-58;-58;4],0.8429465889930725,-0.3947139680385590,-0.3626952767372131,0.0457613654434681
7666,55132162225,1,[-58;-58;4],0.8424763083457947,-0.3952218592166901,-0.3632274270057678,0.0458170510828495
7678,55212162625,1,[-58;-58;5],0.8420051932334900,-0.3957313299179077,-0.3637571930885315,0.0458771884441376
7690,55292163025,1,[-58;-58;5],0.8415331244468689,-0.3962424695491791,-0.3642845749855042,0.0459417775273323
7702,55372163425,1,[-58;-58;5],0.8410604596138000,-0.3967532813549042,-0.3648116588592529,0.0460063293576241
7714,55452163825,1,[-59;-59;3],0.8405799865722656,-0.3972645103931427,-0.3653563857078552,0.0460532680153847
7726,55622167050,1,[-60;-60;3],0.8400968313217163,-0.3977775275707245,-0.3659031689167023,0.0461002513766289
7738,55732165225,1,[-60;-60;3],0.8396068811416626,-0.3982965648174286,-0.3664567470550537,0.0461474545300007
7750,55812165625,1,[-55;-55;6],0.8391358852386475,-0.3988000154495239,-0.3669800758361816,0.0462071858346462
7762,55892166025,1,[-55;-55;6],0.8386839628219604,-0.3992879092693329,-0.3674731850624084,0.0462794490158558
7774,55972166425,1,[-55;-55;6],0.8382315039634705,-0.3997755348682404,-0.3679660558700562,0.0463516823947430
7786,56052166825,1,[-54;-54;7],0.8377860784530640,-0.4002583920955658,-0.3684450089931488,0.0464324727654457
7798,56132167225,1,[-54;-54;7],0.8373401165008545,-0.4007409811019897,-0.3689236938953400,0.0465132333338261
7810,56212167625,1,[-56;-56;6],0.8368856906890869,-0.4012297391891479,-0.3694136738777161,0.0465898402035236
7822,56312168125,1,[-56;-56;6],0.8364226818084717,-0.4017246663570404,-0.3699149489402771,0.0466622970998287
7834,56392168525,1,[-55;-55;6],0.8359611034393311,-0.4022172093391418,-0.3704136013984680,0.0467346347868443
7846,56472168925,1,[-55;-55;6],0.8355051279067993,-0.4027031660079956,-0.3709049522876740,0.0468066856265068
7858,56552169325,1,[-55;-55;6],0.8350485563278198,-0.4031888246536255,-0.3713960349559784,0.0468787029385567
7870,56632169725,1,[-56;-56;6],0.8345852494239807,-0.4036805331707001,-0.3718939125537872,0.0469509437680244
7882,56712170125,1,[-56;-56;6],0.8341192603111267,-0.4041740298271179,-0.3723938763141632,0.0470232330262661
7894,56792170525,1,[-56;-56;5],0.8336528539657593,-0.4046662449836731,-0.3728946447372437,0.0470932722091675
7906,56872170925,1,[-56;-56;5],0.8331861495971680,-0.4051552116870880,-0.3733983635902405,0.0471566133201122
7918,56972171425,1,[-56;-56;5],0.8327189087867737,-0.4056438803672791,-0.3739018440246582,0.0472199209034443
7930,57052171825,1,[-56;-56;5],0.8322510123252869,-0.4061322510242462,-0.3744050562381744,0.0472831949591637
7942,57132172225,1,[-56;-56;5],0.8317825794219971,-0.4066203236579895,-0.3749079704284668,0.0473464354872704
7954,57212172625,1,[-57;-57;5],0.8313093185424805,-0.4071123003959656,-0.3754153251647949,0.0474098101258278
7966,57292173025,1,[-57;-57;5],0.8308313488960266,-0.4076081216335297,-0.3759270906448364,0.0474733188748360
7978,57372173425,1,[-57;-57;5],0.8303527235984802,-0.4081036746501923,-0.3764385581016541,0.0475367903709412
7990,57452173825,1,[-57;-57;5],0.8298735022544861,-0.4085989296436310,-0.3769497573375702,0.0476002320647240
8002,57532174225,1,[-57;-57;5],0.8293936848640442,-0.4090938568115234,-0.3774606585502625,0.0476636327803135
8014,57632174725,1,[-57;-57;4],0.8289135694503784,-0.4095854759216309,-0.3779745697975159,0.0477203764021397
8026,57712175125,1,[-57;-57;4],0.8284330368041992,-0.4100757837295532,-0.3784892857074738,0.0477748736739159
8038,57792175525,1,[-58;-58;5],0.8279496431350708,-0.4105688929557800,-0.3790049552917480,0.0478316284716129
8050,57872175925,1,[-58;-58;5],0.8274589180946350,-0.4110709130764008,-0.3795240521430969,0.0478952117264271
8062,57952176325,1,[-58;-58;5],0.8269675374031067,-0.4115726649761200,-0.3800428807735443,0.0479587614536285
8074,58032176725,1,[-59;-59;4],0.8264696002006531,-0.4120772480964661,-0.3805716931819916,0.0480159185826778
8086,58112177100,1,[-59;-59;4],0.8259690403938293,-0.4125825762748718,-0.3811036050319672,0.0480709187686443
8098,58282180600,1,[-59;-59;3],0.8254679441452026,-0.4130865633487701,-0.3816363215446472,0.0481236800551414
8110,58362178375,1,[-59;-59;3],0.8249665498733521,-0.4135871827602386,-0.3821720480918884,0.0481698103249073
8122,58442178775,1,[-57;-57;5],0.8244764804840088,-0.4140811860561371,-0.3826869130134583,0.0482285805046558
8134,58522179175,1,[-57;-57;5],0.8239898085594177,-0.4145727455615997,-0.3831946551799774,0.0482915416359901
8146,58602179550,1,[-55;-55;7],0.8235065340995789,-0.4150619506835938,-0.3836952447891235,0.0483586862683296
8158,58682179975,1,[-55;-55;7],0.8230346441268921,-0.4155445694923401,-0.3841749727725983,0.0484384596347809
8170,58762180375,1,[-55;-55;7],0.8225621581077576,-0.4160269200801849,-0.3846544623374939,0.0485181957483292
8182,58862180875,1,[-55;-55;7],0.8220891356468201,-0.4165090024471283,-0.3851336836814880,0.0485978983342648
8194,58942181275,1,[-55;-55;7],0.8216155171394348,-0.4169907569885254,-0.3856126368045807,0.0486775711178780
8206,59022181675,1,[-55;-55;7],0.8211413621902466,-0.4174722433090210,-0.3860913217067719,0.0487572066485882
8218,59102182075,1,[-55;-55;7],0.8206666111946106,-0.4179534614086151,-0.3865697681903839,0.0488368086516857
8230,59182182450,1,[-55;-55;7],0.8201913237571716,-0.4184343516826630,-0.3870479166507721,0.0489163771271706
8242,59262182875,1,[-54;-54;6],0.8197245597839355,-0.4189026355743408,-0.3875209987163544,0.0489868409931660
8254,59342183275,1,[-54;-54;6],0.8192572593688965,-0.4193706512451172,-0.3879938125610352,0.0490572750568390
8266,59422183675,1,[-56;-56;6],0.8187807798385620,-0.4198465645313263,-0.3884756565093994,0.0491280071437359
8278,59522184150,1,[-56;-56;6],0.8182951211929321,-0.4203304052352905,-0.3889664411544800,0.0491990372538567
8290,59602184550,1,[-56;-56;5],0.8178090453147888,-0.4208129048347473,-0.3894580602645874,0.0492678545415401
8302,59682184975,1,[-56;-56;5],0.8173227310180664,-0.4212919771671295,-0.3899527788162231,0.0493301041424274
8314,59762185375,1,[-56;-56;5],0.8168358206748962,-0.4217707514762878,-0.3904472291469574,0.0493923164904118
8326,59842185775,1,[-56;-56;5],0.8163483738899231,-0.4222492277622223,-0.3909413814544678,0.0494544953107834
8338,59922186175,1,[-56;-56;5],0.8158603310585022,-0.4227274060249329,-0.3914352655410767,0.0495166368782520
8350,60002186575,1,[-57;-57;5],0.8153695464134216,-0.4232073128223419,-0.3919311463832855,0.0495788268744946
8362,60082185675,1,[-57;-57;5],0.8148716092109680,-0.4236930310726166,-0.3924336731433868,0.0496412292122841
8374,60192187525,1,[-57;-57;5],0.8143731355667114,-0.4241784512996674,-0.3929359316825867,0.0497035980224609
8386,60272187925,1,[-58;-58;5],0.8138653039932251,-0.4246716797351837,-0.3934470713138580,0.0497662611305714
8398,60352188325,1,[-58;-58;5],0.8133568167686462,-0.4251645803451538,-0.3939579129219055,0.0498288832604885
8410,60432188725,1,[-57;-57;4],0.8128523826599121,-0.4256510138511658,-0.3944661021232605,0.0498869717121124
8422,60512189125,1,[-57;-57;4],0.8123519420623779,-0.4261309504508972,-0.3949716985225677,0.0499405264854431
8434,60592189525,1,[-57;-57;4],0.8118509650230408,-0.4266105890274048,-0.3954769968986511,0.0499940440058708
8446,60672189925,1,[-58;-58;4],0.8113405704498291,-0.4270980060100555,-0.3959911763668060,0.0500478558242321
8458,60782190475,1,[-58;-58;4],0.8108295202255249,-0.4275850951671600,-0.3965050578117371,0.0501016303896904
8470,60862190650,1,[-58;-58;4],0.8103179335594177,-0.4280718564987183,-0.3970186412334442,0.0501553677022457
8482,61042192250,1,[-58;-58;4],0.8098056912422180,-0.4285582900047302,-0.3975318968296051,0.0502090640366077
8494,61122192175,1,[-58;-58;4],0.8092927932739258,-0.4290443956851959,-0.3980448544025421,0.0502627231180668
8506,61202192575,1,[-55;-55;7],0.8087855577468872,-0.4295273125171661,-0.3985472321510315,0.0503225587308407
8518,61282192975,1,[-55;-55;7],0.8082963228225708,-0.4300012588500977,-0.3990184366703033,0.0504010021686554
8530,61392193525,1,[-55;-55;7],0.8078065514564514,-0.4304749369621277,-0.3994893431663513,0.0504794158041477
8542,61472193925,1,[-55;-55;6],0.8073167800903320,-0.4309440553188324,-0.3999645709991455,0.0505491867661476
8554,61552194325,1,[-55;-55;6],0.8068264126777649,-0.4314128756523132,-0.4004395306110382,0.0506189204752445
8566,61632194725,1,[-55;-55;7],0.8063352108001709,-0.4318835139274597,-0.4009118974208832,0.0506929196417332
8578,61712195100,1,[-55;-55;7],0.8058432340621948,-0.4323559999465942,-0.4013817012310028,0.0507711768150330
8590,61792195525,1,[-55;-55;7],0.8053506612777710,-0.4328281879425049,-0.4018512368202209,0.0508494004607201
8602,61872195925,1,[-54;-54;6],0.8048669695854187,-0.4332877695560455,-0.4023159742355347,0.0509186796844006
8614,61952196325,1,[-54;-54;6],0.8043828010559082,-0.4337470531463623,-0.4027804434299469,0.0509879253804684
8626,62062196875,1,[-55;-55;6],0.8038913607597351,-0.4342120587825775,-0.4032514691352844,0.0510573834180832
8638,62142197275,1,[-55;-55;6],0.8033971190452576,-0.4346787929534912,-0.4037244915962219,0.0511268861591816
8650,62222197675,1,[-55;-55;5],0.8029025793075562,-0.4351430535316467,-0.4041995704174042,0.0511920787394047
8662,62302198075,1,[-55;-55;5],0.8024078011512756,-0.4356048703193665,-0.4046766757965088,0.0512529574334621
8674,62382198475,1,[-55;-55;5],0.8019124865531921,-0.4360663890838623,-0.4051535129547119,0.0513138025999069
8686,62462198850,1,[-56;-56;4],0.8014081716537476,-0.4365312755107880,-0.4056437909603119,0.0513663962483406
8698,62542199275,1,[-56;-56;4],0.8009032607078552,-0.4369958639144897,-0.4061337709426880,0.0514189526438713
8710,62652199825,1,[-57;-57;5],0.8003930449485779,-0.4374662935733795,-0.4066256880760193,0.0514759048819542
8722,62732200225,1,[-57;-57;5],0.7998774647712708,-0.4379425346851349,-0.4071195125579834,0.0515372455120087
8734,62812200600,1,[-58;-58;5],0.7993590235710144,-0.4384204745292664,-0.4076152741909027,0.0515986308455467
8746,62892201025,1,[-58;-58;5],0.7988332509994507,-0.4389040172100067,-0.4081175625324249,0.0516602210700512
8758,62972201425,1,[-58;-58;5],0.7983068227767944,-0.4393872618675232,-0.4086195230484009,0.0517217740416527
8770,63052201800,1,[-58;-58;5],0.7977797985076904,-0.4398701488971710,-0.4091211855411530,0.0517832860350609
8782,63132202225,1,[-58;-58;5],0.7972521781921387,-0.4403527081012726,-0.4096225202083588,0.0518447570502758
8794,63212202625,1,[-58;-58;4],0.7967240810394287,-0.4408338069915771,-0.4101246893405914,0.0519040673971176
8806,63322203175,1,[-58;-58;4],0.7961957454681396,-0.4413113296031952,-0.4106301069259644,0.0519569739699364
8818,63402203575,1,[-58;-58;4],0.7956668734550476,-0.4417884945869446,-0.4111351966857910,0.0520098395645618
8830,63482203975,1,[-59;-59;4],0.7951282262802124,-0.4422732591629028,-0.4116489887237549,0.0520629882812500
8842,63562203675,1,[-59;-59;4],0.7945889830589294,-0.4427576661109924,-0.4121624529361725,0.0521160997450352
8854,63722205725,1,[-60;-60;4],0.7940400242805481,-0.4432496130466461,-0.4126846194267273,0.0521694906055927
8866,63802205575,1,[-60;-60;4],0.7934903502464294,-0.4437412023544312,-0.4132064580917358,0.0522228404879570
8878,63882205975,1,[-56;-56;5],0.7929760813713074,-0.4442052543163300,-0.4136871993541718,0.0522833056747913
8890,63982206475,1,[-56;-56;5],0.7924612164497375,-0.4446690082550049,-0.4141676425933838,0.0523437298834324
8902,64062221550,1,[-54;-54;7],0.7919586896896362,-0.4451272487640381,-0.4146271646022797,0.0524162910878658
8914,64142207275,1,[-54;-54;7],0.7914599180221558,-0.4455834627151489,-0.4150795936584473,0.0524928756058216
8926,64222207675,1,[-55;-55;6],0.7909585237503052,-0.4460402131080627,-0.4155351519584656,0.0525674000382423
8938,64302208075,1,[-55;-55;6],0.7904500365257263,-0.4464992582798004,-0.4160007238388062,0.0526358112692833
8950,64382208475,1,[-55;-55;6],0.7899410724639893,-0.4469579756259918,-0.4164660274982452,0.0527041889727116
8962,64462208875,1,[-56;-56;5],0.7894250750541687,-0.4474189579486847,-0.4169413149356842,0.0527664609253407
8974,64572209400,1,[-56;-56;5],0.7889063358306885,-0.4478804767131805,-0.4174197614192963,0.0528266690671444
8986,64652209825,1,[-56;-56;7],0.7883861660957336,-0.4483483433723450,-0.4178907573223114,0.0528994500637054
8998,64732210225,1,[-56;-56;7],0.7878651618957520,-0.4488181173801422,-0.4183590412139893,0.0529763922095299
9010,64812210625,1,[-56;-56;5],0.7873438596725464,-0.4492853283882141,-0.4188294410705566,0.0530490987002850
9022,64892211025,1,[-56;-56;5],0.7868229150772095,-0.4497455358505249,-0.4193066954612732,0.0531091876327991
9034,64972211425,1,[-56;-56;5],0.7863013148307800,-0.4502054154872894,-0.4197836816310883,0.0531692355871201
9046,65052211825,1,[-56;-56;6],0.7857787609100342,-0.4506683349609375,-0.4202567636966705,0.0532355308532715
9058,65132212225,1,[-56;-56;6],0.7852555513381958,-0.4511320292949677,-0.4207283258438110,0.0533038787543774
9070,65242212775,1,[-56;-56;6],0.7847317457199097,-0.4515954256057739,-0.4211995899677277,0.0533721894025803
9082,65322213175,1,[-56;-56;6],0.7842073440551758,-0.4520584940910339,-0.4216705560684204,0.0534404627978802
9094,65402213575,1,[-56;-56;6],0.7836824059486389,-0.4525212347507477,-0.4221412241458893,0.0535086952149868
9106,65482213975,1,[-57;-57;5],0.7831481695175171,-0.4529869258403778,-0.4226253330707550,0.0535688661038876
9118,65562214375,1,[-57;-57;5],0.7826133370399475,-0.4534522891044617,-0.4231091141700745,0.0536289960145950
9130,65642214750,1,[-58;-58;4],0.7820735573768616,-0.4539189338684082,-0.4235994517803192,0.0536850802600384
9142,65722215175,1,[-58;-58;4],0.7815287709236145,-0.4543868601322174,-0.4240963459014893,0.0537371188402176
9154,65822215675,1,[-58;-58;4],0.7809833884239197,-0.4548544287681580,-0.4245929121971130,0.0537891164422035
9166,65902216075,1,[-58;-58;4],0.7804374098777771,-0.4553216695785522,-0.4250891506671906,0.0538410730659962
9178,65982216475,1,[-58;-58;4],0.7798908352851868,-0.4557885527610779,-0.4255850613117218,0.0538929887115955
9190,66062216875,1,[-58;-58;4],0.7793436646461487,-0.4562550783157349,-0.4260806441307068,0.0539448633790016
9202,66142217275,1,[-58;-58;4],0.7787958979606628,-0.4567212760448456,-0.4265758991241455,0.0539966970682144
9214,66222217550,1,[-59;-59;4],0.7782451510429382,-0.4571890234947205,-0.4270730614662170,0.0540485680103302
9226,66402219100,1,[-59;-59;4],0.7776867747306824,-0.4576622247695923,-0.4275765120983124,0.0541006363928318
9238,66512219125,1,[-57;-57;5],0.7771461009979248,-0.4581242203712463,-0.4280570745468140,0.0541603080928326
9250,66592219525,1,[-57;-57;5],0.7766047716140747,-0.4585858583450317,-0.4285372793674469,0.0542199425399303
9262,66672219925,1,[-54;-54;7],0.7760833501815796,-0.4590367078781128,-0.4289899468421936,0.0542912222445011
9274,66752220325,1,[-54;-54;7],0.7755681872367859,-0.4594837725162506,-0.4294332563877106,0.0543663613498211
9286,66832220725,1,[-55;-55;7],0.7750501632690430,-0.4599324166774750,-0.4298785030841827,0.0544415451586246
9298,66912221125,1,[-55;-55;7],0.7745245099067688,-0.4603865444660187,-0.4303300678730011,0.0545169301331043
9310,66992221525,1,[-55;-55;7],0.7739982604980469,-0.4608403444290161,-0.4307813346385956,0.0545922778546810
9322,67102222075,1,[-56;-56;6],0.7734647989273071,-0.4612961113452911,-0.4312425851821899,0.0546616464853287
9334,67182222475,1,[-56;-56;6],0.7729285955429077,-0.4617523252964020,-0.4317069947719574,0.0547289960086346
9346,67262222875,1,[-56;-56;7],0.7723913788795471,-0.4622116386890411,-0.4321673810482025,0.0548024773597717
9358,67342223275,1,[-56;-56;7],0.7718534469604492,-0.4626717865467072,-0.4326262474060059,0.0548779778182507
9370,67422223675,1,[-55;-55;6],0.7713175415992737,-0.4631285667419434,-0.4330838024616241,0.0549513064324856
9382,67502224075,1,[-55;-55;6],0.7707886099815369,-0.4635758101940155,-0.4335381686687469,0.0550181902945042
9394,67582224450,1,[-55;-55;6],0.7702592015266418,-0.4640227258205414,-0.4339922368526459,0.0550850406289101
9406,67662224850,1,[-56;-56;6],0.7697221040725708,-0.4644750654697418,-0.4344526231288910,0.0551520884037018
9418,67762225375,1,[-56;-56;6],0.7691820263862610,-0.4649289548397064,-0.4349148571491241,0.0552191771566868
9430,67842225775,1,[-56;-56;5],0.7686417102813721,-0.4653801918029785,-0.4353792667388916,0.0552821308374405
9442,67922226175,1,[-56;-56;5],0.7681010961532593,-0.4658287763595581,-0.4358458518981934,0.0553409531712532
9454,68002226575,1,[-56;-56;5],0.7675600051879883,-0.4662770330905914,-0.4363121390342712,0.0553997308015823
9466,68082225675,1,[-57;-57;5],0.7670086622238159,-0.4667325317859650,-0.4367868602275848,0.0554587915539742
9478,68162227375,1,[-57;-57;5],0.7664567828178406,-0.4671877026557922,-0.4372612535953522,0.0555178076028824
9490,68242227775,1,[-58;-58;5],0.7658995389938354,-0.4676463007926941,-0.4377397000789642,0.0555769428610802
9502,68352228325,1,[-58;-58;5],0.7653368711471558,-0.4681083261966705,-0.4382221698760986,0.0556361973285675
9514,68432228725,1,[-58;-58;4],0.7647737860679626,-0.4685688316822052,-0.4387055933475494,0.0556933693587780
9526,68512229100,1,[-58;-58;4],0.7642105221748352,-0.4690254628658295,-0.4391923844814301,0.0557443872094154
9538,68592229525,1,[-58;-58;4],0.7636467218399048,-0.4694817364215851,-0.4396788775920868,0.0557953640818596
9550,68672229925,1,[-59;-59;3],0.7630754709243774,-0.4699397981166840,-0.4401752948760986,0.0558404363691807
9562,68752230325,1,[-59;-59;3],0.7625013589859009,-0.4703981876373291,-0.4406748116016388,0.0558835081756115
9574,68832230725,1,[-60;-60;3],0.7619242072105408,-0.4708580970764160,-0.4411761462688446,0.0559266135096550
9586,68912230600,1,[-60;-60;3],0.7613391280174255,-0.4713232517242432,-0.4416836798191071,0.0559699162840843
9598,69082232425,1,[-59;-59;3],0.7607632279396057,-0.4717805385589600,-0.4421821534633636,0.0560128539800644
9610,69162232375,1,[-59;-59;3],0.7601866722106934,-0.4722374379634857,-0.4426802694797516,0.0560557469725609
9622,69242232775,1,[-54;-54;6],0.7596208453178406,-0.4726916551589966,-0.4431596100330353,0.0561103485524654
9634,69322233175,1,[-54;-54;6],0.7590901255607605,-0.4731245338916779,-0.4435985088348389,0.0561758689582348
9646,69402233575,1,[-54;-54;6],0.7585589289665222,-0.4735570847988129,-0.4440371096134186,0.0562413558363914
9658,69482233975,1,[-55;-55;6],0.7580198645591736,-0.4739949405193329,-0.4444819092750549,0.0563070401549339
9670,69592234525,1,[-55;-55;6],0.7574778795242310,-0.4744343161582947,-0.4449285864830017,0.0563727654516697
9682,69672234925,1,[-55;-55;6],0.7569353580474854,-0.4748733937740326,-0.4453749656677246,0.0564384497702122
9694,69752235325,1,[-55;-55;6],0.7563923001289368,-0.4753121137619019,-0.4458210170269012,0.0565040931105614
9706,69832235725,1,[-55;-55;7],0.7558485865592957,-0.4757516980171204,-0.4462654888629913,0.0565717145800591
9718,69912236125,1,[-55;-55;7],0.7553038597106934,-0.4761945307254791,-0.4467058777809143,0.0566453337669373
9730,69992236525,1,[-55;-55;7],0.7547586560249329,-0.4766370356082916,-0.4471459388732910,0.0567189157009125
9742,70072236925,1,[-57;-57;6],0.7541985511779785,-0.4770867824554443,-0.4476024806499481,0.0567869022488594
9754,70152237325,1,[-57;-57;6],0.7536331415176392,-0.4775387048721313,-0.4480642676353455,0.0568529888987541
9766,70262237875,1,[-55;-55;6],0.7530770897865295,-0.4779828488826752,-0.4485170841217041,0.0569187216460705
9778,70342238275,1,[-55;-55;6],0.7525303363800049,-0.4784192442893982,-0.4489609599113464,0.0569841042160988
9790,70422238650,1,[-55;-55;6],0.7519830465316772,-0.4788552820682526,-0.4494045376777649,0.0570494420826435
9802,70502239075,1,[-57;-57;5],0.7514160871505737,-0.4793010354042053,-0.4498701095581055,0.0571073591709137
9814,70582239475,1,[-57;-57;5],0.7508485913276672,-0.4797464013099670,-0.4503353834152222,0.0571652352809906
9826,70662239875,1,[-57;-57;5],0.7502804994583130,-0.4801914393901825,-0.4508002996444702,0.0572230666875839
9838,70742240250,1,[-57;-57;5],0.7497118115425110,-0.4806361198425293,-0.4512648880481720,0.0572808533906937
9850,70822240675,1,[-57;-57;5],0.7491426467895508,-0.4810804426670074,-0.4517291486263275,0.0573386028409004
9862,70922241175,1,[-58;-58;5],0.7485629320144653,-0.4815317392349243,-0.4522016346454620,0.0573966167867184
9874,71002241575,1,[-58;-58;5],0.7479826807975769,-0.4819827079772949,-0.4526737928390503,0.0574545897543430
9886,71082241975,1,[-58;-58;4],0.7474023103713989,-0.4824296832084656,-0.4531494677066803,0.0575065426528454
9898,71162242375,1,[-58;-58;4],0.7468214631080627,-0.4828750789165497,-0.4536260664463043,0.0575564615428448
9910,71242242750,1,[-59;-59;4],0.7462375760078430,-0.4833219349384308,-0.4541044533252716,0.0576064139604568
9922,71322243175,1,[-59;-59;4],0.7456456422805786,-0.4837739169597626,-0.4545889198780060,0.0576565526425838
9934,71402243575,1,[-59;-59;4],0.7450531125068665,-0.4842255115509033,-0.4550730288028717,0.0577066466212273
9946,71512244125,1,[-58;-58;3],0.7444679737091064,-0.4846675992012024,-0.4555542171001434,0.0577505119144917
9958,71682247550,1,[-59;-59;3],0.7438824176788330,-0.4851081073284149,-0.4560363590717316,0.0577923469245434
9970,71762245375,1,[-59;-59;3],0.7432886958122253,-0.4855537116527557,-0.4565245509147644,0.0578343681991100
9982,71842245775,1,[-56;-56;5],0.7427017092704773,-0.4859958887100220,-0.4570033848285675,0.0578800737857819
9994,71922246175,1,[-56;-56;5],0.7421357631683350,-0.4864285886287689,-0.4574549496173859,0.0579369068145752
10006,72002246575,1,[-56;-56;5],0.7415693402290344,-0.4868609607219696,-0.4579061567783356,0.0579937025904655
10018,72082245675,1,[-55;-55;6],0.7410094738006592,-0.4872911870479584,-0.4583467841148376,0.0580561459064484
10030,72172247425,1,[-55;-55;6],0.7404514551162720,-0.4877204596996307,-0.4587836563587189,0.0581204481422901
10042,72252247825,1,[-53;-53;7],0.7398976087570190,-0.4881482124328613,-0.4592133760452271,0.0581884980201721
10054,72332248225,1,[-53;-53;7],0.7393581867218018,-0.4885672032833099,-0.4596274197101593,0.0582599937915802
10066,72412248625,1,[-53;-53;7],0.7388182282447815,-0.4889858663082123,-0.4600411951541901,0.0583314485847950
10078,72492249025,1,[-55;-55;6],0.7382630705833435,-0.4894114136695862,-0.4604713022708893,0.0583974272012711
10090,72572249425,1,[-55;-55;6],0.7377025485038757,-0.4898390173912048,-0.4609066247940063,0.0584615506231785
10102,72652249825,1,[-55;-55;6],0.7371414899826050,-0.4902662932872772,-0.4613416492938995,0.0585256330668926
10114,72762250375,1,[-55;-55;6],0.7365799546241760,-0.4906932115554810,-0.4617763459682465,0.0585896782577038
10126,72842250775,1,[-56;-56;6],0.7360153794288635,-0.4911216199398041,-0.4622128307819366,0.0586537569761276
10138,72922251175,1,[-56;-56;6],0.7354426383972168,-0.4915550649166107,-0.4626553356647491,0.0587180256843567
10150,73002251575,1,[-56;-56;6],0.7348693609237671,-0.4919881820678711,-0.4630975425243378,0.0587822534143925
10162,73082251975,1,[-56;-56;6],0.7342955470085144,-0.4924209415912628,-0.4635393917560577,0.0588464401662350
10174,73162252375,1,[-56;-56;6],0.7337212562561035,-0.4928533434867859,-0.4639809131622314,0.0589105822145939
10186,73242252775,1,[-57;-57;5],0.7331439852714539,-0.4932859539985657,-0.4644255042076111,0.0589728094637394
10198,73322253175,1,[-57;-57;5],0.7325590252876282,-0.4937198758125305,-0.4648800492286682,0.0590293630957603
10210,73432253725,1,[-57;-57;5],0.7319735288619995,-0.4941534101963043,-0.4653342664241791,0.0590858720242977
10222,73512254125,1,[-57;-57;5],0.7313874959945679,-0.4945866167545319,-0.4657881259918213,0.0591423362493515
10234,73592254525,1,[-57;-57;5],0.7308009266853333,-0.4950194358825684,-0.4662416279315948,0.0591987594962120
10246,73672254925,1,[-58;-58;5],0.7302086949348450,-0.4954554736614227,-0.4666989743709564,0.0592552907764912
10258,73752255325,1,[-58;-58;5],0.7296107411384583,-0.4958947002887726,-0.4671601951122284,0.0593119300901890
10270,73832255725,1,[-58;-58;5],0.7290123105049133,-0.4963335692882538,-0.4676210582256317,0.0593685247004032
10282,73912256125,1,[-57;-57;4],0.7284241318702698,-0.4967599213123322,-0.4680784642696381,0.0594170019030571
10294,74022256675,1,[-57;-57;4],0.7278354763984680,-0.4971859157085419,-0.4685355126857758,0.0594654381275177
10306,74102257075,1,[-59;-59;4],0.7272256612777710,-0.4976257681846619,-0.4690089821815491,0.0595144331455231
10318,74182257475,1,[-59;-59;4],0.7266153097152710,-0.4980652332305908,-0.4694820642471313,0.0595633871853352
10330,74362260050,1,[-59;-59;3],0.7260046601295471,-0.4985018074512482,-0.4699574708938599,0.0596084222197533
10342,74442258775,1,[-56;-56;5],0.7254012227058411,-0.4989326596260071,-0.4704262018203735,0.0596531778573990
10354,74522259175,1,[-56;-56;5],0.7248194813728333,-0.4993546903133392,-0.4708677828311920,0.0597088001668453
10366,74622259675,1,[-56;-56;5],0.7242372632026672,-0.4997763931751251,-0.4713090360164642,0.0597643814980984
10378,74702260075,1,[-55;-55;7],0.7236635684967041,-0.5002006888389587,-0.4717309474945068,0.0598350465297699
10390,74782260475,1,[-55;-55;7],0.7230893969535828,-0.5006246566772461,-0.4721525609493256,0.0599056705832481
10402,74862260875,1,[-56;-56;6],0.7225098013877869,-0.5010492801666260,-0.4725806713104248,0.0599725544452667
10414,74942261275,1,[-56;-56;6],0.7219249010086060,-0.5014744997024536,-0.4730152785778046,0.0600356981158257
10426,75022261675,1,[-56;-56;6],0.7213394641876221,-0.5018994212150574,-0.4734495580196381,0.0600988008081913
10438,75102262050,1,[-55;-55;6],0.7207639217376709,-0.5023169517517090,-0.4738751649856567,0.0601615533232689
10450,75182262450,1,[-55;-55;6],0.7201878428459167,-0.5027341246604919,-0.4743004441261292,0.0602242685854435
10462,75292263025,1,[-56;-56;6],0.7196034789085388,-0.5031562447547913,-0.4747316241264343,0.0602871663868427
10474,75372263425,1,[-56;-56;6],0.7190159559249878,-0.5035797357559204,-0.4751645624637604,0.0603500977158546
10486,75452263825,1,[-56;-56;6],0.7184279561042786,-0.5040028691291809,-0.4755971431732178,0.0604129843413830
10498,75532264225,1,[-56;-56;6],0.7178394794464111,-0.5044255852699280,-0.4760293960571289,0.0604758299887180
10510,75612264625,1,[-56;-56;6],0.7172504663467407,-0.5048480033874512,-0.4764612913131714,0.0605386309325695
10522,75692265025,1,[-56;-56;5],0.7166613936424255,-0.5052662491798401,-0.4768968820571899,0.0605956576764584
10534,75772265425,1,[-56;-56;5],0.7160719633102417,-0.5056828856468201,-0.4773334860801697,0.0606507360935211
10546,75882265975,1,[-57;-57;5],0.7154794335365295,-0.5061008334159851,-0.4777718186378479,0.0607058405876160
10558,75962266375,1,[-57;-57;5],0.7148784995079041,-0.5065237283706665,-0.4782159924507141,0.0607611313462257
10570,76042266775,1,[-57;-57;5],0.7142770290374756,-0.5069462060928345,-0.4786598086357117,0.0608163736760616
10582,76122267175,1,[-58;-58;5],0.7136645913124084,-0.5073752403259277,-0.4791115522384644,0.0608718767762184
10594,76202267575,1,[-58;-58;5],0.7130514979362488,-0.5078039169311523,-0.4795629084110260,0.0609273277223110
10606,76282267975,1,[-58;-58;4],0.7124382853507996,-0.5082296133041382,-0.4800165891647339,0.0609789378941059
10618,76362268350,1,[-58;-58;4],0.7118247747421265,-0.5086523890495300,-0.4804726243019104,0.0610267072916031
10630,76442268775,1,[-58;-58;4],0.7112107872962952,-0.5090748071670532,-0.4809283018112183,0.0610744245350361
10642,76552269325,1,[-58;-58;3],0.7105968594551086,-0.5094916820526123,-0.4813890159130096,0.0611145235598087
10654,76632269725,1,[-58;-58;3],0.7099823951721191,-0.5099081397056580,-0.4818493723869324,0.0611545741558075
10666,76712270125,1,[-59;-59;3],0.7093567848205566,-0.5103311538696289,-0.4823175668716431,0.0611948743462563
10678,76792270525,1,[-59;-59;3],0.7087306380271912,-0.5107537508010864,-0.4827853739261627,0.0612351298332214
10690,76872270925,1,[-59;-59;3],0.7081039547920227,-0.5111759305000305,-0.4832527935504913,0.0612753331661224
10702,77042273450,1,[-59;-59;3],0.7074766755104065,-0.5115977525711060,-0.4837198555469513,0.0613154917955399
10714,77142272275,1,[-59;-59;3],0.7068488597869873,-0.5120191574096680,-0.4841865003108978,0.0613555982708931
10726,77222272675,1,[-59;-59;3],0.7062205076217651,-0.5124400854110718,-0.4846527874469757,0.0613956563174725
10738,77302273075,1,[-54;-54;6],0.7056299448013306,-0.5128465890884399,-0.4850757718086243,0.0614514835178852
10750,77382273475,1,[-54;-54;6],0.7050517201423645,-0.5132479667663574,-0.4854840934276581,0.0615125410258770
10762,77462273875,1,[-55;-55;7],0.7044702172279358,-0.5136520266532898,-0.4858927726745605,0.0615755096077919
10774,77542274275,1,[-55;-55;7],0.7038797140121460,-0.5140647888183594,-0.4863031208515167,0.0616442859172821
10786,77622274675,1,[-55;-55;7],0.7032887339591980,-0.5144771337509155,-0.4867131710052490,0.0617130175232887
10798,77702275075,1,[-56;-56;6],0.7026897668838501,-0.5148904323577881,-0.4871330559253693,0.0617763139307499
10810,77812275625,1,[-56;-56;6],0.7020878195762634,-0.5153037309646606,-0.4875560402870178,0.0618377625942230
10822,77892276025,1,[-56;-56;7],0.7014848589897156,-0.5157205462455750,-0.4879745543003082,0.0619047805666924
10834,77972276425,1,[-56;-56;7],0.7008811831474304,-0.5161383152008057,-0.4883913099765778,0.0619736202061176
10846,78052276825,1,[-56;-56;6],0.7002772092819214,-0.5165543556213379,-0.4888091385364532,0.0620405487716198
10858,78132277225,1,[-56;-56;6],0.6996732354164124,-0.5169661641120911,-0.4892307221889496,0.0621018409729004
10870,78212277625,1,[-56;-56;6],0.6990687251091003,-0.5173776149749756,-0.4896519482135773,0.0621630847454071
10882,78292278025,1,[-57;-57;5],0.6984589099884033,-0.5177881717681885,-0.4900810122489929,0.0622188486158848
10894,78402278575,1,[-57;-57;5],0.6978433132171631,-0.5182003974914551,-0.4905151426792145,0.0622728541493416
10906,78482278975,1,[-56;-56;6],0.6972323060035706,-0.5186115503311157,-0.4909421205520630,0.0623303800821304
10918,78562279375,1,[-56;-56;6],0.6966257691383362,-0.5190214514732361,-0.4913619160652161,0.0623914301395416
10930,78642279775,1,[-56;-56;6],0.6960188150405884,-0.5194310545921326,-0.4917813539505005,0.0624524354934692
10942,78722280175,1,[-57;-57;5],0.6954011917114258,-0.5198417901992798,-0.4922140836715698,0.0625062733888626
10954,78802280575,1,[-57;-57;5],0.6947830319404602,-0.5202521085739136,-0.4926464259624481,0.0625600665807724
10966,78882280975,1,[-57;-57;5],0.6941643953323364,-0.5206620693206787,-0.4930784106254578,0.0626138150691986
10978,78962281375,1,[-57;-57;5],0.6935452818870544,-0.5210716128349304,-0.4935100078582764,0.0626675188541412
10990,79072281925,1,[-58;-58;4],0.6929230690002441,-0.5214811563491821,-0.4939446747303009,0.0627193972468376
11002,79152282325,1,[-58;-58;4],0.6922926902770996,-0.5218914151191711,-0.4943891465663910,0.0627659186720848
11014,79232282725,1,[-58;-58;4],0.6916618347167969,-0.5223011970520020,-0.4948332607746124,0.0628123804926872
11026,79312284275,1,[-59;-59;3],0.6910228133201599,-0.5227116942405701,-0.4952871799468994,0.0628535002470016
11038,79392283525,1,[-59;-59;3],0.6903806924819946,-0.5231221914291382,-0.4957441091537476,0.0628927946090698
11050,79472283925,1,[-59;-59;4],0.6897378563880920,-0.5235335230827332,-0.4961992502212524,0.0629338771104813
11062,79552284325,1,[-59;-59;4],0.6890939474105835,-0.5239484310150146,-0.4966498017311096,0.0629804283380508
11074,79722287675,1,[-59;-59;3],0.6884496808052063,-0.5243615508079529,-0.4971013665199280,0.0630250871181488
11086,79802285575,1,[-59;-59;3],0.6878054141998291,-0.5247703194618225,-0.4975567460060120,0.0630641952157021
11098,79882285975,1,[-55;-55;5],0.6871817111968994,-0.5251706838607788,-0.4979901313781738,0.0631100088357925
11110,79962286375,1,[-55;-55;5],0.6865786314010620,-0.5255627036094666,-0.4984016120433807,0.0631625130772591
11122,80042286775,1,[-55;-55;5],0.6859750747680664,-0.5259543657302856,-0.4988127052783966,0.0632149726152420
11134,80122287150,1,[-54;-54;7],0.6853805780410767,-0.5263496041297913,-0.4992043077945709,0.0632817223668098
11146,80202287575,1,[-54;-54;7],0.6847856640815735,-0.5267445445060730,-0.4995955824851990,0.0633484274148941
11158,80312288125,1,[-55;-55;6],0.6841852068901062,-0.5271397233009338,-0.4999932944774628,0.0634115859866142
11170,80392288525,1,[-55;-55;6],0.6835790872573853,-0.5275352597236633,-0.5003974437713623,0.0634711980819702
11182,80472288925,1,[-55;-55;7],0.6829723715782166,-0.5279316902160645,-0.5007998347282410,0.0635325908660889
11194,80552289325,1,[-55;-55;7],0.6823646426200867,-0.5283318161964417,-0.5011976957321167,0.0635993927717209
11206,80632289725,1,[-55;-55;7],0.6817564368247986,-0.5287315249443054,-0.5015951991081238,0.0636661574244499
11218,80712290125,1,[-56;-56;6],0.6811400651931763,-0.5291318297386169,-0.5020025372505188,0.0637276396155357
11230,80792290525,1,[-56;-56;6],0.6805205941200256,-0.5295320749282837,-0.5024129152297974,0.0637873411178589
11242,80872290925,1,[-57;-57;5],0.6798980832099915,-0.5299322009086609,-0.5028262734413147,0.0638452544808388
11254,80982291475,1,[-57;-57;5],0.6792672872543335,-0.5303328633308411,-0.5032494664192200,0.0638979077339172
11266,81062291850,1,[-56;-56;6],0.6786386370658875,-0.5307328701019287,-0.5036689043045044,0.0639522448182106
11278,81142292275,1,[-56;-56;6],0.6780171990394592,-0.5311315655708313,-0.5040778517723083,0.0640117451548576
11290,81222292675,1,[-56;-56;6],0.6773952841758728,-0.5315299034118652,-0.5044863820075989,0.0640712007880211
11302,81302293075,1,[-57;-57;5],0.6767678856849670,-0.5319270491600037,-0.5049027204513550,0.0641253367066383
11314,81382293475,1,[-57;-57;5],0.6761346459388733,-0.5323257446289062,-0.5053241252899170,0.0641777738928795
11326,81462293875,1,[-57;-57;5],0.6755008697509766,-0.5327240824699402,-0.5057451128959656,0.0642301589250565
11338,81562294375,1,[-58;-58;5],0.6748555898666382,-0.5331284999847412,-0.5061736106872559,0.0642827823758125
11350,81642294775,1,[-58;-58;5],0.6742097139358521,-0.5335325002670288,-0.5066016912460327,0.0643353611230850
11362,81722295175,1,[-58;-58;4],0.6735638976097107,-0.5339320898056030,-0.5070336461067200,0.0643825009465218
11374,81802295575,1,[-58;-58;4],0.6729177236557007,-0.5343298316001892,-0.5074666738510132,0.0644278004765511
11386,81882295975,1,[-59;-59;4],0.6722682118415833,-0.5347288846969604,-0.5079012513160706,0.0644731149077415
11398,81962296675,1,[-59;-59;4],0.6716098785400391,-0.5351322889328003,-0.5083413124084473,0.0645186007022858
11410,82042297075,1,[-59;-59;4],0.6709510087966919,-0.5355353355407715,-0.5087810158729553,0.0645640343427658
11422,82122297475,1,[-58;-58;4],0.6703000068664551,-0.5359330773353577,-0.5092144012451172,0.0646091997623444
11434,82232298025,1,[-58;-58;4],0.6696512103080750,-0.5363288521766663,-0.5096454620361328,0.0646542459726334
11446,82312298425,1,[-59;-59;4],0.6689935326576233,-0.5367289781570435,-0.5100819468498230,0.0646994560956955
11458,82492301000,1,[-59;-59;3],0.6683329343795776,-0.5371276140213013,-0.5105229020118713,0.0647411271929741
11470,82572299725,1,[-59;-59;3],0.6676720976829529,-0.5375230908393860,-0.5109663009643555,0.0647791773080826
11482,82652300125,1,[-59;-59;3],0.6670107841491699,-0.5379180908203125,-0.5114092826843262,0.0648171827197075
11494,82732300525,1,[-55;-55;6],0.6663916110992432,-0.5383034348487854,-0.5118035078048706,0.0648753270506859
11506,82842301075,1,[-55;-55;6],0.6657719612121582,-0.5386884212493896,-0.5121973752975464,0.0649334266781807
11518,82922301475,1,[-53;-53;8],0.6651676297187805,-0.5390716195106506,-0.5125706195831299,0.0650016963481903
11530,83002301875,1,[-53;-53;8],0.6645680665969849,-0.5394539833068848,-0.5129367709159851,0.0650733262300491
11542,83082302275,1,[-54;-54;6],0.6639657020568848,-0.5398348569869995,-0.5133073925971985,0.0651414468884468
11554,83162302675,1,[-54;-54;6],0.6633554697036743,-0.5402119755744934,-0.5136921405792236,0.0651991218328476
11566,83242303075,1,[-54;-54;6],0.6627448201179504,-0.5405887365341187,-0.5140765905380249,0.0652567595243454
11578,83322303600,1,[-55;-55;6],0.6621252894401550,-0.5409698486328125,-0.5144664645195007,0.0653145611286163
11590,83402303875,1,[-55;-55;6],0.6615024805068970,-0.5413522720336914,-0.5148578882217407,0.0653723850846291
11602,83502304375,1,[-56;-56;5],0.6608739495277405,-0.5417346954345703,-0.5152557492256165,0.0654267892241478
11614,83582304775,1,[-56;-56;5],0.6602396368980408,-0.5421171784400940,-0.5156599879264832,0.0654777586460114
11626,83662305175,1,[-56;-56;5],0.6596049070358276,-0.5424992442131042,-0.5160638689994812,0.0655286908149719
11638,83742305575,1,[-56;-56;6],0.6589689850807190,-0.5428864359855652,-0.5164616107940674,0.0655865967273712
11650,83822305975,1,[-56;-56;6],0.6583325862884521,-0.5432732701301575,-0.5168589949607849,0.0656444579362869
11662,83902306375,1,[-57;-57;5],0.6576904058456421,-0.5436600446701050,-0.5172626972198486,0.0656989067792892
11674,83982306775,1,[-57;-57;5],0.6570424437522888,-0.5440468788146973,-0.5176728367805481,0.0657499432563782
11686,84082307275,1,[-57;-57;5],0.6563940048217773,-0.5444332957267761,-0.5180825591087341,0.0658009275794029
11698,84162307675,1,[-57;-57;5],0.6557450890541077,-0.5448192954063416,-0.5184918642044067,0.0658518671989441
11710,84242308075,1,[-57;-57;5],0.6550956368446350,-0.5452049374580383,-0.5189008712768555,0.0659027621150017
11722,84322309175,1,[-57;-57;5],0.6544457674026489,-0.5455901622772217,-0.5193094015121460,0.0659536048769951
11734,84402308875,1,[-57;-57;5],0.6537953615188599,-0.5459749102592468,-0.5197175741195679,0.0660043954849243
11746,84482309275,1,[-57;-57;5],0.6531445384025574,-0.5463593602180481,-0.5201253890991211,0.0660551413893700
11758,84562309675,1,[-57;-57;5],0.6524931788444519,-0.5467433333396912,-0.5205328464508057,0.0661058351397514
11770,84642310075,1,[-57;-57;5],0.6518413424491882,-0.5471268892288208,-0.5209398269653320,0.0661564767360687
11782,84752310625,1,[-58;-58;4],0.6511809825897217,-0.5475106239318848,-0.5213565826416016,0.0662020817399025
11794,84832311025,1,[-58;-58;4],0.6505175232887268,-0.5478940606117249,-0.5217763185501099,0.0662459582090378
11806,84912311400,1,[-58;-58;4],0.6498535275459290,-0.5482770800590515,-0.5221956372261047,0.0662897899746895
11818,84992311825,1,[-58;-58;4],0.6491890549659729,-0.5486596822738647,-0.5226145982742310,0.0663335770368576
11830,85172314400,1,[-59;-59;3],0.6485186815261841,-0.5490422248840332,-0.5230398178100586,0.0663739889860153
11842,85252313125,1,[-59;-59;3],0.6478424668312073,-0.5494245886802673,-0.5234714150428772,0.0664110258221626
11854,85352313625,1,[-56;-56;6],0.6471899151802063,-0.5498051643371582,-0.5238722562789917,0.0664629265666008
11866,85432314025,1,[-56;-56;6],0.6465449333190918,-0.5501849055290222,-0.5242626667022705,0.0665197372436523
11878,85512314425,1,[-54;-54;7],0.6459105610847473,-0.5505608916282654,-0.5246422290802002,0.0665796697139740
11890,85592314825,1,[-54;-54;7],0.6452868580818176,-0.5509330630302429,-0.5250108242034912,0.0666427239775658
11902,85672315225,1,[-54;-54;7],0.6446627378463745,-0.5513049364089966,-0.5253791213035583,0.0667057335376740
11914,85752315600,1,[-55;-55;7],0.6440266966819763,-0.5516825318336487,-0.5257546305656433,0.0667689740657806
11926,85832316025,1,[-55;-55;7],0.6433901786804199,-0.5520597696304321,-0.5261297821998596,0.0668321698904037
11938,85912316400,1,[-55;-55;7],0.6427532434463501,-0.5524366497993469,-0.5265045762062073,0.0668953135609627
11950,86012316925,1,[-55;-55;7],0.6421158909797668,-0.5528131127357483,-0.5268789529800415,0.0669584199786186
11962,86092317325,1,[-55;-55;6],0.6414782404899597,-0.5531877875328064,-0.5272545218467712,0.0670197606086731
11974,86172317725,1,[-55;-55;6],0.6408406496047974,-0.5535578727722168,-0.5276340842247009,0.0670759379863739
11986,86252318125,1,[-55;-55;6],0.6402027010917664,-0.5539276003837585,-0.5280132889747620,0.0671320632100105
11998,86332318525,1,[-56;-56;6],0.6395555734634399,-0.5543015003204346,-0.5283977985382080,0.0671883523464203
12010,86412318925,1,[-56;-56;6],0.6389051675796509,-0.5546765327453613,-0.5287837982177734,0.0672446563839912
