timestamp,q0,q1,q2,q3,roll,pitch,yaw
72146875,0.99945248,-0.03293441,0.00317168,0.00010451,3.775,-0.363,359.976
91883500,0.99945248,-0.03293441,0.00317168,0.00010451,3.775,-0.363,359.976
111883625,0.99945248,-0.03293441,0.00317168,0.00010451,3.775,-0.363,359.976
131883725,0.99945248,-0.03293441,0.00317168,0.00010451,3.775,-0.363,359.976
151883825,0.99945217,-0.03294375,0.00317257,0.00010451,3.776,-0.363,359.976
171884225,0.99943273,-0.03358240,0.00253473,0.00015954,3.849,-0.290,359.972
191884325,0.99943273,-0.03358240,0.00253473,0.00015954,3.849,-0.290,359.972
211884425,0.99943273,-0.03358240,0.00253473,0.00015954,3.849,-0.290,359.972
231884525,0.99943239,-0.03359226,0.00253538,0.00015955,3.850,-0.290,359.972
251884625,0.99941248,-0.03421982,0.00190834,0.00021952,3.922,-0.218,359.967
291884825,0.99941248,-0.03421982,0.00190834,0.00021952,3.922,-0.218,359.967
311884925,0.99941248,-0.03421982,0.00190834,0.00021952,3.922,-0.218,359.967
331885325,0.99941197,-0.03423478,0.00190917,0.00021952,3.924,-0.218,359.967
351885425,0.99939163,-0.03485127,0.00129294,0.00028444,3.995,-0.147,359.962
371885525,0.99939163,-0.03485127,0.00129294,0.00028444,3.995,-0.147,359.962
391885625,0.99939163,-0.03485127,0.00129294,0.00028444,3.995,-0.147,359.962
411885725,0.99939093,-0.03487152,0.00129388,0.00028442,3.997,-0.147,359.962
431885825,0.99936983,-0.03548757,0.00067764,0.00034935,4.067,-0.076,359.957
451885925,0.99936983,-0.03548757,0.00067764,0.00034935,4.067,-0.076,359.957
471886025,0.99936983,-0.03548757,0.00067764,0.00034935,4.067,-0.076,359.957
491886125,0.99936894,-0.03551255,0.00067901,0.00034925,4.070,-0.076,359.957
511886225,0.99934708,-0.03612821,0.00006274,0.00041421,4.141,-0.005,359.952
531886325,0.99934708,-0.03612821,0.00006274,0.00041421,4.141,-0.005,359.952
551887550,0.99934708,-0.03612821,0.00006274,0.00041421,4.141,-0.005,359.952
571886525,0.99934596,-0.03615901,0.00006386,0.00041409,4.144,-0.006,359.952
591886625,0.99932333,-0.03677421,-0.00055239,0.00047906,4.215,0.065,359.947
611886700,0.99932333,-0.03677421,-0.00055239,0.00047906,4.215,0.065,359.947
631886825,0.99932333,-0.03677421,-0.00055239,0.00047906,4.215,0.065,359.947
651887225,0.99932196,-0.03681150,-0.00055172,0.00047892,4.219,0.065,359.947
671887325,0.99929826,-0.03743416,-0.00117593,0.00054421,4.291,0.137,359.943
691887425,0.99929826,-0.03743416,-0.00117593,0.00054421,4.291,0.137,359.943
711887525,0.99929826,-0.03743416,-0.00117593,0.00054421,4.291,0.137,359.943
731887625,0.99929666,-0.03747684,-0.00117536,0.00054398,4.295,0.137,359.943
751887725,0.99927206,-0.03810171,-0.00180222,0.00060940,4.367,0.209,359.938
771887775,0.99927206,-0.03810171,-0.00180222,0.00060940,4.367,0.209,359.938
791887925,0.99927206,-0.03810171,-0.00180222,0.00060940,4.367,0.209,359.938
811888000,0.99927020,-0.03815034,-0.00180200,0.00060910,4.373,0.209,359.938
831888125,0.99924480,-0.03877472,-0.00242894,0.00067189,4.444,0.281,359.934
851888225,0.99924480,-0.03877472,-0.00242894,0.00067189,4.444,0.281,359.934
871888325,0.99924480,-0.03877472,-0.00242894,0.00067189,4.444,0.281,359.934
891888425,0.99924268,-0.03882933,-0.00242919,0.00067151,4.450,0.281,359.934
1031891600,0.99921648,-0.03945319,-0.00305640,0.00072635,4.522,0.353,359.931
1051890900,0.99921648,-0.03945319,-0.00305640,0.00072635,4.522,0.353,359.931
1071890350,0.99921648,-0.03945319,-0.00305640,0.00072635,4.522,0.353,359.931
1091889925,0.99921409,-0.03951376,-0.00305657,0.00072580,4.529,0.353,359.931
1111889525,0.99918662,-0.04014777,-0.00369443,0.00078107,4.602,0.427,359.928
1131889625,0.99918662,-0.04014777,-0.00369443,0.00078107,4.602,0.427,359.928
1151889725,0.99918662,-0.04014777,-0.00369443,0.00078107,4.602,0.427,359.928
1171889825,0.99918392,-0.04021482,-0.00369555,0.00078045,4.609,0.427,359.928
1191889925,0.99915561,-0.04084828,-0.00433334,0.00083577,4.682,0.500,359.925
1211890025,0.99915561,-0.04084828,-0.00433334,0.00083577,4.682,0.500,359.925
1231890125,0.99915561,-0.04084828,-0.00433334,0.00083577,4.682,0.500,359.925
1251890225,0.99915261,-0.04092143,-0.00433603,0.00083512,4.690,0.500,359.925
1271890325,0.99912493,-0.04152256,-0.00494076,0.00091327,4.759,0.570,359.919
1291890725,0.99912493,-0.04152256,-0.00494076,0.00091327,4.759,0.570,359.919
1311890825,0.99912493,-0.04152256,-0.00494076,0.00091327,4.759,0.570,359.919
1331890925,0.99912160,-0.04160236,-0.00494380,0.00091243,4.768,0.570,359.919
1351891025,0.99909366,-0.04219233,-0.00553750,0.00099823,4.836,0.639,359.912
1371891125,0.99909366,-0.04219233,-0.00553750,0.00099823,4.836,0.639,359.912
1391891225,0.99909366,-0.04219233,-0.00553750,0.00099823,4.836,0.639,359.912
1411891325,0.99908999,-0.04227874,-0.00554143,0.00099726,4.846,0.639,359.913
1431891425,0.99906145,-0.04286547,-0.00613239,0.00108300,4.913,0.707,359.906
1451891525,0.99906145,-0.04286547,-0.00613239,0.00108300,4.913,0.707,359.906
1471891600,0.99906145,-0.04286547,-0.00613239,0.00108300,4.913,0.707,359.906
1491891725,0.99905739,-0.04295931,-0.00613642,0.00108175,4.924,0.708,359.906
1511891825,0.99902852,-0.04353741,-0.00671937,0.00116728,4.990,0.775,359.900
1531891925,0.99902852,-0.04353741,-0.00671937,0.00116728,4.990,0.775,359.900
1581892150,0.99902852,-0.04353741,-0.00671937,0.00116728,4.990,0.775,359.900
1601892275,0.99902410,-0.04363779,-0.00672488,0.00116593,5.002,0.776,359.900
1621892375,0.99899465,-0.04421263,-0.00730492,0.00125408,5.067,0.843,359.893
1641892475,0.99899465,-0.04421263,-0.00730492,0.00125408,5.067,0.843,359.893
1661892575,0.99899465,-0.04421263,-0.00730492,0.00125408,5.067,0.843,359.893
1681892675,0.99898980,-0.04432086,-0.00731266,0.00125267,5.080,0.844,359.894
1701892775,0.99896004,-0.04488708,-0.00788416,0.00134856,5.145,0.909,359.886
1721892875,0.99896004,-0.04488708,-0.00788416,0.00134856,5.145,0.909,359.886
1741892975,0.99896004,-0.04488708,-0.00788416,0.00134856,5.145,0.909,359.886
1761893075,0.99895481,-0.04500201,-0.00789263,0.00134692,5.158,0.910,359.887
1781893175,0.99892436,-0.04556757,-0.00846405,0.00144288,5.223,0.976,359.879
1801893275,0.99892436,-0.04556757,-0.00846405,0.00144288,5.223,0.976,359.879
1821893375,0.99892436,-0.04556757,-0.00846405,0.00144288,5.223,0.976,359.879
1841893475,0.99891874,-0.04568924,-0.00847144,0.00144072,5.237,0.977,359.879
1861893575,0.99888717,-0.04626195,-0.00905164,0.00152112,5.302,1.044,359.874
1881893675,0.99888717,-0.04626195,-0.00905164,0.00152112,5.302,1.044,359.874
1901893775,0.99888717,-0.04626195,-0.00905164,0.00152112,5.302,1.044,359.874
1921893875,0.99888109,-0.04639128,-0.00906168,0.00151891,5.317,1.045,359.874
1941893975,0.99884866,-0.04696583,-0.00964455,0.00159416,5.383,1.113,359.869
1961894075,0.99884866,-0.04696583,-0.00964455,0.00159416,5.383,1.113,359.869
1981894175,0.99884866,-0.04696583,-0.00964455,0.00159416,5.383,1.113,359.869
2001894275,0.99884211,-0.04710266,-0.00965612,0.00159172,5.399,1.114,359.870
2021894375,0.99880880,-0.04767910,-0.01024139,0.00166982,5.465,1.181,359.865
2041894475,0.99880880,-0.04767910,-0.01024139,0.00166982,5.465,1.181,359.865
2061894575,0.99880880,-0.04767910,-0.01024139,0.00166982,5.465,1.181,359.865
2081894675,0.99880179,-0.04782284,-0.01025543,0.00166729,5.481,1.183,359.865
2101894775,0.99876726,-0.04840656,-0.01084806,0.00175375,5.548,1.251,359.859
2121894875,0.99876726,-0.04840656,-0.01084806,0.00175375,5.548,1.251,359.859
2141894975,0.99876726,-0.04840656,-0.01084806,0.00175375,5.548,1.251,359.859
2161895075,0.99875973,-0.04855845,-0.01086348,0.00175090,5.565,1.253,359.860
2181895175,0.99872445,-0.04914125,-0.01145596,0.00183746,5.632,1.322,359.854
2221895375,0.99872445,-0.04914125,-0.01145596,0.00183746,5.632,1.322,359.854
2241895475,0.99872445,-0.04914125,-0.01145596,0.00183746,5.632,1.322,359.854
2261895575,0.99871632,-0.04930223,-0.01147371,0.00183437,5.651,1.324,359.855
2281895675,0.99868030,-0.04988390,-0.01206634,0.00191305,5.717,1.392,359.850
2301895775,0.99868030,-0.04988390,-0.01206634,0.00191305,5.717,1.392,359.850
2321895875,0.99868030,-0.04988390,-0.01206634,0.00191305,5.717,1.392,359.850
2341895975,0.99867164,-0.05005234,-0.01208583,0.00190969,5.737,1.394,359.851
2361896075,0.99863487,-0.05063304,-0.01267839,0.00198581,5.803,1.463,359.846
2381896175,0.99863487,-0.05063304,-0.01267839,0.00198581,5.803,1.463,359.846
2401896275,0.99863487,-0.05063304,-0.01267839,0.00198581,5.803,1.463,359.846
2421896375,0.99862561,-0.05080969,-0.01270168,0.00198242,5.823,1.465,359.847
2441896475,0.99858809,-0.05138934,-0.01329384,0.00205864,5.890,1.534,359.843
2461896575,0.99858809,-0.05138934,-0.01329384,0.00205864,5.890,1.534,359.843
2481896675,0.99858809,-0.05138934,-0.01329384,0.00205864,5.890,1.534,359.843
2501896775,0.99857823,-0.05157429,-0.01331850,0.00205483,5.911,1.536,359.844
2521896875,0.99853995,-0.05215281,-0.01391047,0.00213117,5.977,1.605,359.839
2541896975,0.99853995,-0.05215281,-0.01391047,0.00213117,5.977,1.605,359.839
2561897075,0.99853995,-0.05215281,-0.01391047,0.00213117,5.977,1.605,359.839
2581897475,0.99852947,-0.05234623,-0.01393745,0.00212705,6.000,1.608,359.840
2601897575,0.99849043,-0.05292355,-0.01452913,0.00220352,6.066,1.676,359.836
2621897675,0.99849043,-0.05292355,-0.01452913,0.00220352,6.066,1.676,359.836
2641897775,0.99849043,-0.05292355,-0.01452913,0.00220352,6.066,1.676,359.836
2661897875,0.99847931,-0.05312510,-0.01455891,0.00219916,6.089,1.679,359.837
2681897975,0.99843805,-0.05372240,-0.01517156,0.00227658,6.157,1.750,359.833
2701898075,0.99843805,-0.05372240,-0.01517156,0.00227658,6.157,1.750,359.833
2721898175,0.99843805,-0.05372240,-0.01517156,0.00227658,6.157,1.750,359.833
2741898275,0.99842621,-0.05393311,-0.01520386,0.00227185,6.181,1.754,359.834
2761898375,0.99838415,-0.05452899,-0.01581616,0.00234941,6.250,1.824,359.830
2781898475,0.99838415,-0.05452899,-0.01581616,0.00234941,6.250,1.824,359.830
2801898575,0.99838415,-0.05452899,-0.01581616,0.00234941,6.250,1.824,359.830
2851898825,0.99837162,-0.05474800,-0.01585115,0.00234436,6.275,1.828,359.831
2871898900,0.99832896,-0.05533971,-0.01646069,0.00241664,6.343,1.899,359.828
2891899025,0.99832896,-0.05533971,-0.01646069,0.00241664,6.343,1.899,359.828
2911899125,0.99832896,-0.05533971,-0.01646069,0.00241664,6.343,1.899,359.828
2931899225,0.99831567,-0.05556822,-0.01649821,0.00241116,6.369,1.903,359.829
2951899325,0.99827282,-0.05615022,-0.01709965,0.00247797,6.436,1.972,359.826
2971899425,0.99827282,-0.05615022,-0.01709965,0.00247797,6.436,1.972,359.826
2991899525,0.99827282,-0.05615022,-0.01709965,0.00247797,6.436,1.972,359.826
3011899625,0.99825873,-0.05638804,-0.01714021,0.00247213,6.463,1.977,359.828
3031899725,0.99821491,-0.05697096,-0.01774369,0.00254186,6.530,2.047,359.825
3051899825,0.99821491,-0.05697096,-0.01774369,0.00254186,6.530,2.047,359.825
3071899950,0.99821491,-0.05697096,-0.01774369,0.00254186,6.530,2.047,359.825
3091900025,0.99820000,-0.05721836,-0.01778732,0.00253563,6.558,2.052,359.826
3111900125,0.99815479,-0.05780745,-0.01839783,0.00261382,6.626,2.122,359.823
3131900225,0.99815479,-0.05780745,-0.01839783,0.00261382,6.626,2.122,359.823
3151900325,0.99815479,-0.05780745,-0.01839783,0.00261382,6.626,2.122,359.823
3171900425,0.99813901,-0.05806471,-0.01844473,0.00260718,6.655,2.128,359.824
3191900525,0.99809303,-0.05865165,-0.01905466,0.00268555,6.723,2.198,359.821
3211900625,0.99809303,-0.05865165,-0.01905466,0.00268555,6.723,2.198,359.821
3231900725,0.99809303,-0.05865165,-0.01905466,0.00268555,6.723,2.198,359.821
3251900825,0.99807621,-0.05892067,-0.01910640,0.00267864,6.754,2.204,359.823
3271900900,0.99802950,-0.05950490,-0.01971599,0.00274921,6.821,2.274,359.820
3291901000,0.99802950,-0.05950490,-0.01971599,0.00274921,6.821,2.274,359.820
3311901125,0.99802950,-0.05950490,-0.01971599,0.00274921,6.821,2.274,359.820
3331901225,0.99801179,-0.05978350,-0.01977054,0.00274177,6.853,2.280,359.822
3351901325,0.99796434,-0.06036514,-0.02037964,0.00280989,6.919,2.351,359.819
3371901425,0.99796434,-0.06036514,-0.02037964,0.00280989,6.919,2.351,359.819
3391901525,0.99796434,-0.06036514,-0.02037964,0.00280989,6.919,2.351,359.819
3411901625,0.99794563,-0.06065446,-0.02043787,0.00280198,6.953,2.357,359.821
3431901725,0.99789723,-0.06123579,-0.02104883,0.00287043,7.019,2.428,359.819
3451901825,0.99789723,-0.06123579,-0.02104883,0.00287043,7.019,2.428,359.819
3491902025,0.99789723,-0.06123579,-0.02104883,0.00287043,7.019,2.428,359.819
3511902125,0.99787789,-0.06153003,-0.02110899,0.00286207,7.053,2.435,359.821
3531902225,0.99782806,-0.06211680,-0.02172728,0.00293107,7.120,2.506,359.819
3551902325,0.99782806,-0.06211680,-0.02172728,0.00293107,7.120,2.506,359.819
3571902425,0.99782806,-0.06211680,-0.02172728,0.00293107,7.120,2.506,359.819
3591902500,0.99780739,-0.06242557,-0.02179249,0.00292217,7.156,2.513,359.822
3611902625,0.99775690,-0.06300816,-0.02240960,0.00299143,7.223,2.585,359.820
3631902725,0.99775690,-0.06300816,-0.02240960,0.00299143,7.223,2.585,359.820
3651902825,0.99775690,-0.06300816,-0.02240960,0.00299143,7.223,2.585,359.820
3671902925,0.99773480,-0.06333399,-0.02247621,0.00298107,7.260,2.592,359.822
3691902500,0.99768372,-0.06391126,-0.02309322,0.00304011,7.327,2.663,359.821
3801906025,0.99768372,-0.06391126,-0.02309322,0.00304011,7.327,2.663,359.821
3821905350,0.99768372,-0.06391126,-0.02309322,0.00304011,7.327,2.663,359.821
3841904875,0.99766086,-0.06424186,-0.02316494,0.00302986,7.365,2.672,359.824
3861904400,0.99760865,-0.06482046,-0.02378614,0.00308402,7.431,2.743,359.824
3881903975,0.99760865,-0.06482046,-0.02378614,0.00308402,7.431,2.743,359.824
3901904075,0.99760865,-0.06482046,-0.02378614,0.00308402,7.431,2.743,359.824
3921904175,0.99758428,-0.06516689,-0.02386297,0.00307302,7.471,2.752,359.827
3941904275,0.99753108,-0.06574433,-0.02448816,0.00312245,7.537,2.824,359.827
3961904375,0.99753108,-0.06574433,-0.02448816,0.00312245,7.537,2.824,359.827
3981904475,0.99753108,-0.06574433,-0.02448816,0.00312245,7.537,2.824,359.827
4001904575,0.99750528,-0.06610491,-0.02457005,0.00311078,7.579,2.833,359.830
4021904675,0.99745161,-0.06667529,-0.02519330,0.00316061,7.644,2.905,359.831
4041904775,0.99745161,-0.06667529,-0.02519330,0.00316061,7.644,2.905,359.831
4061919900,0.99745161,-0.06667529,-0.02519330,0.00316061,7.644,2.905,359.831
4081904475,0.99742379,-0.06705941,-0.02527671,0.00314673,7.688,2.914,359.834
4101905875,0.99737471,-0.06756769,-0.02584221,0.00323759,7.747,2.980,359.830
4141906075,0.99737471,-0.06756769,-0.02584221,0.00323759,7.747,2.980,359.830
4161906175,0.99737471,-0.06756769,-0.02584221,0.00323759,7.747,2.980,359.830
4181906275,0.99734550,-0.06796369,-0.02593263,0.00322359,7.792,2.990,359.833
4201906375,0.99729632,-0.06846224,-0.02649501,0.00331486,7.850,3.055,359.829
4221906475,0.99729632,-0.06846224,-0.02649501,0.00331486,7.850,3.055,359.829
4241906575,0.99729632,-0.06846224,-0.02649501,0.00331486,7.850,3.055,359.829
4261906675,0.99726557,-0.06887027,-0.02659650,0.00330156,7.897,3.067,359.832
4281906775,0.99721726,-0.06934909,-0.02714556,0.00340074,7.951,3.131,359.827
4301906875,0.99721726,-0.06934909,-0.02714556,0.00340074,7.951,3.131,359.827
4321906975,0.99721726,-0.06934909,-0.02714556,0.00340074,7.951,3.131,359.827
4341907075,0.99718562,-0.06976351,-0.02724732,0.00338629,7.999,3.142,359.831
4361907175,0.99713688,-0.07023818,-0.02779341,0.00348841,8.054,3.206,359.825
4381907275,0.99713688,-0.07023818,-0.02779341,0.00348841,8.054,3.206,359.825
4401907375,0.99713688,-0.07023818,-0.02779341,0.00348841,8.054,3.206,359.825
4421907475,0.99710449,-0.07065604,-0.02789782,0.00347357,8.102,3.217,359.829
4441907575,0.99705478,-0.07113241,-0.02844607,0.00357336,8.156,3.281,359.823
4461907675,0.99705478,-0.07113241,-0.02844607,0.00357336,8.156,3.281,359.823
4481907775,0.99705478,-0.07113241,-0.02844607,0.00357336,8.156,3.281,359.823
4501907875,0.99702155,-0.07155539,-0.02855178,0.00355766,8.205,3.293,359.827
4521907975,0.99697035,-0.07203819,-0.02910822,0.00365015,8.261,3.358,359.823
4541908075,0.99697035,-0.07203819,-0.02910822,0.00365015,8.261,3.358,359.823
4561908175,0.99697035,-0.07203819,-0.02910822,0.00365015,8.261,3.358,359.823
4581908275,0.99693636,-0.07246390,-0.02921747,0.00363431,8.310,3.370,359.827
4601908375,0.99688443,-0.07294600,-0.02977301,0.00372696,8.365,3.434,359.823
4621908475,0.99688443,-0.07294600,-0.02977301,0.00372696,8.365,3.434,359.823
4641908575,0.99688443,-0.07294600,-0.02977301,0.00372696,8.365,3.434,359.823
4661908675,0.99684889,-0.07337939,-0.02989926,0.00371358,8.415,3.449,359.827
4681908775,0.99679555,-0.07386753,-0.03045866,0.00380612,8.471,3.514,359.823
4701908875,0.99679555,-0.07386753,-0.03045866,0.00380612,8.471,3.514,359.823
4721908975,0.99679555,-0.07386753,-0.03045866,0.00380612,8.471,3.514,359.823
4741909075,0.99675954,-0.07430246,-0.03058095,0.00379098,8.521,3.527,359.827
4781909275,0.99670507,-0.07479282,-0.03114390,0.00388417,8.577,3.593,359.823
4801909375,0.99670507,-0.07479282,-0.03114390,0.00388417,8.577,3.593,359.823
4821909475,0.99670507,-0.07479282,-0.03114390,0.00388417,8.577,3.593,359.823
4841909575,0.99666921,-0.07522361,-0.03125597,0.00386635,8.627,3.605,359.828
4861909650,0.99661377,-0.07571474,-0.03182170,0.00395500,8.683,3.671,359.824
4881909775,0.99661377,-0.07571474,-0.03182170,0.00395500,8.683,3.671,359.824
4901909875,0.99661377,-0.07571474,-0.03182170,0.00395500,8.683,3.671,359.824
4921909975,0.99657659,-0.07615277,-0.03194290,0.00393789,8.734,3.685,359.829
4941910075,0.99652052,-0.07664193,-0.03250680,0.00402119,8.790,3.750,359.826
4961910175,0.99652052,-0.07664193,-0.03250680,0.00402119,8.790,3.750,359.826
4981910275,0.99652052,-0.07664193,-0.03250680,0.00402119,8.790,3.750,359.826
5001910375,0.99648247,-0.07708355,-0.03263094,0.00400370,8.841,3.764,359.831
5021910475,0.99642564,-0.07757180,-0.03319406,0.00408722,8.897,3.829,359.828
5041910575,0.99642564,-0.07757180,-0.03319406,0.00408722,8.897,3.829,359.828
5061910675,0.99642564,-0.07757180,-0.03319406,0.00408722,8.897,3.829,359.828
5081910775,0.99638644,-0.07801818,-0.03332649,0.00407054,8.949,3.844,359.833
5101910875,0.99632887,-0.07850559,-0.03388674,0.00416461,9.005,3.909,359.829
5121910975,0.99632887,-0.07850559,-0.03388674,0.00416461,9.005,3.909,359.829
5141911375,0.99632887,-0.07850559,-0.03388674,0.00416461,9.005,3.909,359.829
5161911475,0.99628891,-0.07895492,-0.03401943,0.00414696,9.057,3.924,359.834
5181911575,0.99623055,-0.07944156,-0.03457955,0.00424138,9.113,3.989,359.830
5201911650,0.99623055,-0.07944156,-0.03457955,0.00424138,9.113,3.989,359.830
5221911750,0.99623055,-0.07944156,-0.03457955,0.00424138,9.113,3.989,359.830
5241911875,0.99618941,-0.07990077,-0.03470890,0.00422103,9.166,4.004,359.836
5261911975,0.99612975,-0.08039008,-0.03527550,0.00431115,9.222,4.070,359.832
5281912075,0.99612975,-0.08039008,-0.03527550,0.00431115,9.222,4.070,359.832
5301912175,0.99612975,-0.08039008,-0.03527550,0.00431115,9.222,4.070,359.832
5321912275,0.99608783,-0.08084986,-0.03541080,0.00429151,9.275,4.085,359.838
5341912375,0.99602676,-0.08134407,-0.03598166,0.00437653,9.332,4.151,359.835
5361912475,0.99602676,-0.08134407,-0.03598166,0.00437653,9.332,4.151,359.835
5381912550,0.99602676,-0.08134407,-0.03598166,0.00437653,9.332,4.151,359.835
5421912775,0.99598389,-0.08180746,-0.03611999,0.00435650,9.385,4.167,359.841
5441912875,0.99592173,-0.08230329,-0.03669294,0.00443921,9.442,4.233,359.839
5461912975,0.99592173,-0.08230329,-0.03669294,0.00443921,9.442,4.233,359.839
5481913075,0.99592173,-0.08230329,-0.03669294,0.00443921,9.442,4.233,359.839
5501913175,0.99587774,-0.08277050,-0.03683791,0.00441971,9.496,4.250,359.845
5521913250,0.99581390,-0.08327297,-0.03741785,0.00449485,9.554,4.317,359.844
5541913375,0.99581390,-0.08327297,-0.03741785,0.00449485,9.554,4.317,359.844
5561913475,0.99581390,-0.08327297,-0.03741785,0.00449485,9.554,4.317,359.844
5581913575,0.99576899,-0.08374383,-0.03756412,0.00447448,9.609,4.333,359.849
5601913675,0.99570431,-0.08424536,-0.03814368,0.00454995,9.667,4.400,359.849
5621913775,0.99570431,-0.08424536,-0.03814368,0.00454995,9.667,4.400,359.849
5641913875,0.99570431,-0.08424536,-0.03814368,0.00454995,9.667,4.400,359.849
5661913975,0.99565837,-0.08471860,-0.03829687,0.00453039,9.721,4.418,359.854
5681914075,0.99559284,-0.08521979,-0.03887403,0.00461377,9.779,4.485,359.853
5701914175,0.99559284,-0.08521979,-0.03887403,0.00461377,9.779,4.485,359.853
5721914275,0.99559284,-0.08521979,-0.03887403,0.00461377,9.779,4.485,359.853
5741914375,0.99554591,-0.08569733,-0.03902834,0.00459319,9.834,4.502,359.859
5761914475,0.99547955,-0.08619752,-0.03960492,0.00467959,9.892,4.569,359.857
5781914575,0.99547955,-0.08619752,-0.03960492,0.00467959,9.892,4.569,359.857
5801914675,0.99547955,-0.08619752,-0.03960492,0.00467959,9.892,4.569,359.857
5821914775,0.99543159,-0.08667875,-0.03976225,0.00465860,9.948,4.587,359.863
5841914875,0.99536443,-0.08717788,-0.04033826,0.00474258,10.005,4.653,359.862
5861914975,0.99536443,-0.08717788,-0.04033826,0.00474258,10.005,4.653,359.862
5881915050,0.99536443,-0.08717788,-0.04033826,0.00474258,10.005,4.653,359.862
5901915150,0.99531591,-0.08765854,-0.04049598,0.00472100,10.061,4.671,359.868
5921915275,0.99524786,-0.08815741,-0.04107252,0.00479730,10.118,4.738,359.867
5941915375,0.99524786,-0.08815741,-0.04107252,0.00479730,10.118,4.738,359.867
5961915475,0.99524786,-0.08815741,-0.04107252,0.00479730,10.118,4.738,359.867
5981915575,0.99519806,-0.08864382,-0.04123457,0.00477540,10.175,4.756,359.874
6001915675,0.99512925,-0.08914124,-0.04181000,0.00485191,10.232,4.823,359.873
6051915925,0.99512925,-0.08914124,-0.04181000,0.00485191,10.232,4.823,359.873
6071916025,0.99512925,-0.08914124,-0.04181000,0.00485191,10.232,4.823,359.873
6091916125,0.99507833,-0.08963347,-0.04197190,0.00482835,10.289,4.841,359.880
6111916225,0.99500872,-0.09012942,-0.04254729,0.00490538,10.346,4.908,359.880
6131916325,0.99500872,-0.09012942,-0.04254729,0.00490538,10.346,4.908,359.880
6151916425,0.99500872,-0.09012942,-0.04254729,0.00490538,10.346,4.908,359.880
6171916500,0.99495674,-0.09062435,-0.04271381,0.00488201,10.404,4.927,359.887
6191916625,0.99488631,-0.09111958,-0.04328802,0.00495913,10.461,4.993,359.886
6211916725,0.99488631,-0.09111958,-0.04328802,0.00495913,10.461,4.993,359.886
6231916825,0.99488631,-0.09111958,-0.04328802,0.00495913,10.461,4.993,359.886
6251916925,0.99483332,-0.09161648,-0.04345938,0.00493612,10.519,5.013,359.893
6271917025,0.99476133,-0.09211643,-0.04403767,0.00501355,10.576,5.079,359.893
6291917125,0.99476133,-0.09211643,-0.04403767,0.00501355,10.576,5.079,359.893
6311917225,0.99476133,-0.09211643,-0.04403767,0.00501355,10.576,5.079,359.893
6331917325,0.99470718,-0.09261794,-0.04421134,0.00498975,10.635,5.099,359.900
6351917425,0.99463364,-0.09312197,-0.04479432,0.00506776,10.693,5.167,359.900
6371916975,0.99463364,-0.09312197,-0.04479432,0.00506776,10.693,5.167,359.900
6481920500,0.99463364,-0.09312197,-0.04479432,0.00506776,10.693,5.167,359.900
6501919850,0.99457810,-0.09362995,-0.04497107,0.00504310,10.752,5.187,359.907
6521919275,0.99450307,-0.09413739,-0.04555905,0.00511641,10.811,5.255,359.908
6541918800,0.99450307,-0.09413739,-0.04555905,0.00511641,10.811,5.255,359.908
6561918475,0.99450307,-0.09413739,-0.04555905,0.00511641,10.811,5.255,359.908
6581918575,0.99444647,-0.09464791,-0.04573905,0.00509153,10.870,5.275,359.916
6601918675,0.99436983,-0.09515968,-0.04633199,0.00516000,10.929,5.343,359.917
6621918775,0.99436983,-0.09515968,-0.04633199,0.00516000,10.929,5.343,359.917
6641918875,0.99436983,-0.09515968,-0.04633199,0.00516000,10.929,5.343,359.917
6661918975,0.99431186,-0.09567592,-0.04651548,0.00513447,10.989,5.364,359.925
6701919175,0.99423884,-0.09615574,-0.04707327,0.00522550,11.044,5.429,359.923
6721919275,0.99423884,-0.09615574,-0.04707327,0.00522550,11.044,5.429,359.923
6741919375,0.99423884,-0.09615574,-0.04707327,0.00522550,11.044,5.429,359.923
6761919475,0.99417984,-0.09667450,-0.04725946,0.00519961,11.105,5.450,359.931
6781919550,0.99410751,-0.09714348,-0.04780509,0.00529828,11.159,5.513,359.928
6801919675,0.99410751,-0.09714348,-0.04780509,0.00529828,11.159,5.513,359.928
6821919775,0.99410751,-0.09714348,-0.04780509,0.00529828,11.159,5.513,359.928
6841919875,0.99404787,-0.09765965,-0.04799607,0.00527358,11.219,5.535,359.936
6861919975,0.99397544,-0.09812391,-0.04853513,0.00537183,11.273,5.598,359.934
6881920075,0.99397544,-0.09812391,-0.04853513,0.00537183,11.273,5.598,359.934
6901920175,0.99397544,-0.09812391,-0.04853513,0.00537183,11.273,5.598,359.934
6921920275,0.99391439,-0.09864664,-0.04872821,0.00534594,11.333,5.619,359.942
6941920375,0.99384208,-0.09910398,-0.04926136,0.00544434,11.386,5.681,359.939
6961920475,0.99384208,-0.09910398,-0.04926136,0.00544434,11.386,5.681,359.939
6981920575,0.99384208,-0.09910398,-0.04926136,0.00544434,11.386,5.681,359.939
7001920675,0.99377986,-0.09963034,-0.04945741,0.00541803,11.447,5.703,359.947
7021920775,0.99370682,-0.10008674,-0.04998975,0.00551665,11.500,5.765,359.945
7041920875,0.99370682,-0.10008674,-0.04998975,0.00551665,11.500,5.765,359.945
7061920975,0.99370682,-0.10008674,-0.04998975,0.00551665,11.500,5.765,359.945
7081921075,0.99364355,-0.10061719,-0.05018508,0.00548861,11.562,5.787,359.953
7101921175,0.99356814,-0.10108306,-0.05072815,0.00558830,11.616,5.851,359.951
7121921275,0.99356814,-0.10108306,-0.05072815,0.00558830,11.616,5.851,359.951
7141921375,0.99356814,-0.10108306,-0.05072815,0.00558830,11.616,5.851,359.951
7161921475,0.99350357,-0.10161704,-0.05092845,0.00556051,11.678,5.873,359.960
7181921575,0.99342742,-0.10208199,-0.05147022,0.00566028,11.732,5.936,359.958
7201921675,0.99342742,-0.10208199,-0.05147022,0.00566028,11.732,5.936,359.958
7221921775,0.99342742,-0.10208199,-0.05147022,0.00566028,11.732,5.936,359.958
7241921875,0.99336136,-0.10262164,-0.05167490,0.00563214,11.795,5.959,359.966
7261921975,0.99328452,-0.10308515,-0.05221552,0.00573212,11.848,6.022,359.964
7281922075,0.99328452,-0.10308515,-0.05221552,0.00573212,11.848,6.022,359.964
7301922175,0.99328452,-0.10308515,-0.05221552,0.00573212,11.848,6.022,359.964
7341922375,0.99321733,-0.10362752,-0.05242269,0.00570354,11.911,6.045,359.973
7361922475,0.99313971,-0.10409030,-0.05296262,0.00580376,11.965,6.108,359.971
7381922575,0.99313971,-0.10409030,-0.05296262,0.00580376,11.965,6.108,359.971
7401922675,0.99313971,-0.10409030,-0.05296262,0.00580376,11.965,6.108,359.971
7421922775,0.99307126,-0.10463634,-0.05317288,0.00577476,12.029,6.132,359.980
7441922875,0.99299291,-0.10509801,-0.05371224,0.00587256,12.082,6.195,359.979
7461922950,0.99299291,-0.10509801,-0.05371224,0.00587256,12.082,6.195,359.979
7481923075,0.99299291,-0.10509801,-0.05371224,0.00587256,12.082,6.195,359.979
7501923175,0.99292276,-0.10565163,-0.05392576,0.00584246,12.147,6.219,359.988
7521923275,0.99284380,-0.10611098,-0.05446508,0.00593271,12.200,6.281,359.987
7541923375,0.99284380,-0.10611098,-0.05446508,0.00593271,12.200,6.281,359.987
7561923475,0.99284380,-0.10611098,-0.05446508,0.00593271,12.200,6.281,359.987
7581923575,0.99277256,-0.10666641,-0.05468165,0.00590253,12.265,6.306,359.997
7601923675,0.99269280,-0.10712524,-0.05522014,0.00599294,12.318,6.368,359.996
7621923775,0.99269280,-0.10712524,-0.05522014,0.00599294,12.318,6.368,359.996
7641923875,0.99269280,-0.10712524,-0.05522014,0.00599294,12.318,6.368,359.996
7661923975,0.99262059,-0.10767978,-0.05544237,0.00596415,12.383,6.393,0.006
7681924075,0.99253870,-0.10814662,-0.05598738,0.00605479,12.437,6.457,0.005
7701924175,0.99253870,-0.10814662,-0.05598738,0.00605479,12.437,6.457,0.005
7721924275,0.99253870,-0.10814662,-0.05598738,0.00605479,12.437,6.457,0.005
7741924375,0.99246497,-0.10870717,-0.05621162,0.00602471,12.503,6.482,0.015
7761924475,0.99238190,-0.10917510,-0.05675870,0.00611592,12.557,6.545,0.015
7781924575,0.99238190,-0.10917510,-0.05675870,0.00611592,12.557,6.545,0.015
7801924675,0.99238190,-0.10917510,-0.05675870,0.00611592,12.557,6.545,0.015
7821924775,0.99230681,-0.10973946,-0.05698614,0.00608541,12.623,6.571,0.025
7841924875,0.99222297,-0.11020639,-0.05753234,0.00617686,12.677,6.634,0.024
7861924975,0.99222297,-0.11020639,-0.05753234,0.00617686,12.677,6.634,0.024
7881925075,0.99222297,-0.11020639,-0.05753234,0.00617686,12.677,6.634,0.024
7901925175,0.99214622,-0.11077719,-0.05776275,0.00614529,12.744,6.660,0.035
7921925275,0.99206168,-0.11124248,-0.05830813,0.00623712,12.798,6.724,0.034
7941925375,0.99206168,-0.11124248,-0.05830813,0.00623712,12.798,6.724,0.034
7991925625,0.99206168,-0.11124248,-0.05830813,0.00623712,12.798,6.724,0.034
8011925725,0.99198366,-0.11181574,-0.05854186,0.00620544,12.865,6.750,0.045
8031925825,0.99189832,-0.11228035,-0.05908634,0.00629743,12.919,6.813,0.045
8051925900,0.99189832,-0.11228035,-0.05908634,0.00629743,12.919,6.813,0.045
8071926975,0.99189832,-0.11228035,-0.05908634,0.00629743,12.919,6.813,0.045
8091926125,0.99181910,-0.11285550,-0.05932320,0.00626569,12.986,6.840,0.055
8111926225,0.99173294,-0.11331956,-0.05986681,0.00635784,13.041,6.903,0.055
8131926325,0.99173294,-0.11331956,-0.05986681,0.00635784,13.041,6.903,0.055
8151926425,0.99173294,-0.11331956,-0.05986681,0.00635784,13.041,6.903,0.055
8171926525,0.99165220,-0.11389936,-0.06010693,0.00632549,13.108,6.930,0.066
8191926625,0.99156528,-0.11436222,-0.06064965,0.00641792,13.162,6.993,0.066
8211926725,0.99156528,-0.11436222,-0.06064965,0.00641792,13.162,6.993,0.066
8231926825,0.99156528,-0.11436222,-0.06064965,0.00641792,13.162,6.993,0.066
8251926925,0.99148315,-0.11494703,-0.06089004,0.00638372,13.231,7.020,0.077
8271927025,0.99139455,-0.11541351,-0.06143851,0.00647171,13.285,7.083,0.078
8291927100,0.99139455,-0.11541351,-0.06143851,0.00647171,13.285,7.083,0.078
8311927225,0.99139455,-0.11541351,-0.06143851,0.00647171,13.285,7.083,0.078
8331927325,0.99131091,-0.11600155,-0.06168363,0.00643778,13.354,7.111,0.089
8351927425,0.99122062,-0.11647207,-0.06223678,0.00652086,13.409,7.175,0.091
8371927525,0.99122062,-0.11647207,-0.06223678,0.00652086,13.409,7.175,0.091
8391927600,0.99122062,-0.11647207,-0.06223678,0.00652086,13.409,7.175,0.091
8411927725,0.99113548,-0.11706397,-0.06248525,0.00648651,13.479,7.203,0.102
8431927825,0.99104440,-0.11753347,-0.06303747,0.00656983,13.533,7.267,0.104
8451927925,0.99104440,-0.11753347,-0.06303747,0.00656983,13.533,7.267,0.104
8471928025,0.99104440,-0.11753347,-0.06303747,0.00656983,13.533,7.267,0.104
8491928125,0.99095792,-0.11812605,-0.06329219,0.00653695,13.603,7.295,0.115
8511928225,0.99086600,-0.11859528,-0.06384280,0.00662008,13.658,7.359,0.117
8531928325,0.99086600,-0.11859528,-0.06384280,0.00662008,13.658,7.359,0.117
8551928425,0.99086600,-0.11859528,-0.06384280,0.00662008,13.658,7.359,0.117
8571928525,0.99077791,-0.11919320,-0.06409939,0.00658584,13.728,7.388,0.129
8591928625,0.99068522,-0.11966104,-0.06464943,0.00666942,13.783,7.452,0.130
8631928825,0.99068522,-0.11966104,-0.06464943,0.00666942,13.783,7.452,0.130
8651928925,0.99068522,-0.11966104,-0.06464943,0.00666942,13.783,7.452,0.130
8671927725,0.99059540,-0.12026524,-0.06490785,0.00663356,13.854,7.481,0.143
8691929125,0.99050196,-0.12073147,-0.06545734,0.00671765,13.908,7.544,0.144
8711929225,0.99050196,-0.12073147,-0.06545734,0.00671765,13.908,7.544,0.144
8731929325,0.99050196,-0.12073147,-0.06545734,0.00671765,13.908,7.544,0.144
8751929425,0.99041066,-0.12133832,-0.06571978,0.00668193,13.980,7.574,0.157
8771929525,0.99031640,-0.12180380,-0.06626818,0.00676613,14.034,7.637,0.159
8791929625,0.99031640,-0.12180380,-0.06626818,0.00676613,14.034,7.637,0.159
8811929725,0.99031640,-0.12180380,-0.06626818,0.00676613,14.034,7.637,0.159
8831929825,0.99022353,-0.12241448,-0.06653396,0.00672998,14.106,7.667,0.171
8851929925,0.99012798,-0.12288155,-0.06708409,0.00681457,14.161,7.731,0.173
8871930000,0.99012798,-0.12288155,-0.06708409,0.00681457,14.161,7.731,0.173
8891930125,0.99012798,-0.12288155,-0.06708409,0.00681457,14.161,7.731,0.173
8911930225,0.99003335,-0.12349737,-0.06735296,0.00677755,14.233,7.761,0.186
8931930325,0.98993551,-0.12397095,-0.06791018,0.00686293,14.289,7.825,0.188
8951930425,0.98993551,-0.12397095,-0.06791018,0.00686293,14.289,7.825,0.188
8971930525,0.98993551,-0.12397095,-0.06791018,0.00686293,14.289,7.825,0.188
8991930625,0.98983930,-0.12459009,-0.06818263,0.00682569,14.362,7.856,0.201
9011930725,0.98974063,-0.12506276,-0.06873887,0.00691127,14.417,7.920,0.203
9031930825,0.98974063,-0.12506276,-0.06873887,0.00691127,14.417,7.920,0.203
9051930925,0.98974063,-0.12506276,-0.06873887,0.00691127,14.417,7.920,0.203
9071930950,0.98964326,-0.12568290,-0.06901293,0.00687353,14.490,7.951,0.217
9191934250,0.98954214,-0.12616251,-0.06957761,0.00695192,14.547,8.016,0.220
9211933575,0.98954214,-0.12616251,-0.06957761,0.00695192,14.547,8.016,0.220
9231933100,0.98954214,-0.12616251,-0.06957761,0.00695192,14.547,8.016,0.220
9281932075,0.98944296,-0.12678647,-0.06985700,0.00691459,14.620,8.047,0.233
9301932175,0.98934155,-0.12726261,-0.07041728,0.00699551,14.677,8.112,0.236
9321932250,0.98934155,-0.12726261,-0.07041728,0.00699551,14.677,8.112,0.236
9341932375,0.98934155,-0.12726261,-0.07041728,0.00699551,14.677,8.112,0.236
9361932475,0.98924062,-0.12789120,-0.07069960,0.00695733,14.751,8.144,0.250
9381932575,0.98913941,-0.12836125,-0.07125305,0.00704356,14.806,8.208,0.252
9401932675,0.98913941,-0.12836125,-0.07125305,0.00704356,14.806,8.208,0.252
9421932775,0.98913941,-0.12836125,-0.07125305,0.00704356,14.806,8.208,0.252
9441932875,0.98903679,-0.12899368,-0.07153873,0.00700493,14.881,8.240,0.266
9461932975,0.98893740,-0.12945018,-0.07207695,0.00709854,14.934,8.302,0.268
9481933075,0.98893740,-0.12945018,-0.07207695,0.00709854,14.934,8.302,0.268
9501933175,0.98893740,-0.12945018,-0.07207695,0.00709854,14.934,8.302,0.268
9521933275,0.98883202,-0.13009367,-0.07236754,0.00705824,15.010,8.335,0.282
9541933375,0.98874005,-0.13050993,-0.07286155,0.00717377,15.059,8.393,0.280
9561933450,0.98874005,-0.13050993,-0.07286155,0.00717377,15.059,8.393,0.280
9581933575,0.98874005,-0.13050993,-0.07286155,0.00717377,15.059,8.393,0.280
9601933675,0.98863360,-0.13115324,-0.07315425,0.00713357,15.135,8.425,0.294
9621933775,0.98854082,-0.13156944,-0.07364760,0.00724922,15.184,8.483,0.292
9641933875,0.98854082,-0.13156944,-0.07364760,0.00724922,15.184,8.483,0.292
9661933975,0.98854082,-0.13156944,-0.07364760,0.00724922,15.184,8.483,0.292
9681934075,0.98843320,-0.13221384,-0.07394147,0.00720835,15.260,8.516,0.307
9701934175,0.98833799,-0.13263752,-0.07444235,0.00732475,15.310,8.574,0.305
9721934275,0.98833799,-0.13263752,-0.07444235,0.00732475,15.310,8.574,0.305
9741934375,0.98833799,-0.13263752,-0.07444235,0.00732475,15.310,8.574,0.305
9761934475,0.98822841,-0.13328694,-0.07474055,0.00728360,15.387,8.607,0.320
9781934575,0.98813201,-0.13371192,-0.07524290,0.00740035,15.437,8.666,0.319
9801934675,0.98813201,-0.13371192,-0.07524290,0.00740035,15.437,8.666,0.319
9821934775,0.98813201,-0.13371192,-0.07524290,0.00740035,15.437,8.666,0.319
9841934875,0.98802070,-0.13436511,-0.07554443,0.00735878,15.514,8.700,0.334
9861934975,0.98792306,-0.13479150,-0.07604884,0.00747328,15.564,8.759,0.332
9881935075,0.98792306,-0.13479150,-0.07604884,0.00747328,15.564,8.759,0.332
9921935275,0.98792306,-0.13479150,-0.07604884,0.00747328,15.564,8.759,0.332
9941935350,0.98780991,-0.13544860,-0.07635466,0.00743171,15.642,8.793,0.348
9961935475,0.98770995,-0.13588117,-0.07686693,0.00753893,15.693,8.853,0.348
9981935575,0.98770995,-0.13588117,-0.07686693,0.00753893,15.693,8.853,0.348
10001935650,0.98770995,-0.13588117,-0.07686693,0.00753893,15.693,8.853,0.348
10021935775,0.98759505,-0.13654204,-0.07717569,0.00749673,15.772,8.887,0.363
10041935875,0.98749437,-0.13697358,-0.07768710,0.00760423,15.822,8.947,0.363
10061935975,0.98749437,-0.13697358,-0.07768710,0.00760423,15.822,8.947,0.363
10081936075,0.98749437,-0.13697358,-0.07768710,0.00760423,15.822,8.947,0.363
10101936175,0.98737790,-0.13763994,-0.07799363,0.00755837,15.902,8.981,0.380
10121936275,0.98727875,-0.13805962,-0.07849482,0.00766620,15.951,9.039,0.379
10141936350,0.98727875,-0.13805962,-0.07849482,0.00766620,15.951,9.039,0.379
10161936475,0.98727875,-0.13805962,-0.07849482,0.00766620,15.951,9.039,0.379
10181936575,0.98716039,-0.13872882,-0.07880729,0.00762145,16.031,9.074,0.396
10201936675,0.98706058,-0.13914770,-0.07930691,0.00772918,16.080,9.132,0.395
10221936775,0.98706058,-0.13914770,-0.07930691,0.00772918,16.080,9.132,0.395
10241936875,0.98706058,-0.13914770,-0.07930691,0.00772918,16.080,9.132,0.395
10261937275,0.98693958,-0.13982095,-0.07963203,0.00768856,16.160,9.168,0.412
10281937375,0.98683810,-0.14024397,-0.08013375,0.00779580,16.210,9.227,0.412
10301937475,0.98683810,-0.14024397,-0.08013375,0.00779580,16.210,9.227,0.412
10321937550,0.98683810,-0.14024397,-0.08013375,0.00779580,16.210,9.227,0.412
10341937675,0.98671564,-0.14092088,-0.08045778,0.00775255,16.291,9.263,0.428
10361937775,0.98661218,-0.14134811,-0.08096491,0.00786085,16.341,9.322,0.428
10381937850,0.98661218,-0.14134811,-0.08096491,0.00786085,16.341,9.322,0.428
10401937975,0.98661218,-0.14134811,-0.08096491,0.00786085,16.341,9.322,0.428
10421938075,0.98648784,-0.14202885,-0.08129231,0.00781715,16.422,9.358,0.445
10441938175,0.98638367,-0.14245505,-0.08179847,0.00792568,16.473,9.418,0.445
10461938275,0.98638367,-0.14245505,-0.08179847,0.00792568,16.473,9.418,0.445
10481938375,0.98638367,-0.14245505,-0.08179847,0.00792568,16.473,9.418,0.445
10501938475,0.98625820,-0.14313629,-0.08212592,0.00788087,16.554,9.454,0.463
10521938575,0.98615322,-0.14356136,-0.08263343,0.00797929,16.604,9.513,0.464
10561938775,0.98615322,-0.14356136,-0.08263343,0.00797929,16.604,9.513,0.464
10581938875,0.98615322,-0.14356136,-0.08263343,0.00797929,16.604,9.513,0.464
10601938975,0.98602547,-0.14424799,-0.08296589,0.00793438,16.686,9.550,0.482
10621939075,0.98591988,-0.14467165,-0.08347204,0.00803296,16.736,9.609,0.483
10641939175,0.98591988,-0.14467165,-0.08347204,0.00803296,16.736,9.609,0.483
10661939275,0.98591988,-0.14467165,-0.08347204,0.00803296,16.736,9.609,0.483
10681939350,0.98579105,-0.14535699,-0.08380649,0.00798851,16.818,9.646,0.501
10701939475,0.98568271,-0.14578864,-0.08431994,0.00808762,16.869,9.705,0.502
10721939575,0.98568271,-0.14578864,-0.08431994,0.00808762,16.869,9.705,0.502
10741939675,0.98568271,-0.14578864,-0.08431994,0.00808762,16.869,9.705,0.502
10761939775,0.98555150,-0.14648032,-0.08465857,0.00804232,16.952,9.743,0.520
10781939875,0.98544192,-0.14691292,-0.08517350,0.00814193,17.004,9.803,0.522
10801939975,0.98544192,-0.14691292,-0.08517350,0.00814193,17.004,9.803,0.522
10821940075,0.98544192,-0.14691292,-0.08517350,0.00814193,17.004,9.803,0.522
10841940175,0.98530872,-0.14760848,-0.08551561,0.00809619,17.087,9.841,0.540
10861940275,0.98519780,-0.14804239,-0.08603258,0.00819358,17.138,9.901,0.543
10881940375,0.98519780,-0.14804239,-0.08603258,0.00819358,17.138,9.901,0.543
10901940475,0.98519780,-0.14804239,-0.08603258,0.00819358,17.138,9.901,0.543
10921940575,0.98506115,-0.14874937,-0.08638168,0.00814679,17.223,9.939,0.561
10941940675,0.98494801,-0.14918752,-0.08690594,0.00823718,17.275,10.000,0.565
10961940775,0.98494801,-0.14918752,-0.08690594,0.00823718,17.275,10.000,0.565
10981940875,0.98494801,-0.14918752,-0.08690594,0.00823718,17.275,10.000,0.565
11001940975,0.98480999,-0.14989476,-0.08725691,0.00819026,17.360,10.039,0.583
11021941075,0.98469593,-0.15033270,-0.08778055,0.00828083,17.412,10.100,0.587
11041941175,0.98469593,-0.15033270,-0.08778055,0.00828083,17.412,10.100,0.587
11061941275,0.98469593,-0.15033270,-0.08778055,0.00828083,17.412,10.100,0.587
11081941350,0.98455617,-0.15104233,-0.08813388,0.00823333,17.497,10.139,0.606
11101941475,0.98444128,-0.15147955,-0.08865678,0.00832418,17.550,10.200,0.610
11121941575,0.98444128,-0.15147955,-0.08865678,0.00832418,17.550,10.200,0.610
11141941675,0.98444128,-0.15147955,-0.08865678,0.00832418,17.550,10.200,0.610
11161941775,0.98429927,-0.15219373,-0.08901416,0.00827631,17.635,10.239,0.629
11211942025,0.98418366,-0.15262971,-0.08953592,0.00836739,17.688,10.300,0.633
11231942125,0.98418366,-0.15262971,-0.08953592,0.00836739,17.688,10.300,0.633
11251942225,0.98418366,-0.15262971,-0.08953592,0.00836739,17.688,10.300,0.633
11271942325,0.98403842,-0.15335192,-0.08990192,0.00832048,17.774,10.340,0.652
11291942425,0.98392232,-0.15378583,-0.09042144,0.00841148,17.826,10.400,0.656
11311942525,0.98392232,-0.15378583,-0.09042144,0.00841148,17.826,10.400,0.656
11331942625,0.98392232,-0.15378583,-0.09042144,0.00841148,17.826,10.400,0.656
11351942725,0.98377548,-0.15450990,-0.09078851,0.00836344,17.913,10.441,0.676
11371942825,0.98365850,-0.15494321,-0.09130759,0.00845485,17.965,10.501,0.680
11391942925,0.98365850,-0.15494321,-0.09130759,0.00845485,17.965,10.501,0.680
11411943025,0.98365850,-0.15494321,-0.09130759,0.00845485,17.965,10.501,0.680
11431943125,0.98350950,-0.15567113,-0.09167818,0.00840636,18.053,10.542,0.700
11451943225,0.98339111,-0.15610596,-0.09219888,0.00849818,18.105,10.602,0.704
11471943325,0.98339111,-0.15610596,-0.09219888,0.00849818,18.105,10.602,0.704
11491943425,0.98339111,-0.15610596,-0.09219888,0.00849818,18.105,10.602,0.704
11511943525,0.98324132,-0.15683329,-0.09256608,0.00844685,18.193,10.642,0.724
11531943625,0.98311984,-0.15727589,-0.09309534,0.00853998,18.246,10.704,0.728
11551943700,0.98311984,-0.15727589,-0.09309534,0.00853998,18.246,10.704,0.728
11571943825,0.98311984,-0.15727589,-0.09309534,0.00853998,18.246,10.704,0.728
11591943925,0.98296715,-0.15800935,-0.09346956,0.00848937,18.335,10.745,0.749
11611944025,0.98284506,-0.15845033,-0.09399695,0.00858249,18.388,10.806,0.753
11631944125,0.98284506,-0.15845033,-0.09399695,0.00858249,18.388,10.806,0.753
11651944225,0.98284506,-0.15845033,-0.09399695,0.00858249,18.388,10.806,0.753
11671944325,0.98268981,-0.15918795,-0.09437753,0.00853298,18.477,10.848,0.775
11691944425,0.98256702,-0.15962777,-0.09490321,0.00862599,18.530,10.909,0.779
11711944525,0.98256702,-0.15962777,-0.09490321,0.00862599,18.530,10.909,0.779
11731944600,0.98256702,-0.15962777,-0.09490321,0.00862599,18.530,10.909,0.779
11751944725,0.98240967,-0.16036917,-0.09528607,0.00857529,18.619,10.951,0.800
11771944825,0.98228607,-0.16080791,-0.09581101,0.00866872,18.672,11.012,0.805
11791944925,0.98228607,-0.16080791,-0.09581101,0.00866872,18.672,11.012,0.805
11811944475,0.98228607,-0.16080791,-0.09581101,0.00866872,18.672,11.012,0.805
11921948200,0.98212644,-0.16155320,-0.09619746,0.00861756,18.762,11.054,0.826
11941947450,0.98200209,-0.16199059,-0.09672177,0.00870863,18.815,11.115,0.831
11961947100,0.98200209,-0.16199059,-0.09672177,0.00870863,18.815,11.115,0.831
11981946600,0.98200209,-0.16199059,-0.09672177,0.00870863,18.815,11.115,0.831
12001945975,0.98184075,-0.16273764,-0.09710953,0.00865644,18.905,11.158,0.853
12021946075,0.98171556,-0.16317366,-0.09763464,0.00874004,18.958,11.219,0.859
12041946175,0.98171556,-0.16317366,-0.09763464,0.00874004,18.958,11.219,0.859
12061960950,0.98171556,-0.16317366,-0.09763464,0.00874004,18.958,11.219,0.859
12081945075,0.98155158,-0.16392828,-0.09802345,0.00868439,19.050,11.261,0.882
12101948200,0.98142983,-0.16434755,-0.09853100,0.00877572,19.101,11.320,0.886
12121946575,0.98142983,-0.16434755,-0.09853100,0.00877572,19.101,11.320,0.886
12141946675,0.98142983,-0.16434755,-0.09853100,0.00877572,19.101,11.320,0.886
12161946775,0.98126360,-0.16510461,-0.09892502,0.00872119,19.192,11.363,0.909
12181946875,0.98114250,-0.16551821,-0.09942541,0.00881467,19.243,11.421,0.913
12201946975,0.98114250,-0.16551821,-0.09942541,0.00881467,19.243,11.421,0.913
12221947075,0.98114250,-0.16551821,-0.09942541,0.00881467,19.243,11.421,0.913
12241947175,0.98097397,-0.16627903,-0.09982295,0.00875971,19.335,11.464,0.936
12261947275,0.98085354,-0.16668692,-0.10031614,0.00885831,19.384,11.522,0.939
12281947375,0.98085354,-0.16668692,-0.10031614,0.00885831,19.384,11.522,0.939
12301947450,0.98085354,-0.16668692,-0.10031614,0.00885831,19.384,11.522,0.939
12321947550,0.98068322,-0.16744730,-0.10071883,0.00880564,19.477,11.566,0.963
12341947675,0.98056613,-0.16784123,-0.10119209,0.00891847,19.524,11.621,0.964
12361947750,0.98056613,-0.16784123,-0.10119209,0.00891847,19.524,11.621,0.964
12381947875,0.98056613,-0.16784123,-0.10119209,0.00891847,19.524,11.621,0.964
12401947975,0.98039329,-0.16860724,-0.10159733,0.00886401,19.617,11.666,0.988
12421948075,0.98027561,-0.16899966,-0.10206979,0.00897738,19.665,11.721,0.989
12441948175,0.98027561,-0.16899966,-0.10206979,0.00897738,19.665,11.721,0.989
12491948425,0.98027561,-0.16899966,-0.10206979,0.00897738,19.665,11.721,0.989
12511948525,0.98010065,-0.16976649,-0.10248122,0.00892547,19.758,11.766,1.013
12531948625,0.97998227,-0.17015857,-0.10295198,0.00903840,19.806,11.821,1.014
12551948725,0.97998227,-0.17015857,-0.10295198,0.00903840,19.806,11.821,1.014
12571948825,0.97998227,-0.17015857,-0.10295198,0.00903840,19.806,11.821,1.014
12591948925,0.97980487,-0.17093056,-0.10336558,0.00898463,19.900,11.866,1.038
12611949025,0.97968588,-0.17132125,-0.10383563,0.00909811,19.947,11.921,1.040
12631949125,0.97968588,-0.17132125,-0.10383563,0.00909811,19.947,11.921,1.040
12651949225,0.97968588,-0.17132125,-0.10383563,0.00909811,19.947,11.921,1.040
12671949325,0.97950430,-0.17210641,-0.10425435,0.00904098,20.043,11.967,1.065
12691949425,0.97938657,-0.17248862,-0.10471772,0.00915499,20.089,12.021,1.066
12711949525,0.97938657,-0.17248862,-0.10471772,0.00915499,20.089,12.021,1.066
12731949625,0.97938657,-0.17248862,-0.10471772,0.00915499,20.089,12.021,1.066
12751949725,0.97920350,-0.17327289,-0.10513908,0.00909884,20.185,12.067,1.091
12771949825,0.97908642,-0.17365000,-0.10559634,0.00921240,20.231,12.121,1.092
12791949925,0.97908642,-0.17365000,-0.10559634,0.00921240,20.231,12.121,1.092
12811950025,0.97908642,-0.17365000,-0.10559634,0.00921240,20.231,12.121,1.092
12831950125,0.97890098,-0.17443786,-0.10602112,0.00915585,20.327,12.167,1.117
12851950225,0.97878329,-0.17481395,-0.10647734,0.00926963,20.373,12.221,1.119
12871950325,0.97878329,-0.17481395,-0.10647734,0.00926963,20.373,12.221,1.119
12891950425,0.97878329,-0.17481395,-0.10647734,0.00926963,20.373,12.221,1.119
12911950525,0.97859562,-0.17560503,-0.10690469,0.00921225,20.469,12.267,1.144
12931950625,0.97847125,-0.17600085,-0.10738114,0.00932782,20.518,12.323,1.146
12951950725,0.97847125,-0.17600085,-0.10738114,0.00932782,20.518,12.323,1.146
12971950825,0.97847125,-0.17600085,-0.10738114,0.00932782,20.518,12.323,1.146
12991950925,0.97828096,-0.17679609,-0.10781266,0.00927025,20.615,12.370,1.172
13011951025,0.97815596,-0.17719075,-0.10828789,0.00938600,20.663,12.426,1.174
13031951125,0.97815596,-0.17719075,-0.10828789,0.00938600,20.663,12.426,1.174
13051951225,0.97815596,-0.17719075,-0.10828789,0.00938600,20.663,12.426,1.174
13071951325,0.97796459,-0.17798289,-0.10872119,0.00932985,20.760,12.473,1.200
13121951575,0.97783864,-0.17837755,-0.10919671,0.00944022,20.809,12.528,1.203
13141951675,0.97783864,-0.17837755,-0.10919671,0.00944022,20.809,12.528,1.203
13161951775,0.97783864,-0.17837755,-0.10919671,0.00944022,20.809,12.528,1.203
13181951875,0.97764408,-0.17917676,-0.10963444,0.00938275,20.907,12.576,1.229
13201951975,0.97751769,-0.17956896,-0.11010964,0.00948834,20.955,12.631,1.233
13221952075,0.97751769,-0.17956896,-0.11010964,0.00948834,20.955,12.631,1.233
13241952175,0.97751769,-0.17956896,-0.11010964,0.00948834,20.955,12.631,1.233
13261952275,0.97731939,-0.18037715,-0.11055305,0.00942953,21.054,12.679,1.260
13281952350,0.97719107,-0.18077218,-0.11103193,0.00953593,21.103,12.735,1.263
13301952475,0.97719107,-0.18077218,-0.11103193,0.00953593,21.103,12.735,1.263
13321952575,0.97719107,-0.18077218,-0.11103193,0.00953593,21.103,12.735,1.263
13341952675,0.97699076,-0.18158168,-0.11147796,0.00947714,21.202,12.783,1.291
13361952775,0.97686008,-0.18198137,-0.11196124,0.00958404,21.251,12.840,1.294
13381952875,0.97686008,-0.18198137,-0.11196124,0.00958404,21.251,12.840,1.294
13401952975,0.97686008,-0.18198137,-0.11196124,0.00958404,21.251,12.840,1.294
13421953075,0.97665715,-0.18279465,-0.11241092,0.00952484,21.351,12.889,1.322
13441953175,0.97652578,-0.18319325,-0.11289309,0.00963198,21.400,12.945,1.326
13461953275,0.97652578,-0.18319325,-0.11289309,0.00963198,21.400,12.945,1.326
13481953350,0.97652578,-0.18319325,-0.11289309,0.00963198,21.400,12.945,1.326
13501953450,0.97631965,-0.18401148,-0.11334928,0.00957389,21.501,12.994,1.354
13521953575,0.97618774,-0.18440872,-0.11382966,0.00968093,21.550,13.050,1.358
13541953675,0.97618774,-0.18440872,-0.11382966,0.00968093,21.550,13.050,1.358
13561953775,0.97618774,-0.18440872,-0.11382966,0.00968093,21.550,13.050,1.358
13581953875,0.97597923,-0.18523015,-0.11428808,0.00962166,21.652,13.100,1.386
13601953975,0.97584658,-0.18562643,-0.11476770,0.00972910,21.701,13.156,1.390
13621954075,0.97584658,-0.18562643,-0.11476770,0.00972910,21.701,13.156,1.390
13641954150,0.97584658,-0.18562643,-0.11476770,0.00972910,21.701,13.156,1.390
13661954275,0.97563650,-0.18644860,-0.11522534,0.00966760,21.802,13.205,1.419
13681954375,0.97550297,-0.18684389,-0.11570591,0.00977049,21.851,13.261,1.423
13701954475,0.97550297,-0.18684389,-0.11570591,0.00977049,21.851,13.261,1.423
13721954575,0.97550297,-0.18684389,-0.11570591,0.00977049,21.851,13.261,1.423
13761954775,0.97528965,-0.18767130,-0.11616930,0.00970943,21.954,13.311,1.452
13781954875,0.97515563,-0.18806453,-0.11664925,0.00980717,22.002,13.367,1.458
13801954975,0.97515563,-0.18806453,-0.11664925,0.00980717,22.002,13.367,1.458
13821955075,0.97515563,-0.18806453,-0.11664925,0.00980717,22.002,13.367,1.458
13841955175,0.97493959,-0.18889572,-0.11711631,0.00974569,22.105,13.417,1.487
13861955275,0.97480490,-0.18928785,-0.11759515,0.00984366,22.154,13.473,1.492
13881955375,0.97480490,-0.18928785,-0.11759515,0.00984366,22.154,13.473,1.492
13901955475,0.97480490,-0.18928785,-0.11759515,0.00984366,22.154,13.473,1.492
13921955550,0.97458626,-0.19012304,-0.11806438,0.00978051,22.258,13.524,1.522
13941955675,0.97445087,-0.19051401,-0.11854247,0.00987900,22.307,13.579,1.528
13961955775,0.97445087,-0.19051401,-0.11854247,0.00987900,22.307,13.579,1.528
13981955875,0.97445087,-0.19051401,-0.11854247,0.00987900,22.307,13.579,1.528
14001955975,0.97422940,-0.19135284,-0.11901605,0.00981602,22.411,13.630,1.558
14021956075,0.97409336,-0.19174274,-0.11949286,0.00991462,22.459,13.686,1.563
14041956175,0.97409336,-0.19174274,-0.11949286,0.00991462,22.459,13.686,1.563
14061956275,0.97409336,-0.19174274,-0.11949286,0.00991462,22.459,13.686,1.563
14081956375,0.97386802,-0.19258917,-0.11997267,0.00985125,22.565,13.737,1.594
14101956475,0.97372916,-0.19298378,-0.12045715,0.00994287,22.614,13.793,1.601
14121956575,0.97372916,-0.19298378,-0.12045715,0.00994287,22.614,13.793,1.601
14141956675,0.97372916,-0.19298378,-0.12045715,0.00994287,22.614,13.793,1.601
14161956775,0.97350148,-0.19383219,-0.12093944,0.00987906,22.720,13.845,1.632
14181956875,0.97336100,-0.19422837,-0.12142622,0.00996853,22.769,13.902,1.639
14201956950,0.97336100,-0.19422837,-0.12142622,0.00996853,22.769,13.902,1.639
14221957075,0.97336100,-0.19422837,-0.12142622,0.00996853,22.769,13.902,1.639
14241957150,0.97313047,-0.19508054,-0.12191219,0.00990428,22.876,13.954,1.670
14261957275,0.97298927,-0.19547593,-0.12239732,0.00999660,22.925,14.010,1.677
14281957375,0.97298927,-0.19547593,-0.12239732,0.00999660,22.925,14.010,1.677
14301957450,0.97298927,-0.19547593,-0.12239732,0.00999660,22.925,14.010,1.677
14321957575,0.97275746,-0.19632514,-0.12288485,0.00993380,23.031,14.062,1.709
14341957675,0.97261512,-0.19672200,-0.12336778,0.01003371,23.081,14.118,1.715
14361957775,0.97261512,-0.19672200,-0.12336778,0.01003371,23.081,14.118,1.715
14401957975,0.97261512,-0.19672200,-0.12336778,0.01003371,23.081,14.118,1.715
14421958075,0.97237964,-0.19757821,-0.12386002,0.00996957,23.188,14.171,1.747
14441958175,0.97223680,-0.19797317,-0.12434157,0.01006992,23.238,14.227,1.753
14461958275,0.97223680,-0.19797317,-0.12434157,0.01006992,23.238,14.227,1.753
14481958375,0.97223680,-0.19797317,-0.12434157,0.01006992,23.238,14.227,1.753
14501958475,0.97199722,-0.19883696,-0.12484048,0.01000571,23.346,14.280,1.785
14521958575,0.97185053,-0.19924014,-0.12533065,0.01010701,23.397,14.337,1.792
14541958575,0.97185053,-0.19924014,-0.12533065,0.01010701,23.397,14.337,1.792
14661961875,0.97185053,-0.19924014,-0.12533065,0.01010701,23.397,14.337,1.792
14681961175,0.97160965,-0.20010238,-0.12582884,0.01004161,23.505,14.391,1.825
14701960725,0.97146190,-0.20050503,-0.12631998,0.01013815,23.556,14.448,1.832
14721960300,0.97146190,-0.20050503,-0.12631998,0.01013815,23.556,14.448,1.832
14741959675,0.97146190,-0.20050503,-0.12631998,0.01013815,23.556,14.448,1.832
14761959775,0.97121748,-0.20137274,-0.12682338,0.01007260,23.665,14.501,1.865
14781959875,0.97106921,-0.20177317,-0.12731408,0.01016415,23.716,14.558,1.873
14801959975,0.97106921,-0.20177317,-0.12731408,0.01016415,23.716,14.558,1.873
14821960075,0.97106921,-0.20177317,-0.12731408,0.01016415,23.716,14.558,1.873
14841960175,0.97082177,-0.20264466,-0.12782123,0.01009818,23.825,14.612,1.907
14861960275,0.97067271,-0.20304497,-0.12830915,0.01019773,23.876,14.669,1.914
14881960375,0.97067271,-0.20304497,-0.12830915,0.01019773,23.876,14.669,1.914
14901960475,0.97067271,-0.20304497,-0.12830915,0.01019773,23.876,14.669,1.914
14921960575,0.97042272,-0.20391938,-0.12881780,0.01012988,23.986,14.723,1.948
14941960675,0.97028681,-0.20428093,-0.12925843,0.01025006,24.031,14.775,1.951
14961960775,0.97028681,-0.20428093,-0.12925843,0.01025006,24.031,14.775,1.951
14981960875,0.97028681,-0.20428093,-0.12925843,0.01025006,24.031,14.775,1.951
15031961125,0.97003375,-0.20515901,-0.12977143,0.01018242,24.142,14.829,1.986
15051961225,0.96989729,-0.20551948,-0.13021075,0.01030269,24.188,14.881,1.989
15071961300,0.96989729,-0.20551948,-0.13021075,0.01030269,24.188,14.881,1.989
15091961425,0.96989729,-0.20551948,-0.13021075,0.01030269,24.188,14.881,1.989
15111962725,0.96964082,-0.20640149,-0.13072994,0.01023673,24.299,14.936,2.023
15131961600,0.96950378,-0.20676222,-0.13116530,0.01036708,24.344,14.988,2.025
15151961725,0.96950378,-0.20676222,-0.13116530,0.01036708,24.344,14.988,2.025
15171961825,0.96950378,-0.20676222,-0.13116530,0.01036708,24.344,14.988,2.025
15191961925,0.96924452,-0.20764766,-0.13168685,0.01029972,24.456,15.043,2.061
15211962025,0.96910685,-0.20800736,-0.13212137,0.01043051,24.501,15.095,2.063
15231962125,0.96910685,-0.20800736,-0.13212137,0.01043051,24.501,15.095,2.063
15251962225,0.96910685,-0.20800736,-0.13212137,0.01043051,24.501,15.095,2.063
15271962325,0.96884367,-0.20889958,-0.13264818,0.01036229,24.614,15.151,2.098
15291962425,0.96870569,-0.20925675,-0.13308228,0.01048824,24.660,15.202,2.101
15311962475,0.96870569,-0.20925675,-0.13308228,0.01048824,24.660,15.202,2.101
15331962625,0.96870569,-0.20925675,-0.13308228,0.01048824,24.660,15.202,2.101
15351962725,0.96843990,-0.21015101,-0.13361190,0.01041983,24.773,15.258,2.137
15371962825,0.96830130,-0.21050677,-0.13404617,0.01054080,24.818,15.309,2.140
15391962900,0.96830130,-0.21050677,-0.13404617,0.01054080,24.818,15.309,2.140
15411963025,0.96830130,-0.21050677,-0.13404617,0.01054080,24.818,15.309,2.140
15431963125,0.96803245,-0.21140460,-0.13457939,0.01047200,24.932,15.366,2.177
15451963225,0.96789328,-0.21175930,-0.13501252,0.01059319,24.977,15.417,2.180
15471963325,0.96789328,-0.21175930,-0.13501252,0.01059319,24.977,15.417,2.180
15491963425,0.96789328,-0.21175930,-0.13501252,0.01059319,24.977,15.417,2.180
15511963525,0.96762174,-0.21266144,-0.13554561,0.01052006,25.092,15.473,2.218
15531963625,0.96748191,-0.21301488,-0.13597851,0.01064235,25.137,15.524,2.221
15551963725,0.96748191,-0.21301488,-0.13597851,0.01064235,25.137,15.524,2.221
15571963825,0.96748191,-0.21301488,-0.13597851,0.01064235,25.137,15.524,2.221
15591963900,0.96720706,-0.21392023,-0.13651703,0.01057072,25.252,15.581,2.258
15611964025,0.96706672,-0.21427269,-0.13694833,0.01069281,25.297,15.632,2.262
15661964275,0.96706672,-0.21427269,-0.13694833,0.01069281,25.297,15.632,2.262
15681964375,0.96706672,-0.21427269,-0.13694833,0.01069281,25.297,15.632,2.262
15701964475,0.96678749,-0.21518372,-0.13749560,0.01062426,25.413,15.690,2.300
15721964575,0.96664405,-0.21554226,-0.13793231,0.01074640,25.459,15.741,2.303
15741964675,0.96664405,-0.21554226,-0.13793231,0.01074640,25.459,15.741,2.303
15761964775,0.96664405,-0.21554226,-0.13793231,0.01074640,25.459,15.741,2.303
15781964875,0.96636222,-0.21645588,-0.13848082,0.01067579,25.576,15.799,2.342
15801964975,0.96621712,-0.21681611,-0.13891956,0.01079874,25.622,15.851,2.346
15821965050,0.96621712,-0.21681611,-0.13891956,0.01079874,25.622,15.851,2.346
15841965150,0.96621712,-0.21681611,-0.13891956,0.01079874,25.622,15.851,2.346
15861965275,0.96593207,-0.21773331,-0.13947170,0.01072770,25.739,15.909,2.384
15881965375,0.96578638,-0.21809245,-0.13990927,0.01085088,25.785,15.961,2.388
15901965475,0.96578638,-0.21809245,-0.13990927,0.01085088,25.785,15.961,2.388
15921965575,0.96578638,-0.21809245,-0.13990927,0.01085088,25.785,15.961,2.388
15941965675,0.96549881,-0.21901002,-0.14046501,0.01078150,25.903,16.019,2.427
15961965775,0.96535237,-0.21936885,-0.14090141,0.01090444,25.949,16.071,2.431
15981965875,0.96535237,-0.21936885,-0.14090141,0.01090444,25.949,16.071,2.431
16001965975,0.96535237,-0.21936885,-0.14090141,0.01090444,25.949,16.071,2.431
16021966075,0.96506119,-0.22029152,-0.14146084,0.01083367,26.067,16.130,2.471
16041966150,0.96491425,-0.22064890,-0.14189606,0.01095705,26.113,16.181,2.475
16061980950,0.96491425,-0.22064890,-0.14189606,0.01095705,26.113,16.181,2.475
16081965075,0.96491425,-0.22064890,-0.14189606,0.01095705,26.113,16.181,2.475
16101966475,0.96461993,-0.22157680,-0.14245598,0.01088156,26.232,16.240,2.515
16121966575,0.96446955,-0.22193916,-0.14290037,0.01099906,26.279,16.292,2.521
16141966675,0.96446955,-0.22193916,-0.14290037,0.01099906,26.279,16.292,2.521
16161966775,0.96446955,-0.22193916,-0.14290037,0.01099906,26.279,16.292,2.521
16181966875,0.96417182,-0.22286987,-0.14346556,0.01092527,26.399,16.351,2.561
16201966975,0.96401991,-0.22323348,-0.14391156,0.01104017,26.446,16.403,2.567
16221967075,0.96401991,-0.22323348,-0.14391156,0.01104017,26.446,16.403,2.567
16241967175,0.96401991,-0.22323348,-0.14391156,0.01104017,26.446,16.403,2.567
16281967375,0.96371881,-0.22416776,-0.14448049,0.01096601,26.566,16.463,2.608
16301967475,0.96356631,-0.22453026,-0.14492529,0.01108112,26.613,16.515,2.614
16321967575,0.96356631,-0.22453026,-0.14492529,0.01108112,26.613,16.515,2.614
16341967675,0.96356631,-0.22453026,-0.14492529,0.01108112,26.613,16.515,2.614
16361967750,0.96326043,-0.22547319,-0.14549945,0.01100452,26.735,16.575,2.656
16381967875,0.96310766,-0.22583337,-0.14594269,0.01112032,26.782,16.627,2.662
16401967975,0.96310766,-0.22583337,-0.14594269,0.01112032,26.782,16.627,2.662
16421968075,0.96310766,-0.22583337,-0.14594269,0.01112032,26.782,16.627,2.662
16441968175,0.96279904,-0.22677737,-0.14651981,0.01104430,26.904,16.687,2.704
16461968275,0.96264551,-0.22713703,-0.14696203,0.01116010,26.951,16.739,2.710
16481968350,0.96264551,-0.22713703,-0.14696203,0.01116010,26.951,16.739,2.710
16501968475,0.96264551,-0.22713703,-0.14696203,0.01116010,26.951,16.739,2.710
16521968550,0.96233533,-0.22807832,-0.14754019,0.01108541,27.073,16.799,2.752
16541968650,0.96218477,-0.22842825,-0.14797146,0.01120021,27.119,16.850,2.758
16561968775,0.96218477,-0.22842825,-0.14797146,0.01120021,27.119,16.850,2.758
16581968875,0.96218477,-0.22842825,-0.14797146,0.01120021,27.119,16.850,2.758
16601968975,0.96187031,-0.22937594,-0.14855447,0.01112426,27.242,16.911,2.801
16621969075,0.96171940,-0.22972408,-0.14898428,0.01123946,27.287,16.961,2.806
16641969175,0.96171940,-0.22972408,-0.14898428,0.01123946,27.287,16.961,2.806
16661969275,0.96171940,-0.22972408,-0.14898428,0.01123946,27.287,16.961,2.806
16681969375,0.96140277,-0.23067021,-0.14957034,0.01116621,27.410,17.022,2.849
16701969475,0.96124700,-0.23102781,-0.15001067,0.01127670,27.457,17.074,2.856
16721969575,0.96124700,-0.23102781,-0.15001067,0.01127670,27.457,17.074,2.856
16741969675,0.96124700,-0.23102781,-0.15001067,0.01127670,27.457,17.074,2.856
16761969775,0.96092623,-0.23197997,-0.15060079,0.01120157,27.581,17.135,2.900
16781969850,0.96076600,-0.23234517,-0.15105143,0.01130835,27.630,17.188,2.908
16801969975,0.96076600,-0.23234517,-0.15105143,0.01130835,27.630,17.188,2.908
16821970075,0.96076600,-0.23234517,-0.15105143,0.01130835,27.630,17.188,2.908
16841970175,0.96044165,-0.23330096,-0.15164535,0.01123282,27.754,17.250,2.952
16861970250,0.96028082,-0.23366501,-0.15209476,0.01133984,27.802,17.302,2.960
16881970375,0.96028082,-0.23366501,-0.15209476,0.01133984,27.802,17.302,2.960
16921970575,0.96028082,-0.23366501,-0.15209476,0.01133984,27.802,17.302,2.960
16941970675,0.95995035,-0.23463186,-0.15269697,0.01126318,27.929,17.364,3.005
16961970775,0.95978939,-0.23499461,-0.15314157,0.01138080,27.977,17.417,3.012
16981970875,0.95978939,-0.23499461,-0.15314157,0.01138080,27.977,17.417,3.012
17001970975,0.95978939,-0.23499461,-0.15314157,0.01138080,27.977,17.417,3.012
17021971075,0.95945655,-0.23596128,-0.15374529,0.01130411,28.103,17.479,3.057
17041971175,0.95929469,-0.23632379,-0.15418919,0.01142188,28.151,17.531,3.064
17061971275,0.95929469,-0.23632379,-0.15418919,0.01142188,28.151,17.531,3.064
17081971375,0.95929469,-0.23632379,-0.15418919,0.01142188,28.151,17.531,3.064
17101971450,0.95895973,-0.23729061,-0.15479260,0.01134283,28.278,17.594,3.109
17121971575,0.95879395,-0.23765789,-0.15524778,0.01144660,28.327,17.646,3.119
17141971675,0.95879395,-0.23765789,-0.15524778,0.01144660,28.327,17.646,3.119
17161971775,0.95879395,-0.23765789,-0.15524778,0.01144660,28.327,17.646,3.119
17181971875,0.95845459,-0.23862983,-0.15585691,0.01136812,28.455,17.709,3.165
17201971975,0.95828736,-0.23899729,-0.15631423,0.01146703,28.504,17.762,3.175
17221972075,0.95828736,-0.23899729,-0.15631423,0.01146703,28.504,17.762,3.175
17241972175,0.95828736,-0.23899729,-0.15631423,0.01146703,28.504,17.762,3.175
17261970975,0.95794429,-0.23997275,-0.15692715,0.01138816,28.633,17.826,3.221
17281972025,0.95777643,-0.24033906,-0.15738323,0.01148729,28.682,17.878,3.231
17401975375,0.95777643,-0.24033906,-0.15738323,0.01148729,28.682,17.878,3.231
17421974725,0.95777643,-0.24033906,-0.15738323,0.01148729,28.682,17.878,3.231
17441974250,0.95742832,-0.24131930,-0.15800552,0.01141360,28.811,17.943,3.278
17461973775,0.95726015,-0.24168417,-0.15845898,0.01151172,28.860,17.995,3.288
17481973375,0.95726015,-0.24168417,-0.15845898,0.01151172,28.860,17.995,3.288
17501973475,0.95726015,-0.24168417,-0.15845898,0.01151172,28.860,17.995,3.288
17551973725,0.95691133,-0.24266197,-0.15907602,0.01143186,28.989,18.059,3.336
17571973825,0.95674181,-0.24302710,-0.15953043,0.01153151,29.039,18.111,3.346
17591973925,0.95674181,-0.24302710,-0.15953043,0.01153151,29.039,18.111,3.346
17611974025,0.95674181,-0.24302710,-0.15953043,0.01153151,29.039,18.111,3.346
17631974125,0.95638809,-0.24401086,-0.16015416,0.01145271,29.169,18.175,3.394
17651974225,0.95621822,-0.24437426,-0.16060661,0.01155226,29.218,18.228,3.404
17671974325,0.95621822,-0.24437426,-0.16060661,0.01155226,29.218,18.228,3.404
17691974425,0.95621822,-0.24437426,-0.16060661,0.01155226,29.218,18.228,3.404
17711974525,0.95585948,-0.24536616,-0.16123449,0.01146955,29.350,18.292,3.454
17731974625,0.95571048,-0.24568386,-0.16162365,0.01160636,29.392,18.339,3.457
17751974725,0.95571048,-0.24568386,-0.16162365,0.01160636,29.392,18.339,3.457
17771974825,0.95571048,-0.24568386,-0.16162365,0.01160636,29.392,18.339,3.457
17791974900,0.95534886,-0.24667633,-0.16225452,0.01152489,29.524,18.403,3.506
17811975000,0.95519921,-0.24699364,-0.16264261,0.01166155,29.566,18.450,3.509
17831975125,0.95519921,-0.24699364,-0.16264261,0.01166155,29.566,18.450,3.509
17851975225,0.95519921,-0.24699364,-0.16264261,0.01166155,29.566,18.450,3.509
17871975325,0.95483405,-0.24798773,-0.16327848,0.01158294,29.698,18.515,3.559
17891975425,0.95468280,-0.24830692,-0.16366757,0.01171931,29.741,18.561,3.562
17911975525,0.95468280,-0.24830692,-0.16366757,0.01171931,29.741,18.561,3.562
17931975600,0.95468280,-0.24830692,-0.16366757,0.01171931,29.741,18.561,3.562
17951975725,0.95431337,-0.24930535,-0.16430857,0.01164136,29.874,18.627,3.612
17971975825,0.95415848,-0.24963077,-0.16470379,0.01177837,29.917,18.674,3.616
17991975925,0.95415848,-0.24963077,-0.16470379,0.01177837,29.917,18.674,3.616
18011976025,0.95415848,-0.24963077,-0.16470379,0.01177837,29.917,18.674,3.616
18031976125,0.95378551,-0.25063238,-0.16534737,0.01169882,30.052,18.740,3.667
18051976225,0.95363007,-0.25095677,-0.16574162,0.01183631,30.095,18.787,3.671
18071976325,0.95363007,-0.25095677,-0.16574162,0.01183631,30.095,18.787,3.671
18091976425,0.95363007,-0.25095677,-0.16574162,0.01183631,30.095,18.787,3.671
18111976500,0.95325332,-0.25196237,-0.16638781,0.01175443,30.230,18.853,3.722
18131976625,0.95309752,-0.25228375,-0.16678376,0.01188240,30.273,18.900,3.727
18181976875,0.95309752,-0.25228375,-0.16678376,0.01188240,30.273,18.900,3.727
18201976975,0.95309752,-0.25228375,-0.16678376,0.01188240,30.273,18.900,3.727
18221977075,0.95271697,-0.25329222,-0.16743401,0.01180112,30.408,18.966,3.779
18241977175,0.95256069,-0.25361264,-0.16782863,0.01192909,30.451,19.013,3.784
18261977275,0.95256069,-0.25361264,-0.16782863,0.01192909,30.451,19.013,3.784
18281977350,0.95256069,-0.25361264,-0.16782863,0.01192909,30.451,19.013,3.784
18301977475,0.95217465,-0.25462849,-0.16848560,0.01184771,30.588,19.080,3.837
18321977575,0.95201490,-0.25495437,-0.16888595,0.01197650,30.632,19.127,3.842
18341977675,0.95201490,-0.25495437,-0.16888595,0.01197650,30.632,19.127,3.842
18361977775,0.95201490,-0.25495437,-0.16888595,0.01197650,30.632,19.127,3.842
18381977875,0.95162575,-0.25597150,-0.16954508,0.01189467,30.769,19.195,3.895
18401977975,0.95146418,-0.25629928,-0.16994711,0.01202391,30.814,19.242,3.901
18421978075,0.95146418,-0.25629928,-0.16994711,0.01202391,30.814,19.242,3.901
18441978175,0.95146418,-0.25629928,-0.16994711,0.01202391,30.814,19.242,3.901
18461978275,0.95107112,-0.25731963,-0.17060987,0.01194174,30.952,19.309,3.955
18481978375,0.95090904,-0.25764635,-0.17101066,0.01207119,30.996,19.357,3.960
18501978475,0.95090904,-0.25764635,-0.17101066,0.01207119,30.996,19.357,3.960
18521978575,0.95090904,-0.25764635,-0.17101066,0.01207119,30.996,19.357,3.960
18541978675,0.95051419,-0.25866479,-0.17167291,0.01198796,31.134,19.424,4.014
18561978775,0.95035110,-0.25899167,-0.17207343,0.01211777,31.178,19.471,4.020
18581978875,0.95035110,-0.25899167,-0.17207343,0.01211777,31.178,19.471,4.020
18601978975,0.95035110,-0.25899167,-0.17207343,0.01211777,31.178,19.471,4.020
18621979075,0.94995127,-0.26001577,-0.17274130,0.01203454,31.317,19.539,4.075
18641979175,0.94978792,-0.26034099,-0.17314010,0.01216447,31.362,19.586,4.081
18661979275,0.94978792,-0.26034099,-0.17314010,0.01216447,31.362,19.586,4.081
18681979375,0.94978792,-0.26034099,-0.17314010,0.01216447,31.362,19.586,4.081
18701979475,0.94938356,-0.26136894,-0.17381350,0.01208292,31.502,19.655,4.136
18721979575,0.94921995,-0.26169156,-0.17421267,0.01220501,31.546,19.702,4.143
18741979675,0.94921995,-0.26169156,-0.17421267,0.01220501,31.546,19.702,4.143
18761979775,0.94921995,-0.26169156,-0.17421267,0.01220501,31.546,19.702,4.143
18821980075,0.94881186,-0.26272235,-0.17488876,0.01212215,31.686,19.770,4.198
18841980175,0.94864772,-0.26304351,-0.17528761,0.01224213,31.730,19.817,4.205
18861980275,0.94864772,-0.26304351,-0.17528761,0.01224213,31.730,19.817,4.205
18881980375,0.94864772,-0.26304351,-0.17528761,0.01224213,31.730,19.817,4.205
18901980475,0.94823632,-0.26407744,-0.17596383,0.01215392,31.872,19.885,4.262
18921980575,0.94807152,-0.26439751,-0.17636230,0.01227521,31.916,19.932,4.269
18941980675,0.94807152,-0.26439751,-0.17636230,0.01227521,31.916,19.932,4.269
18961980750,0.94807152,-0.26439751,-0.17636230,0.01227521,31.916,19.932,4.269
18981980875,0.94765575,-0.26543457,-0.17704377,0.01218908,32.058,20.000,4.326
19001980975,0.94749054,-0.26575359,-0.17744058,0.01231004,32.102,20.047,4.334
19021981075,0.94749054,-0.26575359,-0.17744058,0.01231004,32.102,20.047,4.334
19041981175,0.94749054,-0.26575359,-0.17744058,0.01231004,32.102,20.047,4.334
19061981275,0.94707071,-0.26679376,-0.17812565,0.01222359,32.245,20.116,4.391
19081981375,0.94690383,-0.26711420,-0.17852377,0.01234498,32.289,20.163,4.399
19101981475,0.94690383,-0.26711420,-0.17852377,0.01234498,32.289,20.163,4.399
19121981600,0.94690383,-0.26711420,-0.17852377,0.01234498,32.289,20.163,4.399
19141981650,0.94647911,-0.26815886,-0.17921444,0.01225974,32.433,20.232,4.457
19161981775,0.94630835,-0.26848538,-0.17961848,0.01238169,32.478,20.279,4.464
19181981875,0.94630835,-0.26848538,-0.17961848,0.01238169,32.478,20.279,4.464
19201981975,0.94630835,-0.26848538,-0.17961848,0.01238169,32.478,20.279,4.464
19221982075,0.94587984,-0.26953253,-0.18031185,0.01229538,32.622,20.349,4.523
19241982175,0.94570849,-0.26985811,-0.18071484,0.01241770,32.668,20.396,4.531
19261982275,0.94570849,-0.26985811,-0.18071484,0.01241770,32.668,20.396,4.531
19281982375,0.94570849,-0.26985811,-0.18071484,0.01241770,32.668,20.396,4.531
19301982475,0.94527602,-0.27090836,-0.18141083,0.01232948,32.813,20.466,4.590
19321982575,0.94510049,-0.27124032,-0.18182045,0.01245306,32.859,20.514,4.599
19341982675,0.94510049,-0.27124032,-0.18182045,0.01245306,32.859,20.514,4.599
19361982775,0.94510049,-0.27124032,-0.18182045,0.01245306,32.859,20.514,4.599
19381982875,0.94466368,-0.27229369,-0.18252060,0.01236528,33.005,20.584,4.659
19401982975,0.94448644,-0.27262704,-0.18293135,0.01248913,33.052,20.632,4.667
19451983225,0.94448644,-0.27262704,-0.18293135,0.01248913,33.052,20.632,4.667
19471983325,0.94448644,-0.27262704,-0.18293135,0.01248913,33.052,20.632,4.667
19491983425,0.94404597,-0.27368179,-0.18363462,0.01240215,33.198,20.702,4.728
19511983525,0.94387050,-0.27400950,-0.18403911,0.01252547,33.244,20.749,4.736
19531983625,0.94387050,-0.27400950,-0.18403911,0.01252547,33.244,20.749,4.736
19551983725,0.94387050,-0.27400950,-0.18403911,0.01252547,33.244,20.749,4.736
19571983825,0.94342552,-0.27506805,-0.18474619,0.01243760,33.391,20.820,4.797
19591983925,0.94325205,-0.27538954,-0.18514425,0.01256076,33.436,20.867,4.805
19611984025,0.94325205,-0.27538954,-0.18514425,0.01256076,33.436,20.867,4.805
19631984125,0.94325205,-0.27538954,-0.18514425,0.01256076,33.436,20.867,4.805
19651984225,0.94280285,-0.27645106,-0.18585487,0.01247254,33.584,20.937,4.867
19671984325,0.94262888,-0.27677150,-0.18625167,0.01259591,33.630,20.984,4.875
19691984425,0.94262888,-0.27677150,-0.18625167,0.01259591,33.630,20.984,4.875
19711984525,0.94262888,-0.27677150,-0.18625167,0.01259591,33.630,20.984,4.875
19731984625,0.94217389,-0.27783849,-0.18696958,0.01251060,33.779,21.055,4.937
19751984725,0.94199495,-0.27816518,-0.18737733,0.01262437,33.825,21.103,4.948
19771984825,0.94199495,-0.27816518,-0.18737733,0.01262437,33.825,21.103,4.948
19791984925,0.94199495,-0.27816518,-0.18737733,0.01262437,33.825,21.103,4.948
19811985025,0.94153632,-0.27923405,-0.18809710,0.01253718,33.975,21.174,5.010
19831985100,0.94135670,-0.27955992,-0.18850399,0.01265149,34.021,21.221,5.020
19851985225,0.94135670,-0.27955992,-0.18850399,0.01265149,34.021,21.221,5.020
19871985325,0.94135670,-0.27955992,-0.18850399,0.01265149,34.021,21.221,5.020
19891985425,0.94089513,-0.28063012,-0.18922305,0.01255863,34.172,21.292,5.084
19911985525,0.94071221,-0.28095922,-0.18963629,0.01266981,34.219,21.340,5.095
19931985625,0.94071221,-0.28095922,-0.18963629,0.01266981,34.219,21.340,5.095
19951985725,0.94071221,-0.28095922,-0.18963629,0.01266981,34.219,21.340,5.095
19971985825,0.94024556,-0.28203322,-0.19036103,0.01257922,34.370,21.412,5.159
19991985925,0.94005982,-0.28236496,-0.19077904,0.01268550,34.418,21.460,5.172
20011986025,0.94005982,-0.28236496,-0.19077904,0.01268550,34.418,21.460,5.172
20031986125,0.94005982,-0.28236496,-0.19077904,0.01268550,34.418,21.460,5.172
20051985925,0.93958870,-0.28344197,-0.19150744,0.01259462,34.570,21.532,5.236
20171989225,0.93940243,-0.28377260,-0.19192414,0.01270111,34.618,21.580,5.248
20191988600,0.93940243,-0.28377260,-0.19192414,0.01270111,34.618,21.580,5.248
20211988075,0.93940243,-0.28377260,-0.19192414,0.01270111,34.618,21.580,5.248
20231987625,0.93892627,-0.28485190,-0.19265947,0.01261678,34.770,21.652,5.313
20251987225,0.93873959,-0.28518161,-0.19307403,0.01272194,34.818,21.700,5.326
20271987325,0.93873959,-0.28518161,-0.19307403,0.01272194,34.818,21.700,5.326
20291987425,0.93873959,-0.28518161,-0.19307403,0.01272194,34.818,21.700,5.326
20311987525,0.93826285,-0.28625620,-0.19380558,0.01263402,34.971,21.772,5.391
20331987625,0.93808228,-0.28657339,-0.19420314,0.01274614,35.016,21.818,5.402
20351987725,0.93808228,-0.28657339,-0.19420314,0.01274614,35.016,21.818,5.402
20371987825,0.93808228,-0.28657339,-0.19420314,0.01274614,35.016,21.818,5.402
20391987925,0.93759944,-0.28765456,-0.19494082,0.01265779,35.170,21.891,5.468
20411988000,0.93742133,-0.28796538,-0.19533066,0.01277213,35.215,21.936,5.478
20431988125,0.93742133,-0.28796538,-0.19533066,0.01277213,35.215,21.936,5.478
20451988225,0.93742133,-0.28796538,-0.19533066,0.01277213,35.215,21.936,5.478
20471988325,0.93693406,-0.28904938,-0.19607183,0.01268347,35.370,22.009,5.545
20491988725,0.93675925,-0.28935333,-0.19645051,0.01280474,35.414,22.053,5.554
20511988825,0.93675925,-0.28935333,-0.19645051,0.01280474,35.414,22.053,5.554
20531988925,0.93675925,-0.28935333,-0.19645051,0.01280474,35.414,22.053,5.554
20551989025,0.93626363,-0.29044894,-0.19720083,0.01271441,35.570,22.126,5.622
20571989125,0.93610070,-0.29073234,-0.19754719,0.01285637,35.610,22.168,5.627
20591989225,0.93610070,-0.29073234,-0.19754719,0.01285637,35.610,22.168,5.627
20611989325,0.93610070,-0.29073234,-0.19754719,0.01285637,35.610,22.168,5.627
20631989425,0.93560271,-0.29182617,-0.19829796,0.01276638,35.767,22.241,5.695
20651989525,0.93543892,-0.29210966,-0.19864377,0.01290837,35.808,22.283,5.700
20671989625,0.93543892,-0.29210966,-0.19864377,0.01290837,35.808,22.283,5.700
20721989875,0.93543892,-0.29210966,-0.19864377,0.01290837,35.808,22.283,5.700
20741989975,0.93493685,-0.29320685,-0.19939574,0.01281276,35.965,22.356,5.769
20761990075,0.93476867,-0.29349654,-0.19974843,0.01295685,36.007,22.398,5.775
20781990175,0.93476867,-0.29349654,-0.19974843,0.01295685,36.007,22.398,5.775
20801990275,0.93476867,-0.29349654,-0.19974843,0.01295685,36.007,22.398,5.775
20821990375,0.93426197,-0.29459614,-0.20050492,0.01286359,36.165,22.472,5.845
20841990475,0.93409211,-0.29488737,-0.20085858,0.01300751,36.207,22.514,5.850
20861990575,0.93409211,-0.29488737,-0.20085858,0.01300751,36.207,22.514,5.850
20881990675,0.93409211,-0.29488737,-0.20085858,0.01300751,36.207,22.514,5.850
20901990775,0.93358183,-0.29598682,-0.20161822,0.01291763,36.365,22.588,5.920
20921990875,0.93341402,-0.29627285,-0.20196559,0.01306041,36.406,22.630,5.926
20941990975,0.93341402,-0.29627285,-0.20196559,0.01306041,36.406,22.630,5.926
20961991075,0.93341402,-0.29627285,-0.20196559,0.01306041,36.406,22.630,5.926
20981991175,0.93289883,-0.29737627,-0.20272874,0.01296850,36.566,22.704,5.997
21001991275,0.93273341,-0.29765609,-0.20306980,0.01311132,36.606,22.745,6.002
21021991375,0.93273341,-0.29765609,-0.20306980,0.01311132,36.606,22.745,6.002
21041991475,0.93273341,-0.29765609,-0.20306980,0.01311132,36.606,22.745,6.002
21061991575,0.93221376,-0.29876209,-0.20383628,0.01301911,36.767,22.819,6.074
21081991675,0.93204799,-0.29904040,-0.20417688,0.01315961,36.807,22.860,6.079
21101991750,0.93204799,-0.29904040,-0.20417688,0.01315961,36.807,22.860,6.079
21121991875,0.93204799,-0.29904040,-0.20417688,0.01315961,36.807,22.860,6.079
21141991950,0.93152385,-0.30014878,-0.20494693,0.01306795,36.968,22.934,6.151
21161992075,0.93134706,-0.30044410,-0.20530874,0.01320302,37.011,22.977,6.159
21181992175,0.93134706,-0.30044410,-0.20530874,0.01320302,37.011,22.977,6.159
21201992275,0.93134706,-0.30044410,-0.20530874,0.01320302,37.011,22.977,6.159
21221992375,0.93081823,-0.30155537,-0.20608224,0.01311075,37.173,23.051,6.232
21241992475,0.93064104,-0.30184962,-0.20644275,0.01324606,37.217,23.094,6.239
21261992575,0.93064104,-0.30184962,-0.20644275,0.01324606,37.217,23.094,6.239
21281992675,0.93064104,-0.30184962,-0.20644275,0.01324606,37.217,23.094,6.239
21301992775,0.93010648,-0.30296575,-0.20722130,0.01315348,37.380,23.169,6.313
21321992875,0.92992914,-0.30325845,-0.20758013,0.01328896,37.423,23.212,6.321
21361993075,0.92992914,-0.30325845,-0.20758013,0.01328896,37.423,23.212,6.321
21381993175,0.92992914,-0.30325845,-0.20758013,0.01328896,37.423,23.212,6.321
21401993275,0.92939048,-0.30437605,-0.20836127,0.01319615,37.586,23.287,6.395
21421993375,0.92921259,-0.30466801,-0.20871901,0.01333178,37.630,23.329,6.403
21441993475,0.92921259,-0.30466801,-0.20871901,0.01333178,37.630,23.329,6.403
21461993575,0.92921259,-0.30466801,-0.20871901,0.01333178,37.630,23.329,6.403
21481993675,0.92866928,-0.30578814,-0.20950352,0.01323872,37.794,23.404,6.478
21501993775,0.92849102,-0.30607854,-0.20986078,0.01337205,37.837,23.447,6.486
21521993875,0.92849102,-0.30607854,-0.20986078,0.01337205,37.837,23.447,6.486
21541993975,0.92849102,-0.30607854,-0.20986078,0.01337205,37.837,23.447,6.486
21561994075,0.92794419,-0.30719981,-0.21064578,0.01327433,38.002,23.521,6.562
21581994175,0.92776535,-0.30748785,-0.21100493,0.01340138,38.045,23.564,6.571
21601994275,0.92776535,-0.30748785,-0.21100493,0.01340138,38.045,23.564,6.571
21621994375,0.92776535,-0.30748785,-0.21100493,0.01340138,38.045,23.564,6.571
21641994475,0.92721326,-0.30861229,-0.21179466,0.01330554,38.211,23.639,6.648
21661994575,0.92703415,-0.30889918,-0.21215219,0.01343228,38.255,23.681,6.657
21681994675,0.92703415,-0.30889918,-0.21215219,0.01343228,38.255,23.681,6.657
21701994775,0.92703415,-0.30889918,-0.21215219,0.01343228,38.255,23.681,6.657
21721994875,0.92647571,-0.31002925,-0.21294777,0.01333665,38.422,23.757,6.734
21741994975,0.92629241,-0.31032168,-0.21331092,0.01346423,38.466,23.799,6.744
21761995075,0.92629241,-0.31032168,-0.21331092,0.01346423,38.466,23.799,6.744
21781995175,0.92629241,-0.31032168,-0.21331092,0.01346423,38.466,23.799,6.744
21801995275,0.92572995,-0.31145274,-0.21410870,0.01336816,38.634,23.875,6.822
21821995375,0.92554464,-0.31174695,-0.21447333,0.01349620,38.678,23.918,6.832
21841995475,0.92554464,-0.31174695,-0.21447333,0.01349620,38.678,23.918,6.832
21861995575,0.92554464,-0.31174695,-0.21447333,0.01349620,38.678,23.918,6.832
21881995675,0.92497739,-0.31288045,-0.21527445,0.01339988,38.847,23.994,6.910
21901995775,0.92479165,-0.31317365,-0.21563779,0.01352809,38.892,24.036,6.920
21921995875,0.92479165,-0.31317365,-0.21563779,0.01352809,38.892,24.036,6.920
21941995975,0.92479165,-0.31317365,-0.21563779,0.01352809,38.892,24.036,6.920
21961996075,0.92421984,-0.31430861,-0.21644241,0.01343382,39.061,24.112,6.999
22001996275,0.92403361,-0.31460105,-0.21680438,0.01356168,39.105,24.155,7.010
22021996375,0.92403361,-0.31460105,-0.21680438,0.01356168,39.105,24.155,7.010
22041996475,0.92403361,-0.31460105,-0.21680438,0.01356168,39.105,24.155,7.010
22061996575,0.92345685,-0.31573886,-0.21761225,0.01346606,39.276,24.231,7.090
22081996675,0.92327023,-0.31603018,-0.21797295,0.01359433,39.320,24.273,7.100
22101996775,0.92327023,-0.31603018,-0.21797295,0.01359433,39.320,24.273,7.100
22121996875,0.92327023,-0.31603018,-0.21797295,0.01359433,39.320,24.273,7.100
22141996975,0.92269085,-0.31716485,-0.21878228,0.01350461,39.491,24.350,7.179
22161997025,0.92249755,-0.31746621,-0.21915204,0.01363273,39.537,24.393,7.190
22181997175,0.92249755,-0.31746621,-0.21915204,0.01363273,39.537,24.393,7.190
22201997275,0.92249755,-0.31746621,-0.21915204,0.01363273,39.537,24.393,7.190
22221997375,0.92191215,-0.31860599,-0.21996565,0.01353982,39.708,24.469,7.271
22241997475,0.92171868,-0.31890566,-0.22033390,0.01366875,39.754,24.512,7.282
22261997575,0.92171868,-0.31890566,-0.22033390,0.01366875,39.754,24.512,7.282
22281997675,0.92171868,-0.31890566,-0.22033390,0.01366875,39.754,24.512,7.282
22301997775,0.92112681,-0.32005123,-0.22115242,0.01357283,39.927,24.589,7.364
22321997875,0.92093044,-0.32035271,-0.22152568,0.01369815,39.974,24.632,7.376
22341997975,0.92093044,-0.32035271,-0.22152568,0.01369815,39.974,24.632,7.376
22361998075,0.92093044,-0.32035271,-0.22152568,0.01369815,39.974,24.632,7.376
22381998175,0.92033433,-0.32149897,-0.22234676,0.01360335,40.147,24.709,7.459
22401998275,0.92013450,-0.32180347,-0.22272555,0.01372417,40.195,24.753,7.472
22421998350,0.92013450,-0.32180347,-0.22272555,0.01372417,40.195,24.753,7.472
22441998475,0.92013450,-0.32180347,-0.22272555,0.01372417,40.195,24.753,7.472
22461998575,0.91953338,-0.32295205,-0.22354995,0.01362918,40.369,24.830,7.555
22481998675,0.91933308,-0.32325551,-0.22392741,0.01375014,40.417,24.874,7.568
22501998775,0.91933308,-0.32325551,-0.22392741,0.01375014,40.417,24.874,7.568
22521998875,0.91933308,-0.32325551,-0.22392741,0.01375014,40.417,24.874,7.568
22541998975,0.91872786,-0.32440446,-0.22475404,0.01365605,40.592,24.951,7.652
22561999075,0.91853273,-0.32469772,-0.22512049,0.01377587,40.638,24.993,7.665
22581999175,0.91853273,-0.32469772,-0.22512049,0.01377587,40.638,24.993,7.665
22601999275,0.91853273,-0.32469772,-0.22512049,0.01377587,40.638,24.993,7.665
22641999475,0.91792212,-0.32584973,-0.22595079,0.01368100,40.814,25.070,7.749
22661999575,0.91772665,-0.32614179,-0.22631584,0.01380110,40.860,25.112,7.762
22681999675,0.91772665,-0.32614179,-0.22631584,0.01380110,40.860,25.112,7.762
22701999775,0.91772665,-0.32614179,-0.22631584,0.01380110,40.860,25.112,7.762
22721999875,0.91711106,-0.32729644,-0.22714878,0.01370303,41.037,25.189,7.848
22741999975,0.91691071,-0.32759459,-0.22752013,0.01382475,41.084,25.232,7.861
22762000075,0.91691071,-0.32759459,-0.22752013,0.01382475,41.084,25.232,7.861
22782000175,0.91691071,-0.32759459,-0.22752013,0.01382475,41.084,25.232,7.861
22802000275,0.91629001,-0.32875127,-0.22835664,0.01372794,41.262,25.310,7.947
22822000375,0.91608773,-0.32905087,-0.22872905,0.01384976,41.309,25.353,7.960
22842000475,0.91608773,-0.32905087,-0.22872905,0.01384976,41.309,25.353,7.960
22862000575,0.91608773,-0.32905087,-0.22872905,0.01384976,41.309,25.353,7.960
22882000300,0.91546194,-0.33020972,-0.22956881,0.01375277,41.488,25.430,8.048
23002003600,0.91525923,-0.33050769,-0.22994078,0.01387230,41.535,25.473,8.061
23022003050,0.91525923,-0.33050769,-0.22994078,0.01387230,41.535,25.473,8.061
23042002475,0.91525923,-0.33050769,-0.22994078,0.01387230,41.535,25.473,8.061
23062001975,0.91462659,-0.33167171,-0.23078628,0.01377604,41.715,25.550,8.149
23082001675,0.91442395,-0.33196610,-0.23115896,0.01388820,41.762,25.593,8.164
23102001775,0.91442395,-0.33196610,-0.23115896,0.01388820,41.762,25.593,8.164
23122001875,0.91442395,-0.33196610,-0.23115896,0.01388820,41.762,25.593,8.164
23142001975,0.91379029,-0.33312453,-0.23200234,0.01379342,41.942,25.670,8.252
23162002075,0.91358607,-0.33342224,-0.23237142,0.01391512,41.990,25.713,8.266
23182002175,0.91358607,-0.33342224,-0.23237142,0.01391512,41.990,25.713,8.266
23202002275,0.91358607,-0.33342224,-0.23237142,0.01391512,41.990,25.713,8.266
23222002350,0.91294572,-0.33458573,-0.23321993,0.01381910,42.171,25.790,8.355
23272002625,0.91274141,-0.33488172,-0.23358723,0.01394118,42.218,25.833,8.369
23292002725,0.91274141,-0.33488172,-0.23358723,0.01394118,42.218,25.833,8.369
23312002825,0.91274141,-0.33488172,-0.23358723,0.01394118,42.218,25.833,8.369
23332002925,0.91209613,-0.33604809,-0.23443736,0.01383662,42.401,25.910,8.460
23352003025,0.91192144,-0.33630000,-0.23474731,0.01397471,42.440,25.947,8.467
23372003125,0.91192144,-0.33630000,-0.23474731,0.01397471,42.440,25.947,8.467
23392003225,0.91192144,-0.33630000,-0.23474731,0.01397471,42.440,25.947,8.467
23412003325,0.91127132,-0.33746750,-0.23560088,0.01387391,42.623,26.025,8.558
23432003425,0.91109631,-0.33771873,-0.23590944,0.01401125,42.663,26.062,8.566
23452003525,0.91109631,-0.33771873,-0.23590944,0.01401125,42.663,26.062,8.566
23472003625,0.91109631,-0.33771873,-0.23590944,0.01401125,42.663,26.062,8.566
23492003725,0.91043942,-0.33889023,-0.23676944,0.01391784,42.847,26.140,8.658
23512003825,0.91026139,-0.33914615,-0.23707898,0.01405903,42.887,26.177,8.666
23532003900,0.91026139,-0.33914615,-0.23707898,0.01405903,42.887,26.177,8.666
23552004025,0.91026139,-0.33914615,-0.23707898,0.01405903,42.887,26.177,8.666
23572004125,0.90960030,-0.34031856,-0.23794039,0.01396183,43.072,26.255,8.758
23592004225,0.90941860,-0.34057984,-0.23825219,0.01410933,43.113,26.292,8.766
23612004325,0.90941860,-0.34057984,-0.23825219,0.01410933,43.113,26.292,8.766
23632004425,0.90941860,-0.34057984,-0.23825219,0.01410933,43.113,26.292,8.766
23652004525,0.90875244,-0.34175415,-0.23911664,0.01401195,43.299,26.370,8.859
23672004625,0.90857042,-0.34201452,-0.23942715,0.01415956,43.340,26.408,8.866
23692004725,0.90857042,-0.34201452,-0.23942715,0.01415956,43.340,26.408,8.866
23712004825,0.90857042,-0.34201452,-0.23942715,0.01415956,43.340,26.408,8.866
23732004925,0.90789957,-0.34319038,-0.24029374,0.01405908,43.526,26.486,8.960
23752005025,0.90771729,-0.34344736,-0.24060687,0.01419779,43.568,26.523,8.969
23772005125,0.90771729,-0.34344736,-0.24060687,0.01419779,43.568,26.523,8.969
23792005225,0.90771729,-0.34344736,-0.24060687,0.01419779,43.568,26.523,8.969
23812005325,0.90704115,-0.34462517,-0.24147686,0.01409860,43.755,26.601,9.064
23832005425,0.90685860,-0.34488123,-0.24178860,0.01423711,43.796,26.638,9.073
23852005525,0.90685860,-0.34488123,-0.24178860,0.01423711,43.796,26.638,9.073
23872005625,0.90685860,-0.34488123,-0.24178860,0.01423711,43.796,26.638,9.073
23912005825,0.90617573,-0.34606372,-0.24266356,0.01413684,43.985,26.716,9.169
23932005925,0.90599168,-0.34632057,-0.24297601,0.01427594,44.026,26.754,9.178
23952006025,0.90599168,-0.34632057,-0.24297601,0.01427594,44.026,26.754,9.178
23972006125,0.90599168,-0.34632057,-0.24297601,0.01427594,44.026,26.754,9.178
23992006225,0.90530419,-0.34750370,-0.24385346,0.01417734,44.216,26.832,9.274
24012006325,0.90511496,-0.34776705,-0.24417208,0.01431698,44.258,26.870,9.284
24032006425,0.90511496,-0.34776705,-0.24417208,0.01431698,44.258,26.870,9.284
24052006525,0.90511496,-0.34776705,-0.24417208,0.01431698,44.258,26.870,9.284
24072007575,0.90442238,-0.34895184,-0.24505231,0.01421763,44.449,26.948,9.381
24092006725,0.90423279,-0.34921431,-0.24536969,0.01435752,44.491,26.986,9.391
24112006825,0.90423279,-0.34921431,-0.24536969,0.01435752,44.491,26.986,9.391
24132007750,0.90423279,-0.34921431,-0.24536969,0.01435752,44.491,26.986,9.391
24152007025,0.90353543,-0.35039983,-0.24625255,0.01426030,44.682,27.064,9.489
24172007100,0.90334541,-0.35066166,-0.24656870,0.01439980,44.725,27.102,9.499
24192007225,0.90334541,-0.35066166,-0.24656870,0.01439980,44.725,27.102,9.499
24212007300,0.90334541,-0.35066166,-0.24656870,0.01439980,44.725,27.102,9.499
24232007425,0.90264263,-0.35184933,-0.24745465,0.01430136,44.917,27.180,9.598
24252007500,0.90245232,-0.35211014,-0.24776949,0.01444121,44.960,27.218,9.608
24272007625,0.90245232,-0.35211014,-0.24776949,0.01444121,44.960,27.218,9.608
24292007725,0.90245232,-0.35211014,-0.24776949,0.01444121,44.960,27.218,9.608
24312007825,0.90174339,-0.35330122,-0.24865932,0.01434036,45.153,27.296,9.707
24332007925,0.90155304,-0.35355939,-0.24897454,0.01447602,45.195,27.333,9.718
24352008025,0.90155304,-0.35355939,-0.24897454,0.01447602,45.195,27.333,9.718
24372008125,0.90155304,-0.35355939,-0.24897454,0.01447602,45.195,27.333,9.718
24392008225,0.90083932,-0.35475123,-0.24986679,0.01437616,45.389,27.412,9.818
24412008325,0.90064860,-0.35500739,-0.25018273,0.01450689,45.432,27.449,9.830
24432008425,0.90064860,-0.35500739,-0.25018273,0.01450689,45.432,27.449,9.830
24452008525,0.90064860,-0.35500739,-0.25018273,0.01450689,45.432,27.449,9.830
24472008625,0.89992964,-0.35620079,-0.25107783,0.01440692,45.627,27.527,9.931
24492008725,0.89973859,-0.35645608,-0.25139250,0.01453776,45.669,27.564,9.942
24542008975,0.89973859,-0.35645608,-0.25139250,0.01453776,45.669,27.564,9.942
24562009075,0.89973859,-0.35645608,-0.25139250,0.01453776,45.669,27.564,9.942
24582009175,0.89901407,-0.35765139,-0.25229092,0.01443904,45.865,27.643,10.044
24602009275,0.89881641,-0.35791245,-0.25261773,0.01456123,45.909,27.680,10.058
24622009375,0.89881641,-0.35791245,-0.25261773,0.01456123,45.909,27.680,10.058
24642009475,0.89881641,-0.35791245,-0.25261773,0.01456123,45.909,27.680,10.058
24662009550,0.89808665,-0.35910921,-0.25351883,0.01446176,46.106,27.759,10.161
24682009675,0.89788861,-0.35936939,-0.25384442,0.01458420,46.150,27.796,10.174
24702009775,0.89788861,-0.35936939,-0.25384442,0.01458420,46.150,27.796,10.174
24722009875,0.89788861,-0.35936939,-0.25384442,0.01458420,46.150,27.796,10.174
24742009975,0.89715527,-0.36056459,-0.25474637,0.01448756,46.347,27.875,10.277
24762010075,0.89694989,-0.36083402,-0.25508083,0.01461060,46.393,27.913,10.292
24782010175,0.89694989,-0.36083402,-0.25508083,0.01461060,46.393,27.913,10.292
24802010275,0.89694989,-0.36083402,-0.25508083,0.01461060,46.393,27.913,10.292
24822010375,0.89621028,-0.36203227,-0.25598662,0.01451245,46.591,27.992,10.396
24842010475,0.89600473,-0.36230041,-0.25631957,0.01463591,46.637,28.030,10.410
24862010575,0.89600473,-0.36230041,-0.25631957,0.01463591,46.637,28.030,10.410
24882010675,0.89600473,-0.36230041,-0.25631957,0.01463591,46.637,28.030,10.410
24902010775,0.89525935,-0.36350095,-0.25722850,0.01453482,46.836,28.108,10.516
24922010875,0.89505351,-0.36376796,-0.25756010,0.01465902,46.882,28.146,10.530
24942010975,0.89505351,-0.36376796,-0.25756010,0.01465902,46.882,28.146,10.530
24962011075,0.89505351,-0.36376796,-0.25756010,0.01465902,46.882,28.146,10.530
24982011175,0.89430290,-0.36496952,-0.25847166,0.01455921,47.083,28.225,10.636
25002011275,0.89409663,-0.36523573,-0.25880200,0.01468321,47.128,28.263,10.651
25022011375,0.89409663,-0.36523573,-0.25880200,0.01468321,47.128,28.263,10.651
25042011475,0.89409663,-0.36523573,-0.25880200,0.01468321,47.128,28.263,10.651
25062011575,0.89334062,-0.36643866,-0.25971632,0.01458333,47.330,28.341,10.758
25082011675,0.89313397,-0.36670398,-0.26004538,0.01470744,47.376,28.379,10.772
25102011775,0.89313397,-0.36670398,-0.26004538,0.01470744,47.376,28.379,10.772
25122011875,0.89313397,-0.36670398,-0.26004538,0.01470744,47.376,28.379,10.772
25162012075,0.89236953,-0.36791299,-0.26096605,0.01460702,47.578,28.457,10.881
25182012175,0.89216321,-0.36817628,-0.26129296,0.01473133,47.624,28.495,10.895
25202012275,0.89216321,-0.36817628,-0.26129296,0.01473133,47.624,28.495,10.895
25222012375,0.89216321,-0.36817628,-0.26129296,0.01473133,47.624,28.495,10.895
25242012475,0.89139478,-0.36938432,-0.26221462,0.01463105,47.827,28.573,11.004
25262012550,0.89118773,-0.36964727,-0.26254066,0.01475542,47.873,28.611,11.019
25282012675,0.89118773,-0.36964727,-0.26254066,0.01475542,47.873,28.611,11.019
25302012775,0.89118773,-0.36964727,-0.26254066,0.01475542,47.873,28.611,11.019
25322012875,0.89041436,-0.37085558,-0.26346449,0.01465840,48.077,28.689,11.128
25342012975,0.89020174,-0.37112491,-0.26379657,0.01478300,48.125,28.727,11.144
25362013075,0.89020174,-0.37112491,-0.26379657,0.01478300,48.125,28.727,11.144
25382013175,0.89020174,-0.37112491,-0.26379657,0.01478300,48.125,28.727,11.144
25402013275,0.88942258,-0.37233502,-0.26472342,0.01468431,48.330,28.805,11.254
25422013375,0.88920793,-0.37260563,-0.26505655,0.01480964,48.377,28.843,11.270
25442013450,0.88920793,-0.37260563,-0.26505655,0.01480964,48.377,28.843,11.270
25462013575,0.88920793,-0.37260563,-0.26505655,0.01480964,48.377,28.843,11.270
25482013650,0.88842323,-0.37381700,-0.26598611,0.01471088,48.583,28.922,11.381
25502013775,0.88820822,-0.37408601,-0.26631893,0.01483395,48.631,28.960,11.397
25522013875,0.88820822,-0.37408601,-0.26631893,0.01483395,48.631,28.960,11.397
25542013975,0.88820822,-0.37408601,-0.26631893,0.01483395,48.631,28.960,11.397
25562014075,0.88742153,-0.37529333,-0.26724694,0.01473144,48.837,29.037,11.509
25582014175,0.88720539,-0.37556054,-0.26758250,0.01484834,48.885,29.075,11.526
25602014275,0.88720539,-0.37556054,-0.26758250,0.01484834,48.885,29.075,11.526
25622014375,0.88720539,-0.37556054,-0.26758250,0.01484834,48.885,29.075,11.526
25642013850,0.88641147,-0.37677156,-0.26851518,0.01474756,49.093,29.153,11.639
25752017400,0.88619534,-0.37703728,-0.26884896,0.01486417,49.140,29.190,11.657
25802016025,0.88619534,-0.37703728,-0.26884896,0.01486417,49.140,29.190,11.657
25822015575,0.88619534,-0.37703728,-0.26884896,0.01486417,49.140,29.190,11.657
25842015475,0.88539450,-0.37825158,-0.26978587,0.01476190,49.349,29.268,11.771
25862015575,0.88517138,-0.37852517,-0.27012758,0.01488007,49.399,29.307,11.789
25882015675,0.88517138,-0.37852517,-0.27012758,0.01488007,49.399,29.307,11.789
25902015775,0.88517138,-0.37852517,-0.27012758,0.01488007,49.399,29.307,11.789
25922015875,0.88436818,-0.37973576,-0.27106336,0.01477567,49.608,29.384,11.904
25942015975,0.88416432,-0.37998830,-0.27136685,0.01491214,49.652,29.419,11.917
25962016075,0.88416432,-0.37998830,-0.27136685,0.01491214,49.652,29.419,11.917
25982016175,0.88416432,-0.37998830,-0.27136685,0.01491214,49.652,29.419,11.917
26002014975,0.88335458,-0.38120149,-0.27230643,0.01480900,49.863,29.497,12.032
26022016375,0.88315749,-0.38144577,-0.27259573,0.01495116,49.905,29.531,12.044
26042016475,0.88315749,-0.38144577,-0.27259573,0.01495116,49.905,29.531,12.044
26062016575,0.88315749,-0.38144577,-0.27259573,0.01495116,49.905,29.531,12.044
26082016675,0.88234237,-0.38265986,-0.27353777,0.01484799,50.117,29.609,12.160
26102016775,0.88214667,-0.38290178,-0.27382241,0.01499227,50.159,29.642,12.171
26122016875,0.88214667,-0.38290178,-0.27382241,0.01499227,50.159,29.642,12.171
26142016975,0.88214667,-0.38290178,-0.27382241,0.01499227,50.159,29.642,12.171
26162017075,0.88132515,-0.38411807,-0.27476792,0.01489556,50.371,29.720,12.288
26182017175,0.88113453,-0.38435423,-0.27504078,0.01504465,50.412,29.753,12.298
26202017275,0.88113453,-0.38435423,-0.27504078,0.01504465,50.412,29.753,12.298
26222017375,0.88113453,-0.38435423,-0.27504078,0.01504465,50.412,29.753,12.298
26242017475,0.88030813,-0.38557071,-0.27598820,0.01494477,50.626,29.830,12.416
26262017575,0.88011710,-0.38580625,-0.27625998,0.01509461,50.667,29.863,12.425
26282017675,0.88011710,-0.38580625,-0.27625998,0.01509461,50.667,29.863,12.425
26302017775,0.88011710,-0.38580625,-0.27625998,0.01509461,50.667,29.863,12.425
26322017875,0.87928145,-0.38702926,-0.27721431,0.01499061,50.882,29.941,12.545
26342017975,0.87908587,-0.38726735,-0.27749406,0.01513524,50.924,29.974,12.556
26362018075,0.87908587,-0.38726735,-0.27749406,0.01513524,50.924,29.974,12.556
26382018175,0.87908587,-0.38726735,-0.27749406,0.01513524,50.924,29.974,12.556
26432018425,0.87824656,-0.38848850,-0.27844869,0.01503326,51.140,30.051,12.676
26452018525,0.87804852,-0.38872804,-0.27873108,0.01517547,51.182,30.085,12.688
26472018625,0.87804852,-0.38872804,-0.27873108,0.01517547,51.182,30.085,12.688
26492018725,0.87804852,-0.38872804,-0.27873108,0.01517547,51.182,30.085,12.688
26512018825,0.87720911,-0.38994227,-0.27968232,0.01506656,51.398,30.161,12.809
26532018925,0.87700940,-0.39018434,-0.27996285,0.01521503,51.441,30.194,12.820
26552019000,0.87700940,-0.39018434,-0.27996285,0.01521503,51.441,30.194,12.820
26572019125,0.87700940,-0.39018434,-0.27996285,0.01521503,51.441,30.194,12.820
26592019225,0.87616192,-0.39140305,-0.28091927,0.01510953,51.657,30.271,12.942
26612019325,0.87596245,-0.39164499,-0.28119575,0.01526197,51.701,30.304,12.953
26632019425,0.87596245,-0.39164499,-0.28119575,0.01526197,51.701,30.304,12.953
26652019525,0.87596245,-0.39164499,-0.28119575,0.01526197,51.701,30.304,12.953
26672019625,0.87510946,-0.39286447,-0.28215460,0.01515654,51.918,30.381,13.076
26692019725,0.87490970,-0.39310565,-0.28242981,0.01530900,51.961,30.414,13.086
26712019825,0.87490970,-0.39310565,-0.28242981,0.01530900,51.961,30.414,13.086
26732019925,0.87490970,-0.39310565,-0.28242981,0.01530900,51.961,30.414,13.086
26752020025,0.87404698,-0.39433184,-0.28339502,0.01521628,52.181,30.491,13.209
26772020125,0.87384087,-0.39457705,-0.28368154,0.01535786,52.225,30.524,13.222
26792020225,0.87384087,-0.39457705,-0.28368154,0.01535786,52.225,30.524,13.222
26812020325,0.87384087,-0.39457705,-0.28368154,0.01535786,52.225,30.524,13.222
26832020425,0.87297460,-0.39580104,-0.28464722,0.01525904,52.445,30.601,13.346
26852020525,0.87276768,-0.39604613,-0.28493300,0.01540202,52.490,30.635,13.359
26872020625,0.87276768,-0.39604613,-0.28493300,0.01540202,52.490,30.635,13.359
26892020725,0.87276768,-0.39604613,-0.28493300,0.01540202,52.490,30.635,13.359
26912020825,0.87189618,-0.39727027,-0.28590090,0.01529905,52.711,30.711,13.485
26932020925,0.87168886,-0.39751467,-0.28618549,0.01544299,52.755,30.744,13.498
26952021025,0.87168886,-0.39751467,-0.28618549,0.01544299,52.755,30.744,13.498
26972021125,0.87168886,-0.39751467,-0.28618549,0.01544299,52.755,30.744,13.498
26992021225,0.87081166,-0.39873961,-0.28715570,0.01534207,52.977,30.821,13.624
27012021325,0.87060404,-0.39898322,-0.28743901,0.01548562,53.022,30.854,13.637
27062021575,0.87060404,-0.39898322,-0.28743901,0.01548562,53.022,30.854,13.637
27082021675,0.87060404,-0.39898322,-0.28743901,0.01548562,53.022,30.854,13.637
27102021775,0.86972214,-0.40020753,-0.28841055,0.01538478,53.245,30.930,13.764
27122021875,0.86951590,-0.40044687,-0.28869260,0.01552342,53.289,30.963,13.778
27142021975,0.86951590,-0.40044687,-0.28869260,0.01552342,53.289,30.963,13.778
27162022050,0.86951590,-0.40044687,-0.28869260,0.01552342,53.289,30.963,13.778
27182022175,0.86862743,-0.40167304,-0.28966778,0.01541898,53.513,31.038,13.906
27202022275,0.86842673,-0.40190293,-0.28994337,0.01555295,53.556,31.070,13.919
27222022375,0.86842673,-0.40190293,-0.28994337,0.01555295,53.556,31.070,13.919
27242022475,0.86842673,-0.40190293,-0.28994337,0.01555295,53.556,31.070,13.919
27262022575,0.86753307,-0.40312912,-0.29092021,0.01545032,53.781,31.146,14.048
27282022675,0.86733200,-0.40335840,-0.29119469,0.01558395,53.824,31.178,14.062
27302022775,0.86733200,-0.40335840,-0.29119469,0.01558395,53.824,31.178,14.062
27322022875,0.86733200,-0.40335840,-0.29119469,0.01558395,53.824,31.178,14.062
27342022975,0.86643380,-0.40458377,-0.29217238,0.01548403,54.049,31.253,14.191
27362023075,0.86622662,-0.40481944,-0.29245297,0.01561801,54.094,31.286,14.206
27382023175,0.86622662,-0.40481944,-0.29245297,0.01561801,54.094,31.286,14.206
27402023275,0.86622662,-0.40481944,-0.29245297,0.01561801,54.094,31.286,14.206
27422023375,0.86532235,-0.40604588,-0.29343347,0.01551690,54.320,31.361,14.337
27442023475,0.86511311,-0.40628292,-0.29371504,0.01565149,54.365,31.393,14.351
27462023575,0.86511311,-0.40628292,-0.29371504,0.01565149,54.365,31.393,14.351
27482023675,0.86511311,-0.40628292,-0.29371504,0.01565149,54.365,31.393,14.351
27502023750,0.86420325,-0.40750974,-0.29469769,0.01555045,54.592,31.469,14.483
27522023875,0.86398995,-0.40775057,-0.29498271,0.01568568,54.638,31.501,14.498
27542023975,0.86398995,-0.40775057,-0.29498271,0.01568568,54.638,31.501,14.498
27562024075,0.86398995,-0.40775057,-0.29498271,0.01568568,54.638,31.501,14.498
27582024175,0.86307443,-0.40897775,-0.29596772,0.01558301,54.866,31.576,14.631
27602024275,0.86284953,-0.40923135,-0.29626551,0.01572046,54.915,31.610,14.647
27622024375,0.86284953,-0.40923135,-0.29626551,0.01572046,54.915,31.610,14.647
27642024475,0.86284953,-0.40923135,-0.29626551,0.01572046,54.915,31.610,14.647
27662024525,0.86192831,-0.41045894,-0.29725260,0.01561875,55.144,31.685,14.781
27702024750,0.86170303,-0.41071177,-0.29754912,0.01575604,55.193,31.718,14.798
27722024875,0.86170303,-0.41071177,-0.29754912,0.01575604,55.193,31.718,14.798
27742024975,0.86170303,-0.41071177,-0.29754912,0.01575604,55.193,31.718,14.798
27762025075,0.86077326,-0.41194377,-0.29854050,0.01566165,55.424,31.793,14.931
27782025175,0.86054846,-0.41219173,-0.29883953,0.01578821,55.472,31.826,14.950
27802025275,0.86054846,-0.41219173,-0.29883953,0.01578821,55.472,31.826,14.950
27822025375,0.86054846,-0.41219173,-0.29883953,0.01578821,55.472,31.826,14.950
27842025475,0.85961444,-0.41342191,-0.29983188,0.01569040,55.704,31.901,15.085
27862025575,0.85938890,-0.41366957,-0.30012996,0.01581777,55.752,31.934,15.103
27882025675,0.85938890,-0.41366957,-0.30012996,0.01581777,55.752,31.934,15.103
27902025775,0.85938890,-0.41366957,-0.30012996,0.01581777,55.752,31.934,15.103
27922025875,0.85844917,-0.41490002,-0.30112432,0.01572047,55.985,32.008,15.239
27942025975,0.85822326,-0.41514692,-0.30142116,0.01584779,56.034,32.041,15.257
27962026075,0.85822326,-0.41514692,-0.30142116,0.01584779,56.034,32.041,15.257
27982026175,0.85822326,-0.41514692,-0.30142116,0.01584779,56.034,32.041,15.257
28002026275,0.85727791,-0.41637744,-0.30241748,0.01575038,56.267,32.116,15.394
28022026375,0.85705160,-0.41662360,-0.30271309,0.01587778,56.316,32.148,15.413
28042026475,0.85705160,-0.41662360,-0.30271309,0.01587778,56.316,32.148,15.413
28062041250,0.85705160,-0.41662360,-0.30271309,0.01587778,56.316,32.148,15.413
28082025375,0.85610061,-0.41785421,-0.30371135,0.01578047,56.550,32.222,15.550
28102026775,0.85587390,-0.41809964,-0.30400574,0.01590790,56.599,32.255,15.569
28122026875,0.85587390,-0.41809964,-0.30400574,0.01590790,56.599,32.255,15.569
28142026975,0.85587390,-0.41809964,-0.30400574,0.01590790,56.599,32.255,15.569
28162027075,0.85492009,-0.41932621,-0.30500393,0.01580420,56.834,32.328,15.708
28182027175,0.85469249,-0.41956859,-0.30530210,0.01592399,56.883,32.360,15.728
28202027275,0.85469249,-0.41956859,-0.30530210,0.01592399,56.883,32.360,15.728
28222027375,0.85469249,-0.41956859,-0.30530210,0.01592399,56.883,32.360,15.728
28242027475,0.85373166,-0.42079717,-0.30630313,0.01582357,57.119,32.433,15.867
28262027550,0.85350400,-0.42103836,-0.30659982,0.01594270,57.168,32.466,15.888
28282027675,0.85350400,-0.42103836,-0.30659982,0.01594270,57.168,32.466,15.888
28302027775,0.85350400,-0.42103836,-0.30659982,0.01594270,57.168,32.466,15.888
28342027950,0.85253546,-0.42226975,-0.30760441,0.01584505,57.405,32.539,16.028
28362028075,0.85230790,-0.42250957,-0.30789945,0.01596363,57.454,32.571,16.048
28492031150,0.85230790,-0.42250957,-0.30789945,0.01596363,57.454,32.571,16.048
28512030500,0.85230790,-0.42250957,-0.30789945,0.01596363,57.454,32.571,16.048
28532029950,0.85133276,-0.42374204,-0.30890695,0.01586530,57.693,32.644,16.190
28552029525,0.85110504,-0.42398085,-0.30920053,0.01598408,57.742,32.675,16.210
28572029125,0.85110504,-0.42398085,-0.30920053,0.01598408,57.742,32.675,16.210
28592029225,0.85110504,-0.42398085,-0.30920053,0.01598408,57.742,32.675,16.210
28612029325,0.85012520,-0.42521199,-0.31020890,0.01588564,57.981,32.748,16.353
28632029425,0.84989685,-0.42545037,-0.31050150,0.01600451,58.030,32.779,16.373
28652029525,0.84989685,-0.42545037,-0.31050150,0.01600451,58.030,32.779,16.373
28672029625,0.84989685,-0.42545037,-0.31050150,0.01600451,58.030,32.779,16.373
28692029700,0.84891138,-0.42668135,-0.31151162,0.01590620,58.270,32.852,16.516
28712029825,0.84869235,-0.42691042,-0.31178810,0.01603035,58.317,32.882,16.535
28732029925,0.84869235,-0.42691042,-0.31178810,0.01603035,58.317,32.882,16.535
28752030025,0.84869235,-0.42691042,-0.31178810,0.01603035,58.317,32.882,16.535
28772030125,0.84770523,-0.42813607,-0.31279642,0.01592976,58.558,32.954,16.679
28792030225,0.84751413,-0.42833996,-0.31302783,0.01607017,58.598,32.981,16.691
28812030325,0.84751413,-0.42833996,-0.31302783,0.01607017,58.598,32.981,16.691
28832030425,0.84751413,-0.42833996,-0.31302783,0.01607017,58.598,32.981,16.691
28852030525,0.84651994,-0.42956753,-0.31403926,0.01597083,58.840,33.052,16.836
28872030625,0.84632900,-0.42977033,-0.31426918,0.01611099,58.880,33.079,16.848
28892030725,0.84632900,-0.42977033,-0.31426918,0.01611099,58.880,33.079,16.848
28912030825,0.84632900,-0.42977033,-0.31426918,0.01611099,58.880,33.079,16.848
28932030925,0.84532978,-0.43099736,-0.31528145,0.01601398,59.122,33.150,16.994
28982031175,0.84513253,-0.43120630,-0.31551729,0.01615458,59.164,33.178,17.007
29002031275,0.84513253,-0.43120630,-0.31551729,0.01615458,59.164,33.178,17.007
29022031375,0.84513253,-0.43120630,-0.31551729,0.01615458,59.164,33.178,17.007
29042031450,0.84412760,-0.43243324,-0.31653163,0.01605674,59.407,33.249,17.153
29062031575,0.84392815,-0.43264373,-0.31676853,0.01619785,59.450,33.276,17.167
29082031675,0.84392815,-0.43264373,-0.31676853,0.01619785,59.450,33.276,17.167
29102031775,0.84392815,-0.43264373,-0.31676853,0.01619785,59.450,33.276,17.167
29122031875,0.84292203,-0.43386406,-0.31778221,0.01609029,59.693,33.346,17.315
29142033075,0.84272129,-0.43407539,-0.31801863,0.01623355,59.735,33.374,17.328
29162032075,0.84272129,-0.43407539,-0.31801863,0.01623355,59.735,33.374,17.328
29182032175,0.84272129,-0.43407539,-0.31801863,0.01623355,59.735,33.374,17.328
29202032275,0.84170765,-0.43529839,-0.31903499,0.01613102,59.980,33.443,17.477
29222032375,0.84150714,-0.43550846,-0.31926995,0.01627320,60.023,33.471,17.490
29242032450,0.84150714,-0.43550846,-0.31926995,0.01627320,60.023,33.471,17.490
29262032575,0.84150714,-0.43550846,-0.31926995,0.01627320,60.023,33.471,17.490
29282032675,0.84048804,-0.43673107,-0.32028787,0.01617093,60.268,33.540,17.640
29302032775,0.84028725,-0.43694057,-0.32052169,0.01631307,60.311,33.567,17.653
29322032875,0.84028725,-0.43694057,-0.32052169,0.01631307,60.311,33.567,17.653
29342032975,0.84028725,-0.43694057,-0.32052169,0.01631307,60.311,33.567,17.653
29362033075,0.83926013,-0.43816657,-0.32154237,0.01621716,60.558,33.637,17.803
29382033175,0.83905159,-0.43838340,-0.32178379,0.01635917,60.602,33.665,17.818
29402033250,0.83905159,-0.43838340,-0.32178379,0.01635917,60.602,33.665,17.818
29422033375,0.83905159,-0.43838340,-0.32178379,0.01635917,60.602,33.665,17.818
29442033475,0.83802019,-0.43960710,-0.32280545,0.01626052,60.850,33.734,17.969
29462033575,0.83781105,-0.43982375,-0.32304589,0.01640314,60.894,33.761,17.984
29482033675,0.83781105,-0.43982375,-0.32304589,0.01640314,60.894,33.761,17.984
29502033775,0.83781105,-0.43982375,-0.32304589,0.01640314,60.894,33.761,17.984
29522033875,0.83677013,-0.44105209,-0.32407232,0.01630752,61.144,33.830,18.136
29542033975,0.83655766,-0.44126960,-0.32431768,0.01644566,61.189,33.858,18.152
29562034075,0.83655766,-0.44126960,-0.32431768,0.01644566,61.189,33.858,18.152
29582034175,0.83655766,-0.44126960,-0.32431768,0.01644566,61.189,33.858,18.152
29622034350,0.83551320,-0.44249486,-0.32534399,0.01634890,61.439,33.926,18.305
29642034475,0.83529593,-0.44271500,-0.32559549,0.01648348,61.485,33.954,18.322
29662034575,0.83529593,-0.44271500,-0.32559549,0.01648348,61.485,33.954,18.322
29682034675,0.83529593,-0.44271500,-0.32559549,0.01648348,61.485,33.954,18.322
29702034775,0.83424597,-0.44393964,-0.32662322,0.01638695,61.736,34.022,18.476
29722034875,0.83403037,-0.44415788,-0.32687013,0.01652342,61.782,34.050,18.493
29742034975,0.83403037,-0.44415788,-0.32687013,0.01652342,61.782,34.050,18.493
29762035075,0.83403037,-0.44415788,-0.32687013,0.01652342,61.782,34.050,18.493
29782035175,0.83297453,-0.44538194,-0.32790029,0.01642436,62.034,34.118,18.648
29802035275,0.83276475,-0.44559566,-0.32813551,0.01656712,62.079,34.145,18.663
29822035375,0.83276475,-0.44559566,-0.32813551,0.01656712,62.079,34.145,18.663
29842035475,0.83276475,-0.44559566,-0.32813551,0.01656712,62.079,34.145,18.663
29862035575,0.83170371,-0.44681890,-0.32916647,0.01646964,62.332,34.212,18.819
29882035675,0.83149355,-0.44703212,-0.32940067,0.01661206,62.376,34.239,18.834
29902035775,0.83149355,-0.44703212,-0.32940067,0.01661206,62.376,34.239,18.834
29922035875,0.83149355,-0.44703212,-0.32940067,0.01661206,62.376,34.239,18.834
29942035975,0.83043123,-0.44824999,-0.33042872,0.01651615,62.629,34.305,18.990
29962036075,0.83021367,-0.44846765,-0.33067313,0.01665256,62.675,34.333,19.007
29982036175,0.83021367,-0.44846765,-0.33067313,0.01665256,62.675,34.333,19.007
30002036275,0.83021367,-0.44846765,-0.33067313,0.01665256,62.675,34.333,19.007
30022036375,0.82914385,-0.44968704,-0.33170458,0.01655631,62.929,34.399,19.164
30042036475,0.82892441,-0.44990487,-0.33195082,0.01669090,62.976,34.426,19.182
30062036575,0.82892441,-0.44990487,-0.33195082,0.01669090,62.976,34.426,19.182
30082036675,0.82892441,-0.44990487,-0.33195082,0.01669090,62.976,34.426,19.182
30102036775,0.82784911,-0.45112348,-0.33298358,0.01659492,63.231,34.492,19.340
30122036875,0.82762728,-0.45134201,-0.33323214,0.01672758,63.278,34.519,19.358
30142036975,0.82762728,-0.45134201,-0.33323214,0.01672758,63.278,34.519,19.358
30162037075,0.82762728,-0.45134201,-0.33323214,0.01672758,63.278,34.519,19.358
30182037150,0.82654155,-0.45256520,-0.33427121,0.01663030,63.535,34.585,19.518
30202037275,0.82631439,-0.45278566,-0.33452781,0.01675760,63.583,34.613,19.538
30222037375,0.82631439,-0.45278566,-0.33452781,0.01675760,63.583,34.613,19.538
30262037575,0.82631439,-0.45278566,-0.33452781,0.01675760,63.583,34.613,19.538
30282037675,0.82522555,-0.45400536,-0.33556568,0.01666138,63.841,34.678,19.699
30302037750,0.82499745,-0.45422587,-0.33582171,0.01678848,63.890,34.705,19.719
30322037875,0.82499745,-0.45422587,-0.33582171,0.01678848,63.890,34.705,19.719
30342037975,0.82499745,-0.45422587,-0.33582171,0.01678848,63.890,34.705,19.719
30362038050,0.82390984,-0.45543730,-0.33685421,0.01669386,64.146,34.770,19.879
30382038175,0.82367957,-0.45566260,-0.33710580,0.01682942,64.195,34.797,19.898
30402038275,0.82367957,-0.45566260,-0.33710580,0.01682942,64.195,34.797,19.898
30422038375,0.82367957,-0.45566260,-0.33710580,0.01682942,64.195,34.797,19.898
30442038475,0.82258333,-0.45687656,-0.33814262,0.01673446,64.454,34.861,20.060
30462038575,0.82235345,-0.45710046,-0.33839234,0.01687011,64.503,34.888,20.079
30482038675,0.82235345,-0.45710046,-0.33839234,0.01687011,64.503,34.888,20.079
30502038775,0.82235345,-0.45710046,-0.33839234,0.01687011,64.503,34.888,20.079
30522038875,0.82124781,-0.45831810,-0.33943348,0.01677700,64.763,34.952,20.242
30542038975,0.82101857,-0.45853853,-0.33968374,0.01690787,64.812,34.979,20.262
30562039075,0.82101857,-0.45853853,-0.33968374,0.01690787,64.812,34.979,20.262
30582039175,0.82101857,-0.45853853,-0.33968374,0.01690787,64.812,34.979,20.262
30602039275,0.81990944,-0.45975282,-0.34072443,0.01681432,65.073,35.043,20.425
30622039375,0.81967944,-0.45997143,-0.34097640,0.01694094,65.121,35.069,20.446
30642039475,0.81967944,-0.45997143,-0.34097640,0.01694094,65.121,35.069,20.446
30662039575,0.81967944,-0.45997143,-0.34097640,0.01694094,65.121,35.069,20.446
30682039675,0.81856494,-0.46118457,-0.34201811,0.01684768,65.383,35.132,20.611
30702039775,0.81833454,-0.46140265,-0.34226897,0.01697425,65.432,35.159,20.631
30722039875,0.81833454,-0.46140265,-0.34226897,0.01697425,65.432,35.159,20.631
30742039975,0.81833454,-0.46140265,-0.34226897,0.01697425,65.432,35.159,20.631
30762040075,0.81721166,-0.46261838,-0.34331367,0.01688372,65.695,35.222,20.797
30782040175,0.81698158,-0.46283505,-0.34356293,0.01700971,65.744,35.248,20.817
30802040275,0.81698158,-0.46283505,-0.34356293,0.01700971,65.744,35.248,20.817
30822040375,0.81698158,-0.46283505,-0.34356293,0.01700971,65.744,35.248,20.817
30842040475,0.81585478,-0.46404775,-0.34460766,0.01691832,66.008,35.310,20.984
30862040575,0.81562395,-0.46426432,-0.34485607,0.01704452,66.057,35.336,21.004
30912040825,0.81562395,-0.46426432,-0.34485607,0.01704452,66.057,35.336,21.004
30932040925,0.81562395,-0.46426432,-0.34485607,0.01704452,66.057,35.336,21.004
30952041025,0.81449841,-0.46546815,-0.34589651,0.01695120,66.320,35.397,21.171
30972041125,0.81425911,-0.46569237,-0.34615175,0.01707880,66.371,35.424,21.193
30992041225,0.81425911,-0.46569237,-0.34615175,0.01707880,66.371,35.424,21.193
31012041325,0.81425911,-0.46569237,-0.34615175,0.01707880,66.371,35.424,21.193
31032041425,0.81312498,-0.46689867,-0.34719568,0.01698693,66.636,35.485,21.361
31052041500,0.81288386,-0.46712360,-0.34745140,0.01711454,66.687,35.511,21.383
31072041625,0.81288386,-0.46712360,-0.34745140,0.01711454,66.687,35.511,21.383
31092041725,0.81288386,-0.46712360,-0.34745140,0.01711454,66.687,35.511,21.383
31212044875,0.81174432,-0.46832865,-0.34849628,0.01702303,66.952,35.572,21.551
31232044125,0.81150059,-0.46855514,-0.34875309,0.01715090,67.004,35.598,21.574
31252043675,0.81150059,-0.46855514,-0.34875309,0.01715090,67.004,35.598,21.574
31272043150,0.81150059,-0.46855514,-0.34875309,0.01715090,67.004,35.598,21.574
31292042725,0.81035093,-0.46976464,-0.34980194,0.01706313,67.272,35.659,21.744
31312042800,0.81010135,-0.46999558,-0.35006346,0.01719115,67.325,35.685,21.767
31332042925,0.81010135,-0.46999558,-0.35006346,0.01719115,67.325,35.685,21.767
31352043025,0.81010135,-0.46999558,-0.35006346,0.01719115,67.325,35.685,21.767
31372043125,0.80894960,-0.47119894,-0.35111216,0.01709809,67.593,35.745,21.938
31392043225,0.80871610,-0.47141729,-0.35135028,0.01723334,67.642,35.770,21.958
31412043325,0.80871610,-0.47141729,-0.35135028,0.01723334,67.642,35.770,21.958
31432043400,0.80871610,-0.47141729,-0.35135028,0.01723334,67.642,35.770,21.958
31452043525,0.80755877,-0.47261995,-0.35239941,0.01714255,67.911,35.829,22.129
31472043625,0.80732493,-0.47283765,-0.35263650,0.01727730,67.960,35.854,22.150
31492043725,0.80732493,-0.47283765,-0.35263650,0.01727730,67.960,35.854,22.150
31512043825,0.80732493,-0.47283765,-0.35263650,0.01727730,67.960,35.854,22.150
31552044025,0.80616393,-0.47403734,-0.35368474,0.01718769,68.229,35.913,22.321
31572044125,0.80594685,-0.47424001,-0.35390107,0.01732391,68.275,35.936,22.339
31592044225,0.80594685,-0.47424001,-0.35390107,0.01732391,68.275,35.936,22.339
31612044325,0.80594685,-0.47424001,-0.35390107,0.01732391,68.275,35.936,22.339
31632044425,0.80478006,-0.47543876,-0.35495074,0.01723427,68.545,35.994,22.512
31652044500,0.80458037,-0.47562597,-0.35514583,0.01737221,68.587,36.016,22.526
31672044625,0.80458037,-0.47562597,-0.35514583,0.01737221,68.587,36.016,22.526
31692044725,0.80458037,-0.47562597,-0.35514583,0.01737221,68.587,36.016,22.526
31712044825,0.80340863,-0.47682305,-0.35619609,0.01728291,68.858,36.074,22.700
31732044925,0.80320857,-0.47701086,-0.35638894,0.01742290,68.900,36.095,22.714
31752045025,0.80320857,-0.47701086,-0.35638894,0.01742290,68.900,36.095,22.714
31772045125,0.80320857,-0.47701086,-0.35638894,0.01742290,68.900,36.095,22.714
31792045225,0.80202828,-0.47821043,-0.35744215,0.01733590,69.172,36.153,22.889
31812045325,0.80182861,-0.47839977,-0.35762960,0.01748177,69.214,36.174,22.903
31832045425,0.80182861,-0.47839977,-0.35762960,0.01748177,69.214,36.174,22.903
31852045525,0.80182861,-0.47839977,-0.35762960,0.01748177,69.214,36.174,22.903
31872045625,0.80064495,-0.47959576,-0.35868234,0.01739427,69.487,36.231,23.078
31892045725,0.80044456,-0.47978520,-0.35886907,0.01754022,69.529,36.252,23.092
31912045825,0.80044456,-0.47978520,-0.35886907,0.01754022,69.529,36.252,23.092
31932045925,0.80044456,-0.47978520,-0.35886907,0.01754022,69.529,36.252,23.092
31952046025,0.79925505,-0.48097946,-0.35992449,0.01744953,69.802,36.308,23.268
31972046075,0.79904797,-0.48117189,-0.36012015,0.01759072,69.846,36.330,23.284
31992046200,0.79904797,-0.48117189,-0.36012015,0.01759072,69.846,36.330,23.284
32012046325,0.79904797,-0.48117189,-0.36012015,0.01759072,69.846,36.330,23.284
32032046425,0.79785376,-0.48236454,-0.36117516,0.01750224,70.120,36.385,23.461
32052046525,0.79764406,-0.48255772,-0.36137348,0.01764113,70.164,36.407,23.477
32072047575,0.79764406,-0.48255772,-0.36137348,0.01764113,70.164,36.407,23.477
32092046725,0.79764406,-0.48255772,-0.36137348,0.01764113,70.164,36.407,23.477
32112046825,0.79644482,-0.48374864,-0.36242902,0.01755311,70.439,36.462,23.655
32132046925,0.79623251,-0.48394352,-0.36262852,0.01769220,70.484,36.484,23.671
32152047025,0.79623251,-0.48394352,-0.36262852,0.01769220,70.484,36.484,23.671
32192047225,0.79623251,-0.48394352,-0.36262852,0.01769220,70.484,36.484,23.671
32212047325,0.79503068,-0.48513007,-0.36368274,0.01760406,70.760,36.538,23.850
32232047425,0.79481065,-0.48533140,-0.36388817,0.01774412,70.806,36.560,23.868
32252047525,0.79481065,-0.48533140,-0.36388817,0.01774412,70.806,36.560,23.868
32272047625,0.79481065,-0.48533140,-0.36388817,0.01774412,70.806,36.560,23.868
32292047725,0.79360256,-0.48651746,-0.36494381,0.01765673,71.082,36.614,24.047
32312047825,0.79338245,-0.48671810,-0.36514800,0.01779661,71.129,36.636,24.065
32332047925,0.79338245,-0.48671810,-0.36514800,0.01779661,71.129,36.636,24.065
32352048025,0.79338245,-0.48671810,-0.36514800,0.01779661,71.129,36.636,24.065
32372048125,0.79217107,-0.48789938,-0.36620447,0.01770530,71.406,36.689,24.245
32392048225,0.79194125,-0.48810464,-0.36642147,0.01783886,71.454,36.711,24.265
32412048325,0.79194125,-0.48810464,-0.36642147,0.01783886,71.454,36.711,24.265
32432048425,0.79194125,-0.48810464,-0.36642147,0.01783886,71.454,36.711,24.265
32452048525,0.79072395,-0.48928551,-0.36747823,0.01775018,71.732,36.764,24.446
32472048625,0.79049393,-0.48949005,-0.36769421,0.01788314,71.781,36.786,24.466
32492048725,0.79049393,-0.48949005,-0.36769421,0.01788314,71.781,36.786,24.466
32512048825,0.79049393,-0.48949005,-0.36769421,0.01788314,71.781,36.786,24.466
32532048925,0.78926665,-0.49067669,-0.36875131,0.01780484,72.060,36.838,24.648
32552049025,0.78903740,-0.49087910,-0.36896613,0.01793552,72.109,36.860,24.668
32572049125,0.78903740,-0.49087910,-0.36896613,0.01793552,72.109,36.860,24.668
32592049225,0.78903740,-0.49087910,-0.36896613,0.01793552,72.109,36.860,24.668
32612049325,0.78780758,-0.49205999,-0.37002361,0.01785287,72.388,36.912,24.851
32632049425,0.78757731,-0.49226286,-0.37023751,0.01798449,72.437,36.933,24.871
32652049525,0.78757731,-0.49226286,-0.37023751,0.01798449,72.437,36.933,24.871
32672049625,0.78757731,-0.49226286,-0.37023751,0.01798449,72.437,36.933,24.871
32692049700,0.78634259,-0.49344165,-0.37129527,0.01790226,72.717,36.984,25.054
32712049825,0.78611188,-0.49364416,-0.37150819,0.01803376,72.766,37.006,25.075
32732049925,0.78611188,-0.49364416,-0.37150819,0.01803376,72.766,37.006,25.075
32752050025,0.78611188,-0.49364416,-0.37150819,0.01803376,72.766,37.006,25.075
32772050125,0.78487437,-0.49481616,-0.37256842,0.01794314,73.047,37.056,25.259
32792050225,0.78464272,-0.49501933,-0.37277998,0.01807645,73.096,37.077,25.280
32832050425,0.78464272,-0.49501933,-0.37277998,0.01807645,73.096,37.077,25.280
32852050525,0.78464272,-0.49501933,-0.37277998,0.01807645,73.096,37.077,25.280
32872050625,0.78339929,-0.49619150,-0.37383937,0.01799066,73.378,37.127,25.465
32892050700,0.78316745,-0.49639381,-0.37405013,0.01812288,73.427,37.148,25.485
32912050825,0.78316745,-0.49639381,-0.37405013,0.01812288,73.427,37.148,25.485
32932050925,0.78316745,-0.49639381,-0.37405013,0.01812288,73.427,37.148,25.485
32952051025,0.78192558,-0.49755861,-0.37510313,0.01804059,73.708,37.197,25.670
32972051125,0.78169190,-0.49775885,-0.37531840,0.01816580,73.757,37.218,25.692
32992051225,0.78169190,-0.49775885,-0.37531840,0.01816580,73.757,37.218,25.692
33012051325,0.78169190,-0.49775885,-0.37531840,0.01816580,73.757,37.218,25.692
33032051425,0.78044210,-0.49892401,-0.37637479,0.01808258,74.039,37.266,25.878
33052051525,0.78020876,-0.49912227,-0.37658969,0.01820588,74.089,37.287,25.900
33072051625,0.78020876,-0.49912227,-0.37658969,0.01820588,74.089,37.287,25.900
33092051725,0.78020876,-0.49912227,-0.37658969,0.01820588,74.089,37.287,25.900
33112051825,0.77895412,-0.50028526,-0.37764626,0.01812315,74.372,37.335,26.086
33132051925,0.77872034,-0.50048315,-0.37786019,0.01824633,74.421,37.356,26.109
33152052700,0.77872034,-0.50048315,-0.37786019,0.01824633,74.421,37.356,26.109
33172052125,0.77872034,-0.50048315,-0.37786019,0.01824633,74.421,37.356,26.109
33192052200,0.77745339,-0.50165114,-0.37892269,0.01816462,74.707,37.403,26.297
33212052325,0.77722095,-0.50184694,-0.37913429,0.01828755,74.756,37.423,26.319
33232052425,0.77722095,-0.50184694,-0.37913429,0.01828755,74.756,37.423,26.319
33252052500,0.77722095,-0.50184694,-0.37913429,0.01828755,74.756,37.423,26.319
33272052575,0.77595289,-0.50300910,-0.38019403,0.01820611,75.041,37.470,26.507
33292052725,0.77571911,-0.50320541,-0.38040535,0.01832897,75.090,37.490,26.530
33312052825,0.77571911,-0.50320541,-0.38040535,0.01832897,75.090,37.490,26.530
33332052925,0.77571911,-0.50320541,-0.38040535,0.01832897,75.090,37.490,26.530
33352053025,0.77444775,-0.50436567,-0.38146136,0.01825337,75.376,37.536,26.718
33372053100,0.77420609,-0.50456763,-0.38167887,0.01837592,75.427,37.556,26.741
33392053225,0.77420609,-0.50456763,-0.38167887,0.01837592,75.427,37.556,26.741
33412053275,0.77420609,-0.50456763,-0.38167887,0.01837592,75.427,37.556,26.741
33432053425,0.77292928,-0.50572532,-0.38273673,0.01829828,75.714,37.601,26.931
33472053600,0.77268493,-0.50592895,-0.38295501,0.01842158,75.765,37.622,26.955
33492053725,0.77268493,-0.50592895,-0.38295501,0.01842158,75.765,37.622,26.955
33512053825,0.77268493,-0.50592895,-0.38295501,0.01842158,75.765,37.622,26.955
33532053925,0.77140145,-0.50708445,-0.38401666,0.01833996,76.053,37.666,27.146
33552054025,0.77115706,-0.50728763,-0.38423317,0.01846410,76.104,37.687,27.169
33572054125,0.77115706,-0.50728763,-0.38423317,0.01846410,76.104,37.687,27.169
33592054225,0.77115706,-0.50728763,-0.38423317,0.01846410,76.104,37.687,27.169
33612054325,0.76986983,-0.50844056,-0.38529291,0.01838523,76.392,37.730,27.361
33632054400,0.76962471,-0.50864344,-0.38550886,0.01850874,76.444,37.750,27.385
33652054525,0.76962471,-0.50864344,-0.38550886,0.01850874,76.444,37.750,27.385
33672054625,0.76962471,-0.50864344,-0.38550886,0.01850874,76.444,37.750,27.385
33692054725,0.76833283,-0.50979386,-0.38656849,0.01843046,76.733,37.794,27.576
33712054825,0.76808719,-0.50999641,-0.38678350,0.01855382,76.785,37.813,27.600
33732054925,0.76808719,-0.50999641,-0.38678350,0.01855382,76.785,37.813,27.600
33752055025,0.76808719,-0.50999641,-0.38678350,0.01855382,76.785,37.813,27.600
33772055075,0.76679600,-0.51113997,-0.38783812,0.01847746,77.073,37.856,27.792
33892058250,0.76653919,-0.51134709,-0.38806714,0.01859353,77.127,37.876,27.819
33912057500,0.76653919,-0.51134709,-0.38806714,0.01859353,77.127,37.876,27.819
33932057075,0.76653919,-0.51134709,-0.38806714,0.01859353,77.127,37.876,27.819
33952056525,0.76523726,-0.51249128,-0.38912974,0.01851144,77.417,37.918,28.013
33972056125,0.76498121,-0.51270029,-0.38935190,0.01863483,77.471,37.938,28.038
33992056225,0.76498121,-0.51270029,-0.38935190,0.01863483,77.471,37.938,28.038
34012056325,0.76498121,-0.51270029,-0.38935190,0.01863483,77.471,37.938,28.038
34032056425,0.76367634,-0.51384136,-0.39041155,0.01855609,77.762,37.979,28.232
34052056525,0.76341928,-0.51405123,-0.39063201,0.01868076,77.816,37.998,28.258
34072056625,0.76341928,-0.51405123,-0.39063201,0.01868076,77.816,37.998,28.258
34112056825,0.76341928,-0.51405123,-0.39063201,0.01868076,77.816,37.998,28.258
34132056925,0.76211455,-0.51518790,-0.39168424,0.01860910,78.106,38.039,28.451
34152057025,0.76187977,-0.51538232,-0.39187906,0.01873705,78.155,38.057,28.473
34172057125,0.76187977,-0.51538232,-0.39187906,0.01873705,78.155,38.057,28.473
34192057200,0.76187977,-0.51538232,-0.39187906,0.01873705,78.155,38.057,28.473
34212057325,0.76056853,-0.51651696,-0.39293441,0.01866279,78.446,38.096,28.667
34232057425,0.76035779,-0.51669534,-0.39310135,0.01879607,78.490,38.113,28.684
34252057525,0.76035779,-0.51669534,-0.39310135,0.01879607,78.490,38.113,28.684
34272057625,0.76035779,-0.51669534,-0.39310135,0.01879607,78.490,38.113,28.684
34292057725,0.75904236,-0.51782714,-0.39415634,0.01872233,78.781,38.152,28.879
34312057825,0.75883116,-0.51800536,-0.39432245,0.01885543,78.826,38.169,28.896
34332057925,0.75883116,-0.51800536,-0.39432245,0.01885543,78.826,38.169,28.896
34352058025,0.75883116,-0.51800536,-0.39432245,0.01885543,78.826,38.169,28.896
34372058125,0.75750981,-0.51913560,-0.39537875,0.01878163,79.118,38.207,29.092
34392058225,0.75728882,-0.51932120,-0.39555192,0.01891600,79.164,38.224,29.110
34412058325,0.75728882,-0.51932120,-0.39555192,0.01891600,79.164,38.224,29.110
34432058425,0.75728882,-0.51932120,-0.39555192,0.01891600,79.164,38.224,29.110
34452058525,0.75596386,-0.52044822,-0.39660714,0.01884318,79.457,38.262,29.307
34472058625,0.75574224,-0.52063372,-0.39677962,0.01897729,79.503,38.279,29.325
34492058700,0.75574224,-0.52063372,-0.39677962,0.01897729,79.503,38.279,29.325
34512058825,0.75574224,-0.52063372,-0.39677962,0.01897729,79.503,38.279,29.325
34532058925,0.75441425,-0.52175633,-0.39783429,0.01890378,79.796,38.315,29.522
34552059025,0.75419186,-0.52194199,-0.39800598,0.01903797,79.843,38.332,29.541
34572059125,0.75419186,-0.52194199,-0.39800598,0.01903797,79.843,38.332,29.541
34592059225,0.75419186,-0.52194199,-0.39800598,0.01903797,79.843,38.332,29.541
34612058025,0.75285902,-0.52306257,-0.39906033,0.01896575,80.136,38.368,29.738
34632059425,0.75263630,-0.52324784,-0.39923114,0.01909960,80.183,38.385,29.757
34652059525,0.75263630,-0.52324784,-0.39923114,0.01909960,80.183,38.385,29.757
34672059625,0.75263630,-0.52324784,-0.39923114,0.01909960,80.183,38.385,29.757
34692059725,0.75129925,-0.52436557,-0.40028506,0.01902805,80.477,38.420,29.955
34712059825,0.75107605,-0.52455064,-0.40045502,0.01916169,80.523,38.437,29.973
34752060025,0.75107605,-0.52455064,-0.40045502,0.01916169,80.523,38.437,29.973
34772060125,0.75107605,-0.52455064,-0.40045502,0.01916169,80.523,38.437,29.973
34792060225,0.74973126,-0.52566882,-0.40151070,0.01909152,80.819,38.471,30.172
34812060325,0.74950843,-0.52585290,-0.40167929,0.01922480,80.865,38.487,30.191
34832060425,0.74950843,-0.52585290,-0.40167929,0.01922480,80.865,38.487,30.191
34852060525,0.74950843,-0.52585290,-0.40167929,0.01922480,80.865,38.487,30.191
34872060625,0.74816121,-0.52696652,-0.40273339,0.01915494,81.161,38.521,30.390
34892060725,0.74793747,-0.52715080,-0.40290141,0.01928808,81.207,38.537,30.409
34912060825,0.74793747,-0.52715080,-0.40290141,0.01928808,81.207,38.537,30.409
34932060925,0.74793747,-0.52715080,-0.40290141,0.01928808,81.207,38.537,30.409
34952061025,0.74658441,-0.52826248,-0.40395685,0.01921795,81.504,38.571,30.609
34972061125,0.74635314,-0.52845212,-0.40412973,0.01935207,81.552,38.587,30.629
34992061225,0.74635314,-0.52845212,-0.40412973,0.01935207,81.552,38.587,30.629
35012061325,0.74635314,-0.52845212,-0.40412973,0.01935207,81.552,38.587,30.629
35032061425,0.74499676,-0.52956033,-0.40518372,0.01928311,81.848,38.619,30.829
35052061525,0.74476229,-0.52975183,-0.40535800,0.01941724,81.898,38.635,30.850
35072061625,0.74476229,-0.52975183,-0.40535800,0.01941724,81.898,38.635,30.850
35092061725,0.74476229,-0.52975183,-0.40535800,0.01941724,81.898,38.635,30.850
35112061825,0.74340181,-0.53085698,-0.40641140,0.01934898,82.194,38.667,31.050
35132061900,0.74316681,-0.53104829,-0.40658484,0.01948289,82.244,38.683,31.071
35152062000,0.74316681,-0.53104829,-0.40658484,0.01948289,82.244,38.683,31.071
35172062125,0.74316681,-0.53104829,-0.40658484,0.01948289,82.244,38.683,31.071
35192062225,0.74180488,-0.53214776,-0.40763630,0.01941439,82.540,38.714,31.272
35212062325,0.74156872,-0.53233949,-0.40780923,0.01954828,82.590,38.730,31.293
35232062375,0.74156872,-0.53233949,-0.40780923,0.01954828,82.590,38.730,31.293
35252062525,0.74156872,-0.53233949,-0.40780923,0.01954828,82.590,38.730,31.293
35272062625,0.74020153,-0.53343709,-0.40886068,0.01948095,82.887,38.760,31.494
35292062725,0.73996512,-0.53362834,-0.40903262,0.01961451,82.937,38.776,31.515
35312062825,0.73996512,-0.53362834,-0.40903262,0.01961451,82.937,38.776,31.515
35332062925,0.73996512,-0.53362834,-0.40903262,0.01961451,82.937,38.776,31.515
35352063025,0.73859387,-0.53472522,-0.41008012,0.01955292,83.234,38.805,31.716
35392063225,0.73835709,-0.53491252,-0.41025618,0.01967927,83.284,38.821,31.738
35412063325,0.73835709,-0.53491252,-0.41025618,0.01967927,83.284,38.821,31.738
35432063425,0.73835709,-0.53491252,-0.41025618,0.01967927,83.284,38.821,31.738
35452063525,0.73698195,-0.53600503,-0.41130455,0.01961594,83.582,38.849,31.940
35472063625,0.73674465,-0.53619129,-0.41148090,0.01974064,83.632,38.865,31.962
35492063725,0.73674465,-0.53619129,-0.41148090,0.01974064,83.632,38.865,31.962
35512063800,0.73674465,-0.53619129,-0.41148090,0.01974064,83.632,38.865,31.962
35532063925,0.73536891,-0.53727626,-0.41252842,0.01967459,83.930,38.893,32.165
35552064025,0.73512519,-0.53746714,-0.41270808,0.01980047,83.981,38.908,32.188
35572064125,0.73512519,-0.53746714,-0.41270808,0.01980047,83.981,38.908,32.188
35592064225,0.73512519,-0.53746714,-0.41270808,0.01980047,83.981,38.908,32.188
35612064325,0.73374395,-0.53855101,-0.41375487,0.01973682,84.279,38.935,32.391
35632064425,0.73349497,-0.53874502,-0.41393769,0.01986278,84.331,38.950,32.415
35652064525,0.73349497,-0.53874502,-0.41393769,0.01986278,84.331,38.950,32.415
35672064600,0.73349497,-0.53874502,-0.41393769,0.01986278,84.331,38.950,32.415
35692064725,0.73210981,-0.53982565,-0.41498369,0.01979989,84.630,38.977,32.618
35712064825,0.73186024,-0.54001946,-0.41516569,0.01992562,84.682,38.992,32.642
35732064925,0.73186024,-0.54001946,-0.41516569,0.01992562,84.682,38.992,32.642
35752065025,0.73186024,-0.54001946,-0.41516569,0.01992562,84.682,38.992,32.642
35772065100,0.73046647,-0.54110082,-0.41621396,0.01986393,84.983,39.017,32.846
35792065225,0.73021765,-0.54128904,-0.41640016,0.01998153,85.035,39.032,32.871
35812065325,0.73021765,-0.54128904,-0.41640016,0.01998153,85.035,39.032,32.871
35832065425,0.73021765,-0.54128904,-0.41640016,0.01998153,85.035,39.032,32.871
35852065525,0.72882244,-0.54236507,-0.41744601,0.01992036,85.335,39.057,33.076
35872065600,0.72857244,-0.54255357,-0.41763179,0.02003780,85.387,39.072,33.101
35892065700,0.72857244,-0.54255357,-0.41763179,0.02003780,85.387,39.072,33.101
35912065800,0.72857244,-0.54255357,-0.41763179,0.02003780,85.387,39.072,33.101
35932065925,0.72717459,-0.54362577,-0.41867530,0.01997820,85.687,39.096,33.305
35952066025,0.72692114,-0.54381609,-0.41886260,0.02009557,85.740,39.110,33.331
35972066125,0.72692114,-0.54381609,-0.41886260,0.02009557,85.740,39.110,33.331
36022066375,0.72692114,-0.54381609,-0.41886260,0.02009557,85.740,39.110,33.331
36042066475,0.72551937,-0.54488186,-0.41990971,0.02003069,86.041,39.134,33.537
36062081250,0.72525763,-0.54507826,-0.42010123,0.02015012,86.095,39.148,33.563
36082065375,0.72525763,-0.54507826,-0.42010123,0.02015012,86.095,39.148,33.563
36102066775,0.72525763,-0.54507826,-0.42010123,0.02015012,86.095,39.148,33.563
36122066850,0.72385195,-0.54614217,-0.42114549,0.02008877,86.396,39.171,33.769
36142066975,0.72358960,-0.54633803,-0.42133659,0.02020738,86.451,39.185,33.796
36162067075,0.72358960,-0.54633803,-0.42133659,0.02020738,86.451,39.185,33.796
36182067175,0.72358960,-0.54633803,-0.42133659,0.02020738,86.451,39.185,33.796
36202067275,0.72218019,-0.54739994,-0.42237788,0.02014949,86.752,39.207,34.001
36222067375,0.72191718,-0.54759530,-0.42256858,0.02026729,86.807,39.221,34.028
36242067475,0.72191718,-0.54759530,-0.42256858,0.02026729,86.807,39.221,34.028
36262067575,0.72191718,-0.54759530,-0.42256858,0.02026729,86.807,39.221,34.028
36282067675,0.72050422,-0.54865293,-0.42360976,0.02020888,87.108,39.242,34.235
36302067775,0.72024052,-0.54884826,-0.42379949,0.02032672,87.163,39.256,34.262
36322067875,0.72024052,-0.54884826,-0.42379949,0.02032672,87.163,39.256,34.262
36342067975,0.72024052,-0.54884826,-0.42379949,0.02032672,87.163,39.256,34.262
36362068075,0.71882188,-0.54990534,-0.42483913,0.02027162,87.465,39.276,34.468
36382068175,0.71855021,-0.55010538,-0.42503402,0.02038967,87.522,39.290,34.496
36402068275,0.71855021,-0.55010538,-0.42503402,0.02038967,87.522,39.290,34.496
36422068350,0.71855021,-0.55010538,-0.42503402,0.02038967,87.522,39.290,34.496
36442068475,0.71712900,-0.55115742,-0.42607280,0.02033414,87.824,39.310,34.703
36462068575,0.71685378,-0.55135944,-0.42626883,0.02045255,87.882,39.324,34.731
36482068675,0.71685378,-0.55135944,-0.42626883,0.02045255,87.882,39.324,34.731
36502068775,0.71685378,-0.55135944,-0.42626883,0.02045255,87.882,39.324,34.731
36522068575,0.71542905,-0.55240781,-0.42730645,0.02039782,88.184,39.342,34.938
36662071250,0.71515317,-0.55260851,-0.42750316,0.02051408,88.241,39.356,34.967
36682070700,0.71515317,-0.55260851,-0.42750316,0.02051408,88.241,39.356,34.967
36702070250,0.71515317,-0.55260851,-0.42750316,0.02051408,88.241,39.356,34.967
36722069875,0.71372398,-0.55365397,-0.42854024,0.02046020,88.544,39.374,35.175
36742069975,0.71345551,-0.55384761,-0.42873162,0.02057331,88.600,39.387,35.203
36762070075,0.71345551,-0.55384761,-0.42873162,0.02057331,88.600,39.387,35.203
36782070175,0.71345551,-0.55384761,-0.42873162,0.02057331,88.600,39.387,35.203
36802070275,0.71202901,-0.55488526,-0.42976264,0.02052099,88.902,39.404,35.410
36822070375,0.71178164,-0.55507003,-0.42992797,0.02064208,88.953,39.416,35.433
36842070475,0.71178164,-0.55507003,-0.42992797,0.02064208,88.953,39.416,35.433
36862070575,0.71178164,-0.55507003,-0.42992797,0.02064208,88.953,39.416,35.433
36882070675,0.71034936,-0.55610561,-0.43095983,0.02059015,89.255,39.432,35.641
36902070775,0.71010193,-0.55628988,-0.43112396,0.02071106,89.306,39.444,35.664
36922070875,0.71010193,-0.55628988,-0.43112396,0.02071106,89.306,39.444,35.664
36942070975,0.71010193,-0.55628988,-0.43112396,0.02071106,89.306,39.444,35.664
36962071075,0.70866641,-0.55732055,-0.43215619,0.02065797,89.609,39.460,35.872
36982071175,0.70842589,-0.55750638,-0.43230453,0.02078937,89.659,39.471,35.893
37002071275,0.70842589,-0.55750638,-0.43230453,0.02078937,89.659,39.471,35.893
37022071375,0.70842589,-0.55750638,-0.43230453,0.02078937,89.659,39.471,35.893
37042071475,0.70698720,-0.55853387,-0.43333469,0.02073808,89.961,39.486,36.101
37062071575,0.70674855,-0.55871999,-0.43347757,0.02087241,90.011,39.497,36.121
37082071675,0.70674855,-0.55871999,-0.43347757,0.02087241,90.011,39.497,36.121
37102071775,0.70674855,-0.55871999,-0.43347757,0.02087241,90.011,39.497,36.121
37122071875,0.70530673,-0.55974372,-0.43450643,0.02082200,90.313,39.511,36.329
37142071975,0.70506478,-0.55993160,-0.43465054,0.02095636,90.363,39.523,36.349
37162072075,0.70506478,-0.55993160,-0.43465054,0.02095636,90.363,39.523,36.349
37182072150,0.70506478,-0.55993160,-0.43465054,0.02095636,90.363,39.523,36.349
37202072275,0.70361809,-0.56095135,-0.43568126,0.02090450,90.666,39.536,36.558
37222072350,0.70336793,-0.56114463,-0.43582976,0.02104005,90.718,39.547,36.579
37242072475,0.70336793,-0.56114463,-0.43582976,0.02104005,90.718,39.547,36.579
37262072550,0.70336793,-0.56114463,-0.43582976,0.02104005,90.718,39.547,36.579
37302072775,0.70191892,-0.56216070,-0.43685762,0.02099023,91.021,39.559,36.788
37322072875,0.70166788,-0.56235390,-0.43700572,0.02112522,91.073,39.570,36.810
37342072975,0.70166788,-0.56235390,-0.43700572,0.02112522,91.073,39.570,36.810
37362073075,0.70166788,-0.56235390,-0.43700572,0.02112522,91.073,39.570,36.810
37382073175,0.70021593,-0.56336402,-0.43803488,0.02107319,91.376,39.582,37.019
37402073275,0.69997483,-0.56355036,-0.43817403,0.02120720,91.426,39.593,37.039
37422073375,0.69997483,-0.56355036,-0.43817403,0.02120720,91.426,39.593,37.039
37442073475,0.69997483,-0.56355036,-0.43817403,0.02120720,91.426,39.593,37.039
37462073575,0.69851994,-0.56455755,-0.43920044,0.02115759,91.729,39.603,37.249
37482073675,0.69827816,-0.56474365,-0.43933918,0.02129095,91.778,39.614,37.269
37502073775,0.69827816,-0.56474365,-0.43933918,0.02129095,91.778,39.614,37.269
37522073875,0.69827816,-0.56474365,-0.43933918,0.02129095,91.778,39.614,37.269
37542073975,0.69682286,-0.56574672,-0.44036033,0.02124463,92.081,39.624,37.478
37562074075,0.69657455,-0.56593414,-0.44050607,0.02137413,92.132,39.634,37.499
37582074175,0.69657455,-0.56593414,-0.44050607,0.02137413,92.132,39.634,37.499
37602074250,0.69657455,-0.56593414,-0.44050607,0.02137413,92.132,39.634,37.499
37622074375,0.69511508,-0.56693341,-0.44152765,0.02132758,92.435,39.643,37.708
37642074475,0.69486110,-0.56712196,-0.44167913,0.02145397,92.488,39.654,37.731
37662074575,0.69486110,-0.56712196,-0.44167913,0.02145397,92.488,39.654,37.731
37682074675,0.69486110,-0.56712196,-0.44167913,0.02145397,92.488,39.654,37.731
37702074775,0.69339871,-0.56811731,-0.44269925,0.02140832,92.791,39.662,37.941
37722074875,0.69314403,-0.56830579,-0.44285004,0.02153440,92.843,39.672,37.964
37742074975,0.69314403,-0.56830579,-0.44285004,0.02153440,92.843,39.672,37.964
37762075075,0.69314403,-0.56830579,-0.44285004,0.02153440,92.843,39.672,37.964
37782075175,0.69167496,-0.56930109,-0.44386950,0.02149149,93.147,39.680,38.173
37802075250,0.69143126,-0.56948146,-0.44401176,0.02161553,93.197,39.689,38.195
37822075375,0.69143126,-0.56948146,-0.44401176,0.02161553,93.197,39.689,38.195
37842075475,0.69143126,-0.56948146,-0.44401176,0.02161553,93.197,39.689,38.195
37862075575,0.68996138,-0.57047078,-0.44502922,0.02157263,93.500,39.696,38.405
37882075675,0.68971650,-0.57065158,-0.44517096,0.02169655,93.550,39.706,38.426
37902075775,0.68971650,-0.57065158,-0.44517096,0.02169655,93.550,39.706,38.426
37942075975,0.68971650,-0.57065158,-0.44517096,0.02169655,93.550,39.706,38.426
37962076050,0.68824728,-0.57163381,-0.44618560,0.02165353,93.853,39.712,38.636
37982076175,0.68799556,-0.57181647,-0.44633384,0.02177437,93.905,39.721,38.659
38002076275,0.68799556,-0.57181647,-0.44633384,0.02177437,93.905,39.721,38.659
38022076375,0.68799556,-0.57181647,-0.44633384,0.02177437,93.905,39.721,38.659
38042076475,0.68652199,-0.57279618,-0.44734749,0.02173279,94.208,39.727,38.868
38062076575,0.68626462,-0.57297960,-0.44750175,0.02185021,94.260,39.736,38.893
38082076675,0.68626462,-0.57297960,-0.44750175,0.02185021,94.260,39.736,38.893
38102076775,0.68626462,-0.57297960,-0.44750175,0.02185021,94.260,39.736,38.893
38122076875,0.68478833,-0.57395529,-0.44851378,0.02180957,94.563,39.740,39.102
38142076975,0.68452749,-0.57414041,-0.44866927,0.02192702,94.617,39.749,39.127
38162077075,0.68452749,-0.57414041,-0.44866927,0.02192702,94.617,39.749,39.127
38182077150,0.68452749,-0.57414041,-0.44866927,0.02192702,94.617,39.749,39.127
38202077275,0.68304139,-0.57511880,-0.44968173,0.02188996,94.921,39.753,39.338
38222077375,0.68277330,-0.57530756,-0.44984163,0.02200752,94.976,39.762,39.363
38242077475,0.68277330,-0.57530756,-0.44984163,0.02200752,94.976,39.762,39.363
38262077575,0.68277330,-0.57530756,-0.44984163,0.02200752,94.976,39.762,39.363
38282077675,0.68128804,-0.57627853,-0.45085139,0.02197013,95.279,39.765,39.573
38302077775,0.68101833,-0.57646798,-0.45101090,0.02208765,95.334,39.774,39.599
38322077875,0.68101833,-0.57646798,-0.45101090,0.02208765,95.334,39.774,39.599
38342077975,0.68101833,-0.57646798,-0.45101090,0.02208765,95.334,39.774,39.599
38362078075,0.67953788,-0.57742990,-0.45201408,0.02205127,95.636,39.776,39.808
38382078175,0.67926561,-0.57762046,-0.45217407,0.02216848,95.692,39.785,39.835
38402078275,0.67926561,-0.57762046,-0.45217407,0.02216848,95.692,39.785,39.835
38422078375,0.67926561,-0.57762046,-0.45217407,0.02216848,95.692,39.785,39.835
38442078450,0.67777915,-0.57858051,-0.45317782,0.02213301,95.995,39.786,40.044
38462078575,0.67750691,-0.57877046,-0.45333662,0.02224990,96.050,39.794,40.070
38482078650,0.67750691,-0.57877046,-0.45333662,0.02224990,96.050,39.794,40.070
38502078775,0.67750691,-0.57877046,-0.45333662,0.02224990,96.050,39.794,40.070
38522078875,0.67601797,-0.57972632,-0.45433861,0.02221539,96.352,39.795,40.280
38572079125,0.67574222,-0.57991673,-0.45450016,0.02233050,96.408,39.803,40.307
38592079225,0.67574222,-0.57991673,-0.45450016,0.02233050,96.408,39.803,40.307
38612079325,0.67574222,-0.57991673,-0.45450016,0.02233050,96.408,39.803,40.307
38632079425,0.67424912,-0.58086640,-0.45550562,0.02229302,96.711,39.803,40.517
38652079525,0.67396484,-0.58105869,-0.45567559,0.02240424,96.769,39.811,40.546
38672079625,0.67396484,-0.58105869,-0.45567559,0.02240424,96.769,39.811,40.546
38692079725,0.67396484,-0.58105869,-0.45567559,0.02240424,96.769,39.811,40.546
38712079825,0.67247017,-0.58200508,-0.45667663,0.02236968,97.071,39.810,40.756
38732079925,0.67218484,-0.58219709,-0.45684651,0.02248017,97.129,39.818,40.785
38752080025,0.67218484,-0.58219709,-0.45684651,0.02248017,97.129,39.818,40.785
38772080125,0.67218484,-0.58219709,-0.45684651,0.02248017,97.129,39.818,40.785
38792080225,0.67068505,-0.58314304,-0.45784474,0.02244912,97.432,39.816,40.994
38812080325,0.67039927,-0.58333897,-0.45800790,0.02256590,97.490,39.823,41.022
38832080425,0.67039927,-0.58333897,-0.45800790,0.02256590,97.490,39.823,41.022
38852080525,0.67039927,-0.58333897,-0.45800790,0.02256590,97.490,39.823,41.022
38872080625,0.66889860,-0.58427868,-0.45900467,0.02253462,97.792,39.821,41.232
38892080700,0.66861160,-0.58447498,-0.45916711,0.02265133,97.850,39.828,41.260
38912080825,0.66861160,-0.58447498,-0.45916711,0.02265133,97.850,39.828,41.260
38932080925,0.66861160,-0.58447498,-0.45916711,0.02265133,97.850,39.828,41.260
38952081025,0.66711506,-0.58540723,-0.46015661,0.02262221,98.151,39.825,41.468
38972081125,0.66682591,-0.58559934,-0.46032588,0.02273124,98.209,39.832,41.497
38992081200,0.66682591,-0.58559934,-0.46032588,0.02273124,98.209,39.832,41.497
39012081300,0.66682591,-0.58559934,-0.46032588,0.02273124,98.209,39.832,41.497
39032081425,0.66532414,-0.58652871,-0.46131600,0.02270254,98.511,39.828,41.706
39052081525,0.66503507,-0.58671546,-0.46149030,0.02280427,98.569,39.835,41.737
39072081625,0.66503507,-0.58671546,-0.46149030,0.02280427,98.569,39.835,41.737
39092081725,0.66503507,-0.58671546,-0.46149030,0.02280427,98.569,39.835,41.737
39112081825,0.66353115,-0.58764047,-0.46247845,0.02277655,98.870,39.830,41.945
39132081925,0.66324118,-0.58782714,-0.46265213,0.02287797,98.928,39.836,41.976
39152082025,0.66324118,-0.58782714,-0.46265213,0.02287797,98.928,39.836,41.976
39172082125,0.66324118,-0.58782714,-0.46265213,0.02287797,98.928,39.836,41.976
39212082325,0.66173574,-0.58874838,-0.46363663,0.02285234,99.229,39.830,42.184
39232082425,0.66143326,-0.58894659,-0.46381107,0.02296160,99.290,39.837,42.215
39252082525,0.66143326,-0.58894659,-0.46381107,0.02296160,99.290,39.837,42.215
39272082625,0.66143326,-0.58894659,-0.46381107,0.02296160,99.290,39.837,42.215
39292082075,0.65992545,-0.58986315,-0.46479435,0.02293646,99.591,39.830,42.423
39402085750,0.65962211,-0.59006131,-0.46496798,0.02304549,99.651,39.837,42.454
39422085125,0.65962211,-0.59006131,-0.46496798,0.02304549,99.651,39.837,42.454
39442084700,0.65962211,-0.59006131,-0.46496798,0.02304549,99.651,39.837,42.454
39462084250,0.65810724,-0.59097497,-0.46595443,0.02301963,99.953,39.829,42.663
39482083675,0.65780441,-0.59116766,-0.46613254,0.02312166,100.013,39.836,42.696
39502083775,0.65780441,-0.59116766,-0.46613254,0.02312166,100.013,39.836,42.696
39522083875,0.65780441,-0.59116766,-0.46613254,0.02312166,100.013,39.836,42.696
39542083950,0.65629006,-0.59207607,-0.46711431,0.02309768,100.314,39.827,42.904
39562084075,0.65599402,-0.59226631,-0.46728380,0.02320171,100.373,39.833,42.934
39582084175,0.65599402,-0.59226631,-0.46728380,0.02320171,100.373,39.833,42.934
39602084275,0.65599402,-0.59226631,-0.46728380,0.02320171,100.373,39.833,42.934
39622084375,0.65448384,-0.59316296,-0.46826437,0.02317487,100.672,39.824,43.143
39642084475,0.65421048,-0.59334714,-0.46840745,0.02328685,100.727,39.830,43.168
39662084575,0.65421048,-0.59334714,-0.46840745,0.02328685,100.727,39.830,43.168
39682084675,0.65421048,-0.59334714,-0.46840745,0.02328685,100.727,39.830,43.168
39702084775,0.65269585,-0.59424270,-0.46938533,0.02326293,101.026,39.820,43.376
39722084850,0.65242224,-0.59442612,-0.46952792,0.02337415,101.080,39.825,43.402
39742084975,0.65242224,-0.59442612,-0.46952792,0.02337415,101.080,39.825,43.402
39762085075,0.65242224,-0.59442612,-0.46952792,0.02337415,101.080,39.825,43.402
39782085175,0.65090319,-0.59532273,-0.47050017,0.02335542,101.380,39.815,43.609
39802085275,0.65063746,-0.59550743,-0.47062801,0.02347482,101.432,39.820,43.632
39852085525,0.65063746,-0.59550743,-0.47062801,0.02347482,101.432,39.820,43.632
39872085625,0.65063746,-0.59550743,-0.47062801,0.02347482,101.432,39.820,43.632
39892085725,0.64911808,-0.59639684,-0.47159982,0.02345513,101.731,39.809,43.839
39912085825,0.64885386,-0.59658302,-0.47172180,0.02357770,101.784,39.813,43.861
39932085925,0.64885386,-0.59658302,-0.47172180,0.02357770,101.784,39.813,43.861
39952086025,0.64885386,-0.59658302,-0.47172180,0.02357770,101.784,39.813,43.861
39972086125,0.64732876,-0.59747113,-0.47269299,0.02355988,102.083,39.801,44.068
39992086225,0.64706463,-0.59765660,-0.47281404,0.02368189,102.135,39.806,44.090
40012086275,0.64706463,-0.59765660,-0.47281404,0.02368189,102.135,39.806,44.090
40032086425,0.64706463,-0.59765660,-0.47281404,0.02368189,102.135,39.806,44.090
40052086525,0.64553995,-0.59853862,-0.47378231,0.02366476,102.434,39.793,44.297
40072087575,0.64527445,-0.59872450,-0.47390301,0.02378646,102.486,39.798,44.319
40092086725,0.64527445,-0.59872450,-0.47390301,0.02378646,102.486,39.798,44.319
40112086825,0.64527445,-0.59872450,-0.47390301,0.02378646,102.486,39.798,44.319
40132086925,0.64374826,-0.59960197,-0.47486906,0.02377041,102.784,39.784,44.525
40152087025,0.64347899,-0.59978955,-0.47499101,0.02389205,102.837,39.788,44.547
40172087125,0.64347899,-0.59978955,-0.47499101,0.02389205,102.837,39.788,44.547
40192087225,0.64347899,-0.59978955,-0.47499101,0.02389205,102.837,39.788,44.547
40212087325,0.64194597,-0.60066448,-0.47595955,0.02387604,103.136,39.774,44.755
40232087425,0.64166845,-0.60085652,-0.47608520,0.02399848,103.191,39.778,44.778
40252087525,0.64166845,-0.60085652,-0.47608520,0.02399848,103.191,39.778,44.778
40272087625,0.64166845,-0.60085652,-0.47608520,0.02399848,103.191,39.778,44.778
40292087725,0.64013649,-0.60172593,-0.47704921,0.02398413,103.489,39.763,44.984
40312087825,0.63985742,-0.60191823,-0.47717483,0.02410606,103.543,39.767,45.008
40332087925,0.63985742,-0.60191823,-0.47717483,0.02410606,103.543,39.767,45.008
40352088025,0.63985742,-0.60191823,-0.47717483,0.02410606,103.543,39.767,45.008
40372088125,0.63833055,-0.60278050,-0.47813100,0.02409397,103.840,39.751,45.213
40392088225,0.63804918,-0.60296967,-0.47826216,0.02421016,103.895,39.755,45.237
40412088325,0.63804918,-0.60296967,-0.47826216,0.02421016,103.895,39.755,45.237
40432088400,0.63804918,-0.60296967,-0.47826216,0.02421016,103.895,39.755,45.237
40452088525,0.63651784,-0.60382853,-0.47921872,0.02419862,104.191,39.739,45.442
40492088725,0.63623631,-0.60401613,-0.47935034,0.02431284,104.246,39.742,45.467
40512088825,0.63623631,-0.60401613,-0.47935034,0.02431284,104.246,39.742,45.467
40532088925,0.63623631,-0.60401613,-0.47935034,0.02431284,104.246,39.742,45.467
40552089025,0.63470441,-0.60487073,-0.48030310,0.02430313,104.542,39.725,45.672
40572089125,0.63442188,-0.60505573,-0.48043774,0.02441342,104.597,39.728,45.697
40592089225,0.63442188,-0.60505573,-0.48043774,0.02441342,104.597,39.728,45.697
40612089325,0.63442188,-0.60505573,-0.48043774,0.02441342,104.597,39.728,45.697
40632089425,0.63288834,-0.60590554,-0.48138887,0.02440446,104.893,39.710,45.902
40652089525,0.63260506,-0.60608802,-0.48152607,0.02451107,104.948,39.713,45.928
40672089625,0.63260506,-0.60608802,-0.48152607,0.02451107,104.948,39.713,45.928
40692089725,0.63260506,-0.60608802,-0.48152607,0.02451107,104.948,39.713,45.928
40712089825,0.63107032,-0.60693318,-0.48247483,0.02450320,105.243,39.695,46.132
40732089925,0.63078605,-0.60711568,-0.48261152,0.02460943,105.298,39.697,46.158
40752090025,0.63078605,-0.60711568,-0.48261152,0.02460943,105.298,39.697,46.158
40772090125,0.63078605,-0.60711568,-0.48261152,0.02460943,105.298,39.697,46.158
40792090225,0.62924860,-0.60795390,-0.48356292,0.02459989,105.593,39.678,46.363
40812090325,0.62895183,-0.60814847,-0.48369850,0.02471433,105.650,39.681,46.389
40832090425,0.62895183,-0.60814847,-0.48369850,0.02471433,105.650,39.681,46.389
40852090525,0.62895183,-0.60814847,-0.48369850,0.02471433,105.650,39.681,46.389
40872090600,0.62741392,-0.60898317,-0.48464504,0.02470733,105.945,39.661,46.593
40892090725,0.62711596,-0.60917750,-0.48478062,0.02482107,106.002,39.663,46.619
40912090825,0.62711596,-0.60917750,-0.48478062,0.02482107,106.002,39.663,46.619
40932090925,0.62711596,-0.60917750,-0.48478062,0.02482107,106.002,39.663,46.619
40952091025,0.62557595,-0.61001205,-0.48572016,0.02481864,106.296,39.642,46.822
40972091425,0.62527734,-0.61020282,-0.48585941,0.02492794,106.354,39.644,46.849
40992091525,0.62527734,-0.61020282,-0.48585941,0.02492794,106.354,39.644,46.849
41012091625,0.62527734,-0.61020282,-0.48585941,0.02492794,106.354,39.644,46.849
41032091700,0.62373683,-0.61103039,-0.48679870,0.02492498,106.647,39.623,47.051
41052091825,0.62343720,-0.61121905,-0.48694023,0.02503089,106.705,39.624,47.079
41072091925,0.62343720,-0.61121905,-0.48694023,0.02503089,106.705,39.624,47.079
41092092025,0.62343720,-0.61121905,-0.48694023,0.02503089,106.705,39.624,47.079
41132092225,0.62189574,-0.61204187,-0.48787702,0.02502906,106.998,39.602,47.281
41152092325,0.62159505,-0.61223054,-0.48801805,0.02513458,107.055,39.604,47.309
41172092425,0.62159505,-0.61223054,-0.48801805,0.02513458,107.055,39.604,47.309
41192092525,0.62159505,-0.61223054,-0.48801805,0.02513458,107.055,39.604,47.309
41212092625,0.62005306,-0.61304262,-0.48895959,0.02512917,107.348,39.581,47.512
41232092725,0.61975123,-0.61323257,-0.48909857,0.02523525,107.405,39.583,47.539
41252092825,0.61975123,-0.61323257,-0.48909857,0.02523525,107.405,39.583,47.539
41272092925,0.61975123,-0.61323257,-0.48909857,0.02523525,107.405,39.583,47.539
41292093025,0.61820819,-0.61404281,-0.49003401,0.02523333,107.697,39.559,47.741
41312093125,0.61790534,-0.61423215,-0.49017325,0.02533852,107.755,39.560,47.769
41332093225,0.61790534,-0.61423215,-0.49017325,0.02533852,107.755,39.560,47.769
41352093325,0.61790534,-0.61423215,-0.49017325,0.02533852,107.755,39.560,47.769
41372093425,0.61636574,-0.61503984,-0.49109783,0.02534129,108.045,39.536,47.969
41392093500,0.61605218,-0.61522957,-0.49124843,0.02544143,108.105,39.537,47.999
41412093600,0.61605218,-0.61522957,-0.49124843,0.02544143,108.105,39.537,47.999
41432093725,0.61605218,-0.61522957,-0.49124843,0.02544143,108.105,39.537,47.999
41452093800,0.61450970,-0.61603143,-0.49217450,0.02544365,108.395,39.512,48.199
41472093925,0.61419266,-0.61622159,-0.49232705,0.02554243,108.456,39.513,48.230
41492094025,0.61419266,-0.61622159,-0.49232705,0.02554243,108.456,39.513,48.230
41512094125,0.61419266,-0.61622159,-0.49232705,0.02554243,108.456,39.513,48.230
41532094225,0.61264941,-0.61701865,-0.49325055,0.02554580,108.745,39.487,48.429
41552094325,0.61232831,-0.61721034,-0.49340429,0.02564452,108.806,39.487,48.460
41572094425,0.61232831,-0.61721034,-0.49340429,0.02564452,108.806,39.487,48.460
41592094525,0.61232831,-0.61721034,-0.49340429,0.02564452,108.806,39.487,48.460
41612094625,0.61078326,-0.61800331,-0.49432564,0.02564917,109.095,39.461,48.659
41632094725,0.61045242,-0.61819947,-0.49448384,0.02574845,109.158,39.461,48.691
41652094825,0.61045242,-0.61819947,-0.49448384,0.02574845,109.158,39.461,48.691
41672094925,0.61045242,-0.61819947,-0.49448384,0.02574845,109.158,39.461,48.691
41692095025,0.60890724,-0.61898727,-0.49540231,0.02575424,109.446,39.434,48.890
41712095125,0.60857513,-0.61918346,-0.49556006,0.02585312,109.509,39.434,48.922
41732095225,0.60857513,-0.61918346,-0.49556006,0.02585312,109.509,39.434,48.922
41772095425,0.60857513,-0.61918346,-0.49556006,0.02585312,109.509,39.434,48.922
41792095525,0.60702400,-0.61996802,-0.49648043,0.02585932,109.798,39.406,49.121
41812095625,0.60669222,-0.62015977,-0.49664157,0.02595308,109.861,39.406,49.154
41832095725,0.60669222,-0.62015977,-0.49664157,0.02595308,109.861,39.406,49.154
41852095825,0.60669222,-0.62015977,-0.49664157,0.02595308,109.861,39.406,49.154
41872095925,0.60514320,-0.62093864,-0.49755698,0.02596085,110.148,39.377,49.352
41892096025,0.60480969,-0.62112923,-0.49771979,0.02605253,110.211,39.377,49.385
41912096125,0.60480969,-0.62112923,-0.49771979,0.02605253,110.211,39.377,49.385
41932096225,0.60480969,-0.62112923,-0.49771979,0.02605253,110.211,39.377,49.385
41952096325,0.60326317,-0.62190297,-0.49862912,0.02606234,110.498,39.348,49.582
41972096425,0.60292764,-0.62209626,-0.49878887,0.02615667,110.560,39.347,49.615
41992096525,0.60292764,-0.62209626,-0.49878887,0.02615667,110.560,39.347,49.615
42012096625,0.60292764,-0.62209626,-0.49878887,0.02615667,110.560,39.347,49.615
42032096400,0.60137971,-0.62286680,-0.49969451,0.02616850,110.846,39.317,49.811
42142099900,0.60104310,-0.62306233,-0.49985063,0.02626545,110.909,39.316,49.844
42162099200,0.60104310,-0.62306233,-0.49985063,0.02626545,110.909,39.316,49.844
42182098725,0.60104310,-0.62306233,-0.49985063,0.02626545,110.909,39.316,49.844
42202098275,0.59949524,-0.62382416,-0.50075786,0.02627603,111.195,39.286,50.040
42222097675,0.59915762,-0.62401513,-0.50091922,0.02636668,111.258,39.284,50.073
42242097750,0.59915762,-0.62401513,-0.50091922,0.02636668,111.258,39.284,50.073
42262097875,0.59915762,-0.62401513,-0.50091922,0.02636668,111.258,39.284,50.073
42282097975,0.59760915,-0.62477353,-0.50182216,0.02637935,111.542,39.253,50.269
42302098075,0.59727040,-0.62496413,-0.50198335,0.02646941,111.605,39.251,50.302
42322098175,0.59727040,-0.62496413,-0.50198335,0.02646941,111.605,39.251,50.302
42342098275,0.59727040,-0.62496413,-0.50198335,0.02646941,111.605,39.251,50.302
42362098375,0.59572266,-0.62571891,-0.50288063,0.02648444,111.889,39.220,50.497
42412098625,0.59540610,-0.62590511,-0.50301871,0.02658077,111.948,39.218,50.526
42432098725,0.59540610,-0.62590511,-0.50301871,0.02658077,111.948,39.218,50.526
42452098800,0.59540610,-0.62590511,-0.50301871,0.02658077,111.948,39.218,50.526
42472098925,0.59385790,-0.62665427,-0.50391454,0.02659642,112.231,39.186,50.720
42492099025,0.59356391,-0.62683660,-0.50402867,0.02669932,112.285,39.184,50.744
42512099125,0.59356391,-0.62683660,-0.50402867,0.02669932,112.285,39.184,50.744
42532099225,0.59356391,-0.62683660,-0.50402867,0.02669932,112.285,39.184,50.744
42552099325,0.59201576,-0.62758082,-0.50492169,0.02671616,112.568,39.152,50.937
42572099425,0.59172659,-0.62776158,-0.50503046,0.02681954,112.621,39.150,50.961
42592099525,0.59172659,-0.62776158,-0.50503046,0.02681954,112.621,39.150,50.961
42612099625,0.59172659,-0.62776158,-0.50503046,0.02681954,112.621,39.150,50.961
42632099725,0.59017861,-0.62849944,-0.50592237,0.02683673,112.903,39.117,51.154
42652099825,0.58990619,-0.62867565,-0.50601552,0.02694260,112.953,39.115,51.174
42672099900,0.58990619,-0.62867565,-0.50601552,0.02694260,112.953,39.115,51.174
42692100025,0.58990619,-0.62867565,-0.50601552,0.02694260,112.953,39.115,51.174
42712100125,0.58835822,-0.62940940,-0.50690383,0.02696143,113.233,39.081,51.366
42732100225,0.58808472,-0.62958558,-0.50699679,0.02706676,113.284,39.079,51.387
42752100325,0.58808472,-0.62958558,-0.50699679,0.02706676,113.284,39.079,51.387
42772100425,0.58808472,-0.62958558,-0.50699679,0.02706676,113.284,39.079,51.387
42792100525,0.58653766,-0.63031332,-0.50788288,0.02708633,113.564,39.045,51.579
42812100625,0.58624489,-0.63049476,-0.50799022,0.02718857,113.617,39.043,51.602
42832100725,0.58624489,-0.63049476,-0.50799022,0.02718857,113.617,39.043,51.602
42852100825,0.58624489,-0.63049476,-0.50799022,0.02718857,113.617,39.043,51.602
42872100875,0.58469732,-0.63121838,-0.50887330,0.02720965,113.897,39.008,51.793
42892101000,0.58439756,-0.63140136,-0.50898523,0.02731047,113.951,39.005,51.817
42912101125,0.58439756,-0.63140136,-0.50898523,0.02731047,113.951,39.005,51.817
42932101225,0.58439756,-0.63140136,-0.50898523,0.02731047,113.951,39.005,51.817
42952101325,0.58285004,-0.63212017,-0.50986550,0.02733281,114.230,38.969,52.008
42972101375,0.58254915,-0.63230320,-0.50997703,0.02743318,114.285,38.966,52.032
42992101525,0.58254915,-0.63230320,-0.50997703,0.02743318,114.285,38.966,52.032
43012101625,0.58254915,-0.63230320,-0.50997703,0.02743318,114.285,38.966,52.032
43052101825,0.58100171,-0.63301612,-0.51085591,0.02745616,114.563,38.930,52.222
43072101925,0.58069969,-0.63319942,-0.51096675,0.02755619,114.617,38.927,52.247
43092102025,0.58069969,-0.63319942,-0.51096675,0.02755619,114.617,38.927,52.247
43112102125,0.58069969,-0.63319942,-0.51096675,0.02755619,114.617,38.927,52.247
43132102225,0.57915250,-0.63390801,-0.51184208,0.02758074,114.894,38.891,52.436
43152102325,0.57884931,-0.63409127,-0.51195268,0.02768025,114.949,38.887,52.460
43172102425,0.57884931,-0.63409127,-0.51195268,0.02768025,114.949,38.887,52.460
43192102525,0.57884931,-0.63409127,-0.51195268,0.02768025,114.949,38.887,52.460
43212103050,0.57729603,-0.63480071,-0.51282515,0.02770769,115.227,38.850,52.649
43232102725,0.57699318,-0.63498272,-0.51293529,0.02780641,115.281,38.846,52.674
43252102825,0.57699318,-0.63498272,-0.51293529,0.02780641,115.281,38.846,52.674
43272102925,0.57699318,-0.63498272,-0.51293529,0.02780641,115.281,38.846,52.674
43292103000,0.57544329,-0.63568451,-0.51380489,0.02783432,115.558,38.808,52.862
43312103125,0.57513854,-0.63586722,-0.51391469,0.02793274,115.612,38.805,52.886
43332103225,0.57513854,-0.63586722,-0.51391469,0.02793274,115.612,38.805,52.886
43352103325,0.57513854,-0.63586722,-0.51391469,0.02793274,115.612,38.805,52.886
43372103425,0.57359787,-0.63655781,-0.51477941,0.02796055,115.886,38.767,53.073
43392103500,0.57328383,-0.63674221,-0.51489596,0.02805638,115.943,38.762,53.099
43412103625,0.57328383,-0.63674221,-0.51489596,0.02805638,115.943,38.762,53.099
43432103700,0.57328383,-0.63674221,-0.51489596,0.02805638,115.943,38.762,53.099
43452103825,0.57173924,-0.63743104,-0.51575874,0.02808615,116.216,38.724,53.286
43472103925,0.57141904,-0.63761491,-0.51588124,0.02817898,116.274,38.719,53.312
43492104025,0.57141904,-0.63761491,-0.51588124,0.02817898,116.274,38.719,53.312
43512104125,0.57141904,-0.63761491,-0.51588124,0.02817898,116.274,38.719,53.312
43532104225,0.56987480,-0.63829893,-0.51674112,0.02821003,116.547,38.680,53.498
43552104325,0.56955340,-0.63848281,-0.51686323,0.02830240,116.604,38.675,53.525
43572104400,0.56955340,-0.63848281,-0.51686323,0.02830240,116.604,38.675,53.525
43592104525,0.56955340,-0.63848281,-0.51686323,0.02830240,116.604,38.675,53.525
43612104625,0.56800502,-0.63916796,-0.51771773,0.02833675,116.877,38.635,53.710
43632104725,0.56768350,-0.63935052,-0.51783992,0.02842826,116.934,38.630,53.737
43682104950,0.56768350,-0.63935052,-0.51783992,0.02842826,116.934,38.630,53.737
43702105075,0.56768350,-0.63935052,-0.51783992,0.02842826,116.934,38.630,53.737
43722105175,0.56613792,-0.64002784,-0.51869266,0.02846290,117.206,38.590,53.922
43742105275,0.56581464,-0.64021108,-0.51881425,0.02855415,117.263,38.584,53.949
43762105375,0.56581464,-0.64021108,-0.51881425,0.02855415,117.263,38.584,53.949
43782105475,0.56581464,-0.64021108,-0.51881425,0.02855415,117.263,38.584,53.949
43802105575,0.56427187,-0.64088009,-0.51966590,0.02858888,117.534,38.544,54.133
43822105675,0.56394681,-0.64106412,-0.51978673,0.02867990,117.591,38.538,54.160
43842105775,0.56394681,-0.64106412,-0.51978673,0.02867990,117.591,38.538,54.160
43862105875,0.56394681,-0.64106412,-0.51978673,0.02867990,117.591,38.538,54.160
43882105975,0.56240363,-0.64172991,-0.52063447,0.02871650,117.861,38.497,54.343
43902106025,0.56207758,-0.64191359,-0.52075512,0.02880695,117.919,38.491,54.370
43922106175,0.56207758,-0.64191359,-0.52075512,0.02880695,117.919,38.491,54.370
43942106275,0.56207758,-0.64191359,-0.52075512,0.02880695,117.919,38.491,54.370
43962106375,0.56052760,-0.64257880,-0.52160256,0.02884552,118.189,38.449,54.553
43982106475,0.56018968,-0.64276715,-0.52172846,0.02893663,118.249,38.443,54.581
44002106575,0.56018968,-0.64276715,-0.52172846,0.02893663,118.249,38.443,54.581
44022106675,0.56018968,-0.64276715,-0.52172846,0.02893663,118.249,38.443,54.581
44042106775,0.55864397,-0.64342540,-0.52257157,0.02897620,118.517,38.400,54.763
44062121550,0.55829150,-0.64361986,-0.52270366,0.02906820,118.579,38.394,54.792
44082105675,0.55829150,-0.64361986,-0.52270366,0.02906820,118.579,38.394,54.792
44102107075,0.55829150,-0.64361986,-0.52270366,0.02906820,118.579,38.394,54.792
44122107175,0.55674654,-0.64427318,-0.52354372,0.02910909,118.847,38.351,54.974
44142107275,0.55639275,-0.64446761,-0.52367540,0.02920061,118.909,38.344,55.003
44162107375,0.55639275,-0.64446761,-0.52367540,0.02920061,118.909,38.344,55.003
44182107475,0.55639275,-0.64446761,-0.52367540,0.02920061,118.909,38.344,55.003
44202107575,0.55485033,-0.64511346,-0.52451371,0.02924206,119.176,38.300,55.184
44222107900,0.55449512,-0.64530285,-0.52465161,0.02932734,119.238,38.293,55.215
44242107775,0.55449512,-0.64530285,-0.52465161,0.02932734,119.238,38.293,55.215
44262107875,0.55449512,-0.64530285,-0.52465161,0.02932734,119.238,38.293,55.215
44312108125,0.55295279,-0.64594496,-0.52548616,0.02937049,119.504,38.249,55.395
44332108225,0.55259643,-0.64613404,-0.52562379,0.02945522,119.566,38.242,55.425
44352108325,0.55259643,-0.64613404,-0.52562379,0.02945522,119.566,38.242,55.425
44372108425,0.55259643,-0.64613404,-0.52562379,0.02945522,119.566,38.242,55.425
44392108525,0.55105452,-0.64677305,-0.52645349,0.02950035,119.831,38.197,55.604
44412108625,0.55069718,-0.64695749,-0.52659627,0.02958009,119.893,38.189,55.636
44432108725,0.55069718,-0.64695749,-0.52659627,0.02958009,119.893,38.189,55.636
44452108825,0.55069718,-0.64695749,-0.52659627,0.02958009,119.893,38.189,55.636
44472108925,0.54915651,-0.64759065,-0.52742370,0.02962621,120.158,38.145,55.814
44492109025,0.54879785,-0.64777385,-0.52756766,0.02970409,120.220,38.137,55.846
44512109125,0.54879785,-0.64777385,-0.52756766,0.02970409,120.220,38.137,55.846
44532109225,0.54879785,-0.64777385,-0.52756766,0.02970409,120.220,38.137,55.846
44552109325,0.54725821,-0.64840206,-0.52839196,0.02975153,120.483,38.091,56.023
44572109425,0.54689498,-0.64858800,-0.52853535,0.02983073,120.546,38.083,56.055
44592109525,0.54689498,-0.64858800,-0.52853535,0.02983073,120.546,38.083,56.055
44612109600,0.54689498,-0.64858800,-0.52853535,0.02983073,120.546,38.083,56.055
44632109725,0.54535961,-0.64921155,-0.52935286,0.02987994,120.808,38.037,56.231
44652109825,0.54498459,-0.64940577,-0.52949609,0.02996392,120.872,38.028,56.263
44672109925,0.54498459,-0.64940577,-0.52949609,0.02996392,120.872,38.028,56.263
44692110025,0.54498459,-0.64940577,-0.52949609,0.02996392,120.872,38.028,56.263
44712110125,0.54344874,-0.65002426,-0.53031225,0.03001426,121.133,37.982,56.439
44732109800,0.54307272,-0.65021841,-0.53045468,0.03009780,121.198,37.973,56.471
44842113300,0.54307272,-0.65021841,-0.53045468,0.03009780,121.198,37.973,56.471
44862112550,0.54307272,-0.65021841,-0.53045468,0.03009780,121.198,37.973,56.471
44882112150,0.54153702,-0.65083082,-0.53127011,0.03014900,121.458,37.926,56.646
44902111675,0.54116009,-0.65102089,-0.53141682,0.03022781,121.523,37.917,56.679
44942111275,0.54116009,-0.65102089,-0.53141682,0.03022781,121.523,37.917,56.679
44962111375,0.54116009,-0.65102089,-0.53141682,0.03022781,121.523,37.917,56.679
44982111475,0.53963338,-0.65162305,-0.53222775,0.03027937,121.781,37.870,56.853
45002111575,0.53926565,-0.65181169,-0.53236490,0.03035951,121.844,37.861,56.884
45022111675,0.53926565,-0.65181169,-0.53236490,0.03035951,121.844,37.861,56.884
45042111775,0.53926565,-0.65181169,-0.53236490,0.03035951,121.844,37.861,56.884
45062111875,0.53773681,-0.65241174,-0.53317267,0.03041301,122.102,37.814,57.058
45082111950,0.53738106,-0.65259571,-0.53330163,0.03049272,122.162,37.805,57.087
45102112075,0.53738106,-0.65259571,-0.53330163,0.03049272,122.162,37.805,57.087
45122112175,0.53738106,-0.65259571,-0.53330163,0.03049272,122.162,37.805,57.087
45142112275,0.53585359,-0.65319086,-0.53410623,0.03054756,122.419,37.757,57.259
45162112375,0.53549631,-0.65337766,-0.53423137,0.03062964,122.479,37.748,57.288
45182112475,0.53549631,-0.65337766,-0.53423137,0.03062964,122.479,37.748,57.288
45202112575,0.53549631,-0.65337766,-0.53423137,0.03062964,122.479,37.748,57.288
45222112650,0.53396603,-0.65397102,-0.53503321,0.03068643,122.736,37.699,57.460
45242112775,0.53364589,-0.65414956,-0.53512939,0.03077264,122.790,37.691,57.483
45262112875,0.53364589,-0.65414956,-0.53512939,0.03077264,122.790,37.691,57.483
45282112975,0.53364589,-0.65414956,-0.53512939,0.03077264,122.790,37.691,57.483
45302113050,0.53211934,-0.65473645,-0.53592786,0.03083047,123.046,37.642,57.654
45322113175,0.53179734,-0.65491543,-0.53602383,0.03091624,123.100,37.633,57.677
45342113275,0.53179734,-0.65491543,-0.53602383,0.03091624,123.100,37.633,57.677
45362113375,0.53179734,-0.65491543,-0.53602383,0.03091624,123.100,37.633,57.677
45382113475,0.53027578,-0.65549821,-0.53681485,0.03097585,123.354,37.584,57.846
45402113550,0.52995147,-0.65568000,-0.53690801,0.03106389,123.408,37.575,57.868
45422113675,0.52995147,-0.65568000,-0.53690801,0.03106389,123.408,37.575,57.868
45442113775,0.52995147,-0.65568000,-0.53690801,0.03106389,123.408,37.575,57.868
45462113875,0.52842968,-0.65625767,-0.53769806,0.03112465,123.661,37.526,58.038
45482113975,0.52810430,-0.65644243,-0.53778696,0.03121502,123.715,37.517,58.059
45502114075,0.52810430,-0.65644243,-0.53778696,0.03121502,123.715,37.517,58.059
45522114175,0.52810430,-0.65644243,-0.53778696,0.03121502,123.715,37.517,58.059
45572114425,0.52658400,-0.65701533,-0.53857393,0.03127716,123.968,37.467,58.228
45592114525,0.52625421,-0.65720003,-0.53866577,0.03136592,124.022,37.458,58.250
45612114625,0.52625421,-0.65720003,-0.53866577,0.03136592,124.022,37.458,58.250
45632114725,0.52625421,-0.65720003,-0.53866577,0.03136592,124.022,37.458,58.250
45652114825,0.52472862,-0.65776825,-0.53945623,0.03142911,124.275,37.408,58.419
45672114925,0.52438982,-0.65795251,-0.53955599,0.03151412,124.331,37.398,58.443
45692115025,0.52438982,-0.65795251,-0.53955599,0.03151412,124.331,37.398,58.443
45712115125,0.52438982,-0.65795251,-0.53955599,0.03151412,124.331,37.398,58.443
45732115225,0.52286908,-0.65851597,-0.54034009,0.03157888,124.583,37.347,58.610
45752115325,0.52252816,-0.65870029,-0.54044027,0.03166336,124.639,37.337,58.634
45772115425,0.52252816,-0.65870029,-0.54044027,0.03166336,124.639,37.337,58.634
45792115525,0.52252816,-0.65870029,-0.54044027,0.03166336,124.639,37.337,58.634
45812115625,0.52100912,-0.65925560,-0.54122532,0.03172875,124.889,37.287,58.801
45832115725,0.52066682,-0.65944066,-0.54132433,0.03181283,124.945,37.276,58.825
45852115825,0.52066682,-0.65944066,-0.54132433,0.03181283,124.945,37.276,58.825
45872115925,0.52066682,-0.65944066,-0.54132433,0.03181283,124.945,37.276,58.825
45892116025,0.51914949,-0.65999283,-0.54210417,0.03188000,125.195,37.225,58.991
45912116125,0.51880583,-0.66017755,-0.54220332,0.03196350,125.251,37.214,59.015
45932116225,0.51880583,-0.66017755,-0.54220332,0.03196350,125.251,37.214,59.015
45952116325,0.51880583,-0.66017755,-0.54220332,0.03196350,125.251,37.214,59.015
45972116425,0.51729376,-0.66072588,-0.54297551,0.03203239,125.499,37.163,59.179
45992116525,0.51694148,-0.66091304,-0.54307828,0.03211597,125.556,37.152,59.204
46012116600,0.51694148,-0.66091304,-0.54307828,0.03211597,125.556,37.152,59.204
46032116700,0.51694148,-0.66091304,-0.54307828,0.03211597,125.556,37.152,59.204
46052116825,0.51542947,-0.66145615,-0.54384950,0.03218612,125.804,37.100,59.368
46072116900,0.51506979,-0.66164596,-0.54395440,0.03226982,125.862,37.089,59.393
46092117025,0.51506979,-0.66164596,-0.54395440,0.03226982,125.862,37.089,59.393
46112117125,0.51506979,-0.66164596,-0.54395440,0.03226982,125.862,37.089,59.393
46132117225,0.51355957,-0.66218431,-0.54472245,0.03234140,126.108,37.037,59.557
46152117325,0.51319850,-0.66237410,-0.54482704,0.03242455,126.167,37.025,59.582
46172117425,0.51319850,-0.66237410,-0.54482704,0.03242455,126.167,37.025,59.582
46212117625,0.51319850,-0.66237410,-0.54482704,0.03242455,126.167,37.025,59.582
46232117725,0.51169121,-0.66291109,-0.54558672,0.03249819,126.412,36.972,59.743
46252117825,0.51131594,-0.66309944,-0.54570497,0.03257654,126.473,36.960,59.771
46272117925,0.51131594,-0.66309944,-0.54570497,0.03257654,126.473,36.960,59.771
46292118025,0.51131594,-0.66309944,-0.54570497,0.03257654,126.473,36.960,59.771
46312118125,0.50981000,-0.66363000,-0.54646398,0.03265127,126.717,36.907,59.932
46332118225,0.50943344,-0.66381864,-0.54658137,0.03272915,126.778,36.895,59.960
46352118325,0.50943344,-0.66381864,-0.54658137,0.03272915,126.778,36.895,59.960
46372118425,0.50943344,-0.66381864,-0.54658137,0.03272915,126.778,36.895,59.960
46392118525,0.50792545,-0.66434329,-0.54734226,0.03280509,127.022,36.842,60.121
46412118625,0.50755809,-0.66452829,-0.54745388,0.03288150,127.081,36.829,60.148
46432118725,0.50755809,-0.66452829,-0.54745388,0.03288150,127.081,36.829,60.148
46452118825,0.50755809,-0.66452829,-0.54745388,0.03288150,127.081,36.829,60.148
46472118925,0.50605416,-0.66504870,-0.54820902,0.03295896,127.323,36.776,60.308
46492119025,0.50568810,-0.66523231,-0.54831946,0.03303454,127.382,36.763,60.334
46512119125,0.50568810,-0.66523231,-0.54831946,0.03303454,127.382,36.763,60.334
46532119225,0.50568810,-0.66523231,-0.54831946,0.03303454,127.382,36.763,60.334
46552119300,0.50418630,-0.66574796,-0.54907133,0.03311341,127.624,36.710,60.493
46572119425,0.50381556,-0.66593281,-0.54918292,0.03318879,127.683,36.697,60.520
46592119500,0.50381556,-0.66593281,-0.54918292,0.03318879,127.683,36.697,60.520
46612119625,0.50381556,-0.66593281,-0.54918292,0.03318879,127.683,36.697,60.520
46632119700,0.50231253,-0.66644500,-0.54993303,0.03326929,127.924,36.643,60.678
46652119825,0.50193142,-0.66663324,-0.55004826,0.03334502,127.984,36.629,60.705
46672119925,0.50193142,-0.66663324,-0.55004826,0.03334502,127.984,36.629,60.705
46692120025,0.50193142,-0.66663324,-0.55004826,0.03334502,127.984,36.629,60.705
46712120100,0.50043208,-0.66714009,-0.55079440,0.03342686,128.224,36.575,60.863
46732120225,0.50004913,-0.66732842,-0.55090948,0.03350209,128.285,36.561,60.890
46752120325,0.50004913,-0.66732842,-0.55090948,0.03350209,128.285,36.561,60.890
46772120400,0.50004913,-0.66732842,-0.55090948,0.03350209,128.285,36.561,60.890
46792120500,0.49855225,-0.66783120,-0.55165130,0.03358545,128.524,36.506,61.047
46832120725,0.49816803,-0.66801491,-0.55177164,0.03365616,128.585,36.492,61.075
46852120825,0.49816803,-0.66801491,-0.55177164,0.03365616,128.585,36.492,61.075
46872120925,0.49816803,-0.66801491,-0.55177164,0.03365616,128.585,36.492,61.075
46892121025,0.49667329,-0.66851262,-0.55251070,0.03374091,128.823,36.438,61.231
46912121125,0.49628771,-0.66869487,-0.55263241,0.03380978,128.883,36.423,61.260
46932121225,0.49628771,-0.66869487,-0.55263241,0.03380978,128.883,36.423,61.260
46952121325,0.49628771,-0.66869487,-0.55263241,0.03380978,128.883,36.423,61.260
46972121425,0.49479711,-0.66918902,-0.55336510,0.03389602,129.120,36.368,61.414
46992121525,0.49440308,-0.66937342,-0.55349002,0.03396501,129.182,36.353,61.443
47012121625,0.49440308,-0.66937342,-0.55349002,0.03396501,129.182,36.353,61.443
47032121725,0.49440308,-0.66937342,-0.55349002,0.03396501,129.182,36.353,61.443
47052121825,0.49291386,-0.66986229,-0.55422094,0.03405266,129.418,36.298,61.597
47072121925,0.49251204,-0.67004915,-0.55434802,0.03412173,129.481,36.283,61.627
47092122025,0.49251204,-0.67004915,-0.55434802,0.03412173,129.481,36.283,61.627
47112122125,0.49251204,-0.67004915,-0.55434802,0.03412173,129.481,36.283,61.627
47132122225,0.49102514,-0.67053332,-0.55507566,0.03421082,129.716,36.227,61.780
47152122325,0.49062182,-0.67072008,-0.55520243,0.03427937,129.778,36.212,61.810
47172122375,0.49062182,-0.67072008,-0.55520243,0.03427937,129.778,36.212,61.810
47192122525,0.49062182,-0.67072008,-0.55520243,0.03427937,129.778,36.212,61.810
47212122625,0.48913827,-0.67119652,-0.55592959,0.03436966,130.012,36.156,61.963
47232122725,0.48873357,-0.67137790,-0.55606260,0.03443249,130.075,36.140,61.993
47252122825,0.48873357,-0.67137790,-0.55606260,0.03443249,130.075,36.140,61.993
47272122925,0.48873357,-0.67137790,-0.55606260,0.03443249,130.075,36.140,61.993
47292123000,0.48725204,-0.67185112,-0.55678505,0.03452433,130.308,36.085,62.145
47312123125,0.48684591,-0.67203208,-0.55691805,0.03458664,130.371,36.069,62.175
47332123225,0.48684591,-0.67203208,-0.55691805,0.03458664,130.371,36.069,62.175
47352123325,0.48684591,-0.67203208,-0.55691805,0.03458664,130.371,36.069,62.175
47372123425,0.48537026,-0.67250020,-0.55763474,0.03467974,130.602,36.013,62.326
47392123525,0.48496180,-0.67268116,-0.55776799,0.03474160,130.665,35.996,62.357
47412123000,0.48496180,-0.67268116,-0.55776799,0.03474160,130.665,35.996,62.357
47522126675,0.48496180,-0.67268116,-0.55776799,0.03474160,130.665,35.996,62.357
47542125950,0.48348705,-0.67314481,-0.55848256,0.03483622,130.896,35.940,62.506
47562125475,0.48307744,-0.67332559,-0.55861524,0.03489754,130.959,35.923,62.537
47582125000,0.48307744,-0.67332559,-0.55861524,0.03489754,130.959,35.923,62.537
47602124575,0.48307744,-0.67332559,-0.55861524,0.03489754,130.959,35.923,62.537
47622124675,0.48160481,-0.67378426,-0.55932730,0.03499362,131.188,35.867,62.686
47642124775,0.48118026,-0.67397570,-0.55945783,0.03506076,131.253,35.850,62.716
47662124850,0.48118026,-0.67397570,-0.55945783,0.03506076,131.253,35.850,62.716
47682124975,0.48118026,-0.67397570,-0.55945783,0.03506076,131.253,35.850,62.716
47702125075,0.47971039,-0.67442990,-0.56016618,0.03515831,131.482,35.793,62.865
47722125175,0.47928424,-0.67462115,-0.56029647,0.03522491,131.547,35.775,62.895
47742125275,0.47928424,-0.67462115,-0.56029647,0.03522491,131.547,35.775,62.895
47762125375,0.47928424,-0.67462115,-0.56029647,0.03522491,131.547,35.775,62.895
47782125475,0.47781999,-0.67506640,-0.56100414,0.03532371,131.774,35.719,63.043
47802125575,0.47741734,-0.67525800,-0.56111186,0.03539498,131.835,35.702,63.069
47822125650,0.47741734,-0.67525800,-0.56111186,0.03539498,131.835,35.702,63.069
47842125775,0.47741734,-0.67525800,-0.56111186,0.03539498,131.835,35.702,63.069
47862125850,0.47595457,-0.67570065,-0.56181487,0.03549537,132.062,35.645,63.215
47882125950,0.47557648,-0.67589132,-0.56190090,0.03557126,132.119,35.629,63.237
47902126075,0.47557648,-0.67589132,-0.56190090,0.03557126,132.119,35.629,63.237
47922126175,0.47557648,-0.67589132,-0.56190090,0.03557126,132.119,35.629,63.237
47942126275,0.47411662,-0.67632935,-0.56260063,0.03567314,132.344,35.572,63.383
47962126375,0.47373699,-0.67652000,-0.56268642,0.03574846,132.401,35.556,63.405
47982126450,0.47373699,-0.67652000,-0.56268642,0.03574846,132.401,35.556,63.405
48002126575,0.47373699,-0.67652000,-0.56268642,0.03574846,132.401,35.556,63.405
48022126675,0.47227600,-0.67695565,-0.56338358,0.03585210,132.626,35.499,63.550
48042126750,0.47190941,-0.67713511,-0.56347074,0.03592055,132.681,35.483,63.572
48062141550,0.47190941,-0.67713511,-0.56347074,0.03592055,132.681,35.483,63.572
48102125775,0.47190941,-0.67713511,-0.56347074,0.03592055,132.681,35.483,63.572
48122127175,0.47045315,-0.67756520,-0.56416434,0.03602553,132.905,35.426,63.716
48142127275,0.47008461,-0.67774488,-0.56425137,0.03609346,132.960,35.409,63.738
48162127375,0.47008461,-0.67774488,-0.56425137,0.03609346,132.960,35.409,63.738
48182127475,0.47008461,-0.67774488,-0.56425137,0.03609346,132.960,35.409,63.738
48202127575,0.46863183,-0.67817457,-0.56493632,0.03619973,133.183,35.352,63.880
48222127675,0.46825172,-0.67835680,-0.56502832,0.03626812,133.239,35.335,63.903
48242127775,0.46825172,-0.67835680,-0.56502832,0.03626812,133.239,35.335,63.903
48262127875,0.46825172,-0.67835680,-0.56502832,0.03626812,133.239,35.335,63.903
48282127975,0.46680137,-0.67878006,-0.56571274,0.03637596,133.461,35.277,64.045
48302128075,0.46641654,-0.67896380,-0.56580527,0.03644405,133.518,35.260,64.068
48322128175,0.46641654,-0.67896380,-0.56580527,0.03644405,133.518,35.260,64.068
48342128275,0.46641654,-0.67896380,-0.56580527,0.03644405,133.518,35.260,64.068
48362128375,0.46496904,-0.67938260,-0.56648647,0.03655337,133.739,35.202,64.210
48382128475,0.46458272,-0.67956628,-0.56657875,0.03662090,133.796,35.185,64.233
48402128575,0.46458272,-0.67956628,-0.56657875,0.03662090,133.796,35.185,64.233
48422128675,0.46458272,-0.67956628,-0.56657875,0.03662090,133.796,35.185,64.233
48442128750,0.46313903,-0.67997923,-0.56725768,0.03673170,134.016,35.127,64.373
48462128850,0.46275098,-0.68016315,-0.56734952,0.03679866,134.073,35.110,64.396
48482128975,0.46275098,-0.68016315,-0.56734952,0.03679866,134.073,35.110,64.396
48502129075,0.46275098,-0.68016315,-0.56734952,0.03679866,134.073,35.110,64.396
48522129175,0.46130979,-0.68057237,-0.56802474,0.03691094,134.292,35.051,64.536
48542129250,0.46092034,-0.68075606,-0.56811645,0.03697735,134.349,35.034,64.559
48562129375,0.46092034,-0.68075606,-0.56811645,0.03697735,134.349,35.034,64.559
48582129475,0.46092034,-0.68075606,-0.56811645,0.03697735,134.349,35.034,64.559
48602129575,0.45948271,-0.68115991,-0.56878912,0.03709114,134.566,34.976,64.698
48622129675,0.45909130,-0.68134829,-0.56887501,0.03716064,134.624,34.958,64.719
48642129775,0.45909130,-0.68134829,-0.56887501,0.03716064,134.624,34.958,64.719
48662129875,0.45909130,-0.68134829,-0.56887501,0.03716064,134.624,34.958,64.719
48682129975,0.45765640,-0.68174821,-0.56954412,0.03727593,134.840,34.899,64.858
48732130225,0.45726344,-0.68193793,-0.56962802,0.03734608,134.898,34.881,64.879
48752130325,0.45726344,-0.68193793,-0.56962802,0.03734608,134.898,34.881,64.879
48772130425,0.45726344,-0.68193793,-0.56962802,0.03734608,134.898,34.881,64.879
48792130525,0.45582823,-0.68233752,-0.57029174,0.03746286,135.114,34.822,65.016
48812130625,0.45543475,-0.68252322,-0.57037947,0.03753005,135.171,34.804,65.038
48832130725,0.45543475,-0.68252322,-0.57037947,0.03753005,135.171,34.804,65.038
48852130825,0.45543475,-0.68252322,-0.57037947,0.03753005,135.171,34.804,65.038
48872130925,0.45400426,-0.68291645,-0.57104103,0.03764834,135.386,34.745,65.175
48892131025,0.45360906,-0.68309947,-0.57113195,0.03771252,135.443,34.727,65.197
48912131125,0.45360906,-0.68309947,-0.57113195,0.03771252,135.443,34.727,65.197
48932131225,0.45360906,-0.68309947,-0.57113195,0.03771252,135.443,34.727,65.197
48952131325,0.45218173,-0.68348831,-0.57179028,0.03783230,135.657,34.668,65.333
48972131425,0.45178498,-0.68367125,-0.57188097,0.03789593,135.714,34.649,65.356
48992131525,0.45178498,-0.68367125,-0.57188097,0.03789593,135.714,34.649,65.356
49012131625,0.45178498,-0.68367125,-0.57188097,0.03789593,135.714,34.649,65.356
49032131725,0.45036127,-0.68405133,-0.57254096,0.03801769,135.928,34.591,65.491
49052131825,0.44993651,-0.68423781,-0.57264807,0.03807814,135.989,34.570,65.517
49072131925,0.44993651,-0.68423781,-0.57264807,0.03807814,135.989,34.570,65.517
49092132025,0.44993651,-0.68423781,-0.57264807,0.03807814,135.989,34.570,65.517
49112132125,0.44851560,-0.68461579,-0.57330241,0.03820120,136.201,34.512,65.651
49132132225,0.44808934,-0.68480163,-0.57340976,0.03826117,136.262,34.491,65.677
49152132325,0.44808934,-0.68480163,-0.57340976,0.03826117,136.262,34.491,65.677
49172132425,0.44808934,-0.68480163,-0.57340976,0.03826117,136.262,34.491,65.677
49192132525,0.44666998,-0.68517738,-0.57405960,0.03838566,136.474,34.432,65.811
49212132625,0.44624255,-0.68536260,-0.57416693,0.03844511,136.535,34.412,65.836
49232133225,0.44624255,-0.68536260,-0.57416693,0.03844511,136.535,34.412,65.836
49252132825,0.44624255,-0.68536260,-0.57416693,0.03844511,136.535,34.412,65.836
49272132925,0.44482733,-0.68573295,-0.57481409,0.03857117,136.745,34.353,65.969
49292133025,0.44439810,-0.68591825,-0.57492104,0.03863003,136.806,34.332,65.995
49312133125,0.44439810,-0.68591825,-0.57492104,0.03863003,136.806,34.332,65.995
49352133325,0.44439810,-0.68591825,-0.57492104,0.03863003,136.806,34.332,65.995
49372133425,0.44298623,-0.68628425,-0.57556492,0.03875761,137.016,34.273,66.127
49392133525,0.44255550,-0.68646786,-0.57567345,0.03881472,137.077,34.251,66.153
49412133625,0.44255550,-0.68646786,-0.57567345,0.03881472,137.077,34.251,66.153
49432133725,0.44255550,-0.68646786,-0.57567345,0.03881472,137.077,34.251,66.153
49452133825,0.44114792,-0.68683006,-0.57631274,0.03894362,137.285,34.192,66.283
49472133925,0.44071568,-0.68700881,-0.57642679,0.03899670,137.346,34.171,66.310
49492134025,0.44071568,-0.68700881,-0.57642679,0.03899670,137.346,34.171,66.310
49512134125,0.44071568,-0.68700881,-0.57642679,0.03899670,137.346,34.171,66.310
49532134200,0.43931105,-0.68736645,-0.57706345,0.03912720,137.554,34.112,66.440
49552134325,0.43887732,-0.68754508,-0.57717711,0.03917970,137.615,34.090,66.467
49572134425,0.43887732,-0.68754508,-0.57717711,0.03917970,137.615,34.090,66.467
49592134525,0.43887732,-0.68754508,-0.57717711,0.03917970,137.615,34.090,66.467
49612134600,0.43747631,-0.68789625,-0.57781293,0.03931210,137.822,34.031,66.597
49632134725,0.43703050,-0.68808297,-0.57792413,0.03936830,137.884,34.009,66.623
49652134825,0.43703050,-0.68808297,-0.57792413,0.03936830,137.884,34.009,66.623
49672134900,0.43703050,-0.68808297,-0.57792413,0.03936830,137.884,34.009,66.623
49692135025,0.43563280,-0.68843097,-0.57855549,0.03950205,138.090,33.950,66.752
49712135125,0.43518192,-0.68861986,-0.57866610,0.03955918,138.153,33.927,66.778
49732135225,0.43518192,-0.68861986,-0.57866610,0.03955918,138.153,33.927,66.778
49752135325,0.43518192,-0.68861986,-0.57866610,0.03955918,138.153,33.927,66.778
49772135425,0.43378773,-0.68896359,-0.57929417,0.03969449,138.357,33.868,66.906
49792135525,0.43333532,-0.68915073,-0.57940635,0.03974989,138.420,33.845,66.933
49812135625,0.43333532,-0.68915073,-0.57940635,0.03974989,138.420,33.845,66.933
49832135725,0.43333532,-0.68915073,-0.57940635,0.03974989,138.420,33.845,66.933
49852135775,0.43194787,-0.68949403,-0.58002429,0.03988546,138.623,33.785,67.059
49872135925,0.43149338,-0.68967554,-0.58014320,0.03993720,138.686,33.762,67.087
49892136025,0.43149338,-0.68967554,-0.58014320,0.03993720,138.686,33.762,67.087
49912136125,0.43149338,-0.68967554,-0.58014320,0.03993720,138.686,33.762,67.087
49932136225,0.43010797,-0.69001270,-0.58076123,0.04007492,138.889,33.703,67.212
49992136525,0.42965221,-0.69019440,-0.58087915,0.04012592,138.952,33.679,67.240
50012136600,0.42965221,-0.69019440,-0.58087915,0.04012592,138.952,33.679,67.240
50032136725,0.42965221,-0.69019440,-0.58087915,0.04012592,138.952,33.679,67.240
50052136825,0.42826460,-0.69052482,-0.58150109,0.04026664,139.154,33.620,67.366
50072136925,0.42779545,-0.69070473,-0.58162949,0.04031326,139.219,33.595,67.396
50092137025,0.42779545,-0.69070473,-0.58162949,0.04031326,139.219,33.595,67.396
50112137100,0.42779545,-0.69070473,-0.58162949,0.04031326,139.219,33.595,67.396
50132136675,0.42641423,-0.69103222,-0.58224462,0.04045480,139.420,33.536,67.520
50242140350,0.42594277,-0.69121162,-0.58237352,0.04050106,139.485,33.512,67.550
50262139650,0.42594277,-0.69121162,-0.58237352,0.04050106,139.485,33.512,67.550
50282139200,0.42594277,-0.69121162,-0.58237352,0.04050106,139.485,33.512,67.550
50302138725,0.42457400,-0.69153685,-0.58297677,0.04064225,139.683,33.452,67.672
50322138175,0.42409878,-0.69171566,-0.58310730,0.04068847,139.749,33.427,67.702
50342138275,0.42409878,-0.69171566,-0.58310730,0.04068847,139.749,33.427,67.702
50362138375,0.42409878,-0.69171566,-0.58310730,0.04068847,139.749,33.427,67.702
50382138475,0.42273344,-0.69202982,-0.58371554,0.04083296,139.947,33.369,67.825
50402138575,0.42227635,-0.69221309,-0.58382556,0.04088313,140.009,33.344,67.851
50422138675,0.42227635,-0.69221309,-0.58382556,0.04088313,140.009,33.344,67.851
50442138775,0.42227635,-0.69221309,-0.58382556,0.04088313,140.009,33.344,67.851
50462138875,0.42091293,-0.69252597,-0.58442855,0.04102874,140.206,33.286,67.973
50482138975,0.42047439,-0.69271167,-0.58452030,0.04108346,140.265,33.262,67.995
50502139075,0.42047439,-0.69271167,-0.58452030,0.04108346,140.265,33.262,67.995
50522139175,0.42047439,-0.69271167,-0.58452030,0.04108346,140.265,33.262,67.995
50542139275,0.41911481,-0.69302044,-0.58512005,0.04123062,140.462,33.203,68.116
50562139375,0.41867463,-0.69320598,-0.58521158,0.04128475,140.521,33.180,68.139
50582139475,0.41867463,-0.69320598,-0.58521158,0.04128475,140.521,33.180,68.139
50622139675,0.41867463,-0.69320598,-0.58521158,0.04128475,140.521,33.180,68.139
50642139775,0.41730952,-0.69351226,-0.58581284,0.04143462,140.718,33.120,68.260
50662139875,0.41688357,-0.69369320,-0.58589818,0.04148672,140.775,33.097,68.282
50682139975,0.41688357,-0.69369320,-0.58589818,0.04148672,140.775,33.097,68.282
50702140075,0.41688357,-0.69369320,-0.58589818,0.04148672,140.775,33.097,68.282
50722140175,0.41552683,-0.69399468,-0.58649395,0.04163758,140.970,33.038,68.401
50742140275,0.41509819,-0.69417567,-0.58657961,0.04168924,141.027,33.015,68.423
50762140375,0.41509819,-0.69417567,-0.58657961,0.04168924,141.027,33.015,68.423
50782140475,0.41509819,-0.69417567,-0.58657961,0.04168924,141.027,33.015,68.423
50802140550,0.41374919,-0.69447416,-0.58716830,0.04184065,141.221,32.956,68.541
50822140675,0.41332758,-0.69466121,-0.58723989,0.04189774,141.277,32.933,68.560
50842140775,0.41332758,-0.69466121,-0.58723989,0.04189774,141.277,32.933,68.560
50862140875,0.41332758,-0.69466121,-0.58723989,0.04189774,141.277,32.933,68.560
50882140950,0.41198056,-0.69495520,-0.58782735,0.04205120,141.470,32.874,68.678
50902141075,0.41156099,-0.69514436,-0.58789342,0.04210947,141.525,32.851,68.696
50922141175,0.41156099,-0.69514436,-0.58789342,0.04210947,141.525,32.851,68.696
50942141275,0.41156099,-0.69514436,-0.58789342,0.04210947,141.525,32.851,68.696
50962141375,0.41021777,-0.69543440,-0.58847777,0.04226450,141.717,32.792,68.813
50982141475,0.40979685,-0.69562029,-0.58854734,0.04231997,141.773,32.769,68.832
51002141575,0.40979685,-0.69562029,-0.58854734,0.04231997,141.773,32.769,68.832
51022141675,0.40979685,-0.69562029,-0.58854734,0.04231997,141.773,32.769,68.832
51042141775,0.40844983,-0.69590906,-0.58913073,0.04247714,141.965,32.710,68.949
51062141850,0.40801614,-0.69608865,-0.58921551,0.04252648,142.022,32.685,68.970
51082141975,0.40801614,-0.69608865,-0.58921551,0.04252648,142.022,32.685,68.970
51102142075,0.40801614,-0.69608865,-0.58921551,0.04252648,142.022,32.685,68.970
51122142175,0.40667660,-0.69637226,-0.58979473,0.04268494,142.213,32.627,69.086
51142142275,0.40624045,-0.69655196,-0.58987956,0.04273376,142.270,32.602,69.107
51162142375,0.40624045,-0.69655196,-0.58987956,0.04273376,142.270,32.602,69.107
51182142450,0.40624045,-0.69655196,-0.58987956,0.04273376,142.270,32.602,69.107
51202142575,0.40491015,-0.69682890,-0.59045523,0.04289370,142.459,32.544,69.222
51222142650,0.40447147,-0.69700434,-0.59054555,0.04293870,142.517,32.519,69.244
51262142875,0.40447147,-0.69700434,-0.59054555,0.04293870,142.517,32.519,69.244
51282142975,0.40447147,-0.69700434,-0.59054555,0.04293870,142.517,32.519,69.244
51302143075,0.40314253,-0.69727875,-0.59111828,0.04310023,142.705,32.460,69.358
51322143150,0.40270298,-0.69745211,-0.59121020,0.04314357,142.763,32.435,69.381
51342143275,0.40270298,-0.69745211,-0.59121020,0.04314357,142.763,32.435,69.381
51362143375,0.40270298,-0.69745211,-0.59121020,0.04314357,142.763,32.435,69.381
51382143475,0.40137795,-0.69772268,-0.59177980,0.04330665,142.950,32.377,69.494
51402143575,0.40093669,-0.69789742,-0.59186967,0.04335048,143.008,32.352,69.516
51422143675,0.40093669,-0.69789742,-0.59186967,0.04335048,143.008,32.352,69.516
51442143775,0.40093669,-0.69789742,-0.59186967,0.04335048,143.008,32.352,69.516
51462143875,0.39961177,-0.69816643,-0.59243607,0.04351506,143.195,32.293,69.629
51482143975,0.39916948,-0.69834518,-0.59252015,0.04356152,143.252,32.268,69.650
51502144075,0.39916948,-0.69834518,-0.59252015,0.04356152,143.252,32.268,69.650
51522144175,0.39916948,-0.69834518,-0.59252015,0.04356152,143.252,32.268,69.650
51542144275,0.39785046,-0.69860925,-0.59308348,0.04372771,143.438,32.209,69.762
51562144375,0.39740610,-0.69878806,-0.59316736,0.04377357,143.496,32.184,69.783
51582144475,0.39740610,-0.69878806,-0.59316736,0.04377357,143.496,32.184,69.783
51602144575,0.39740610,-0.69878806,-0.59316736,0.04377357,143.496,32.184,69.783
51622144675,0.39609182,-0.69904603,-0.59372975,0.04394205,143.681,32.126,69.895
51642144775,0.39562502,-0.69923075,-0.59382000,0.04398880,143.741,32.099,69.917
51662144850,0.39562502,-0.69923075,-0.59382000,0.04398880,143.741,32.099,69.917
51682144975,0.39562502,-0.69923075,-0.59382000,0.04398880,143.741,32.099,69.917
51702145050,0.39431436,-0.69948607,-0.59437820,0.04415853,143.925,32.041,70.028
51722145175,0.39383913,-0.69967215,-0.59447078,0.04420532,143.987,32.013,70.051
51742145275,0.39383913,-0.69967215,-0.59447078,0.04420532,143.987,32.013,70.051
51762145375,0.39383913,-0.69967215,-0.59447078,0.04420532,143.987,32.013,70.051
51782144175,0.39253256,-0.69992369,-0.59502583,0.04437665,144.170,31.955,70.161
51802145575,0.39205592,-0.70010633,-0.59512190,0.04442075,144.231,31.927,70.184
51822145650,0.39205592,-0.70010633,-0.59512190,0.04442075,144.231,31.927,70.184
51842145775,0.39205592,-0.70010633,-0.59512190,0.04442075,144.231,31.927,70.184
51892146025,0.39075260,-0.70035646,-0.59567165,0.04459289,144.414,31.869,70.293
51912146100,0.39027523,-0.70052880,-0.59577914,0.04463035,144.475,31.841,70.318
51932146225,0.39027523,-0.70052880,-0.59577914,0.04463035,144.475,31.841,70.318
51952146325,0.39027523,-0.70052880,-0.59577914,0.04463035,144.475,31.841,70.318
51972146400,0.38897654,-0.70077396,-0.59632681,0.04480445,144.656,31.783,70.427
51992146525,0.38849728,-0.70094788,-0.59643198,0.04484226,144.718,31.755,70.452
52012146625,0.38849728,-0.70094788,-0.59643198,0.04484226,144.718,31.755,70.452
52032146725,0.38849728,-0.70094788,-0.59643198,0.04484226,144.718,31.755,70.452
52052146825,0.38720518,-0.70118656,-0.59697812,0.04501859,144.898,31.698,70.559
52072147875,0.38672333,-0.70136557,-0.59707714,0.04505873,144.959,31.669,70.583
52092147025,0.38672333,-0.70136557,-0.59707714,0.04505873,144.959,31.669,70.583
52112147125,0.38672333,-0.70136557,-0.59707714,0.04505873,144.959,31.669,70.583
52132147225,0.38543432,-0.70160185,-0.59761936,0.04523634,145.139,31.612,70.690
52152147325,0.38495108,-0.70178028,-0.59771832,0.04527596,145.200,31.583,70.714
52172147425,0.38495108,-0.70178028,-0.59771832,0.04527596,145.200,31.583,70.714
52192147525,0.38495108,-0.70178028,-0.59771832,0.04527596,145.200,31.583,70.714
52212147625,0.38366503,-0.70201574,-0.59825493,0.04545416,145.379,31.526,70.820
52232147725,0.38317004,-0.70219596,-0.59835761,0.04549429,145.442,31.496,70.844
52252147825,0.38317004,-0.70219596,-0.59835761,0.04549429,145.442,31.496,70.844
52272147925,0.38317004,-0.70219596,-0.59835761,0.04549429,145.442,31.496,70.844
52292148000,0.38188884,-0.70242631,-0.59889233,0.04567459,145.620,31.439,70.950
52312148125,0.38138857,-0.70260741,-0.59899565,0.04571425,145.683,31.409,70.974
52332148225,0.38138857,-0.70260741,-0.59899565,0.04571425,145.683,31.409,70.974
52352148325,0.38138857,-0.70260741,-0.59899565,0.04571425,145.683,31.409,70.974
52372148425,0.38011169,-0.70283406,-0.59952725,0.04589615,145.860,31.352,71.079
52392148525,0.37960651,-0.70301255,-0.59963520,0.04593346,145.923,31.321,71.104
52412148625,0.37960651,-0.70301255,-0.59963520,0.04593346,145.923,31.321,71.104
52432148725,0.37960651,-0.70301255,-0.59963520,0.04593346,145.923,31.321,71.104
52452148825,0.37833589,-0.70323737,-0.60016040,0.04611566,146.099,31.264,71.207
52472148925,0.37781887,-0.70340820,-0.60028344,0.04614748,146.164,31.233,71.235
52522149175,0.37781887,-0.70340820,-0.60028344,0.04614748,146.164,31.233,71.235
52542149275,0.37781887,-0.70340820,-0.60028344,0.04614748,146.164,31.233,71.235
52562149375,0.37655165,-0.70362846,-0.60080713,0.04633190,146.339,31.176,71.338
52582149475,0.37603316,-0.70379912,-0.60092956,0.04636298,146.404,31.145,71.366
52602149575,0.37603316,-0.70379912,-0.60092956,0.04636298,146.404,31.145,71.366
52622149675,0.37603316,-0.70379912,-0.60092956,0.04636298,146.404,31.145,71.366
52642149775,0.37476636,-0.70401454,-0.60145387,0.04655048,146.579,31.088,71.469
52662149875,0.37426053,-0.70418798,-0.60156323,0.04658349,146.642,31.057,71.494
52682149975,0.37426053,-0.70418798,-0.60156323,0.04658349,146.642,31.057,71.494
52702150075,0.37426053,-0.70418798,-0.60156323,0.04658349,146.642,31.057,71.494
52722150150,0.37300023,-0.70440033,-0.60208256,0.04677185,146.815,31.001,71.596
52742150250,0.37249221,-0.70457333,-0.60219209,0.04680445,146.878,30.969,71.621
52762150375,0.37249221,-0.70457333,-0.60219209,0.04680445,146.878,30.969,71.621
52782150475,0.37249221,-0.70457333,-0.60219209,0.04680445,146.878,30.969,71.621
52802150550,0.37124234,-0.70477998,-0.60270712,0.04699406,147.050,30.913,71.722
52822150675,0.37072448,-0.70495165,-0.60282270,0.04702472,147.114,30.881,71.749
52842150525,0.37072448,-0.70495165,-0.60282270,0.04702472,147.114,30.881,71.749
52952153925,0.37072448,-0.70495165,-0.60282270,0.04702472,147.114,30.881,71.749
52972153300,0.36947615,-0.70515576,-0.60333521,0.04721609,147.286,30.826,71.849
52992152800,0.36895044,-0.70532694,-0.60345450,0.04724567,147.351,30.793,71.876
53012152350,0.36895044,-0.70532694,-0.60345450,0.04724567,147.351,30.793,71.876
53032151725,0.36895044,-0.70532694,-0.60345450,0.04724567,147.351,30.793,71.876
53052151825,0.36770724,-0.70552612,-0.60396507,0.04743920,147.521,30.737,71.976
53072151925,0.36717929,-0.70570205,-0.60407822,0.04747099,147.586,30.705,72.002
53092152000,0.36717929,-0.70570205,-0.60407822,0.04747099,147.586,30.705,72.002
53112152125,0.36717929,-0.70570205,-0.60407822,0.04747099,147.586,30.705,72.002
53152152325,0.36594028,-0.70589836,-0.60458513,0.04766586,147.756,30.649,72.101
53172152425,0.36541070,-0.70607376,-0.60469815,0.04769711,147.821,30.616,72.127
53192152500,0.36541070,-0.70607376,-0.60469815,0.04769711,147.821,30.616,72.127
53212152600,0.36541070,-0.70607376,-0.60469815,0.04769711,147.821,30.616,72.127
53232152725,0.36417084,-0.70626717,-0.60520443,0.04789458,147.990,30.561,72.225
53252152800,0.36370917,-0.70644454,-0.60527213,0.04793124,148.046,30.531,72.243
53272152925,0.36370917,-0.70644454,-0.60527213,0.04793124,148.046,30.531,72.243
53292153025,0.36370917,-0.70644454,-0.60527213,0.04793124,148.046,30.531,72.243
53312153125,0.36247691,-0.70663405,-0.60577416,0.04812982,148.215,30.476,72.341
53332153200,0.36201287,-0.70681129,-0.60584199,0.04816599,148.271,30.447,72.358
53352153325,0.36201287,-0.70681129,-0.60584199,0.04816599,148.271,30.447,72.358
53372153425,0.36201287,-0.70681129,-0.60584199,0.04816599,148.271,30.447,72.358
53392153525,0.36078692,-0.70699967,-0.60633749,0.04836446,148.438,30.391,72.455
53412153625,0.36032107,-0.70717295,-0.60640970,0.04839853,148.494,30.362,72.473
53432153725,0.36032107,-0.70717295,-0.60640970,0.04839853,148.494,30.362,72.473
53452153825,0.36032107,-0.70717295,-0.60640970,0.04839853,148.494,30.362,72.473
53472153925,0.35909867,-0.70735686,-0.60690403,0.04859945,148.660,30.307,72.569
53492154025,0.35863169,-0.70752689,-0.60697946,0.04863079,148.716,30.277,72.588
53512154125,0.35863169,-0.70752689,-0.60697946,0.04863079,148.716,30.277,72.588
53532154225,0.35863169,-0.70752689,-0.60697946,0.04863079,148.716,30.277,72.588
53552154325,0.35741373,-0.70770747,-0.60747088,0.04883330,148.882,30.222,72.684
53572154425,0.35694515,-0.70787722,-0.60754614,0.04886404,148.938,30.192,72.702
53592154525,0.35694515,-0.70787722,-0.60754614,0.04886404,148.938,30.192,72.702
53612154625,0.35694515,-0.70787722,-0.60754614,0.04886404,148.938,30.192,72.702
53632154725,0.35573100,-0.70805437,-0.60803517,0.04906839,149.103,30.138,72.797
53652154825,0.35524694,-0.70822713,-0.60811445,0.04909953,149.161,30.106,72.817
53672154925,0.35524694,-0.70822713,-0.60811445,0.04909953,149.161,30.106,72.817
53692155025,0.35524694,-0.70822713,-0.60811445,0.04909953,149.161,30.106,72.817
53712155125,0.35403753,-0.70840107,-0.60860031,0.04930537,149.325,30.052,72.911
53732155225,0.35355179,-0.70857351,-0.60867946,0.04933593,149.383,30.021,72.931
53752155325,0.35355179,-0.70857351,-0.60867946,0.04933593,149.383,30.021,72.931
53792155525,0.35355179,-0.70857351,-0.60867946,0.04933593,149.383,30.021,72.931
53812155625,0.35234996,-0.70874258,-0.60916246,0.04954355,149.546,29.967,73.024
53832155725,0.35186213,-0.70891183,-0.60924521,0.04957158,149.604,29.935,73.044
53852155825,0.35186213,-0.70891183,-0.60924521,0.04957158,149.604,29.935,73.044
53872155925,0.35186213,-0.70891183,-0.60924521,0.04957158,149.604,29.935,73.044
53892156025,0.35066338,-0.70907841,-0.60972526,0.04978072,149.766,29.882,73.137
53912156125,0.35017453,-0.70924392,-0.60981160,0.04980630,149.824,29.850,73.158
53932156200,0.35017453,-0.70924392,-0.60981160,0.04980630,149.824,29.850,73.158
53952156325,0.35017453,-0.70924392,-0.60981160,0.04980630,149.824,29.850,73.158
53972156425,0.34898033,-0.70940727,-0.61028875,0.05001704,149.985,29.797,73.250
53992156525,0.34848973,-0.70957409,-0.61037302,0.05004295,150.043,29.764,73.270
54012156625,0.34848973,-0.70957409,-0.61037302,0.05004295,150.043,29.764,73.270
54032156725,0.34848973,-0.70957409,-0.61037302,0.05004295,150.043,29.764,73.270
54052156825,0.34729311,-0.70973483,-0.61085042,0.05025676,150.205,29.711,73.363
54072156925,0.34677401,-0.70991235,-0.61093658,0.05028659,150.266,29.677,73.383
54092157025,0.34677401,-0.70991235,-0.61093658,0.05028659,150.266,29.677,73.383
54112157125,0.34677401,-0.70991235,-0.61093658,0.05028659,150.266,29.677,73.383
54132157225,0.34558525,-0.71006961,-0.61140951,0.05050134,150.427,29.624,73.475
54152157325,0.34506372,-0.71024683,-0.61149581,0.05053071,150.488,29.590,73.496
54172157425,0.34506372,-0.71024683,-0.61149581,0.05053071,150.488,29.590,73.496
54192157525,0.34506372,-0.71024683,-0.61149581,0.05053071,150.488,29.590,73.496
54212157625,0.34388817,-0.71039628,-0.61196627,0.05074781,150.647,29.538,73.586
54232157700,0.34337037,-0.71056771,-0.61205588,0.05077309,150.707,29.504,73.607
54252157825,0.34337037,-0.71056771,-0.61205588,0.05077309,150.707,29.504,73.607
54272157925,0.34337037,-0.71056771,-0.61205588,0.05077309,150.707,29.504,73.607
54292158025,0.34219548,-0.71071618,-0.61252317,0.05099148,150.866,29.451,73.698
54312158125,0.34168417,-0.71088357,-0.61261241,0.05101481,150.925,29.418,73.719
54332158225,0.34168417,-0.71088357,-0.61261241,0.05101481,150.925,29.418,73.719
54352158325,0.34168417,-0.71088357,-0.61261241,0.05101481,150.925,29.418,73.719
54372158425,0.34051396,-0.71102888,-0.61307680,0.05123482,151.083,29.366,73.808
54422158675,0.34000101,-0.71119591,-0.61316585,0.05125754,151.143,29.332,73.829
54442158775,0.34000101,-0.71119591,-0.61316585,0.05125754,151.143,29.332,73.829
54462158875,0.34000101,-0.71119591,-0.61316585,0.05125754,151.143,29.332,73.829
54482158975,0.33883093,-0.71134432,-0.61362290,0.05147623,151.300,29.279,73.917
54502159075,0.33828918,-0.71151572,-0.61372099,0.05150117,151.363,29.243,73.940
54522159175,0.33828918,-0.71151572,-0.61372099,0.05150117,151.363,29.243,73.940
54542159275,0.33828918,-0.71151572,-0.61372099,0.05150117,151.363,29.243,73.940
54562159375,0.33712590,-0.71165796,-0.61417735,0.05172297,151.519,29.191,74.028
54582159475,0.33658198,-0.71182960,-0.61427474,0.05174692,151.582,29.155,74.050
54602159575,0.33658198,-0.71182960,-0.61427474,0.05174692,151.582,29.155,74.050
54622159675,0.33658198,-0.71182960,-0.61427474,0.05174692,151.582,29.155,74.050
54642159775,0.33542533,-0.71196628,-0.61472988,0.05197153,151.737,29.104,74.138
54662159875,0.33489341,-0.71213501,-0.61482258,0.05199353,151.799,29.068,74.159
54682159975,0.33489341,-0.71213501,-0.61482258,0.05199353,151.799,29.068,74.159
54702160075,0.33489341,-0.71213501,-0.61482258,0.05199353,151.799,29.068,74.159
54722160175,0.33374081,-0.71226972,-0.61527398,0.05221919,151.953,29.017,74.246
54742160250,0.33320739,-0.71243781,-0.61536664,0.05224072,152.015,28.981,74.268
54762160375,0.33320739,-0.71243781,-0.61536664,0.05224072,152.015,28.981,74.268
54782160475,0.33320739,-0.71243781,-0.61536664,0.05224072,152.015,28.981,74.268
54802160575,0.33205812,-0.71257060,-0.61581466,0.05246762,152.169,28.930,74.354
54822160675,0.33151659,-0.71273623,-0.61591305,0.05248738,152.231,28.894,74.376
54842160775,0.33151659,-0.71273623,-0.61591305,0.05248738,152.231,28.894,74.376
54862160875,0.33151659,-0.71273623,-0.61591305,0.05248738,152.231,28.894,74.376
54882160975,0.33037281,-0.71286540,-0.61635845,0.05271612,152.384,28.843,74.462
54902161075,0.32982264,-0.71302892,-0.61646241,0.05273398,152.447,28.806,74.485
54922161175,0.32982264,-0.71302892,-0.61646241,0.05273398,152.447,28.806,74.485
54942161275,0.32982264,-0.71302892,-0.61646241,0.05273398,152.447,28.806,74.485
54962161375,0.32868369,-0.71315504,-0.61690493,0.05296435,152.599,28.756,74.570
54982161450,0.32813184,-0.71331812,-0.61700867,0.05298160,152.662,28.718,74.593
55002161575,0.32813184,-0.71331812,-0.61700867,0.05298160,152.662,28.718,74.593
55052161825,0.32813184,-0.71331812,-0.61700867,0.05298160,152.662,28.718,74.593
55072161925,0.32699887,-0.71343926,-0.61744988,0.05321474,152.814,28.669,74.678
55092162000,0.32644507,-0.71360232,-0.61755307,0.05323109,152.877,28.631,74.701
55112162125,0.32644507,-0.71360232,-0.61755307,0.05323109,152.877,28.631,74.701
55132162225,0.32644507,-0.71360232,-0.61755307,0.05323109,152.877,28.631,74.701
55152162325,0.32531646,-0.71372140,-0.61799064,0.05346532,153.028,28.581,74.785
55172162425,0.32476110,-0.71388380,-0.61809377,0.05348119,153.091,28.543,74.808
55192162525,0.32476110,-0.71388380,-0.61809377,0.05348119,153.091,28.543,74.808
55212162625,0.32476110,-0.71388380,-0.61809377,0.05348119,153.091,28.543,74.808
55232162725,0.32363911,-0.71400179,-0.61852555,0.05371515,153.240,28.494,74.891
55252162825,0.32308122,-0.71416828,-0.61862339,0.05373348,153.303,28.456,74.913
55272162925,0.32308122,-0.71416828,-0.61862339,0.05373348,153.303,28.456,74.913
55292163025,0.32308122,-0.71416828,-0.61862339,0.05373348,153.303,28.456,74.913
55312163125,0.32196331,-0.71428235,-0.61905378,0.05397003,153.453,28.407,74.996
55332163225,0.32140379,-0.71445024,-0.61914918,0.05398836,153.516,28.368,75.017
55352163325,0.32140379,-0.71445024,-0.61914918,0.05398836,153.516,28.368,75.017
55372163425,0.32140379,-0.71445024,-0.61914918,0.05398836,153.516,28.368,75.017
55392163500,0.32029081,-0.71456136,-0.61957675,0.05422656,153.664,28.319,75.099
55412163625,0.31972634,-0.71472620,-0.61967673,0.05424281,153.727,28.281,75.122
55432163725,0.31972634,-0.71472620,-0.61967673,0.05424281,153.727,28.281,75.122
55452163825,0.31972634,-0.71472620,-0.61967673,0.05424281,153.727,28.281,75.122
55472163925,0.31861793,-0.71483333,-0.62010279,0.05448361,153.875,28.232,75.203
55492164025,0.31804206,-0.71499012,-0.62021666,0.05449467,153.940,28.193,75.228
55512163625,0.31804206,-0.71499012,-0.62021666,0.05449467,153.940,28.193,75.228
55622167050,0.31804206,-0.71499012,-0.62021666,0.05449467,153.940,28.193,75.228
55672165650,0.31693759,-0.71509404,-0.62064069,0.05473766,154.087,28.144,75.309
55692165050,0.31635316,-0.71525179,-0.62075612,0.05474848,154.152,28.104,75.334
55712165125,0.31635316,-0.71525179,-0.62075612,0.05474848,154.152,28.104,75.334
55732165225,0.31635316,-0.71525179,-0.62075612,0.05474848,154.152,28.104,75.334
55752165325,0.31525421,-0.71535324,-0.62117658,0.05499263,154.299,28.056,75.415
55772165425,0.31466082,-0.71551176,-0.62129390,0.05500346,154.365,28.015,75.440
55792165525,0.31466082,-0.71551176,-0.62129390,0.05500346,154.365,28.015,75.440
55812165625,0.31466082,-0.71551176,-0.62129390,0.05500346,154.365,28.015,75.440
55832165725,0.31356186,-0.71561475,-0.62170913,0.05524717,154.511,27.967,75.519
55852165825,0.31302007,-0.71577637,-0.62179480,0.05526168,154.571,27.929,75.539
55872165925,0.31302007,-0.71577637,-0.62179480,0.05526168,154.571,27.929,75.539
55892166025,0.31302007,-0.71577637,-0.62179480,0.05526168,154.571,27.929,75.539
55912166125,0.31192890,-0.71587423,-0.62220841,0.05550806,154.716,27.881,75.618
55932166225,0.31140216,-0.71603749,-0.62228306,0.05552294,154.774,27.845,75.636
55952166325,0.31140216,-0.71603749,-0.62228306,0.05552294,154.774,27.845,75.636
55972166425,0.31140216,-0.71603749,-0.62228306,0.05552294,154.774,27.845,75.636
55992166525,0.31031605,-0.71613252,-0.62269395,0.05577096,154.918,27.797,75.714
56012166625,0.30979106,-0.71629638,-0.62276556,0.05578581,154.975,27.760,75.731
56032166725,0.30979106,-0.71629638,-0.62276556,0.05578581,154.975,27.760,75.731
56052166825,0.30979106,-0.71629638,-0.62276556,0.05578581,154.975,27.760,75.731
56072167875,0.30871707,-0.71638379,-0.62317562,0.05603738,155.118,27.714,75.809
56092167025,0.30819900,-0.71655130,-0.62323807,0.05605284,155.175,27.677,75.825
56112167125,0.30819900,-0.71655130,-0.62323807,0.05605284,155.175,27.677,75.825
56132167225,0.30819900,-0.71655130,-0.62323807,0.05605284,155.175,27.677,75.825
56152167325,0.30712644,-0.71663838,-0.62364454,0.05630511,155.317,27.631,75.902
56172167425,0.30660759,-0.71680497,-0.62370702,0.05632019,155.374,27.594,75.918
56192167525,0.30660759,-0.71680497,-0.62370702,0.05632019,155.374,27.594,75.918
56212167625,0.30660759,-0.71680497,-0.62370702,0.05632019,155.374,27.594,75.918
56232167725,0.30554490,-0.71688752,-0.62411053,0.05657419,155.515,27.549,75.995
56252167825,0.30500228,-0.71705314,-0.62418446,0.05658765,155.574,27.510,76.012
56272167925,0.30500228,-0.71705314,-0.62418446,0.05658765,155.574,27.510,76.012
56312168125,0.30500228,-0.71705314,-0.62418446,0.05658765,155.574,27.510,76.012
56332168225,0.30394187,-0.71713398,-0.62458549,0.05684328,155.715,27.465,76.089
56352168325,0.30339127,-0.71729859,-0.62466302,0.05685582,155.774,27.426,76.107
56372168425,0.30339127,-0.71729859,-0.62466302,0.05685582,155.774,27.426,76.107
56392168525,0.30339127,-0.71729859,-0.62466302,0.05685582,155.774,27.426,76.107
56412168625,0.30232862,-0.71737999,-0.62506121,0.05711251,155.915,27.380,76.183
56432168725,0.30178525,-0.71754211,-0.62513664,0.05712408,155.974,27.341,76.200
56452168825,0.30178525,-0.71754211,-0.62513664,0.05712408,155.974,27.341,76.200
56472168925,0.30178525,-0.71754211,-0.62513664,0.05712408,155.974,27.341,76.200
56492169025,0.30073106,-0.71761929,-0.62553226,0.05738274,156.114,27.296,76.276
56512169125,0.30019239,-0.71778004,-0.62560561,0.05739311,156.172,27.258,76.293
56532169225,0.30019239,-0.71778004,-0.62560561,0.05739311,156.172,27.258,76.293
56552169325,0.30019239,-0.71778004,-0.62560561,0.05739311,156.172,27.258,76.293
56572169425,0.29914324,-0.71785456,-0.62599859,0.05765343,156.311,27.213,76.368
56592169525,0.29860294,-0.71801489,-0.62607177,0.05766318,156.369,27.174,76.385
56612169625,0.29860294,-0.71801489,-0.62607177,0.05766318,156.369,27.174,76.385
56632169725,0.29860294,-0.71801489,-0.62607177,0.05766318,156.369,27.174,76.385
56652169825,0.29755783,-0.71808755,-0.62646176,0.05792478,156.508,27.130,76.459
56672169900,0.29700181,-0.71824982,-0.62653863,0.05793498,156.567,27.090,76.477
56692170000,0.29700181,-0.71824982,-0.62653863,0.05793498,156.567,27.090,76.477
56712170125,0.29700181,-0.71824982,-0.62653863,0.05793498,156.567,27.090,76.477
56732170225,0.29596202,-0.71831956,-0.62692618,0.05819843,156.705,27.046,76.551
56752170325,0.29540430,-0.71848145,-0.62700282,0.05820796,156.765,27.006,76.568
56772170425,0.29540430,-0.71848145,-0.62700282,0.05820796,156.765,27.006,76.568
56792170525,0.29540430,-0.71848145,-0.62700282,0.05820796,156.765,27.006,76.568
56812170600,0.29436591,-0.71854769,-0.62739030,0.05847507,156.902,26.962,76.642
56832170725,0.29380774,-0.71870595,-0.62747002,0.05848191,156.962,26.922,76.660
56852170825,0.29380774,-0.71870595,-0.62747002,0.05848191,156.962,26.922,76.660
56872170925,0.29380774,-0.71870595,-0.62747002,0.05848191,156.962,26.922,76.660
56892171000,0.29277612,-0.71877010,-0.62785361,0.05874972,157.099,26.878,76.733
56912171125,0.29221622,-0.71892445,-0.62793726,0.05875461,157.158,26.838,76.752
56952171325,0.29221622,-0.71892445,-0.62793726,0.05875461,157.158,26.838,76.752
56972171425,0.29221622,-0.71892445,-0.62793726,0.05875461,157.158,26.838,76.752
56992171525,0.29118965,-0.71898606,-0.62831822,0.05902409,157.294,26.795,76.824
57012171600,0.29062812,-0.71913994,-0.62840170,0.05902836,157.354,26.754,76.843
57032171725,0.29062812,-0.71913994,-0.62840170,0.05902836,157.354,26.754,76.843
57052171825,0.29062812,-0.71913994,-0.62840170,0.05902836,157.354,26.754,76.843
57072171900,0.28960719,-0.71920032,-0.62877843,0.05929809,157.489,26.711,76.915
57092172025,0.28904390,-0.71935344,-0.62886208,0.05930209,157.549,26.670,76.933
57112172125,0.28904390,-0.71935344,-0.62886208,0.05930209,157.549,26.670,76.933
57132172225,0.28904390,-0.71935344,-0.62886208,0.05930209,157.549,26.670,76.933
57152172325,0.28802770,-0.71941069,-0.62923701,0.05957419,157.684,26.628,77.005
57172172400,0.28746287,-0.71956346,-0.62932031,0.05957740,157.743,26.587,77.023
57192172525,0.28746287,-0.71956346,-0.62932031,0.05957740,157.743,26.587,77.023
57212172625,0.28746287,-0.71956346,-0.62932031,0.05957740,157.743,26.587,77.023
57232172725,0.28646190,-0.71961462,-0.62969214,0.05985139,157.876,26.545,77.094
57252173425,0.28588224,-0.71976955,-0.62977819,0.05985463,157.937,26.503,77.113
57272172925,0.28588224,-0.71976955,-0.62977819,0.05985463,157.937,26.503,77.113
57292173025,0.28588224,-0.71976955,-0.62977819,0.05985463,157.937,26.503,77.113
57312173125,0.28488128,-0.71982005,-0.63014769,0.06013019,158.070,26.462,77.183
57332173200,0.28429760,-0.71997465,-0.63023440,0.06013307,158.131,26.419,77.202
57352173325,0.28429760,-0.71997465,-0.63023440,0.06013307,158.131,26.419,77.202
57372173425,0.28429760,-0.71997465,-0.63023440,0.06013307,158.131,26.419,77.202
57392173525,0.28330161,-0.72002275,-0.63060133,0.06041032,158.264,26.378,77.272
57412173625,0.28271633,-0.72017682,-0.63068783,0.06041257,158.325,26.336,77.291
57432173725,0.28271633,-0.72017682,-0.63068783,0.06041257,158.325,26.336,77.291
57452173825,0.28271633,-0.72017682,-0.63068783,0.06041257,158.325,26.336,77.291
57472173925,0.28172122,-0.72022287,-0.63105355,0.06069250,158.457,26.295,77.360
57492174025,0.28113532,-0.72037632,-0.63113955,0.06069388,158.518,26.252,77.379
57512174125,0.28113532,-0.72037632,-0.63113955,0.06069388,158.518,26.252,77.379
57532174225,0.28113532,-0.72037632,-0.63113955,0.06069388,158.518,26.252,77.379
57552174325,0.28014735,-0.72041980,-0.63150203,0.06097501,158.649,26.211,77.448
57592174525,0.27955934,-0.72057277,-0.63158800,0.06097588,158.711,26.168,77.467
57612174625,0.27955934,-0.72057277,-0.63158800,0.06097588,158.711,26.168,77.467
57632174725,0.27955934,-0.72057277,-0.63158800,0.06097588,158.711,26.168,77.467
57652174825,0.27857298,-0.72061718,-0.63194590,0.06125648,158.841,26.128,77.535
57672174925,0.27798483,-0.72076216,-0.63203976,0.06125430,158.903,26.084,77.555
57692175025,0.27798483,-0.72076216,-0.63203976,0.06125430,158.903,26.084,77.555
57712175125,0.27798483,-0.72076216,-0.63203976,0.06125430,158.903,26.084,77.555
57732175200,0.27700530,-0.72080257,-0.63239611,0.06153767,159.033,26.044,77.623
57752175325,0.27641512,-0.72094737,-0.63248957,0.06153461,159.094,26.001,77.643
57772175425,0.27641512,-0.72094737,-0.63248957,0.06153461,159.094,26.001,77.643
57792175525,0.27641512,-0.72094737,-0.63248957,0.06153461,159.094,26.001,77.643
57812175625,0.27544224,-0.72098387,-0.63284439,0.06182077,159.223,25.962,77.710
57832175725,0.27484254,-0.72113299,-0.63293541,0.06181874,159.285,25.917,77.730
57852175825,0.27484254,-0.72113299,-0.63293541,0.06181874,159.285,25.917,77.730
57872175925,0.27484254,-0.72113299,-0.63293541,0.06181874,159.285,25.917,77.730
57892176025,0.27387401,-0.72116794,-0.63328719,0.06210604,159.414,25.878,77.797
57912176125,0.27326532,-0.72132083,-0.63337607,0.06210545,159.477,25.833,77.816
57932176225,0.27326532,-0.72132083,-0.63337607,0.06210545,159.477,25.833,77.816
57952176325,0.27326532,-0.72132083,-0.63337607,0.06210545,159.477,25.833,77.816
57972176425,0.27230189,-0.72135349,-0.63372530,0.06239445,159.605,25.795,77.883
57992176500,0.27169159,-0.72150580,-0.63381397,0.06239323,159.668,25.750,77.902
58012176600,0.27169159,-0.72150580,-0.63381397,0.06239323,159.668,25.750,77.902
58032176725,0.27169159,-0.72150580,-0.63381397,0.06239323,159.668,25.750,77.902
58052176825,0.27072979,-0.72153561,-0.63416263,0.06268570,159.796,25.711,77.968
58072176925,0.27010493,-0.72168291,-0.63426189,0.06268145,159.860,25.665,77.989
58092177025,0.27010493,-0.72168291,-0.63426189,0.06268145,159.860,25.665,77.989
58112177100,0.27010493,-0.72168291,-0.63426189,0.06268145,159.860,25.665,77.989
58132177200,0.26914997,-0.72171074,-0.63460703,0.06297477,159.987,25.627,78.055
58152177325,0.26852306,-0.72185737,-0.63470629,0.06297010,160.051,25.580,78.076
58172177325,0.26852306,-0.72185737,-0.63470629,0.06297010,160.051,25.580,78.076
58282180600,0.26852306,-0.72185737,-0.63470629,0.06297010,160.051,25.580,78.076
58302179900,0.26757153,-0.72188632,-0.63504609,0.06326204,160.178,25.542,78.140
58322179425,0.26694374,-0.72202822,-0.63514956,0.06325607,160.242,25.496,78.162
58342178950,0.26694374,-0.72202822,-0.63514956,0.06325607,160.242,25.496,78.162
58362178375,0.26694374,-0.72202822,-0.63514956,0.06325607,160.242,25.496,78.162
58382178475,0.26599834,-0.72205324,-0.63548820,0.06355123,160.368,25.458,78.226
58402178575,0.26536903,-0.72219151,-0.63559501,0.06354284,160.432,25.411,78.248
58422178675,0.26536903,-0.72219151,-0.63559501,0.06354284,160.432,25.411,78.248
58442178775,0.26536903,-0.72219151,-0.63559501,0.06354284,160.432,25.411,78.248
58462178875,0.26443237,-0.72221122,-0.63593293,0.06384190,160.557,25.375,78.313
58482178975,0.26382817,-0.72235884,-0.63601679,0.06383614,160.618,25.330,78.331
58502179075,0.26382817,-0.72235884,-0.63601679,0.06383614,160.618,25.330,78.331
58522179175,0.26382817,-0.72235884,-0.63601679,0.06383614,160.618,25.330,78.331
58542179275,0.26289519,-0.72237782,-0.63635132,0.06413581,160.743,25.293,78.394
58562179350,0.26228974,-0.72252455,-0.63643519,0.06412968,160.804,25.248,78.413
58582179475,0.26228974,-0.72252455,-0.63643519,0.06412968,160.804,25.248,78.413
58602179550,0.26228974,-0.72252455,-0.63643519,0.06412968,160.804,25.248,78.413
58622179675,0.26136357,-0.72254143,-0.63676659,0.06443041,160.927,25.212,78.476
58642179775,0.26076992,-0.72269228,-0.63683926,0.06442568,160.987,25.167,78.492
58662179875,0.26076992,-0.72269228,-0.63683926,0.06442568,160.987,25.167,78.492
58682179975,0.26076992,-0.72269228,-0.63683926,0.06442568,160.987,25.167,78.492
58702180075,0.25984815,-0.72270698,-0.63716857,0.06472843,161.110,25.131,78.554
58722180175,0.25926689,-0.72286201,-0.63722985,0.06472484,161.168,25.087,78.569
58742180275,0.25926689,-0.72286201,-0.63722985,0.06472484,161.168,25.087,78.569
58762180375,0.25926689,-0.72286201,-0.63722985,0.06472484,161.168,25.087,78.569
58782180450,0.25835029,-0.72287459,-0.63755678,0.06502929,161.291,25.052,78.631
58802180575,0.25776745,-0.72302911,-0.63761790,0.06502506,161.349,25.008,78.645
58822180675,0.25776745,-0.72302911,-0.63761790,0.06502506,161.349,25.008,78.645
58862180875,0.25776745,-0.72302911,-0.63761790,0.06502506,161.349,25.008,78.645
58882180975,0.25685154,-0.72304227,-0.63794137,0.06532967,161.471,24.973,78.707
58902181075,0.25626820,-0.72319567,-0.63800255,0.06532519,161.529,24.928,78.721
58922181150,0.25626820,-0.72319567,-0.63800255,0.06532519,161.529,24.928,78.721
58942181275,0.25626820,-0.72319567,-0.63800255,0.06532519,161.529,24.928,78.721
58962181375,0.25535948,-0.72320547,-0.63832420,0.06563226,161.650,24.894,78.782
58982181475,0.25477407,-0.72335863,-0.63838512,0.06562695,161.708,24.849,78.796
59002181575,0.25477407,-0.72335863,-0.63838512,0.06562695,161.708,24.849,78.796
59022181675,0.25477407,-0.72335863,-0.63838512,0.06562695,161.708,24.849,78.796
59042181775,0.25387837,-0.72336132,-0.63870668,0.06593894,161.829,24.816,78.857
59062181875,0.25328951,-0.72351508,-0.63876701,0.06593220,161.887,24.771,78.871
59082181975,0.25328951,-0.72351508,-0.63876701,0.06593220,161.887,24.771,78.871
59102182075,0.25328951,-0.72351508,-0.63876701,0.06593220,161.887,24.771,78.871
59122182175,0.25239503,-0.72351825,-0.63908511,0.06624431,162.007,24.738,78.932
59142182275,0.25180555,-0.72367092,-0.63914550,0.06623733,162.065,24.693,78.945
59162182375,0.25180555,-0.72367092,-0.63914550,0.06623733,162.065,24.693,78.945
59182182450,0.25180555,-0.72367092,-0.63914550,0.06623733,162.065,24.693,78.945
59202182575,0.25091608,-0.72367213,-0.63946127,0.06655115,162.185,24.659,79.006
59222182675,0.25032888,-0.72382206,-0.63952260,0.06654263,162.242,24.615,79.020
59242182775,0.25032888,-0.72382206,-0.63952260,0.06654263,162.242,24.615,79.020
59262182875,0.25032888,-0.72382206,-0.63952260,0.06654263,162.242,24.615,79.020
59282182975,0.24944019,-0.72382486,-0.63983398,0.06685537,162.361,24.581,79.079
59302183075,0.24886390,-0.72396690,-0.63989884,0.06684423,162.418,24.537,79.093
59322183175,0.24886390,-0.72396690,-0.63989884,0.06684423,162.418,24.537,79.093
59342183275,0.24886390,-0.72396690,-0.63989884,0.06684423,162.418,24.537,79.093
59362183375,0.24798242,-0.72396598,-0.64020896,0.06716005,162.536,24.504,79.153
59382183475,0.24740409,-0.72410789,-0.64027348,0.06714795,162.593,24.460,79.167
59402183575,0.24740409,-0.72410789,-0.64027348,0.06714795,162.593,24.460,79.167
59422183675,0.24740409,-0.72410789,-0.64027348,0.06714795,162.593,24.460,79.167
59442183775,0.24653109,-0.72410123,-0.64058393,0.06746893,162.711,24.428,79.226
59462183875,0.24592861,-0.72424631,-0.64065279,0.06745669,162.770,24.382,79.241
59502184075,0.24592861,-0.72424631,-0.64065279,0.06745669,162.770,24.382,79.241
59522184150,0.24592861,-0.72424631,-0.64065279,0.06745669,162.770,24.382,79.241
59542184275,0.24505884,-0.72423965,-0.64095965,0.06777768,162.887,24.351,79.300
59562184375,0.24444800,-0.72438468,-0.64103028,0.06776567,162.947,24.304,79.315
59582184475,0.24444800,-0.72438468,-0.64103028,0.06776567,162.947,24.304,79.315
59602184550,0.24444800,-0.72438468,-0.64103028,0.06776567,162.947,24.304,79.315
59622184675,0.24358392,-0.72437774,-0.64133302,0.06808614,163.063,24.273,79.373
59642184775,0.24297175,-0.72451843,-0.64140773,0.06807273,163.123,24.225,79.389
59662184875,0.24297175,-0.72451843,-0.64140773,0.06807273,163.123,24.225,79.389
59682184975,0.24297175,-0.72451843,-0.64140773,0.06807273,163.123,24.225,79.389
59702185050,0.24211245,-0.72450881,-0.64170907,0.06839603,163.239,24.195,79.447
59722185175,0.24149919,-0.72464566,-0.64178729,0.06838043,163.299,24.147,79.463
59742185275,0.24149919,-0.72464566,-0.64178729,0.06838043,163.299,24.147,79.463
59762185375,0.24149919,-0.72464566,-0.64178729,0.06838043,163.299,24.147,79.463
59782185475,0.24064498,-0.72463417,-0.64208634,0.06870544,163.415,24.117,79.520
59802185575,0.24003019,-0.72477043,-0.64216441,0.06868921,163.474,24.070,79.537
59822185675,0.24003019,-0.72477043,-0.64216441,0.06868921,163.474,24.070,79.537
59842185775,0.24003019,-0.72477043,-0.64216441,0.06868921,163.474,24.070,79.537
59862185875,0.23917637,-0.72475944,-0.64246042,0.06901463,163.590,24.039,79.594
59882185975,0.23856117,-0.72489458,-0.64253846,0.06899810,163.649,23.992,79.610
59902186075,0.23856117,-0.72489458,-0.64253846,0.06899810,163.649,23.992,79.610
59922186175,0.23856117,-0.72489458,-0.64253846,0.06899810,163.649,23.992,79.610
59942186250,0.23771476,-0.72488061,-0.64283258,0.06932588,163.764,23.962,79.666
59962186350,0.23709748,-0.72501541,-0.64291039,0.06930855,163.824,23.914,79.683
59982186450,0.23709748,-0.72501541,-0.64291039,0.06930855,163.824,23.914,79.683
60002186575,0.23709748,-0.72501541,-0.64291039,0.06930855,163.824,23.914,79.683
60022186675,0.23625810,-0.72499825,-0.64320295,0.06963912,163.938,23.885,79.739
60042186775,0.23563154,-0.72513364,-0.64328209,0.06962134,163.998,23.836,79.755
60062201550,0.23563154,-0.72513364,-0.64328209,0.06962134,163.998,23.836,79.755
60082185675,0.23563154,-0.72513364,-0.64328209,0.06962134,163.998,23.836,79.755
60132187225,0.23479632,-0.72511536,-0.64357204,0.06995309,164.112,23.807,79.811
60152187325,0.23416116,-0.72525086,-0.64365270,0.06993525,164.173,23.758,79.828
60172187425,0.23416116,-0.72525086,-0.64365270,0.06993525,164.173,23.758,79.828
60192187525,0.23416116,-0.72525086,-0.64365270,0.06993525,164.173,23.758,79.828
60212187600,0.23332970,-0.72523088,-0.64394073,0.07026912,164.286,23.730,79.883
60232187725,0.23268970,-0.72536616,-0.64402195,0.07025076,164.348,23.680,79.900
60252187825,0.23268970,-0.72536616,-0.64402195,0.07025076,164.348,23.680,79.900
60272187925,0.23268970,-0.72536616,-0.64402195,0.07025076,164.348,23.680,79.900
60292188025,0.23186640,-0.72534427,-0.64430689,0.07058544,164.460,23.652,79.955
60312188125,0.23121319,-0.72548023,-0.64439053,0.07056731,164.523,23.602,79.972
60332188225,0.23121319,-0.72548023,-0.64439053,0.07056731,164.523,23.602,79.972
60352188325,0.23121319,-0.72548023,-0.64439053,0.07056731,164.523,23.602,79.972
60372187125,0.23039386,-0.72545663,-0.64467352,0.07090409,164.635,23.574,80.027
60392188525,0.22973939,-0.72559191,-0.64475691,0.07088523,164.697,23.523,80.044
60412188625,0.22973939,-0.72559191,-0.64475691,0.07088523,164.697,23.523,80.044
60432188725,0.22973939,-0.72559191,-0.64475691,0.07088523,164.697,23.523,80.044
60452188825,0.22892199,-0.72556776,-0.64503750,0.07122335,164.809,23.496,80.098
60472188925,0.22827827,-0.72569570,-0.64512412,0.07120148,164.870,23.446,80.115
60492189025,0.22827827,-0.72569570,-0.64512412,0.07120148,164.870,23.446,80.115
60512189125,0.22827827,-0.72569570,-0.64512412,0.07120148,164.870,23.446,80.115
60532189225,0.22746773,-0.72566922,-0.64540253,0.07154152,164.981,23.419,80.169
60552189325,0.22682591,-0.72579451,-0.64549011,0.07151815,165.043,23.368,80.187
60572189425,0.22682591,-0.72579451,-0.64549011,0.07151815,165.043,23.368,80.187
60592189525,0.22682591,-0.72579451,-0.64549011,0.07151815,165.043,23.368,80.187
60612189625,0.22602058,-0.72576631,-0.64576630,0.07185992,165.153,23.342,80.240
60632189725,0.22537357,-0.72589138,-0.64585450,0.07183613,165.215,23.291,80.258
60652189825,0.22537357,-0.72589138,-0.64585450,0.07183613,165.215,23.291,80.258
60672189925,0.22537357,-0.72589138,-0.64585450,0.07183613,165.215,23.291,80.258
60692190025,0.22457041,-0.72586231,-0.64612858,0.07217960,165.325,23.265,80.311
60712190125,0.22391163,-0.72598774,-0.64621894,0.07215583,165.387,23.214,80.329
60762190375,0.22391163,-0.72598774,-0.64621894,0.07215583,165.387,23.214,80.329
60782190475,0.22391163,-0.72598774,-0.64621894,0.07215583,165.387,23.214,80.329
60802190575,0.22311502,-0.72595662,-0.64649073,0.07250105,165.497,23.188,80.382
60822190675,0.22245438,-0.72608146,-0.64658093,0.07247664,165.560,23.136,80.400
60842190775,0.22245438,-0.72608146,-0.64658093,0.07247664,165.560,23.136,80.400
60862190650,0.22245438,-0.72608146,-0.64658093,0.07247664,165.560,23.136,80.400
60982193900,0.22166533,-0.72604911,-0.64684937,0.07282210,165.668,23.111,80.452
61002193250,0.22100259,-0.72617319,-0.64693964,0.07279741,165.731,23.059,80.470
61022192750,0.22100259,-0.72617319,-0.64693964,0.07279741,165.731,23.059,80.470
61042192250,0.22100259,-0.72617319,-0.64693964,0.07279741,165.731,23.059,80.470
61062191875,0.22021952,-0.72613778,-0.64720700,0.07314632,165.839,23.034,80.522
61082191975,0.21955506,-0.72626148,-0.64729685,0.07312059,165.902,22.982,80.540
61102192050,0.21955506,-0.72626148,-0.64729685,0.07312059,165.902,22.982,80.540
61122192175,0.21955506,-0.72626148,-0.64729685,0.07312059,165.902,22.982,80.540
61142192275,0.21877623,-0.72622504,-0.64756173,0.07347075,166.010,22.958,80.591
61162192375,0.21811047,-0.72634793,-0.64765146,0.07344450,166.072,22.905,80.609
61182192475,0.21811047,-0.72634793,-0.64765146,0.07344450,166.072,22.905,80.609
61202192575,0.21811047,-0.72634793,-0.64765146,0.07344450,166.072,22.905,80.609
61222192650,0.21734040,-0.72631001,-0.64791298,0.07379485,166.179,22.882,80.660
61242192775,0.21669305,-0.72644026,-0.64798655,0.07377056,166.240,22.831,80.675
61262192875,0.21669305,-0.72644026,-0.64798655,0.07377056,166.240,22.831,80.675
61282192975,0.21669305,-0.72644026,-0.64798655,0.07377056,166.240,22.831,80.675
61302193075,0.21592651,-0.72640067,-0.64824650,0.07412340,166.346,22.807,80.725
61322193175,0.21529883,-0.72653839,-0.64830355,0.07410050,166.404,22.758,80.738
61342193275,0.21529883,-0.72653839,-0.64830355,0.07410050,166.404,22.758,80.738
61392193525,0.21529883,-0.72653839,-0.64830355,0.07410050,166.404,22.758,80.738
61412193625,0.21453746,-0.72649723,-0.64856140,0.07445507,166.510,22.735,80.788
61432193725,0.21390847,-0.72663262,-0.64862025,0.07443096,166.569,22.685,80.801
61452193825,0.21390847,-0.72663262,-0.64862025,0.07443096,166.569,22.685,80.801
61472193925,0.21390847,-0.72663262,-0.64862025,0.07443096,166.569,22.685,80.801
61492194025,0.21314545,-0.72659132,-0.64887661,0.07478780,166.675,22.662,80.851
61512194125,0.21251719,-0.72672059,-0.64894098,0.07476122,166.733,22.612,80.864
61532194200,0.21251719,-0.72672059,-0.64894098,0.07476122,166.733,22.612,80.864
61552194325,0.21251719,-0.72672059,-0.64894098,0.07476122,166.733,22.612,80.864
61572194425,0.21176244,-0.72667711,-0.64919496,0.07511954,166.838,22.589,80.914
61592194525,0.21113195,-0.72680591,-0.64925927,0.07509239,166.896,22.539,80.927
61612194625,0.21113195,-0.72680591,-0.64925927,0.07509239,166.896,22.539,80.927
61632194725,0.21113195,-0.72680591,-0.64925927,0.07509239,166.896,22.539,80.927
61652194825,0.21038574,-0.72675744,-0.64951351,0.07545637,167.001,22.518,80.977
61672194900,0.20975236,-0.72689157,-0.64957140,0.07542931,167.060,22.467,80.989
61692195025,0.20975236,-0.72689157,-0.64957140,0.07542931,167.060,22.467,80.989
61712195100,0.20975236,-0.72689157,-0.64957140,0.07542931,167.060,22.467,80.989
61732195225,0.20900948,-0.72684336,-0.64982241,0.07579310,167.164,22.446,81.038
61752195325,0.20837484,-0.72697822,-0.64987848,0.07576643,167.222,22.395,81.050
61772195425,0.20837484,-0.72697822,-0.64987848,0.07576643,167.222,22.395,81.050
61792195525,0.20837484,-0.72697822,-0.64987848,0.07576643,167.222,22.395,81.050
61812195625,0.20763695,-0.72692857,-0.65012743,0.07613197,167.326,22.375,81.099
61832195725,0.20700474,-0.72706071,-0.65018455,0.07610390,167.384,22.324,81.111
61852195825,0.20700474,-0.72706071,-0.65018455,0.07610390,167.384,22.324,81.111
61872195925,0.20700474,-0.72706071,-0.65018455,0.07610390,167.384,22.324,81.111
61892196025,0.20626918,-0.72701012,-0.65043172,0.07647148,167.488,22.304,81.160
61912196125,0.20564778,-0.72713530,-0.65049221,0.07644044,167.544,22.254,81.172
61932196200,0.20564778,-0.72713530,-0.65049221,0.07644044,167.544,22.254,81.172
61952196325,0.20564778,-0.72713530,-0.65049221,0.07644044,167.544,22.254,81.172
61972196375,0.20491857,-0.72708304,-0.65073721,0.07680962,167.647,22.234,81.221
62022196675,0.20429542,-0.72720766,-0.65079762,0.07677799,167.704,22.184,81.233
62042196775,0.20429542,-0.72720766,-0.65079762,0.07677799,167.704,22.184,81.233
62062196875,0.20429542,-0.72720766,-0.65079762,0.07677799,167.704,22.184,81.233
62082196975,0.20357484,-0.72715400,-0.65103964,0.07714748,167.806,22.164,81.281
62102197075,0.20293470,-0.72727936,-0.65110315,0.07711637,167.865,22.113,81.294
62122197175,0.20293470,-0.72727936,-0.65110315,0.07711637,167.865,22.113,81.294
62142197275,0.20293470,-0.72727936,-0.65110315,0.07711637,167.865,22.113,81.294
62162197375,0.20221722,-0.72722433,-0.65134363,0.07748833,167.967,22.094,81.341
62182197475,0.20157610,-0.72734904,-0.65140690,0.07745642,168.025,22.042,81.354
62202197575,0.20157610,-0.72734904,-0.65140690,0.07745642,168.025,22.042,81.354
62222197675,0.20157610,-0.72734904,-0.65140690,0.07745642,168.025,22.042,81.354
62242197775,0.20086327,-0.72729533,-0.65164297,0.07782599,168.126,22.024,81.401
62262199075,0.20022142,-0.72741361,-0.65171243,0.07779284,168.184,21.972,81.415
62282197975,0.20022142,-0.72741361,-0.65171243,0.07779284,168.184,21.972,81.415
62302198075,0.20022142,-0.72741361,-0.65171243,0.07779284,168.184,21.972,81.415
62322198175,0.19951372,-0.72735722,-0.65194769,0.07816620,168.285,21.954,81.461
62342198275,0.19887063,-0.72747341,-0.65201871,0.07813139,168.344,21.901,81.475
62362198350,0.19887063,-0.72747341,-0.65201871,0.07813139,168.344,21.901,81.475
62382198475,0.19887063,-0.72747341,-0.65201871,0.07813139,168.344,21.901,81.475
62402198575,0.19816791,-0.72741567,-0.65225198,0.07850650,168.444,21.884,81.522
62422198675,0.19751993,-0.72752979,-0.65232555,0.07847074,168.503,21.831,81.536
62442198775,0.19751993,-0.72752979,-0.65232555,0.07847074,168.503,21.831,81.536
62462198850,0.19751993,-0.72752979,-0.65232555,0.07847074,168.503,21.831,81.536
62482198975,0.19682189,-0.72746810,-0.65255932,0.07885199,168.603,21.814,81.583
62502199075,0.19616216,-0.72757785,-0.65264025,0.07881357,168.663,21.761,81.598
62522199175,0.19616216,-0.72757785,-0.65264025,0.07881357,168.663,21.761,81.598
62542199275,0.19616216,-0.72757785,-0.65264025,0.07881357,168.663,21.761,81.598
62562199375,0.19546919,-0.72751618,-0.65287078,0.07919440,168.763,21.744,81.644
62582199475,0.19480802,-0.72762496,-0.65295183,0.07915587,168.822,21.690,81.660
62602199575,0.19480802,-0.72762496,-0.65295183,0.07915587,168.822,21.690,81.660
62652199825,0.19480802,-0.72762496,-0.65295183,0.07915587,168.822,21.690,81.660
62672199925,0.19411871,-0.72756425,-0.65317863,0.07953526,168.922,21.674,81.705
62692200025,0.19344478,-0.72767799,-0.65325628,0.07949902,168.983,21.619,81.720
62712200100,0.19344478,-0.72767799,-0.65325628,0.07949902,168.983,21.619,81.720
62732200225,0.19344478,-0.72767799,-0.65325628,0.07949902,168.983,21.619,81.720
62752200325,0.19276109,-0.72761489,-0.65348193,0.07988175,169.081,21.603,81.766
62772200425,0.19208169,-0.72773021,-0.65355804,0.07984521,169.143,21.548,81.781
62792200525,0.19208169,-0.72773021,-0.65355804,0.07984521,169.143,21.548,81.781
62812200600,0.19208169,-0.72773021,-0.65355804,0.07984521,169.143,21.548,81.781
62832200725,0.19140460,-0.72766277,-0.65378410,0.08023423,169.241,21.533,81.826
62852200825,0.19071604,-0.72777862,-0.65386101,0.08019635,169.303,21.477,81.841
62872200925,0.19071604,-0.72777862,-0.65386101,0.08019635,169.303,21.477,81.841
62892201025,0.19071604,-0.72777862,-0.65386101,0.08019635,169.303,21.477,81.841
62912201125,0.19004322,-0.72771145,-0.65408386,0.08058491,169.401,21.463,81.886
62932201225,0.18934604,-0.72782682,-0.65416231,0.08054732,169.464,21.406,81.901
62952201325,0.18934604,-0.72782682,-0.65416231,0.08054732,169.464,21.406,81.901
62972201425,0.18934604,-0.72782682,-0.65416231,0.08054732,169.464,21.406,81.901
62992201525,0.18867825,-0.72775842,-0.65438314,0.08093766,169.562,21.392,81.945
63012201600,0.18797964,-0.72787305,-0.65446143,0.08089942,169.624,21.335,81.961
63032201725,0.18797964,-0.72787305,-0.65446143,0.08089942,169.624,21.335,81.961
63052201800,0.18797964,-0.72787305,-0.65446143,0.08089942,169.624,21.335,81.961
63072201925,0.18731409,-0.72780405,-0.65468036,0.08129165,169.722,21.321,82.005
63092202025,0.18661471,-0.72791778,-0.65475846,0.08125274,169.784,21.264,82.020
63112202100,0.18661471,-0.72791778,-0.65475846,0.08125274,169.784,21.264,82.020
63132202225,0.18661471,-0.72791778,-0.65475846,0.08125274,169.784,21.264,82.020
63152202325,0.18595564,-0.72784726,-0.65497533,0.08164672,169.881,21.250,82.064
63172202425,0.18525449,-0.72796031,-0.65505330,0.08160717,169.944,21.193,82.079
63192202525,0.18525449,-0.72796031,-0.65505330,0.08160717,169.944,21.193,82.079
63212202625,0.18525449,-0.72796031,-0.65505330,0.08160717,169.944,21.193,82.079
63232202725,0.18460347,-0.72789041,-0.65526586,0.08199853,170.040,21.180,82.122
63282202975,0.18390061,-0.72799884,-0.65534805,0.08195841,170.103,21.123,82.138
63302203075,0.18390061,-0.72799884,-0.65534805,0.08195841,170.103,21.123,82.138
63322203175,0.18390061,-0.72799884,-0.65534805,0.08195841,170.103,21.123,82.138
63342203275,0.18325323,-0.72792684,-0.65555978,0.08235373,170.198,21.110,82.181
63362203375,0.18254972,-0.72803122,-0.65564545,0.08231146,170.261,21.053,82.197
63382203475,0.18254972,-0.72803122,-0.65564545,0.08231146,170.261,21.053,82.197
63402203575,0.18254972,-0.72803122,-0.65564545,0.08231146,170.261,21.053,82.197
63422203675,0.18190738,-0.72795806,-0.65585521,0.08270857,170.356,21.040,82.240
63442203750,0.18119876,-0.72806195,-0.65594144,0.08266586,170.419,20.983,82.256
63462203875,0.18119876,-0.72806195,-0.65594144,0.08266586,170.419,20.983,82.256
63482203975,0.18119876,-0.72806195,-0.65594144,0.08266586,170.419,20.983,82.256
63502204075,0.18055807,-0.72798705,-0.65615050,0.08306721,170.515,20.971,82.299
63522204150,0.17983778,-0.72809106,-0.65623839,0.08302383,170.579,20.912,82.315
63542204275,0.17983778,-0.72809106,-0.65623839,0.08302383,170.579,20.912,82.315
63562203675,0.17983778,-0.72809106,-0.65623839,0.08302383,170.579,20.912,82.315
63662207475,0.17920377,-0.72801533,-0.65644484,0.08342576,170.673,20.900,82.358
63682206650,0.17847798,-0.72811874,-0.65653340,0.08338222,170.738,20.841,82.374
63702206175,0.17847798,-0.72811874,-0.65653340,0.08338222,170.738,20.841,82.374
63722205725,0.17847798,-0.72811874,-0.65653340,0.08338222,170.738,20.841,82.374
63742205275,0.17785232,-0.72804261,-0.65673653,0.08378329,170.832,20.830,82.416
63762205375,0.17711325,-0.72814582,-0.65682731,0.08374031,170.897,20.770,82.433
63782205475,0.17711325,-0.72814582,-0.65682731,0.08374031,170.897,20.770,82.433
63802205575,0.17711325,-0.72814582,-0.65682731,0.08374031,170.897,20.770,82.433
63822205675,0.17649106,-0.72806823,-0.65702912,0.08414449,170.991,20.759,82.474
63842205775,0.17576548,-0.72817147,-0.65711487,0.08410026,171.055,20.700,82.490
63862205875,0.17576548,-0.72817147,-0.65711487,0.08410026,171.055,20.700,82.490
63882205975,0.17576548,-0.72817147,-0.65711487,0.08410026,171.055,20.700,82.490
63922206150,0.17514876,-0.72809209,-0.65731524,0.08450733,171.148,20.690,82.532
63942206275,0.17446527,-0.72819707,-0.65738663,0.08446132,171.208,20.634,82.545
63962206375,0.17446527,-0.72819707,-0.65738663,0.08446132,171.208,20.634,82.545
63982206475,0.17446527,-0.72819707,-0.65738663,0.08446132,171.208,20.634,82.545
64002206550,0.17385369,-0.72811688,-0.65758486,0.08486963,171.301,20.624,82.587
64022206675,0.17316877,-0.72822108,-0.65765619,0.08482312,171.361,20.568,82.600
64042206775,0.17316877,-0.72822108,-0.65765619,0.08482312,171.361,20.568,82.600
64062221550,0.17316877,-0.72822108,-0.65765619,0.08482312,171.361,20.568,82.600
64082205675,0.17256275,-0.72813935,-0.65785285,0.08523386,171.453,20.559,82.641
64102207075,0.17190404,-0.72825511,-0.65790301,0.08518874,171.510,20.504,82.651
64122207175,0.17190404,-0.72825511,-0.65790301,0.08518874,171.510,20.504,82.651
64142207275,0.17190404,-0.72825511,-0.65790301,0.08518874,171.510,20.504,82.651
64162207375,0.17130274,-0.72817255,-0.65809770,0.08560094,171.602,20.495,82.691
64182207475,0.17064271,-0.72828760,-0.65814780,0.08555526,171.659,20.440,82.701
64202207575,0.17064271,-0.72828760,-0.65814780,0.08555526,171.659,20.440,82.701
64222207675,0.17064271,-0.72828760,-0.65814780,0.08555526,171.659,20.440,82.701
64242207750,0.17004806,-0.72820349,-0.65834078,0.08596948,171.750,20.433,82.742
64262207875,0.16937933,-0.72831493,-0.65839602,0.08592258,171.808,20.377,82.752
64282207975,0.16937933,-0.72831493,-0.65839602,0.08592258,171.808,20.377,82.752
64302208075,0.16937933,-0.72831493,-0.65839602,0.08592258,171.808,20.377,82.752
64322208175,0.16878852,-0.72823010,-0.65858715,0.08633847,171.899,20.369,82.793
64342208275,0.16811176,-0.72833771,-0.65864754,0.08629042,171.957,20.313,82.804
64362208375,0.16811176,-0.72833771,-0.65864754,0.08629042,171.957,20.313,82.804
64382208475,0.16811176,-0.72833771,-0.65864754,0.08629042,171.957,20.313,82.804
64402208575,0.16752570,-0.72825192,-0.65883684,0.08670811,172.048,20.306,82.844
64422208675,0.16684762,-0.72835883,-0.65889713,0.08665943,172.106,20.250,82.855
64442208775,0.16684762,-0.72835883,-0.65889713,0.08665943,172.106,20.250,82.855
64462208875,0.16684762,-0.72835883,-0.65889713,0.08665943,172.106,20.250,82.855
64482208975,0.16626143,-0.72827238,-0.65908533,0.08708043,172.197,20.243,82.895
64502209050,0.16556935,-0.72837232,-0.65915581,0.08702971,172.257,20.185,82.908
64552209325,0.16556935,-0.72837232,-0.65915581,0.08702971,172.257,20.185,82.908
64572209400,0.16556935,-0.72837232,-0.65915581,0.08702971,172.257,20.185,82.908
64592209525,0.16499031,-0.72828480,-0.65934182,0.08745176,172.347,20.179,82.948
64612209625,0.16429634,-0.72838403,-0.65941227,0.08740059,172.407,20.121,82.961
64632209700,0.16429634,-0.72838403,-0.65941227,0.08740059,172.407,20.121,82.961
64652209825,0.16429634,-0.72838403,-0.65941227,0.08740059,172.407,20.121,82.961
64672209925,0.16372089,-0.72829553,-0.65959673,0.08782504,172.497,20.115,83.000
64692210000,0.16302402,-0.72840809,-0.65965150,0.08777658,172.556,20.057,83.010
64712210125,0.16302402,-0.72840809,-0.65965150,0.08777658,172.556,20.057,83.010
64732210225,0.16302402,-0.72840809,-0.65965150,0.08777658,172.556,20.057,83.010
64752210325,0.16245407,-0.72831866,-0.65983400,0.08820255,172.646,20.051,83.049
64772210400,0.16175570,-0.72843048,-0.65988869,0.08815350,172.706,19.993,83.060
64792210525,0.16175570,-0.72843048,-0.65988869,0.08815350,172.706,19.993,83.060
64812210625,0.16175570,-0.72843048,-0.65988869,0.08815350,172.706,19.993,83.060
64832210725,0.16119669,-0.72833906,-0.66006915,0.08858078,172.794,19.989,83.098
64852210825,0.16049647,-0.72844335,-0.66013157,0.08852949,172.854,19.930,83.110
64872210900,0.16049647,-0.72844335,-0.66013157,0.08852949,172.854,19.930,83.110
64892211025,0.16049647,-0.72844335,-0.66013157,0.08852949,172.854,19.930,83.110
64912211125,0.15993935,-0.72835154,-0.66031035,0.08895883,172.943,19.926,83.149
64932211225,0.15923946,-0.72844794,-0.66038040,0.08890513,173.003,19.867,83.161
64952211300,0.15923946,-0.72844794,-0.66038040,0.08890513,173.003,19.867,83.161
64972211425,0.15923946,-0.72844794,-0.66038040,0.08890513,173.003,19.867,83.161
64992211525,0.15868713,-0.72835525,-0.66055738,0.08933629,173.091,19.864,83.200
65012211600,0.15798592,-0.72845091,-0.66062732,0.08928195,173.151,19.805,83.212
65032211725,0.15798592,-0.72845091,-0.66062732,0.08928195,173.151,19.805,83.212
65052211825,0.15798592,-0.72845091,-0.66062732,0.08928195,173.151,19.805,83.212
65072211925,0.15743364,-0.72835838,-0.66080251,0.08971489,173.239,19.801,83.250
65092212025,0.15673129,-0.72846010,-0.66086457,0.08966159,173.299,19.742,83.262
65112212125,0.15673129,-0.72846010,-0.66086457,0.08966159,173.299,19.742,83.262
65132212225,0.15673129,-0.72846010,-0.66086457,0.08966159,173.299,19.742,83.262
65182212475,0.15618617,-0.72836620,-0.66103798,0.09009637,173.386,19.739,83.300
65202212575,0.15548194,-0.72846728,-0.66109995,0.09004243,173.446,19.680,83.311
65222212675,0.15548194,-0.72846728,-0.66109995,0.09004243,173.446,19.680,83.311
65242212775,0.15548194,-0.72846728,-0.66109995,0.09004243,173.446,19.680,83.311
65262212875,0.15494062,-0.72837526,-0.66126951,0.09047383,173.533,19.677,83.348
65282212975,0.15423531,-0.72847501,-0.66133181,0.09042049,173.593,19.618,83.359
65302213075,0.15423531,-0.72847501,-0.66133181,0.09042049,173.593,19.618,83.359
65322213175,0.15423531,-0.72847501,-0.66133181,0.09042049,173.593,19.618,83.359
65342213275,0.15369931,-0.72838078,-0.66150064,0.09085628,173.680,19.615,83.397
65362213375,0.15299257,-0.72848007,-0.66156263,0.09080168,173.739,19.556,83.408
65382213475,0.15299257,-0.72848007,-0.66156263,0.09080168,173.739,19.556,83.408
65402213575,0.15299257,-0.72848007,-0.66156263,0.09080168,173.739,19.556,83.408
65422213675,0.15246137,-0.72838501,-0.66172970,0.09123929,173.826,19.554,83.445
65442213775,0.15174986,-0.72848195,-0.66179418,0.09118381,173.886,19.494,83.456
65462213875,0.15174986,-0.72848195,-0.66179418,0.09118381,173.886,19.494,83.456
65482213975,0.15174986,-0.72848195,-0.66179418,0.09118381,173.886,19.494,83.456
65502214075,0.15122929,-0.72838405,-0.66196016,0.09162488,173.972,19.493,83.493
65522214175,0.15050471,-0.72847586,-0.66203218,0.09156769,174.033,19.432,83.506
65542214250,0.15050471,-0.72847586,-0.66203218,0.09156769,174.033,19.432,83.506
65562214375,0.15050471,-0.72847586,-0.66203218,0.09156769,174.033,19.432,83.506
65582214475,0.14998601,-0.72837817,-0.66219607,0.09200976,174.118,19.431,83.542
65602214575,0.14926082,-0.72846898,-0.66226804,0.09195213,174.180,19.370,83.555
65622214675,0.14926082,-0.72846898,-0.66226804,0.09195213,174.180,19.370,83.555
65642214750,0.14926082,-0.72846898,-0.66226804,0.09195213,174.180,19.370,83.555
65662214875,0.14874105,-0.72836879,-0.66243250,0.09240236,174.266,19.370,83.592
65682214975,0.14800559,-0.72845432,-0.66251160,0.09234190,174.328,19.308,83.606
65702215075,0.14800559,-0.72845432,-0.66251160,0.09234190,174.328,19.308,83.606
65722215175,0.14800559,-0.72845432,-0.66251160,0.09234190,174.328,19.308,83.606
65742215275,0.14749342,-0.72835423,-0.66267312,0.09279084,174.413,19.308,83.642
65762215375,0.14675253,-0.72843715,-0.66275494,0.09273026,174.476,19.246,83.657
65782215450,0.14675253,-0.72843715,-0.66275494,0.09273026,174.476,19.246,83.657
65822215675,0.14675253,-0.72843715,-0.66275494,0.09273026,174.476,19.246,83.657
65842215775,0.14624792,-0.72833784,-0.66291303,0.09317646,174.560,19.246,83.692
65862215875,0.14550506,-0.72841961,-0.66299509,0.09311633,174.623,19.183,83.707
65882215975,0.14550506,-0.72841961,-0.66299509,0.09311633,174.623,19.183,83.707
65902216075,0.14550506,-0.72841961,-0.66299509,0.09311633,174.623,19.183,83.707
65922216175,0.14500399,-0.72831878,-0.66315223,0.09356663,174.707,19.185,83.742
65942216275,0.14426014,-0.72839991,-0.66323401,0.09350532,174.770,19.122,83.756
65962216350,0.14426014,-0.72839991,-0.66323401,0.09350532,174.770,19.122,83.756
65982216475,0.14426014,-0.72839991,-0.66323401,0.09350532,174.770,19.122,83.756
66002216575,0.14376387,-0.72829834,-0.66338939,0.09395745,174.854,19.123,83.792
66022216675,0.14301872,-0.72837864,-0.66347105,0.09389550,174.916,19.060,83.806
66042216750,0.14301872,-0.72837864,-0.66347105,0.09389550,174.916,19.060,83.806
66062216875,0.14301872,-0.72837864,-0.66347105,0.09389550,174.916,19.060,83.806
66082216975,0.14252469,-0.72827594,-0.66362538,0.09435157,175.001,19.062,83.841
66102217075,0.14177886,-0.72835551,-0.66370678,0.09428846,175.063,18.999,83.855
66122217175,0.14177886,-0.72835551,-0.66370678,0.09428846,175.063,18.999,83.855
66142217275,0.14177886,-0.72835551,-0.66370678,0.09428846,175.063,18.999,83.855
66162217375,0.14129092,-0.72825230,-0.66385901,0.09474534,175.147,19.001,83.891
66182217475,0.14054349,-0.72833100,-0.66394038,0.09468183,175.209,18.938,83.905
66202217575,0.14054349,-0.72833100,-0.66394038,0.09468183,175.209,18.938,83.905
66222217550,0.14054349,-0.72833100,-0.66394038,0.09468183,175.209,18.938,83.905
66342220800,0.14006827,-0.72822710,-0.66408971,0.09513687,175.291,18.941,83.939
66362220025,0.13931024,-0.72830522,-0.66417250,0.09507395,175.355,18.877,83.953
66382219525,0.13931024,-0.72830522,-0.66417250,0.09507395,175.355,18.877,83.953
66402219100,0.13931024,-0.72830522,-0.66417250,0.09507395,175.355,18.877,83.953
66452218825,0.13883593,-0.72820062,-0.66432067,0.09553265,175.437,18.881,83.988
66472218925,0.13807728,-0.72827968,-0.66440126,0.09546901,175.500,18.816,84.002
66492219025,0.13807728,-0.72827968,-0.66440126,0.09546901,175.500,18.816,84.002
66512219125,0.13807728,-0.72827968,-0.66440126,0.09546901,175.500,18.816,84.002
66532219225,0.13760294,-0.72817326,-0.66454926,0.09593445,175.583,18.820,84.036
66552219325,0.13686565,-0.72825637,-0.66461987,0.09586907,175.644,18.757,84.049
66572219425,0.13686565,-0.72825637,-0.66461987,0.09586907,175.644,18.757,84.049
66592219525,0.13686565,-0.72825637,-0.66461987,0.09586907,175.644,18.757,84.049
66612219625,0.13639853,-0.72814984,-0.66476539,0.09633394,175.726,18.762,84.083
66632219725,0.13565938,-0.72823204,-0.66483608,0.09626849,175.788,18.699,84.095
66652219825,0.13565938,-0.72823204,-0.66483608,0.09626849,175.788,18.699,84.095
66672219925,0.13565938,-0.72823204,-0.66483608,0.09626849,175.788,18.699,84.095
66692220025,0.13519504,-0.72812560,-0.66497960,0.09673442,175.869,18.704,84.129
66712220100,0.13449755,-0.72821979,-0.66502735,0.09666938,175.926,18.644,84.137
66732220200,0.13449755,-0.72821979,-0.66502735,0.09666938,175.926,18.644,84.137
66752220325,0.13449755,-0.72821979,-0.66502735,0.09666938,175.926,18.644,84.137
66772220425,0.13403907,-0.72811228,-0.66516940,0.09713754,176.008,18.649,84.171
66792220500,0.13334006,-0.72820584,-0.66521708,0.09707177,176.065,18.589,84.179
66812220625,0.13334006,-0.72820584,-0.66521708,0.09707177,176.065,18.589,84.179
66832220725,0.13334006,-0.72820584,-0.66521708,0.09707177,176.065,18.589,84.179
66852220825,0.13288783,-0.72809903,-0.66535629,0.09753785,176.145,18.595,84.213
66872220925,0.13217977,-0.72819176,-0.66540540,0.09747272,176.203,18.534,84.221
66892221025,0.13217977,-0.72819176,-0.66540540,0.09747272,176.203,18.534,84.221
66912221125,0.13217977,-0.72819176,-0.66540540,0.09747272,176.203,18.534,84.221
66932221225,0.13173120,-0.72808370,-0.66554359,0.09794259,176.284,18.540,84.254
66952221325,0.13101471,-0.72817600,-0.66559374,0.09787668,176.342,18.478,84.263
66972221425,0.13101471,-0.72817600,-0.66559374,0.09787668,176.342,18.478,84.263
66992221525,0.13101471,-0.72817600,-0.66559374,0.09787668,176.342,18.478,84.263
67012221625,0.13057063,-0.72806734,-0.66573031,0.09834840,176.422,18.485,84.296
67032221725,0.12985294,-0.72815888,-0.66578039,0.09828185,176.481,18.423,84.305
67082221975,0.12985294,-0.72815888,-0.66578039,0.09828185,176.481,18.423,84.305
67102222075,0.12985294,-0.72815888,-0.66578039,0.09828185,176.481,18.423,84.305
67122222175,0.12941229,-0.72804844,-0.66591637,0.09875886,176.561,18.431,84.338
67142222275,0.12867985,-0.72813270,-0.66597637,0.09869012,176.621,18.368,84.348
67162222375,0.12867985,-0.72813270,-0.66597637,0.09869012,176.621,18.368,84.348
67182222475,0.12867985,-0.72813270,-0.66597637,0.09869012,176.621,18.368,84.348
67202222575,0.12824424,-0.72802231,-0.66611019,0.09916729,176.701,18.375,84.381
67222222675,0.12751047,-0.72810565,-0.66617022,0.09909832,176.760,18.312,84.391
67242222775,0.12751047,-0.72810565,-0.66617022,0.09909832,176.760,18.312,84.391
67262222875,0.12751047,-0.72810565,-0.66617022,0.09909832,176.760,18.312,84.391
67282222975,0.12708001,-0.72799594,-0.66630143,0.09957404,176.840,18.320,84.423
67302223075,0.12634382,-0.72808532,-0.66635385,0.09950656,176.899,18.257,84.432
67322223175,0.12634382,-0.72808532,-0.66635385,0.09950656,176.899,18.257,84.432
67342223275,0.12634382,-0.72808532,-0.66635385,0.09950656,176.899,18.257,84.432
67362223375,0.12591769,-0.72797442,-0.66648392,0.09998579,176.979,18.265,84.464
67382223475,0.12518035,-0.72806315,-0.66653617,0.09991727,177.038,18.202,84.473
67402223575,0.12518035,-0.72806315,-0.66653617,0.09991727,177.038,18.202,84.473
67422223675,0.12518035,-0.72806315,-0.66653617,0.09991727,177.038,18.202,84.473
67442223775,0.12475834,-0.72794897,-0.66666664,0.10040536,177.118,18.211,84.506
67462223875,0.12402786,-0.72803382,-0.66672110,0.10033353,177.177,18.148,84.515
67482223975,0.12402786,-0.72803382,-0.66672110,0.10033353,177.177,18.148,84.515
67502224075,0.12402786,-0.72803382,-0.66672110,0.10033353,177.177,18.148,84.515
67522224175,0.12361067,-0.72792046,-0.66684895,0.10082002,177.256,18.158,84.547
67542224250,0.12288688,-0.72800057,-0.66690626,0.10074739,177.314,18.095,84.557
67562224350,0.12288688,-0.72800057,-0.66690626,0.10074739,177.314,18.095,84.557
67582224450,0.12288688,-0.72800057,-0.66690626,0.10074739,177.314,18.095,84.557
67602224575,0.12247425,-0.72788668,-0.66703250,0.10123575,177.393,18.105,84.589
67622224650,0.12174927,-0.72796601,-0.66708976,0.10116248,177.451,18.042,84.598
67642224775,0.12174927,-0.72796601,-0.66708976,0.10116248,177.451,18.042,84.598
67662224850,0.12174927,-0.72796601,-0.66708976,0.10116248,177.451,18.042,84.598
67702225075,0.12134488,-0.72785315,-0.66721294,0.10164700,177.528,18.053,84.629
67722225175,0.12060295,-0.72793159,-0.66727283,0.10157510,177.588,17.989,84.639
67742225275,0.12060295,-0.72793159,-0.66727283,0.10157510,177.588,17.989,84.639
67762225375,0.12060295,-0.72793159,-0.66727283,0.10157510,177.588,17.989,84.639
67782225475,0.12020114,-0.72781748,-0.66739514,0.10206432,177.666,18.000,84.671
67802225575,0.11945848,-0.72789528,-0.66745483,0.10199110,177.726,17.935,84.681
67822225675,0.11945848,-0.72789528,-0.66745483,0.10199110,177.726,17.935,84.681
67842225775,0.11945848,-0.72789528,-0.66745483,0.10199110,177.726,17.935,84.681
67862225875,0.11905880,-0.72778033,-0.66757604,0.10248429,177.803,17.947,84.712
67882225975,0.11831634,-0.72785207,-0.66764137,0.10240897,177.863,17.882,84.723
67902226075,0.11831634,-0.72785207,-0.66764137,0.10240897,177.863,17.882,84.723
67922226175,0.11831634,-0.72785207,-0.66764137,0.10240897,177.863,17.882,84.723
67942226275,0.11792232,-0.72773682,-0.66776074,0.10290301,177.940,17.894,84.754
67962226375,0.11717867,-0.72780595,-0.66782802,0.10282698,178.000,17.830,84.765
67982226475,0.11717867,-0.72780595,-0.66782802,0.10282698,178.000,17.830,84.765
68002226575,0.11717867,-0.72780595,-0.66782802,0.10282698,178.000,17.830,84.765
68022226650,0.11678916,-0.72769023,-0.66794580,0.10332289,178.077,17.842,84.796
68042226775,0.11604062,-0.72775859,-0.66801362,0.10324637,178.137,17.777,84.807
68062241550,0.11604062,-0.72775859,-0.66801362,0.10324637,178.137,17.777,84.807
68082225675,0.11604062,-0.72775859,-0.66801362,0.10324637,178.137,17.777,84.807
68102227075,0.11565651,-0.72764318,-0.66812920,0.10374172,178.213,17.790,84.837
68122227175,0.11489542,-0.72771066,-0.66819883,0.10366562,178.274,17.723,84.849
68142227275,0.11489542,-0.72771066,-0.66819883,0.10366562,178.274,17.723,84.849
68162227375,0.11489542,-0.72771066,-0.66819883,0.10366562,178.274,17.723,84.849
68182227475,0.11451530,-0.72759444,-0.66831312,0.10416406,178.351,17.737,84.879
68202227575,0.11375315,-0.72766116,-0.66838263,0.10408702,178.412,17.670,84.890
68222227675,0.11375315,-0.72766116,-0.66838263,0.10408702,178.412,17.670,84.890
68242227775,0.11375315,-0.72766116,-0.66838263,0.10408702,178.412,17.670,84.890
68262227875,0.11337608,-0.72754418,-0.66849568,0.10458897,178.488,17.684,84.921
68282227975,0.11260194,-0.72761021,-0.66856680,0.10451137,178.550,17.617,84.932
68332228225,0.11260194,-0.72761021,-0.66856680,0.10451137,178.550,17.617,84.932
68352228325,0.11260194,-0.72761021,-0.66856680,0.10451137,178.550,17.617,84.932
68372228425,0.11223005,-0.72749299,-0.66867806,0.10501442,178.626,17.631,84.962
68392228525,0.11145086,-0.72755813,-0.66874973,0.10493651,178.688,17.563,84.974
68412228625,0.11145086,-0.72755813,-0.66874973,0.10493651,178.688,17.563,84.974
68432228725,0.11145086,-0.72755813,-0.66874973,0.10493651,178.688,17.563,84.974
68452228825,0.11108863,-0.72744078,-0.66885875,0.10543809,178.763,17.578,85.004
68472228925,0.11030759,-0.72750145,-0.66893438,0.10535974,178.826,17.510,85.016
68492229025,0.11030759,-0.72750145,-0.66893438,0.10535974,178.826,17.510,85.016
68512229100,0.11030759,-0.72750145,-0.66893438,0.10535974,178.826,17.510,85.016
68532229225,0.10994740,-0.72738355,-0.66904212,0.10586488,178.901,17.525,85.046
68552229325,0.10916634,-0.72743983,-0.66912149,0.10578489,178.963,17.457,85.058
68572229425,0.10916634,-0.72743983,-0.66912149,0.10578489,178.963,17.457,85.058
68592229525,0.10916634,-0.72743983,-0.66912149,0.10578489,178.963,17.457,85.058
68612229600,0.10881063,-0.72732154,-0.66922765,0.10629193,179.038,17.473,85.088
68632229725,0.10802841,-0.72737696,-0.66930695,0.10621129,179.101,17.405,85.101
68652229825,0.10802841,-0.72737696,-0.66930695,0.10621129,179.101,17.405,85.101
68672229925,0.10802841,-0.72737696,-0.66930695,0.10621129,179.101,17.405,85.101
68692230025,0.10767497,-0.72725682,-0.66941265,0.10672544,179.176,17.421,85.131
68712230125,0.10687837,-0.72730455,-0.66950168,0.10664237,179.239,17.352,85.145
68732230200,0.10687837,-0.72730455,-0.66950168,0.10664237,179.239,17.352,85.145
68752230325,0.10687837,-0.72730455,-0.66950168,0.10664237,179.239,17.352,85.145
68772230425,0.10653047,-0.72718481,-0.66960521,0.10715584,179.314,17.368,85.174
68792230525,0.10573245,-0.72723148,-0.66969429,0.10707274,179.378,17.299,85.188
68812230625,0.10573245,-0.72723148,-0.66969429,0.10707274,179.378,17.299,85.188
68832230725,0.10573245,-0.72723148,-0.66969429,0.10707274,179.378,17.299,85.188
68852230825,0.10538193,-0.72711347,-0.66979542,0.10758603,179.452,17.315,85.217
68872230925,0.10457701,-0.72715878,-0.66988570,0.10750308,179.517,17.245,85.232
68892231025,0.10457701,-0.72715878,-0.66988570,0.10750308,179.517,17.245,85.232
68912230600,0.10457701,-0.72715878,-0.66988570,0.10750308,179.517,17.245,85.232
69022234100,0.10423450,-0.72703941,-0.66998559,0.10801932,179.591,17.262,85.261
69042233450,0.10342386,-0.72708402,-0.67007630,0.10793561,179.655,17.191,85.275
69062232875,0.10342386,-0.72708402,-0.67007630,0.10793561,179.655,17.191,85.275
69082232425,0.10342386,-0.72708402,-0.67007630,0.10793561,179.655,17.191,85.275
69102230775,0.10308661,-0.72696542,-0.67017384,0.10845027,179.729,17.209,85.304
69122232175,0.10228579,-0.72700892,-0.67026293,0.10836629,179.793,17.139,85.318
69142232275,0.10228579,-0.72700892,-0.67026293,0.10836629,179.793,17.139,85.318
69162232375,0.10228579,-0.72700892,-0.67026293,0.10836629,179.793,17.139,85.318
69182232475,0.10195284,-0.72688942,-0.67035925,0.10888459,179.866,17.157,85.346
69202232575,0.10115092,-0.72693215,-0.67044821,0.10879954,179.930,17.086,85.360
69222232650,0.10115092,-0.72693215,-0.67044821,0.10879954,179.930,17.086,85.360
69242232775,0.10115092,-0.72693215,-0.67044821,0.10879954,179.930,17.086,85.360
69262232875,0.10082382,-0.72681210,-0.67054301,0.10931973,-179.997,17.105,85.389
69282232975,0.10005501,-0.72687029,-0.67060890,0.10923495,-179.937,17.037,85.399
69302233075,0.10005501,-0.72687029,-0.67060890,0.10923495,-179.937,17.037,85.399
69322233175,0.10005501,-0.72687029,-0.67060890,0.10923495,-179.937,17.037,85.399
69342233275,0.09973193,-0.72674999,-0.67070216,0.10975705,-179.864,17.056,85.427
69362233375,0.09899843,-0.72681298,-0.67075665,0.10967094,-179.807,16.991,85.435
69382233475,0.09899843,-0.72681298,-0.67075665,0.10967094,-179.807,16.991,85.435
69402233575,0.09899843,-0.72681298,-0.67075665,0.10967094,-179.807,16.991,85.435
69422233675,0.09867985,-0.72669231,-0.67084845,0.11019493,-179.735,17.011,85.463
69442233775,0.09794520,-0.72675455,-0.67090294,0.11010819,-179.678,16.946,85.471
69462233875,0.09794520,-0.72675455,-0.67090294,0.11010819,-179.678,16.946,85.471
69482233975,0.09794520,-0.72675455,-0.67090294,0.11010819,-179.678,16.946,85.471
69502234075,0.09762959,-0.72663237,-0.67099406,0.11063828,-179.605,16.966,85.500
69522234175,0.09687926,-0.72669394,-0.67105060,0.11055049,-179.547,16.900,85.508
69542234275,0.09687926,-0.72669394,-0.67105060,0.11055049,-179.547,16.900,85.508
69592234525,0.09687926,-0.72669394,-0.67105060,0.11055049,-179.547,16.900,85.508
69612234625,0.09656838,-0.72657210,-0.67113983,0.11108041,-179.475,16.920,85.536
69632234700,0.09581685,-0.72663274,-0.67119645,0.11099247,-179.416,16.853,85.544
69652234825,0.09581685,-0.72663274,-0.67119645,0.11099247,-179.416,16.853,85.544
69672234925,0.09581685,-0.72663274,-0.67119645,0.11099247,-179.416,16.853,85.544
69692235025,0.09551166,-0.72651109,-0.67128383,0.11152209,-179.345,16.874,85.572
69712235125,0.09475869,-0.72657082,-0.67134051,0.11143404,-179.286,16.808,85.580
69732235225,0.09475869,-0.72657082,-0.67134051,0.11143404,-179.286,16.808,85.580
69752235325,0.09475869,-0.72657082,-0.67134051,0.11143404,-179.286,16.808,85.580
69772235425,0.09445704,-0.72644866,-0.67142660,0.11196668,-179.215,16.829,85.608
69792235500,0.09370314,-0.72650764,-0.67148324,0.11187772,-179.156,16.762,85.616
69812235625,0.09370314,-0.72650764,-0.67148324,0.11187772,-179.156,16.762,85.616
69832235725,0.09370314,-0.72650764,-0.67148324,0.11187772,-179.156,16.762,85.616
69852235825,0.09341223,-0.72638245,-0.67156912,0.11241709,-179.085,16.785,85.644
69872235925,0.09265511,-0.72644481,-0.67162166,0.11232684,-179.027,16.718,85.652
69892236000,0.09265511,-0.72644481,-0.67162166,0.11232684,-179.027,16.718,85.652
69912236125,0.09265511,-0.72644481,-0.67162166,0.11232684,-179.027,16.718,85.652
69932236200,0.09236522,-0.72632072,-0.67170544,0.11286575,-178.956,16.741,85.679
69952236325,0.09160718,-0.72638555,-0.67175423,0.11277592,-178.898,16.673,85.686
69972236425,0.09160718,-0.72638555,-0.67175423,0.11277592,-178.898,16.673,85.686
69992236525,0.09160718,-0.72638555,-0.67175423,0.11277592,-178.898,16.673,85.686
70012236625,0.09132144,-0.72626123,-0.67183654,0.11331675,-178.827,16.696,85.714
70032236725,0.09056233,-0.72632526,-0.67188533,0.11322628,-178.768,16.629,85.721
70052236825,0.09056233,-0.72632526,-0.67188533,0.11322628,-178.768,16.629,85.721
70072236925,0.09056233,-0.72632526,-0.67188533,0.11322628,-178.768,16.629,85.721
70092237025,0.09027690,-0.72620252,-0.67196532,0.11376553,-178.698,16.652,85.748
70112237125,0.08948905,-0.72625767,-0.67202634,0.11367544,-178.637,16.582,85.757
70132237225,0.08948905,-0.72625767,-0.67202634,0.11367544,-178.637,16.582,85.757
70152237325,0.08948905,-0.72625767,-0.67202634,0.11367544,-178.637,16.582,85.757
70172237425,0.08920956,-0.72613386,-0.67210523,0.11421838,-178.566,16.606,85.784
70222237650,0.08842023,-0.72618834,-0.67216615,0.11412722,-178.505,16.536,85.792
70242237775,0.08842023,-0.72618834,-0.67216615,0.11412722,-178.505,16.536,85.792
70262237875,0.08842023,-0.72618834,-0.67216615,0.11412722,-178.505,16.536,85.792
70282237975,0.08814814,-0.72606285,-0.67224423,0.11467493,-178.435,16.561,85.819
70302238075,0.08737932,-0.72611722,-0.67230179,0.11458157,-178.376,16.493,85.828
70322238175,0.08737932,-0.72611722,-0.67230179,0.11458157,-178.376,16.493,85.828
70342238275,0.08737932,-0.72611722,-0.67230179,0.11458157,-178.376,16.493,85.828
70362238375,0.08711008,-0.72599221,-0.67237807,0.11512983,-178.306,16.518,85.855
70382238475,0.08634796,-0.72604576,-0.67243462,0.11503588,-178.248,16.449,85.863
70402238575,0.08634796,-0.72604576,-0.67243462,0.11503588,-178.248,16.449,85.863
70422238650,0.08634796,-0.72604576,-0.67243462,0.11503588,-178.248,16.449,85.863
70442238775,0.08608289,-0.72592054,-0.67250946,0.11558607,-178.178,16.475,85.889
70462238875,0.08531257,-0.72597133,-0.67256903,0.11549152,-178.119,16.406,85.898
70482238975,0.08531257,-0.72597133,-0.67256903,0.11549152,-178.119,16.406,85.898
70502239075,0.08531257,-0.72597133,-0.67256903,0.11549152,-178.119,16.406,85.898
70522239175,0.08504911,-0.72584707,-0.67264187,0.11604138,-178.050,16.432,85.924
70542239275,0.08425692,-0.72589091,-0.67271054,0.11594690,-177.989,16.361,85.934
70562239375,0.08425692,-0.72589091,-0.67271054,0.11594690,-177.989,16.361,85.934
70582239475,0.08425692,-0.72589091,-0.67271054,0.11594690,-177.989,16.361,85.934
70602239575,0.08399870,-0.72576594,-0.67278214,0.11649984,-177.919,16.387,85.960
70622239675,0.08320520,-0.72580903,-0.67285077,0.11640444,-177.858,16.317,85.970
70642239775,0.08320520,-0.72580903,-0.67285077,0.11640444,-177.858,16.317,85.970
70662239875,0.08320520,-0.72580903,-0.67285077,0.11640444,-177.858,16.317,85.970
70682239975,0.08294971,-0.72568382,-0.67292095,0.11696040,-177.789,16.343,85.997
70702240075,0.08215550,-0.72572606,-0.67298956,0.11686410,-177.728,16.272,86.006
70722240175,0.08215550,-0.72572606,-0.67298956,0.11686410,-177.728,16.272,86.006
70742240250,0.08215550,-0.72572606,-0.67298956,0.11686410,-177.728,16.272,86.006
70762240350,0.08190494,-0.72560072,-0.67305823,0.11742148,-177.659,16.299,86.033
70782240475,0.08110950,-0.72564208,-0.67312684,0.11732465,-177.598,16.228,86.042
70802240575,0.08110950,-0.72564208,-0.67312684,0.11732465,-177.598,16.228,86.042
70822240675,0.08110950,-0.72564208,-0.67312684,0.11732465,-177.598,16.228,86.042
70862240875,0.08086315,-0.72551659,-0.67319403,0.11788400,-177.529,16.256,86.068
70882240975,0.08006292,-0.72555698,-0.67326317,0.11778665,-177.468,16.184,86.078
70902241075,0.08006292,-0.72555698,-0.67326317,0.11778665,-177.468,16.184,86.078
70922241175,0.08006292,-0.72555698,-0.67326317,0.11778665,-177.468,16.184,86.078
70942241275,0.07982366,-0.72543131,-0.67332884,0.11834637,-177.400,16.212,86.104
70962241350,0.07901051,-0.72547053,-0.67339957,0.11824916,-177.338,16.140,86.114
70982241475,0.07901051,-0.72547053,-0.67339957,0.11824916,-177.338,16.140,86.114
71002241575,0.07901051,-0.72547053,-0.67339957,0.11824916,-177.338,16.140,86.114
71022241675,0.07877396,-0.72534475,-0.67346377,0.11881163,-177.269,16.168,86.140
71042241750,0.07796011,-0.72538307,-0.67353449,0.11871358,-177.207,16.096,86.150
71062241875,0.07796011,-0.72538307,-0.67353449,0.11871358,-177.207,16.096,86.150
71082241975,0.07796011,-0.72538307,-0.67353449,0.11871358,-177.207,16.096,86.150
71102242075,0.07772463,-0.72525776,-0.67359695,0.11927786,-177.139,16.124,86.175
71122242125,0.07691174,-0.72528788,-0.67367544,0.11917835,-177.077,16.052,86.187
71142242275,0.07691174,-0.72528788,-0.67367544,0.11917835,-177.077,16.052,86.187
71162242375,0.07691174,-0.72528788,-0.67367544,0.11917835,-177.077,16.052,86.187
71182242475,0.07668199,-0.72516217,-0.67373653,0.11974468,-177.009,16.081,86.212
71202242575,0.07586769,-0.72519145,-0.67381500,0.11964450,-176.947,16.008,86.223
71222242675,0.07586769,-0.72519145,-0.67381500,0.11964450,-176.947,16.008,86.223
71242242750,0.07586769,-0.72519145,-0.67381500,0.11964450,-176.947,16.008,86.223
71262242875,0.07564496,-0.72506387,-0.67387540,0.12021717,-176.879,16.038,86.249
71282244700,0.07482149,-0.72509239,-0.67395476,0.12011556,-176.816,15.965,86.260
71302243075,0.07482149,-0.72509239,-0.67395476,0.12011556,-176.816,15.965,86.260
71322243175,0.07482149,-0.72509239,-0.67395476,0.12011556,-176.816,15.965,86.260
71342243275,0.07460153,-0.72496559,-0.67401328,0.12068805,-176.748,15.995,86.285
71362243375,0.07376990,-0.72499276,-0.67409375,0.12058656,-176.685,15.921,86.297
71382243475,0.07376990,-0.72499276,-0.67409375,0.12058656,-176.685,15.921,86.297
71402243575,0.07376990,-0.72499276,-0.67409375,0.12058656,-176.685,15.921,86.297
71422243675,0.07355408,-0.72486589,-0.67415075,0.12116103,-176.618,15.952,86.322
71442243775,0.07272142,-0.72489213,-0.67423122,0.12105888,-176.554,15.877,86.333
71492244025,0.07272142,-0.72489213,-0.67423122,0.12105888,-176.554,15.877,86.333
71512244125,0.07272142,-0.72489213,-0.67423122,0.12105888,-176.554,15.877,86.333
71532244225,0.07250772,-0.72476623,-0.67428627,0.12163292,-176.487,15.908,86.358
71552244325,0.07169070,-0.72478466,-0.67437248,0.12152938,-176.425,15.834,86.370
71572244100,0.07169070,-0.72478466,-0.67437248,0.12152938,-176.425,15.834,86.370
71682247550,0.07169070,-0.72478466,-0.67437248,0.12152938,-176.425,15.834,86.370
71702246800,0.07148244,-0.72465811,-0.67442631,0.12210665,-176.358,15.866,86.395
71722246325,0.07065664,-0.72467549,-0.67451351,0.12200242,-176.295,15.792,86.408
71742245800,0.07065664,-0.72467549,-0.67451351,0.12200242,-176.295,15.792,86.408
71762245375,0.07065664,-0.72467549,-0.67451351,0.12200242,-176.295,15.792,86.408
71782245475,0.07045240,-0.72454891,-0.67456584,0.12258165,-176.228,15.824,86.432
71802245575,0.06961816,-0.72456508,-0.67465408,0.12247703,-176.165,15.749,86.445
71822245675,0.06961816,-0.72456508,-0.67465408,0.12247703,-176.165,15.749,86.445
71842245775,0.06961816,-0.72456508,-0.67465408,0.12247703,-176.165,15.749,86.445
71862245875,0.06941909,-0.72444023,-0.67470419,0.12305117,-176.099,15.781,86.469
71882245975,0.06860463,-0.72446315,-0.67478178,0.12294753,-176.038,15.708,86.480
71902246075,0.06860463,-0.72446315,-0.67478178,0.12294753,-176.038,15.708,86.480
71922246175,0.06860463,-0.72446315,-0.67478178,0.12294753,-176.038,15.708,86.480
71942246275,0.06840929,-0.72433733,-0.67483082,0.12352715,-175.972,15.740,86.504
71962246375,0.06761494,-0.72436764,-0.67489759,0.12342196,-175.912,15.669,86.513
71982246450,0.06761494,-0.72436764,-0.67489759,0.12342196,-175.912,15.669,86.513
72002246575,0.06761494,-0.72436764,-0.67489759,0.12342196,-175.912,15.669,86.513
72022246675,0.06742375,-0.72424173,-0.67494524,0.12400356,-175.846,15.702,86.537
72042246775,0.06662838,-0.72427119,-0.67501204,0.12389773,-175.787,15.630,86.546
72062261550,0.06662838,-0.72427119,-0.67501204,0.12389773,-175.787,15.630,86.546
72082245675,0.06662838,-0.72427119,-0.67501204,0.12389773,-175.787,15.630,86.546
72112247100,0.06643841,-0.72414486,-0.67505837,0.12448434,-175.721,15.664,86.570
72132247225,0.06565629,-0.72418138,-0.67511545,0.12437731,-175.663,15.593,86.578
72152247325,0.06565629,-0.72418138,-0.67511545,0.12437731,-175.663,15.593,86.578
72172247425,0.06565629,-0.72418138,-0.67511545,0.12437731,-175.663,15.593,86.578
72192247525,0.06547168,-0.72405516,-0.67516034,0.12496440,-175.597,15.627,86.602
72212247625,0.06468825,-0.72409080,-0.67521748,0.12485709,-175.539,15.556,86.609
72232247725,0.06468825,-0.72409080,-0.67521748,0.12485709,-175.539,15.556,86.609
72252247825,0.06468825,-0.72409080,-0.67521748,0.12485709,-175.539,15.556,86.609
72272247925,0.06450553,-0.72396379,-0.67526122,0.12545021,-175.473,15.590,86.633
72292248025,0.06373552,-0.72400482,-0.67531057,0.12534129,-175.416,15.520,86.639
72312248125,0.06373552,-0.72400482,-0.67531057,0.12534129,-175.416,15.520,86.639
72332248225,0.06373552,-0.72400482,-0.67531057,0.12534129,-175.416,15.520,86.639
72352248325,0.06355774,-0.72387811,-0.67535281,0.12593439,-175.351,15.555,86.663
72372248425,0.06280108,-0.72392073,-0.67539831,0.12582496,-175.296,15.486,86.668
72392248525,0.06280108,-0.72392073,-0.67539831,0.12582496,-175.296,15.486,86.668
72412248625,0.06280108,-0.72392073,-0.67539831,0.12582496,-175.296,15.486,86.668
72432248725,0.06262721,-0.72379395,-0.67543921,0.12642004,-175.230,15.522,86.692
72452248800,0.06186958,-0.72383579,-0.67548478,0.12630998,-175.175,15.452,86.697
72472248925,0.06186958,-0.72383579,-0.67548478,0.12630998,-175.175,15.452,86.697
72492249025,0.06186958,-0.72383579,-0.67548478,0.12630998,-175.175,15.452,86.697
72512249125,0.06170527,-0.72370767,-0.67552495,0.12690827,-175.110,15.489,86.721
72532249225,0.06091686,-0.72374041,-0.67558220,0.12679765,-175.052,15.417,86.728
72552249325,0.06091686,-0.72374041,-0.67558220,0.12679765,-175.052,15.417,86.728
72572249425,0.06091686,-0.72374041,-0.67558220,0.12679765,-175.052,15.417,86.728
72592249525,0.06075332,-0.72361294,-0.67562066,0.12739733,-174.987,15.454,86.752
72612249600,0.05996470,-0.72364470,-0.67567803,0.12728620,-174.929,15.382,86.759
72632249725,0.05996470,-0.72364470,-0.67567803,0.12728620,-174.929,15.382,86.759
72652249825,0.05996470,-0.72364470,-0.67567803,0.12728620,-174.929,15.382,86.759
72672249925,0.05980211,-0.72351851,-0.67571457,0.12788473,-174.864,15.419,86.782
72692250025,0.05901323,-0.72354917,-0.67577210,0.12777370,-174.806,15.347,86.789
72742250275,0.05901323,-0.72354917,-0.67577210,0.12777370,-174.806,15.347,86.789
72762250375,0.05901323,-0.72354917,-0.67577210,0.12777370,-174.806,15.347,86.789
72782250475,0.05885584,-0.72342232,-0.67580751,0.12837580,-174.742,15.384,86.813
72802250575,0.05806569,-0.72345229,-0.67586506,0.12826376,-174.684,15.312,86.820
72822250675,0.05806569,-0.72345229,-0.67586506,0.12826376,-174.684,15.312,86.820
72842250775,0.05806569,-0.72345229,-0.67586506,0.12826376,-174.684,15.312,86.820
72862250875,0.05791086,-0.72332456,-0.67589931,0.12887218,-174.619,15.350,86.843
72882250950,0.05711262,-0.72335349,-0.67595789,0.12875871,-174.560,15.277,86.850
72902251075,0.05711262,-0.72335349,-0.67595789,0.12875871,-174.560,15.277,86.850
72922251175,0.05711262,-0.72335349,-0.67595789,0.12875871,-174.560,15.277,86.850
72942251275,0.05696218,-0.72322622,-0.67599062,0.12936701,-174.496,15.316,86.874
72962251375,0.05615541,-0.72325382,-0.67605027,0.12925365,-174.437,15.242,86.881
72982251475,0.05615541,-0.72325382,-0.67605027,0.12925365,-174.437,15.242,86.881
73002251575,0.05615541,-0.72325382,-0.67605027,0.12925365,-174.437,15.242,86.881
73022251675,0.05600878,-0.72312657,-0.67608159,0.12986397,-174.372,15.281,86.904
73042251775,0.05520108,-0.72315331,-0.67614132,0.12974996,-174.313,15.207,86.911
73062251875,0.05520108,-0.72315331,-0.67614132,0.12974996,-174.313,15.207,86.911
73082251975,0.05520108,-0.72315331,-0.67614132,0.12974996,-174.313,15.207,86.911
73102252075,0.05506179,-0.72302630,-0.67617134,0.13035910,-174.250,15.246,86.934
73122252175,0.05425230,-0.72305213,-0.67623110,0.13024519,-174.190,15.172,86.942
73142252275,0.05425230,-0.72305213,-0.67623110,0.13024519,-174.190,15.172,86.942
73162252375,0.05425230,-0.72305213,-0.67623110,0.13024519,-174.190,15.172,86.942
73182252475,0.05411514,-0.72292503,-0.67625968,0.13085795,-174.127,15.212,86.965
73202252550,0.05330513,-0.72295002,-0.67631952,0.13074301,-174.067,15.138,86.972
73222252675,0.05330513,-0.72295002,-0.67631952,0.13074301,-174.067,15.138,86.972
73242252775,0.05330513,-0.72295002,-0.67631952,0.13074301,-174.067,15.138,86.972
73262252875,0.05317060,-0.72282280,-0.67634668,0.13135922,-174.004,15.178,86.995
73282252975,0.05235318,-0.72284294,-0.67641144,0.13124325,-173.944,15.103,87.003
73302253075,0.05235318,-0.72284294,-0.67641144,0.13124325,-173.944,15.103,87.003
73322253175,0.05235318,-0.72284294,-0.67641144,0.13124325,-173.944,15.103,87.003
73372253425,0.05222299,-0.72271586,-0.67643719,0.13186079,-173.880,15.144,87.025
73392253525,0.05139777,-0.72273107,-0.67650684,0.13174429,-173.820,15.068,87.034
73412253625,0.05139777,-0.72273107,-0.67650684,0.13174429,-173.820,15.068,87.034
73432253725,0.05139777,-0.72273107,-0.67650684,0.13174429,-173.820,15.068,87.034
73452253825,0.05127136,-0.72260406,-0.67653118,0.13236386,-173.756,15.110,87.057
73472253925,0.05044522,-0.72261837,-0.67660089,0.13224671,-173.696,15.034,87.065
73492254025,0.05044522,-0.72261837,-0.67660089,0.13224671,-173.696,15.034,87.065
73512254125,0.05044522,-0.72261837,-0.67660089,0.13224671,-173.696,15.034,87.065
73532254225,0.05032085,-0.72249289,-0.67662335,0.13286334,-173.633,15.075,87.088
73552254325,0.04949421,-0.72250601,-0.67669321,0.13274672,-173.572,14.999,87.096
73572254425,0.04949421,-0.72250601,-0.67669321,0.13274672,-173.572,14.999,87.096
73592254525,0.04949421,-0.72250601,-0.67669321,0.13274672,-173.572,14.999,87.096
73612254625,0.04937453,-0.72237987,-0.67671449,0.13336785,-173.509,15.041,87.119
73632254725,0.04854676,-0.72239224,-0.67678438,0.13324999,-173.449,14.965,87.127
73652254825,0.04854676,-0.72239224,-0.67678438,0.13324999,-173.449,14.965,87.127
73672254925,0.04854676,-0.72239224,-0.67678438,0.13324999,-173.449,14.965,87.127
73692255000,0.04843287,-0.72226518,-0.67680461,0.13387606,-173.386,15.008,87.150
73712255125,0.04759252,-0.72227618,-0.67687597,0.13375720,-173.324,14.931,87.159
73732255225,0.04759252,-0.72227618,-0.67687597,0.13375720,-173.324,14.931,87.159
73752255325,0.04759252,-0.72227618,-0.67687597,0.13375720,-173.324,14.931,87.159
73772255425,0.04748143,-0.72214971,-0.67689459,0.13438388,-173.262,14.973,87.181
73792255525,0.04663668,-0.72215946,-0.67696653,0.13426483,-173.200,14.896,87.190
73812255625,0.04663668,-0.72215946,-0.67696653,0.13426483,-173.200,14.896,87.190
73832255725,0.04663668,-0.72215946,-0.67696653,0.13426483,-173.200,14.896,87.190
73852255825,0.04652939,-0.72203309,-0.67698372,0.13489355,-173.137,14.939,87.212
73872255900,0.04568781,-0.72204036,-0.67705718,0.13477359,-173.076,14.862,87.221
73892256025,0.04568781,-0.72204036,-0.67705718,0.13477359,-173.076,14.862,87.221
73912256125,0.04568781,-0.72204036,-0.67705718,0.13477359,-173.076,14.862,87.221
73932256225,0.04558302,-0.72191422,-0.67707283,0.13540469,-173.013,14.906,87.243
73952256325,0.04475309,-0.72191586,-0.67715071,0.13528327,-172.953,14.829,87.253
74002256550,0.04475309,-0.72191586,-0.67715071,0.13528327,-172.953,14.829,87.253
74022256675,0.04475309,-0.72191586,-0.67715071,0.13528327,-172.953,14.829,87.253
74042256775,0.04465280,-0.72178974,-0.67716502,0.13591625,-172.891,14.873,87.275
74062256875,0.04381435,-0.72179001,-0.67724394,0.13579445,-172.830,14.796,87.285
74082256975,0.04381435,-0.72179001,-0.67724394,0.13579445,-172.830,14.796,87.285
74102257075,0.04381435,-0.72179001,-0.67724394,0.13579445,-172.830,14.796,87.285
74122257150,0.04371513,-0.72166405,-0.67725661,0.13643121,-172.767,14.840,87.307
74142257250,0.04285407,-0.72166191,-0.67733851,0.13630904,-172.704,14.761,87.317
74162257350,0.04285407,-0.72166191,-0.67733851,0.13630904,-172.704,14.761,87.317
74182257475,0.04285407,-0.72166191,-0.67733851,0.13630904,-172.704,14.761,87.317
74202257550,0.04275980,-0.72153609,-0.67734982,0.13694701,-172.642,14.806,87.339
74222257525,0.04189756,-0.72153300,-0.67743178,0.13682437,-172.579,14.727,87.349
74342260775,0.04189756,-0.72153300,-0.67743178,0.13682437,-172.579,14.727,87.349
74362260050,0.04189756,-0.72153300,-0.67743178,0.13682437,-172.579,14.727,87.349
74382259525,0.04180779,-0.72140836,-0.67744156,0.13745917,-172.517,14.772,87.371
74402259050,0.04094557,-0.72139868,-0.67752935,0.13733678,-172.454,14.693,87.382
74422258650,0.04094557,-0.72139868,-0.67752935,0.13733678,-172.454,14.693,87.382
74442258775,0.04094557,-0.72139868,-0.67752935,0.13733678,-172.454,14.693,87.382
74462258875,0.04086158,-0.72127343,-0.67753797,0.13797562,-172.393,14.738,87.404
74482258975,0.04001924,-0.72126993,-0.67761718,0.13785172,-172.332,14.661,87.413
74502259075,0.04001924,-0.72126993,-0.67761718,0.13785172,-172.332,14.661,87.413
74522259175,0.04001924,-0.72126993,-0.67761718,0.13785172,-172.332,14.661,87.413
74542259275,0.03993805,-0.72114490,-0.67762431,0.13849293,-172.270,14.707,87.435
74562259375,0.03911592,-0.72114928,-0.67769310,0.13836803,-172.211,14.631,87.443
74582259475,0.03911592,-0.72114928,-0.67769310,0.13836803,-172.211,14.631,87.443
74622259675,0.03911592,-0.72114928,-0.67769310,0.13836803,-172.211,14.631,87.443
74642259750,0.03903852,-0.72102433,-0.67769887,0.13901130,-172.150,14.677,87.464
74662259875,0.03821848,-0.72103173,-0.67776346,0.13888584,-172.091,14.601,87.471
74682259975,0.03821848,-0.72103173,-0.67776346,0.13888584,-172.091,14.601,87.471
74702260075,0.03821848,-0.72103173,-0.67776346,0.13888584,-172.091,14.601,87.471
74722260175,0.03814174,-0.72090720,-0.67776754,0.13953201,-172.030,14.648,87.493
74742260275,0.03733048,-0.72092532,-0.67781937,0.13940596,-171.972,14.573,87.498
74762260375,0.03733048,-0.72092532,-0.67781937,0.13940596,-171.972,14.573,87.498
74782260475,0.03733048,-0.72092532,-0.67781937,0.13940596,-171.972,14.573,87.498
74802260575,0.03725885,-0.72080074,-0.67782225,0.14005377,-171.911,14.620,87.519
74822260675,0.03644636,-0.72081805,-0.67787417,0.13992717,-171.853,14.545,87.524
74842260775,0.03644636,-0.72081805,-0.67787417,0.13992717,-171.853,14.545,87.524
74862260875,0.03644636,-0.72081805,-0.67787417,0.13992717,-171.853,14.545,87.524
74882260975,0.03638288,-0.72069304,-0.67787622,0.14057619,-171.793,14.593,87.546
74902261075,0.03555840,-0.72070336,-0.67793532,0.14044920,-171.734,14.516,87.552
74922261175,0.03555840,-0.72070336,-0.67793532,0.14044920,-171.734,14.516,87.552
74942261275,0.03555840,-0.72070336,-0.67793532,0.14044920,-171.734,14.516,87.552
74962261375,0.03549617,-0.72057876,-0.67793574,0.14110070,-171.674,14.565,87.573
74982261475,0.03466803,-0.72058607,-0.67799739,0.14097297,-171.614,14.488,87.579
75002261575,0.03466803,-0.72058607,-0.67799739,0.14097297,-171.614,14.488,87.579
75022261675,0.03466803,-0.72058607,-0.67799739,0.14097297,-171.614,14.488,87.579
75042261775,0.03460931,-0.72046162,-0.67799644,0.14162654,-171.554,14.537,87.601
75062261875,0.03378406,-0.72046834,-0.67805775,0.14149805,-171.495,14.460,87.607
75082261950,0.03378406,-0.72046834,-0.67805775,0.14149805,-171.495,14.460,87.607
75102262050,0.03378406,-0.72046834,-0.67805775,0.14149805,-171.495,14.460,87.607
75122262175,0.03373038,-0.72034176,-0.67805567,0.14216370,-171.434,14.510,87.628
75142262275,0.03291511,-0.72034898,-0.67811570,0.14203183,-171.377,14.434,87.634
75162262375,0.03291511,-0.72034898,-0.67811570,0.14203183,-171.377,14.434,87.634
75182262450,0.03291511,-0.72034898,-0.67811570,0.14203183,-171.377,14.434,87.634
75202262575,0.03286430,-0.72022364,-0.67811215,0.14269460,-171.316,14.484,87.656
75252262825,0.03204834,-0.72022978,-0.67817232,0.14256326,-171.258,14.408,87.662
75272262925,0.03204834,-0.72022978,-0.67817232,0.14256326,-171.258,14.408,87.662
75292263025,0.03204834,-0.72022978,-0.67817232,0.14256326,-171.258,14.408,87.662
75312263125,0.03199819,-0.72010628,-0.67816705,0.14322188,-171.198,14.458,87.683
75332263225,0.03116718,-0.72011001,-0.67822925,0.14309182,-171.139,14.381,87.689
75352263325,0.03116718,-0.72011001,-0.67822925,0.14309182,-171.139,14.381,87.689
75372263425,0.03116718,-0.72011001,-0.67822925,0.14309182,-171.139,14.381,87.689
75392263525,0.03112180,-0.71998586,-0.67822276,0.14375561,-171.079,14.431,87.710
75412263625,0.03028966,-0.71998889,-0.67828507,0.14362415,-171.020,14.354,87.716
75432263725,0.03028966,-0.71998889,-0.67828507,0.14362415,-171.020,14.354,87.716
75452263825,0.03028966,-0.71998889,-0.67828507,0.14362415,-171.020,14.354,87.716
75472263925,0.03024590,-0.71986536,-0.67827697,0.14428926,-170.960,14.405,87.737
75492264025,0.02941338,-0.71986742,-0.67833946,0.14415733,-170.901,14.327,87.744
75512264125,0.02941338,-0.71986742,-0.67833946,0.14415733,-170.901,14.327,87.744
75532264225,0.02941338,-0.71986742,-0.67833946,0.14415733,-170.901,14.327,87.744
75552264300,0.02937406,-0.71974384,-0.67833009,0.14482491,-170.841,14.378,87.764
75572264425,0.02854048,-0.71974506,-0.67839269,0.14469224,-170.782,14.300,87.771
75592264525,0.02854048,-0.71974506,-0.67839269,0.14469224,-170.782,14.300,87.771
75612264625,0.02854048,-0.71974506,-0.67839269,0.14469224,-170.782,14.300,87.771
75632264725,0.02850467,-0.71962166,-0.67838195,0.14536190,-170.722,14.352,87.791
75652264800,0.02767027,-0.71962200,-0.67844468,0.14522857,-170.663,14.274,87.798
75672264925,0.02767027,-0.71962200,-0.67844468,0.14522857,-170.663,14.274,87.798
75692265025,0.02767027,-0.71962200,-0.67844468,0.14522857,-170.663,14.274,87.798
75712265125,0.02764106,-0.71949776,-0.67843293,0.14590302,-170.603,14.327,87.818
75732265225,0.02680665,-0.71949022,-0.67850342,0.14576810,-170.544,14.249,87.826
75752265300,0.02680665,-0.71949022,-0.67850342,0.14576810,-170.544,14.249,87.826
75772265425,0.02680665,-0.71949022,-0.67850342,0.14576810,-170.544,14.249,87.826
75792265525,0.02677939,-0.71936666,-0.67849011,0.14644332,-170.484,14.302,87.847
75812265625,0.02594453,-0.71935813,-0.67856076,0.14630806,-170.425,14.224,87.854
75832265725,0.02594453,-0.71935813,-0.67856076,0.14630806,-170.425,14.224,87.854
75882265975,0.02594453,-0.71935813,-0.67856076,0.14630806,-170.425,14.224,87.854
75902266050,0.02591787,-0.71923577,-0.67854576,0.14698236,-170.366,14.277,87.874
75922266175,0.02507543,-0.71922551,-0.67861752,0.14684738,-170.306,14.198,87.882
75942266275,0.02507543,-0.71922551,-0.67861752,0.14684738,-170.306,14.198,87.882
75962266375,0.02507543,-0.71922551,-0.67861752,0.14684738,-170.306,14.198,87.882
75982266475,0.02505357,-0.71910286,-0.67860128,0.14752527,-170.247,14.251,87.903
76002266575,0.02420256,-0.71909115,-0.67867407,0.14738949,-170.187,14.171,87.910
76022266675,0.02420256,-0.71909115,-0.67867407,0.14738949,-170.187,14.171,87.910
76042266775,0.02420256,-0.71909115,-0.67867407,0.14738949,-170.187,14.171,87.910
76062281550,0.02418415,-0.71896871,-0.67865643,0.14806950,-170.127,14.226,87.931
76082265675,0.02332862,-0.71895576,-0.67872982,0.14793316,-170.067,14.145,87.938
76102267050,0.02332862,-0.71895576,-0.67872982,0.14793316,-170.067,14.145,87.938
76122267175,0.02332862,-0.71895576,-0.67872982,0.14793316,-170.067,14.145,87.938
76142267275,0.02331459,-0.71883213,-0.67871072,0.14862221,-170.007,14.201,87.959
76162267375,0.02244687,-0.71881756,-0.67878567,0.14848387,-169.946,14.119,87.967
76182267475,0.02244687,-0.71881756,-0.67878567,0.14848387,-169.946,14.119,87.967
76202267575,0.02244687,-0.71881756,-0.67878567,0.14848387,-169.946,14.119,87.967
76222267675,0.02243584,-0.71869487,-0.67876516,0.14917161,-169.886,14.174,87.987
76242267750,0.02156743,-0.71867922,-0.67884024,0.14903342,-169.825,14.093,87.995
76262267875,0.02156743,-0.71867922,-0.67884024,0.14903342,-169.825,14.093,87.995
76282267975,0.02156743,-0.71867922,-0.67884024,0.14903342,-169.825,14.093,87.995
76302268075,0.02156058,-0.71855771,-0.67881857,0.14971742,-169.766,14.148,88.015
76322268150,0.02069239,-0.71853549,-0.67889944,0.14957979,-169.705,14.067,88.024
76342268275,0.02069239,-0.71853549,-0.67889944,0.14957979,-169.705,14.067,88.024
76362268350,0.02069239,-0.71853549,-0.67889944,0.14957979,-169.705,14.067,88.024
76382268475,0.02068870,-0.71841376,-0.67887623,0.15026881,-169.646,14.123,88.044
76402268575,0.01982018,-0.71838890,-0.67895920,0.15012977,-169.584,14.041,88.054
76422268675,0.01982018,-0.71838890,-0.67895920,0.15012977,-169.584,14.041,88.054
76442268775,0.01982018,-0.71838890,-0.67895920,0.15012977,-169.584,14.041,88.054
76462268875,0.01981998,-0.71826741,-0.67893457,0.15082092,-169.525,14.097,88.074
76512269125,0.01895106,-0.71823981,-0.67901960,0.15068115,-169.464,14.016,88.083
76532269225,0.01895106,-0.71823981,-0.67901960,0.15068115,-169.464,14.016,88.083
76552269325,0.01895106,-0.71823981,-0.67901960,0.15068115,-169.464,14.016,88.083
76572269425,0.01894978,-0.71811877,-0.67899281,0.15137735,-169.405,14.072,88.103
76592269525,0.01808237,-0.71808478,-0.67908389,0.15123606,-169.344,13.990,88.113
76612269625,0.01808237,-0.71808478,-0.67908389,0.15123606,-169.344,13.990,88.113
76632269725,0.01808237,-0.71808478,-0.67908389,0.15123606,-169.344,13.990,88.113
76652269825,0.01808676,-0.71796389,-0.67905604,0.15193295,-169.285,14.048,88.133
76672269925,0.01721431,-0.71792862,-0.67914765,0.15179144,-169.223,13.965,88.144
76692270025,0.01721431,-0.71792862,-0.67914765,0.15179144,-169.223,13.965,88.144
76712270125,0.01721431,-0.71792862,-0.67914765,0.15179144,-169.223,13.965,88.144
76732270225,0.01722832,-0.71780834,-0.67911956,0.15248275,-169.165,14.023,88.164
76752270325,0.01634246,-0.71777095,-0.67921239,0.15234272,-169.102,13.939,88.174
76772270425,0.01634246,-0.71777095,-0.67921239,0.15234272,-169.102,13.939,88.174
76792270525,0.01634246,-0.71777095,-0.67921239,0.15234272,-169.102,13.939,88.174
76812270625,0.01635687,-0.71765077,-0.67918229,0.15303999,-169.044,13.997,88.194
76832270725,0.01547096,-0.71761247,-0.67927540,0.15289838,-168.982,13.914,88.204
76852270825,0.01547096,-0.71761247,-0.67927540,0.15289838,-168.982,13.914,88.204
76872270925,0.01547096,-0.71761247,-0.67927540,0.15289838,-168.982,13.914,88.204
76892271025,0.01548925,-0.71749227,-0.67924386,0.15359914,-168.923,13.972,88.224
76912270625,0.01460245,-0.71745307,-0.67933714,0.15345653,-168.861,13.889,88.235
77022274175,0.01460245,-0.71745307,-0.67933714,0.15345653,-168.861,13.889,88.235
77042273450,0.01460245,-0.71745307,-0.67933714,0.15345653,-168.861,13.889,88.235
77062273000,0.01462399,-0.71733330,-0.67930417,0.15415876,-168.803,13.948,88.255
77082272525,0.01373646,-0.71729311,-0.67939760,0.15401564,-168.740,13.864,88.265
77102272075,0.01373646,-0.71729311,-0.67939760,0.15401564,-168.740,13.864,88.265
77142272275,0.01373646,-0.71729311,-0.67939760,0.15401564,-168.740,13.864,88.265
77162272375,0.01375734,-0.71717421,-0.67936258,0.15472031,-168.682,13.923,88.285
77182272475,0.01287002,-0.71713294,-0.67945628,0.15457644,-168.619,13.839,88.295
77202272575,0.01287002,-0.71713294,-0.67945628,0.15457644,-168.619,13.839,88.295
77222272675,0.01287002,-0.71713294,-0.67945628,0.15457644,-168.619,13.839,88.295
77242272775,0.01289634,-0.71701404,-0.67942013,0.15528310,-168.561,13.899,88.315
77262272850,0.01200776,-0.71697186,-0.67951393,0.15513859,-168.499,13.814,88.325
77282272975,0.01200776,-0.71697186,-0.67951393,0.15513859,-168.499,13.814,88.325
77302273075,0.01200776,-0.71697186,-0.67951393,0.15513859,-168.499,13.814,88.325
77322273175,0.01203843,-0.71685287,-0.67947639,0.15584886,-168.441,13.875,88.345
77342273275,0.01121826,-0.71683923,-0.67953854,0.15570173,-168.385,13.796,88.350
77362273375,0.01121826,-0.71683923,-0.67953854,0.15570173,-168.385,13.796,88.350
77382273475,0.01121826,-0.71683923,-0.67953854,0.15570173,-168.385,13.796,88.350
77402273575,0.01125226,-0.71672055,-0.67949973,0.15641342,-168.327,13.857,88.369
77422273675,0.01043132,-0.71670606,-0.67956206,0.15626582,-168.271,13.779,88.374
77442273775,0.01043132,-0.71670606,-0.67956206,0.15626582,-168.271,13.779,88.374
77462273875,0.01043132,-0.71670606,-0.67956206,0.15626582,-168.271,13.779,88.374
77482273975,0.01046801,-0.71658671,-0.67952145,0.15698570,-168.213,13.840,88.394
77502274075,0.00963819,-0.71657442,-0.67958119,0.15683625,-168.156,13.761,88.399
77522274175,0.00963819,-0.71657442,-0.67958119,0.15683625,-168.156,13.761,88.399
77542274275,0.00963819,-0.71657442,-0.67958119,0.15683625,-168.156,13.761,88.399
77562274350,0.00967820,-0.71645575,-0.67953942,0.15755528,-168.098,13.823,88.418
77582274450,0.00883934,-0.71644535,-0.67959637,0.15740615,-168.041,13.743,88.422
77602274550,0.00883934,-0.71644535,-0.67959637,0.15740615,-168.041,13.743,88.422
77622274675,0.00883934,-0.71644535,-0.67959637,0.15740615,-168.041,13.743,88.422
77642274725,0.00888247,-0.71632693,-0.67955322,0.15812733,-167.983,13.805,88.442
77662274875,0.00804289,-0.71631567,-0.67961038,0.15797754,-167.926,13.725,88.446
77682274950,0.00804289,-0.71631567,-0.67961038,0.15797754,-167.926,13.725,88.446
77702275075,0.00804289,-0.71631567,-0.67961038,0.15797754,-167.926,13.725,88.446
77722273875,0.00808923,-0.71619811,-0.67956614,0.15869689,-167.868,13.787,88.465
77772275425,0.00723573,-0.71617700,-0.67963282,0.15854770,-167.810,13.706,88.471
77792275525,0.00723573,-0.71617700,-0.67963282,0.15854770,-167.810,13.706,88.471
77812275625,0.00723573,-0.71617700,-0.67963282,0.15854770,-167.810,13.706,88.471
77832275725,0.00728514,-0.71605942,-0.67958702,0.15927118,-167.752,13.768,88.490
77852275825,0.00643095,-0.71603749,-0.67965396,0.15912086,-167.694,13.687,88.496
77872275925,0.00643095,-0.71603749,-0.67965396,0.15912086,-167.694,13.687,88.496
77892276025,0.00643095,-0.71603749,-0.67965396,0.15912086,-167.694,13.687,88.496
77912276125,0.00648461,-0.71591994,-0.67960689,0.15984697,-167.636,13.750,88.515
77932276225,0.00562773,-0.71590442,-0.67966639,0.15969595,-167.578,13.669,88.520
77952276325,0.00562773,-0.71590442,-0.67966639,0.15969595,-167.578,13.669,88.520
77972276425,0.00562773,-0.71590442,-0.67966639,0.15969595,-167.578,13.669,88.520
77992276525,0.00568408,-0.71578725,-0.67961786,0.16042400,-167.520,13.732,88.539
78012276600,0.00482659,-0.71577082,-0.67967758,0.16027237,-167.462,13.650,88.543
78032276725,0.00482659,-0.71577082,-0.67967758,0.16027237,-167.462,13.650,88.543
78052276825,0.00482659,-0.71577082,-0.67967758,0.16027237,-167.462,13.650,88.543
78072276925,0.00488754,-0.71565347,-0.67962775,0.16100419,-167.404,13.715,88.563
78092277025,0.00402985,-0.71563262,-0.67969148,0.16085149,-167.346,13.633,88.568
78112277100,0.00402985,-0.71563262,-0.67969148,0.16085149,-167.346,13.633,88.568
78132277225,0.00402985,-0.71563262,-0.67969148,0.16085149,-167.346,13.633,88.568
78152277325,0.00409123,-0.71551579,-0.67963972,0.16158671,-167.288,13.698,88.587
78172277425,0.00323433,-0.71549039,-0.67970759,0.16143304,-167.230,13.615,88.592
78192277525,0.00323433,-0.71549039,-0.67970759,0.16143304,-167.230,13.615,88.592
78212277625,0.00323433,-0.71549039,-0.67970759,0.16143304,-167.230,13.615,88.592
78232277725,0.00329985,-0.71537384,-0.67965466,0.16216943,-167.173,13.681,88.612
78252277825,0.00244201,-0.71534755,-0.67972270,0.16201534,-167.114,13.598,88.617
78272277925,0.00244201,-0.71534755,-0.67972270,0.16201534,-167.114,13.598,88.617
78292278025,0.00244201,-0.71534755,-0.67972270,0.16201534,-167.114,13.598,88.617
78312278125,0.00251365,-0.71523158,-0.67966932,0.16274855,-167.057,13.664,88.636
78332278225,0.00164497,-0.71519581,-0.67974629,0.16259533,-166.998,13.581,88.643
78352278325,0.00164497,-0.71519581,-0.67974629,0.16259533,-166.998,13.581,88.643
78402278575,0.00164497,-0.71519581,-0.67974629,0.16259533,-166.998,13.581,88.643
78422278675,0.00171825,-0.71507998,-0.67969101,0.16333338,-166.941,13.646,88.662
78442278775,0.00084551,-0.71504291,-0.67976875,0.16317895,-166.881,13.563,88.669
78462278875,0.00084551,-0.71504291,-0.67976875,0.16317895,-166.881,13.563,88.669
78482278975,0.00084551,-0.71504291,-0.67976875,0.16317895,-166.881,13.563,88.669
78502279075,0.00091484,-0.71492870,-0.67971102,0.16391780,-166.824,13.628,88.688
78522279175,0.00005293,-0.71489719,-0.67978215,0.16376276,-166.765,13.546,88.694
78542279275,0.00005293,-0.71489719,-0.67978215,0.16376276,-166.765,13.546,88.694
78562279375,0.00005293,-0.71489719,-0.67978215,0.16376276,-166.765,13.546,88.694
78582279475,0.00012892,-0.71478262,-0.67972352,0.16450448,-166.708,13.612,88.713
78602279575,0.00073126,0.71475260,0.67979243,-0.16434853,-166.650,13.529,88.719
78622279675,0.00073126,0.71475260,0.67979243,-0.16434853,-166.650,13.529,88.719
78642279775,0.00073126,0.71475260,0.67979243,-0.16434853,-166.650,13.529,88.719
78662279875,0.00065208,0.71463831,0.67973241,-0.16509244,-166.593,13.596,88.737
78682279975,0.00151626,0.71460515,0.67980389,-0.16493591,-166.534,13.513,88.743
78702280075,0.00151626,0.71460515,0.67980389,-0.16493591,-166.534,13.513,88.743
78722280175,0.00151626,0.71460515,0.67980389,-0.16493591,-166.534,13.513,88.743
78742280275,0.00143085,0.71449082,0.67974310,-0.16568084,-166.478,13.580,88.762
78762280375,0.00230628,0.71445006,0.67982169,-0.16552422,-166.418,13.496,88.769
78782280475,0.00230628,0.71445006,0.67982169,-0.16552422,-166.418,13.496,88.769
78802280575,0.00230628,0.71445006,0.67982169,-0.16552422,-166.418,13.496,88.769
78822280675,0.00221937,0.71433622,0.67975914,-0.16627191,-166.361,13.564,88.788
78842280775,0.00309510,0.71429451,0.67983803,-0.16611449,-166.302,13.480,88.795
78862280875,0.00309510,0.71429451,0.67983803,-0.16611449,-166.302,13.480,88.795
78882280975,0.00309510,0.71429451,0.67983803,-0.16611449,-166.302,13.480,88.795
78902281050,0.00299899,0.71417932,0.67977452,-0.16686972,-166.245,13.549,88.814
78922281175,0.00387686,0.71413705,0.67985359,-0.16671036,-166.186,13.464,88.821
78942281275,0.00387686,0.71413705,0.67985359,-0.16671036,-166.186,13.464,88.821
78962281375,0.00387686,0.71413705,0.67985359,-0.16671036,-166.186,13.464,88.821
78982281475,0.00378063,0.71402298,0.67978844,-0.16746514,-166.129,13.533,88.840
79032281725,0.00465847,0.71397963,0.67986777,-0.16730574,-166.069,13.449,88.847
79052281825,0.00465847,0.71397963,0.67986777,-0.16730574,-166.069,13.449,88.847
79072281925,0.00465847,0.71397963,0.67986777,-0.16730574,-166.069,13.449,88.847
79092282025,0.00456497,0.71386759,0.67980086,-0.16805656,-166.013,13.517,88.865
79112282125,0.00544864,0.71381843,0.67988512,-0.16789816,-165.953,13.432,88.873
79132282225,0.00544864,0.71381843,0.67988512,-0.16789816,-165.953,13.432,88.873
79152282325,0.00544864,0.71381843,0.67988512,-0.16789816,-165.953,13.432,88.873
79172282425,0.00534929,0.71370590,0.67981691,-0.16865423,-165.896,13.501,88.892
79192282525,0.00624081,0.71365143,0.67990606,-0.16849465,-165.836,13.415,88.900
79212282625,0.00624081,0.71365143,0.67990606,-0.16849465,-165.836,13.415,88.900
79232282725,0.00624081,0.71365143,0.67990606,-0.16849465,-165.836,13.415,88.900
79252282825,0.00613837,0.71353924,0.67983639,-0.16925292,-165.779,13.485,88.919
79272282925,0.00703056,0.71348383,0.67992578,-0.16909267,-165.718,13.399,88.927
79292283025,0.00703056,0.71348383,0.67992578,-0.16909267,-165.718,13.399,88.927
79312284275,0.00703056,0.71348383,0.67992578,-0.16909267,-165.718,13.399,88.927
79332283225,0.00691821,0.71337036,0.67985535,-0.16985750,-165.662,13.470,88.946
79352283325,0.00782572,0.71330521,0.67995420,-0.16969597,-165.600,13.382,88.956
79372283425,0.00782572,0.71330521,0.67995420,-0.16969597,-165.600,13.382,88.956
79392283525,0.00782572,0.71330521,0.67995420,-0.16969597,-165.600,13.382,88.956
79412283625,0.00771367,0.71319291,0.67988195,-0.17046085,-165.544,13.453,88.974
79432283725,0.00862104,0.71312663,0.67998109,-0.17029915,-165.482,13.366,88.984
79452283825,0.00862104,0.71312663,0.67998109,-0.17029915,-165.482,13.366,88.984
79472283925,0.00862104,0.71312663,0.67998109,-0.17029915,-165.482,13.366,88.984
79492284025,0.00851024,0.71301576,0.67990698,-0.17106316,-165.426,13.437,89.003
79512284125,0.00941815,0.71295192,0.68000261,-0.17090147,-165.364,13.349,89.012
79532284225,0.00941815,0.71295192,0.68000261,-0.17090147,-165.364,13.349,89.012
79552284325,0.00941815,0.71295192,0.68000261,-0.17090147,-165.364,13.349,89.012
79572284425,0.00930212,0.71284090,0.67992720,-0.17166922,-165.307,13.421,89.031
79592284525,0.01021211,0.71277981,0.68001926,-0.17150644,-165.246,13.333,89.039
79612284050,0.01021211,0.71277981,0.68001926,-0.17150644,-165.246,13.333,89.039
79722287675,0.01021211,0.71277981,0.68001926,-0.17150644,-165.246,13.333,89.039
79742286900,0.01008935,0.71266822,0.67994263,-0.17227950,-165.189,13.405,89.058
79762286550,0.01099995,0.71260274,0.68003870,-0.17211536,-165.127,13.317,89.067
79782286075,0.01099995,0.71260274,0.68003870,-0.17211536,-165.127,13.317,89.067
79802285575,0.01099995,0.71260274,0.68003870,-0.17211536,-165.127,13.317,89.067
79822285675,0.01087585,0.71249198,0.67996048,-0.17288912,-165.071,13.390,89.086
79842285775,0.01178577,0.71242182,0.68006060,-0.17272472,-165.010,13.302,89.095
79862285875,0.01178577,0.71242182,0.68006060,-0.17272472,-165.010,13.302,89.095
79882285975,0.01178577,0.71242182,0.68006060,-0.17272472,-165.010,13.302,89.095
79902286075,0.01166257,0.71231253,0.67998071,-0.17349663,-164.953,13.374,89.114
79922286175,0.01253048,0.71225799,0.68006456,-0.17333130,-164.895,13.289,89.121
79942286275,0.01253048,0.71225799,0.68006456,-0.17333130,-164.895,13.289,89.121
79962286375,0.01253048,0.71225799,0.68006456,-0.17333130,-164.895,13.289,89.121
79982286475,0.01240208,0.71214842,0.67998339,-0.17410747,-164.839,13.363,89.139
80002286575,0.01325725,0.71209873,0.68006199,-0.17394059,-164.783,13.279,89.145
80022286675,0.01325725,0.71209873,0.68006199,-0.17394059,-164.783,13.279,89.145
80042286775,0.01325725,0.71209873,0.68006199,-0.17394059,-164.783,13.279,89.145
80062301550,0.01312584,0.71198944,0.67997943,-0.17471898,-164.727,13.353,89.164
80082285675,0.01397889,0.71194303,0.68005409,-0.17455129,-164.670,13.269,89.169
80102287050,0.01397889,0.71194303,0.68005409,-0.17455129,-164.670,13.269,89.169
80122287150,0.01397889,0.71194303,0.68005409,-0.17455129,-164.670,13.269,89.169
80142287275,0.01384144,0.71183343,0.67997061,-0.17533271,-164.615,13.344,89.188
80162287375,0.01468755,0.71179867,0.68003280,-0.17516370,-164.559,13.261,89.191
80182287475,0.01468755,0.71179867,0.68003280,-0.17516370,-164.559,13.261,89.191
80202287575,0.01468755,0.71179867,0.68003280,-0.17516370,-164.559,13.261,89.191
80222287675,0.01454877,0.71168962,0.67994771,-0.17594695,-164.503,13.336,89.209
80242287775,0.01539515,0.71165398,0.68001023,-0.17577738,-164.448,13.253,89.213
80292288025,0.01539515,0.71165398,0.68001023,-0.17577738,-164.448,13.253,89.213
80312288125,0.01539515,0.71165398,0.68001023,-0.17577738,-164.448,13.253,89.213
80332288225,0.01525652,0.71154558,0.67992305,-0.17656377,-164.392,13.328,89.231
80352288325,0.01611252,0.71150207,0.67999298,-0.17639370,-164.336,13.244,89.235
80372288425,0.01611252,0.71150207,0.67999298,-0.17639370,-164.336,13.244,89.235
80392288525,0.01611252,0.71150207,0.67999298,-0.17639370,-164.336,13.244,89.235
80412288625,0.01596978,0.71139381,0.67990470,-0.17718185,-164.280,13.319,89.254
80432288725,0.01682992,0.71134715,0.67997718,-0.17701137,-164.223,13.235,89.259
80452288825,0.01682992,0.71134715,0.67997718,-0.17701137,-164.223,13.235,89.259
80472288925,0.01682992,0.71134715,0.67997718,-0.17701137,-164.223,13.235,89.259
80492289025,0.01668060,0.71123815,0.67988756,-0.17780595,-164.167,13.311,89.277
80512289125,0.01754320,0.71119446,0.67995657,-0.17763372,-164.111,13.227,89.281
80532289200,0.01754320,0.71119446,0.67995657,-0.17763372,-164.111,13.227,89.281
80552289325,0.01754320,0.71119446,0.67995657,-0.17763372,-164.111,13.227,89.281
80572289425,0.01739293,0.71108628,0.67986548,-0.17842846,-164.055,13.303,89.300
80592289525,0.01825665,0.71104525,0.67993099,-0.17825598,-163.998,13.219,89.303
80612289625,0.01825665,0.71104525,0.67993099,-0.17825598,-163.998,13.219,89.303
80632289725,0.01825665,0.71104525,0.67993099,-0.17825598,-163.998,13.219,89.303
80652289825,0.01810362,0.71093739,0.67983846,-0.17905295,-163.942,13.296,89.322
80672289925,0.01896794,0.71089550,0.67990427,-0.17887981,-163.886,13.211,89.325
80692290025,0.01896794,0.71089550,0.67990427,-0.17887981,-163.886,13.211,89.325
80712290125,0.01896794,0.71089550,0.67990427,-0.17887981,-163.886,13.211,89.325
80732290225,0.01882030,0.71078950,0.67980910,-0.17967658,-163.829,13.287,89.343
80752290325,0.01969618,0.71073707,0.67988472,-0.17950389,-163.772,13.202,89.348
80772290425,0.01969618,0.71073707,0.67988472,-0.17950389,-163.772,13.202,89.348
80792290525,0.01969618,0.71073707,0.67988472,-0.17950389,-163.772,13.202,89.348
80812290625,0.01954186,0.71063067,0.67978863,-0.18030412,-163.715,13.279,89.367
80832290725,0.02041926,0.71057750,0.67986445,-0.18013048,-163.658,13.193,89.372
80852290825,0.02041926,0.71057750,0.67986445,-0.18013048,-163.658,13.193,89.372
80872290925,0.02041926,0.71057750,0.67986445,-0.18013048,-163.658,13.193,89.372
80922291175,0.02025634,0.71047033,0.67976775,-0.18093480,-163.602,13.271,89.390
80942291275,0.02114216,0.71041180,0.67984836,-0.18076034,-163.544,13.184,89.396
80962291375,0.02114216,0.71041180,0.67984836,-0.18076034,-163.544,13.184,89.396
80982291475,0.02114216,0.71041180,0.67984836,-0.18076034,-163.544,13.184,89.396
81002291575,0.02097927,0.71030551,0.67974976,-0.18156600,-163.488,13.263,89.414
81022291675,0.02187145,0.71024126,0.67983539,-0.18139136,-163.429,13.175,89.421
81042291775,0.02187145,0.71024126,0.67983539,-0.18139136,-163.429,13.175,89.421
81062291850,0.02187145,0.71024126,0.67983539,-0.18139136,-163.429,13.175,89.421
81082291975,0.02170624,0.71013550,0.67973535,-0.18219843,-163.373,13.254,89.439
81102292075,0.02259246,0.71007502,0.67981664,-0.18202304,-163.315,13.167,89.445
81122292175,0.02259246,0.71007502,0.67981664,-0.18202304,-163.315,13.167,89.445
81142292275,0.02259246,0.71007502,0.67981664,-0.18202304,-163.315,13.167,89.445
81162292375,0.02242282,0.70996942,0.67971559,-0.18283150,-163.259,13.246,89.463
81182292450,0.02330359,0.70991279,0.67979246,-0.18265537,-163.201,13.159,89.468
81202292575,0.02330359,0.70991279,0.67979246,-0.18265537,-163.201,13.159,89.468
81222292675,0.02330359,0.70991279,0.67979246,-0.18265537,-163.201,13.159,89.468
81242292775,0.02313179,0.70980756,0.67968971,-0.18346674,-163.145,13.239,89.487
81262292875,0.02401300,0.70975004,0.67976695,-0.18328979,-163.088,13.152,89.491
81282292975,0.02401300,0.70975004,0.67976695,-0.18328979,-163.088,13.152,89.491
81302293075,0.02401300,0.70975004,0.67976695,-0.18328979,-163.088,13.152,89.491
81322293175,0.02384464,0.70964601,0.67966123,-0.18410479,-163.031,13.231,89.510
81342293250,0.02473410,0.70957854,0.67974794,-0.18392734,-162.973,13.144,89.516
81362293375,0.02473410,0.70957854,0.67974794,-0.18392734,-162.973,13.144,89.516
81382293475,0.02473410,0.70957854,0.67974794,-0.18392734,-162.973,13.144,89.516
81402293575,0.02456003,0.70947446,0.67964143,-0.18474393,-162.917,13.224,89.534
81422293675,0.02545447,0.70940559,0.67972873,-0.18456605,-162.858,13.136,89.541
81442293750,0.02545447,0.70940559,0.67972873,-0.18456605,-162.858,13.136,89.541
81462293875,0.02545447,0.70940559,0.67972873,-0.18456605,-162.858,13.136,89.541
81482293975,0.02527760,0.70930188,0.67962072,-0.18538490,-162.802,13.216,89.559
81502294075,0.02617632,0.70923153,0.67970877,-0.18520644,-162.743,13.128,89.565
81522294175,0.02617632,0.70923153,0.67970877,-0.18520644,-162.743,13.128,89.565
81562294375,0.02617632,0.70923153,0.67970877,-0.18520644,-162.743,13.128,89.565
81582294475,0.02599597,0.70912812,0.67959947,-0.18602710,-162.687,13.209,89.583
81602294575,0.02690653,0.70905516,0.67968907,-0.18584831,-162.627,13.119,89.590
81622294675,0.02690653,0.70905516,0.67968907,-0.18584831,-162.627,13.119,89.590
81642294775,0.02690653,0.70905516,0.67968907,-0.18584831,-162.627,13.119,89.590
81662294875,0.02672380,0.70895218,0.67957811,-0.18667147,-162.571,13.201,89.608
81682294950,0.02763484,0.70887827,0.67966805,-0.18649195,-162.511,13.111,89.615
81702295075,0.02763484,0.70887827,0.67966805,-0.18649195,-162.511,13.111,89.615
81722295175,0.02763484,0.70887827,0.67966805,-0.18649195,-162.511,13.111,89.615
81742295275,0.02744607,0.70877565,0.67955726,-0.18731182,-162.456,13.192,89.633
81762295375,0.02835646,0.70869356,0.67965469,-0.18713325,-162.396,13.103,89.641
81782295475,0.02835646,0.70869356,0.67965469,-0.18713325,-162.396,13.103,89.641
81802295575,0.02835646,0.70869356,0.67965469,-0.18713325,-162.396,13.103,89.641
81822295675,0.02816649,0.70859133,0.67954154,-0.18795816,-162.340,13.185,89.659
81842295775,0.02907707,0.70850830,0.67963949,-0.18777825,-162.280,13.095,89.667
81862295875,0.02907707,0.70850830,0.67963949,-0.18777825,-162.280,13.095,89.667
81882295975,0.02907707,0.70850830,0.67963949,-0.18777825,-162.280,13.095,89.667
81902296075,0.02888668,0.70840653,0.67952363,-0.18860910,-162.224,13.177,89.685
81922296175,0.02980465,0.70832139,0.67962303,-0.18842779,-162.164,13.087,89.693
81942296575,0.02980465,0.70832139,0.67962303,-0.18842779,-162.164,13.087,89.693
81962296675,0.02980465,0.70832139,0.67962303,-0.18842779,-162.164,13.087,89.693
81982296775,0.02961039,0.70821999,0.67950618,-0.18925911,-162.108,13.170,89.711
82002296850,0.03053657,0.70813273,0.67960663,-0.18907771,-162.047,13.078,89.719
82022296975,0.03053657,0.70813273,0.67960663,-0.18907771,-162.047,13.078,89.719
82042297075,0.03053657,0.70813273,0.67960663,-0.18907771,-162.047,13.078,89.719
82062297175,0.03033953,0.70803175,0.67948822,-0.18991132,-161.991,13.161,89.738
82082297275,0.03126628,0.70794352,0.67958900,-0.18972923,-161.930,13.070,89.746
82102297350,0.03126628,0.70794352,0.67958900,-0.18972923,-161.930,13.070,89.746
82122297475,0.03126628,0.70794352,0.67958900,-0.18972923,-161.930,13.070,89.746
82142297575,0.03106618,0.70784333,0.67947009,-0.19056001,-161.874,13.153,89.764
82192297825,0.03197878,0.70775641,0.67956925,-0.19037816,-161.815,13.063,89.772
82212297925,0.03197878,0.70775641,0.67956925,-0.19037816,-161.815,13.063,89.772
82232298025,0.03197878,0.70775641,0.67956925,-0.19037816,-161.815,13.063,89.772
82252298125,0.03177594,0.70765640,0.67944830,-0.19121378,-161.759,13.147,89.790
82272298225,0.03268909,0.70756860,0.67954793,-0.19103065,-161.699,13.056,89.797
82292298325,0.03268909,0.70756860,0.67954793,-0.19103065,-161.699,13.056,89.797
82312298425,0.03268909,0.70756860,0.67954793,-0.19103065,-161.699,13.056,89.797
82332298525,0.03248262,0.70746803,0.67942361,-0.19187868,-161.643,13.142,89.816
82352298375,0.03341130,0.70737709,0.67952574,-0.19169275,-161.582,13.049,89.824
82472301750,0.03341130,0.70737709,0.67952574,-0.19169275,-161.582,13.049,89.824
82492301000,0.03341130,0.70737709,0.67952574,-0.19169275,-161.582,13.049,89.824
82512300550,0.03320366,0.70727783,0.67940113,-0.19253493,-161.526,13.134,89.842
82532300125,0.03413097,0.70718030,0.67950892,-0.19235053,-161.465,13.042,89.851
82552299625,0.03413097,0.70718030,0.67950892,-0.19235053,-161.465,13.042,89.851
82572299725,0.03413097,0.70718030,0.67950892,-0.19235053,-161.465,13.042,89.851
82592299825,0.03392008,0.70708125,0.67938253,-0.19319655,-161.409,13.128,89.869
82612299925,0.03484754,0.70698099,0.67949261,-0.19301119,-161.348,13.035,89.878
82632300000,0.03484754,0.70698099,0.67949261,-0.19301119,-161.348,13.035,89.878
82652300125,0.03484754,0.70698099,0.67949261,-0.19301119,-161.348,13.035,89.878
82672300225,0.03463389,0.70688236,0.67936464,-0.19385952,-161.292,13.121,89.896
82692300300,0.03554867,0.70678900,0.67946774,-0.19367292,-161.233,13.030,89.904
82712300425,0.03554867,0.70678900,0.67946774,-0.19367292,-161.233,13.030,89.904
82732300525,0.03554867,0.70678900,0.67946774,-0.19367292,-161.233,13.030,89.904
82752300625,0.03533110,0.70669057,0.67933852,-0.19452335,-161.177,13.117,89.922
82772300725,0.03620708,0.70661996,0.67941992,-0.19433439,-161.121,13.029,89.927
82822300950,0.03620708,0.70661996,0.67941992,-0.19433439,-161.121,13.029,89.927
82842301075,0.03620708,0.70661996,0.67941992,-0.19433439,-161.121,13.029,89.927
82862301175,0.03598717,0.70652187,0.67928912,-0.19518725,-161.065,13.116,89.945
82882301275,0.03686361,0.70645041,0.67937090,-0.19499761,-161.009,13.028,89.949
82902301375,0.03686361,0.70645041,0.67937090,-0.19499761,-161.009,13.028,89.949
82922301475,0.03686361,0.70645041,0.67937090,-0.19499761,-161.009,13.028,89.949
82942301575,0.03664210,0.70635265,0.67923796,-0.19585476,-160.953,13.115,89.967
82962301675,0.03749349,0.70629977,0.67930185,-0.19566263,-160.900,13.030,89.969
82982301775,0.03749349,0.70629977,0.67930185,-0.19566263,-160.900,13.030,89.969
83002301875,0.03749349,0.70629977,0.67930185,-0.19566263,-160.900,13.030,89.969
83022301975,0.03726889,0.70620226,0.67916777,-0.19652111,-160.844,13.117,89.987
83042302075,0.03812094,0.70614858,0.67923197,-0.19632856,-160.791,13.032,89.988
83062302175,0.03812094,0.70614858,0.67923197,-0.19632856,-160.791,13.032,89.988
83082302275,0.03812094,0.70614858,0.67923197,-0.19632856,-160.791,13.032,89.988
83102302350,0.03789504,0.70605167,0.67909660,-0.19718727,-160.735,13.119,90.006
83122302475,0.03875262,0.70598863,0.67916951,-0.19699512,-160.681,13.033,90.009
83142302575,0.03875262,0.70598863,0.67916951,-0.19699512,-160.681,13.033,90.009
83162302675,0.03875262,0.70598863,0.67916951,-0.19699512,-160.681,13.033,90.009
83182302775,0.03852384,0.70589186,0.67903251,-0.19785716,-160.625,13.121,90.027
83202302875,0.03938729,0.70581953,0.67911421,-0.19766467,-160.571,13.034,90.031
83222302975,0.03938729,0.70581953,0.67911421,-0.19766467,-160.571,13.034,90.031
83242303075,0.03938729,0.70581953,0.67911421,-0.19766467,-160.571,13.034,90.031
83262303175,0.03915615,0.70572307,0.67897568,-0.19852902,-160.514,13.123,90.050
83282303275,0.04002007,0.70564992,0.67905778,-0.19833587,-160.460,13.036,90.054
83302303375,0.04002007,0.70564992,0.67905778,-0.19833587,-160.460,13.036,90.054
83322303600,0.04002007,0.70564992,0.67905778,-0.19833587,-160.460,13.036,90.054
83342303575,0.03978621,0.70555357,0.67891735,-0.19920456,-160.404,13.125,90.072
83362303675,0.04066544,0.70547707,0.67900164,-0.19901056,-160.348,13.036,90.076
83382303775,0.04066544,0.70547707,0.67900164,-0.19901056,-160.348,13.036,90.076
83402303875,0.04066544,0.70547707,0.67900164,-0.19901056,-160.348,13.036,90.076
83422303975,0.04042941,0.70538116,0.67885982,-0.19988055,-160.292,13.126,90.094
83462304175,0.04130906,0.70530378,0.67894447,-0.19968613,-160.236,13.037,90.099
83482304275,0.04130906,0.70530378,0.67894447,-0.19968613,-160.236,13.037,90.099
83502304375,0.04130906,0.70530378,0.67894447,-0.19968613,-160.236,13.037,90.099
83522304475,0.04107027,0.70520840,0.67880211,-0.20055435,-160.180,13.127,90.117
83542304575,0.04195994,0.70512276,0.67889382,-0.20036078,-160.124,13.037,90.122
83562304675,0.04195994,0.70512276,0.67889382,-0.20036078,-160.124,13.037,90.122
83582304775,0.04195994,0.70512276,0.67889382,-0.20036078,-160.124,13.037,90.122
83602304875,0.04171893,0.70502763,0.67874937,-0.20123335,-160.068,13.127,90.141
83622304975,0.04261218,0.70493868,0.67884391,-0.20103882,-160.011,13.037,90.147
83642305075,0.04261218,0.70493868,0.67884391,-0.20103882,-160.011,13.037,90.147
83662305175,0.04261218,0.70493868,0.67884391,-0.20103882,-160.011,13.037,90.147
83682305275,0.04236874,0.70484390,0.67869789,-0.20191371,-159.955,13.128,90.165
83702305375,0.04326300,0.70475587,0.67879096,-0.20171840,-159.898,13.038,90.170
83722305450,0.04326300,0.70475587,0.67879096,-0.20171840,-159.898,13.038,90.170
83742305575,0.04326300,0.70475587,0.67879096,-0.20171840,-159.898,13.038,90.170
83762305650,0.04301586,0.70466100,0.67864276,-0.20259940,-159.842,13.129,90.189
83782305775,0.04391252,0.70457760,0.67873077,-0.20240218,-159.785,13.039,90.193
83802305875,0.04391252,0.70457760,0.67873077,-0.20240218,-159.785,13.039,90.193
83822305975,0.04391252,0.70457760,0.67873077,-0.20240218,-159.785,13.039,90.193
83842306075,0.04366352,0.70448329,0.67858128,-0.20328364,-159.729,13.130,90.211
83862306175,0.04456052,0.70439896,0.67866962,-0.20308620,-159.672,13.040,90.216
83882306275,0.04456052,0.70439896,0.67866962,-0.20308620,-159.672,13.040,90.216
83902306375,0.04456052,0.70439896,0.67866962,-0.20308620,-159.672,13.040,90.216
83922306450,0.04431043,0.70430521,0.67851818,-0.20397016,-159.615,13.131,90.234
83942306575,0.04521701,0.70421255,0.67861392,-0.20377257,-159.558,13.040,90.240
83962306675,0.04521701,0.70421255,0.67861392,-0.20377257,-159.558,13.040,90.240
83982306775,0.04521701,0.70421255,0.67861392,-0.20377257,-159.558,13.040,90.240
84002306875,0.04496388,0.70411908,0.67846102,-0.20465879,-159.501,13.132,90.258
84022306975,0.04587420,0.70402305,0.67855944,-0.20446073,-159.444,13.040,90.264
84042307075,0.04587420,0.70402305,0.67855944,-0.20446073,-159.444,13.040,90.264
84082307275,0.04587420,0.70402305,0.67855944,-0.20446073,-159.444,13.040,90.264
84102307375,0.04561434,0.70392926,0.67840611,-0.20534869,-159.388,13.133,90.283
84122307475,0.04652615,0.70383245,0.67850470,-0.20515011,-159.330,13.041,90.289
84142307575,0.04652615,0.70383245,0.67850470,-0.20515011,-159.330,13.041,90.289
84162307675,0.04652615,0.70383245,0.67850470,-0.20515011,-159.330,13.041,90.289
84182307775,0.04626592,0.70373935,0.67834918,-0.20604071,-159.273,13.134,90.307
84202307875,0.04717770,0.70364158,0.67844832,-0.20584139,-159.216,13.042,90.313
84222307975,0.04717770,0.70364158,0.67844832,-0.20584139,-159.216,13.042,90.313
84242308075,0.04717770,0.70364158,0.67844832,-0.20584139,-159.216,13.042,90.313
84262308175,0.04691505,0.70354885,0.67829117,-0.20673433,-159.159,13.135,90.332
84282308275,0.04782730,0.70345016,0.67839073,-0.20653433,-159.102,13.043,90.338
84302308375,0.04782730,0.70345016,0.67839073,-0.20653433,-159.102,13.043,90.338
84322309175,0.04782730,0.70345016,0.67839073,-0.20653433,-159.102,13.043,90.338
84342308575,0.04756277,0.70335777,0.67823125,-0.20743191,-159.045,13.137,90.356
84362308675,0.04847535,0.70325819,0.67833141,-0.20723070,-158.987,13.045,90.362
84382308775,0.04847535,0.70325819,0.67833141,-0.20723070,-158.987,13.045,90.362
84402308875,0.04847535,0.70325819,0.67833141,-0.20723070,-158.987,13.045,90.362
84422308975,0.04820812,0.70316618,0.67817064,-0.20812949,-158.930,13.139,90.380
84442309075,0.04912122,0.70306568,0.67827116,-0.20792787,-158.873,13.046,90.386
84462309175,0.04912122,0.70306568,0.67827116,-0.20792787,-158.873,13.046,90.386
84482309275,0.04912122,0.70306568,0.67827116,-0.20792787,-158.873,13.046,90.386
84502309375,0.04885454,0.70297451,0.67810791,-0.20882942,-158.816,13.141,90.405
84522309475,0.04976740,0.70287301,0.67820903,-0.20862703,-158.758,13.048,90.411
84542309575,0.04976740,0.70287301,0.67820903,-0.20862703,-158.758,13.048,90.411
84562309675,0.04976740,0.70287301,0.67820903,-0.20862703,-158.758,13.048,90.411
84582309775,0.04949685,0.70278198,0.67804455,-0.20953074,-158.701,13.143,90.429
84602309875,0.05041051,0.70267961,0.67814603,-0.20932773,-158.644,13.050,90.435
84622309975,0.05041051,0.70267961,0.67814603,-0.20932773,-158.644,13.050,90.435
84642310075,0.05041051,0.70267961,0.67814603,-0.20932773,-158.644,13.050,90.435
84662310175,0.05013754,0.70258894,0.67797991,-0.21023380,-158.587,13.146,90.454
84712310425,0.05105165,0.70248567,0.67808183,-0.21003011,-158.530,13.053,90.460
84732310525,0.05105165,0.70248567,0.67808183,-0.21003011,-158.530,13.053,90.460
84752310625,0.05105165,0.70248567,0.67808183,-0.21003011,-158.530,13.053,90.460
84772310725,0.05077236,0.70239482,0.67791577,-0.21093575,-158.473,13.149,90.478
84792310825,0.05170031,0.70228071,0.67802695,-0.21073286,-158.414,13.055,90.486
84812310925,0.05170031,0.70228071,0.67802695,-0.21073286,-158.414,13.055,90.486
84832311025,0.05170031,0.70228071,0.67802695,-0.21073286,-158.414,13.055,90.486
84852311125,0.05142063,0.70219053,0.67785835,-0.21164224,-158.358,13.151,90.504
84872311225,0.05234854,0.70207544,0.67797016,-0.21143834,-158.299,13.056,90.512
84892311325,0.05234854,0.70207544,0.67797016,-0.21143834,-158.299,13.056,90.512
84912311400,0.05234854,0.70207544,0.67797016,-0.21143834,-158.299,13.056,90.512
84932311525,0.05206857,0.70198595,0.67779903,-0.21235128,-158.242,13.153,90.530
84952311625,0.05299642,0.70186987,0.67791147,-0.21214641,-158.183,13.058,90.538
84972311700,0.05299642,0.70186987,0.67791147,-0.21214641,-158.183,13.058,90.538
84992311825,0.05299642,0.70186987,0.67791147,-0.21214641,-158.183,13.058,90.538
85012311925,0.05271302,0.70178061,0.67773908,-0.21306113,-158.126,13.155,90.556
85032311850,0.05364155,0.70166363,0.67785189,-0.21285572,-158.068,13.061,90.564
85152315075,0.05364155,0.70166363,0.67785189,-0.21285572,-158.068,13.061,90.564
85172314400,0.05364155,0.70166363,0.67785189,-0.21285572,-158.068,13.061,90.564
85192313900,0.05335460,0.70157452,0.67767791,-0.21377354,-158.011,13.158,90.582
85212313450,0.05429315,0.70144909,0.67779804,-0.21356790,-157.951,13.063,90.591
85232313025,0.05429315,0.70144909,0.67779804,-0.21356790,-157.951,13.063,90.591
85252313125,0.05429315,0.70144909,0.67779804,-0.21356790,-157.951,13.063,90.591
85272313225,0.05400443,0.70136052,0.67762229,-0.21448772,-157.894,13.160,90.609
85292313325,0.05494635,0.70123158,0.67774518,-0.21428168,-157.835,13.064,90.618
85312313425,0.05494635,0.70123158,0.67774518,-0.21428168,-157.835,13.064,90.618
85352313625,0.05494635,0.70123158,0.67774518,-0.21428168,-157.835,13.064,90.618
85372313725,0.05465855,0.70114421,0.67756833,-0.21519851,-157.777,13.162,90.637
85392313825,0.05556293,0.70104447,0.67766398,-0.21499057,-157.722,13.069,90.641
85412313925,0.05556293,0.70104447,0.67766398,-0.21499057,-157.722,13.069,90.641
85432314025,0.05556293,0.70104447,0.67766398,-0.21499057,-157.722,13.069,90.641
85452314100,0.05527088,0.70095698,0.67748524,-0.21591244,-157.664,13.168,90.660
85472314225,0.05617615,0.70085645,0.67758144,-0.21570320,-157.609,13.075,90.664
85492314325,0.05617615,0.70085645,0.67758144,-0.21570320,-157.609,13.075,90.664
85512314425,0.05617615,0.70085645,0.67758144,-0.21570320,-157.609,13.075,90.664
85532314525,0.05587848,0.70076871,0.67740193,-0.21662741,-157.552,13.174,90.683
85552314625,0.05676467,0.70067718,0.67749027,-0.21641670,-157.498,13.083,90.686
85572314725,0.05676467,0.70067718,0.67749027,-0.21641670,-157.498,13.083,90.686
85592314825,0.05676467,0.70067718,0.67749027,-0.21641670,-157.498,13.083,90.686
85612314925,0.05646627,0.70058998,0.67730874,-0.21734330,-157.440,13.182,90.704
85632315025,0.05734577,0.70050084,0.67739492,-0.21713166,-157.387,13.092,90.707
85652315125,0.05734577,0.70050084,0.67739492,-0.21713166,-157.387,13.092,90.707
85672315225,0.05734577,0.70050084,0.67739492,-0.21713166,-157.387,13.092,90.707
85692315325,0.05704520,0.70041391,0.67721175,-0.21806063,-157.330,13.191,90.726
85712315425,0.05792878,0.70032321,0.67729885,-0.21784839,-157.276,13.100,90.728
85732315525,0.05792878,0.70032321,0.67729885,-0.21784839,-157.276,13.100,90.728
85752315600,0.05792878,0.70032321,0.67729885,-0.21784839,-157.276,13.100,90.728
85772315725,0.05762451,0.70023640,0.67711532,-0.21877671,-157.219,13.200,90.747
85792315825,0.05851986,0.70014268,0.67720389,-0.21856473,-157.165,13.108,90.750
85812315925,0.05851986,0.70014268,0.67720389,-0.21856473,-157.165,13.108,90.750
85832316025,0.05851986,0.70014268,0.67720389,-0.21856473,-157.165,13.108,90.750
85852316125,0.05821428,0.70005626,0.67701805,-0.21949690,-157.107,13.209,90.769
85872316225,0.05910984,0.69996168,0.67710726,-0.21928391,-157.053,13.117,90.772
85892316325,0.05910984,0.69996168,0.67710726,-0.21928391,-157.053,13.117,90.772
85912316400,0.05910984,0.69996168,0.67710726,-0.21928391,-157.053,13.117,90.772
85932316525,0.05880635,0.69987625,0.67691798,-0.22022057,-156.995,13.217,90.790
85972316725,0.05970130,0.69978069,0.67700807,-0.22000641,-156.941,13.125,90.793
85992316825,0.05970130,0.69978069,0.67700807,-0.22000641,-156.941,13.125,90.793
86012316925,0.05970130,0.69978069,0.67700807,-0.22000641,-156.941,13.125,90.793
86032317025,0.05939358,0.69969522,0.67681798,-0.22094438,-156.883,13.226,90.812
86052317125,0.06028943,0.69959887,0.67690837,-0.22072983,-156.829,13.134,90.815
86072317225,0.06028943,0.69959887,0.67690837,-0.22072983,-156.829,13.134,90.815
86092317325,0.06028943,0.69959887,0.67690837,-0.22072983,-156.829,13.134,90.815
86112317425,0.05998008,0.69951370,0.67671557,-0.22167321,-156.771,13.235,90.834
86132317525,0.06087502,0.69941290,0.67681043,-0.22145759,-156.717,13.143,90.837
86152317625,0.06087502,0.69941290,0.67681043,-0.22145759,-156.717,13.143,90.837
86172317725,0.06087502,0.69941290,0.67681043,-0.22145759,-156.717,13.143,90.837
86192317825,0.06056326,0.69932803,0.67661645,-0.22240185,-156.659,13.245,90.856
86212317875,0.06145747,0.69922277,0.67671543,-0.22218625,-156.605,13.152,90.860
86232318025,0.06145747,0.69922277,0.67671543,-0.22218625,-156.605,13.152,90.860
86252318125,0.06145747,0.69922277,0.67671543,-0.22218625,-156.605,13.152,90.860
86272318225,0.06114359,0.69913818,0.67651975,-0.22313288,-156.546,13.254,90.879
86292318325,0.06203818,0.69903208,0.67661924,-0.22291663,-156.492,13.162,90.883
86312318400,0.06203818,0.69903208,0.67661924,-0.22291663,-156.492,13.162,90.883
86332318525,0.06203818,0.69903208,0.67661924,-0.22291663,-156.492,13.162,90.883
86352317325,0.06172290,0.69894795,0.67642199,-0.22386455,-156.434,13.264,90.902
86372318725,0.06263236,0.69883791,0.67652367,-0.22364814,-156.379,13.170,90.907
86392318825,0.06263236,0.69883791,0.67652367,-0.22364814,-156.379,13.170,90.907
86412318925,0.06263236,0.69883791,0.67652367,-0.22364814,-156.379,13.170,90.907
